datetime,open,high,low,close
2023-07-27 16:00:00,29292.0,29333.22,29083.85,29163.83
2023-07-27 20:00:00,29163.83,29238.0,29133.5,29222.78
2023-07-28 00:00:00,29222.78,29305.3,29188.15,29253.85
2023-07-28 04:00:00,29253.84,29266.0,29135.15,29140.8
2023-07-28 08:00:00,29140.79,29246.08,29123.12,29206.59
2023-07-28 12:00:00,29206.58,29542.22,2.927,29393.59
2023-07-28 16:00:00,29245.84,29332.11,29242.93,29316.0
2023-07-28 20:00:00,29316.0,29364.46,29284.68,29314.14
2023-07-29 00:00:00,29314.14,29396.15,29296.0,29371.89
2023-07-29 04:00:00,29371.9,29406.92,29295.0,29295.01
2023-07-29 08:00:00,29295.0,29330.55,29256.18,29267.16
2023-07-29 12:00:00,29267.16,29335.25,29261.87,29292.34
2023-07-29 16:00:00,29292.34,29349.62,29290.6,29338.02
2023-07-29 20:00:00,29338.03,29380.92,29338.02,29352.9
2023-07-30 00:00:00,29352.9,29352.92,29306.03,29314.92
2023-07-30 04:00:00,29314.93,29331.98,29268.65,29294.31
2023-07-30 08:00:00,29294.3,29326.47,29232.22,29314.0
2023-07-30 12:00:00,29314.0,29449.0,29278.38,29349.37
2023-07-30 16:00:00,29349.36,29405.66,29113.51,29202.28
2023-07-30 20:00:00,29202.28,29284.0,29033.24,29281.09
2023-07-31 00:00:00,29281.09,29530.0,29264.0,29421.99
2023-07-31 04:00:00,29422.0,29443.68,29360.66,29373.61
2023-07-31 08:00:00,29373.62,29420.06,2.9398,29405.99
2023-07-31 12:00:00,29405.99,29473.97,29225.97,29247.98
2023-07-31 16:00:00,29247.99,29274.99,29101.8,29157.48
2023-07-31 20:00:00,29157.49,29295.24,29115.64,29232.25
2023-08-01 00:00:00,29232.26,29347.16,28720.0,28835.0
2023-08-01 04:00:00,28835.01,28970.81,28803.5,28937.3
2023-08-01 08:00:00,28937.31,28995.59,28862.18,28862.19
2023-08-01 12:00:00,28862.19,28980.0,2.8936,2.8954
2023-08-01 16:00:00,28953.99,29335.0,28864.01,29274.41
2023-08-01 20:00:00,29274.42,29739.25,2.9204,29705.99
2023-08-02 00:00:00,29705.99,30047.5,29622.5,29632.96
2023-08-02 04:00:00,29632.96,29719.77,29564.0,29577.26
2023-08-02 08:00:00,29577.25,29577.26,29378.62,29562.49
2023-08-02 12:00:00,29562.49,29603.8,29169.04,29321.4
2023-08-02 16:00:00,29321.39,29364.0,2.9265,29151.56
2023-08-02 20:00:00,29151.57,29233.06,29066.35,29186.01
2023-08-03 00:00:00,29186.0,29275.8,2.9197,29182.14
2023-08-03 04:00:00,29182.13,29192.0,2.905,29044.17
2023-08-03 08:00:00,29044.16,29197.78,28968.0,29146.01
2023-08-03 12:00:00,29146.01,29433.33,29078.43,29259.07
2023-08-03 16:00:00,29259.07,29368.86,29137.55,29281.32
2023-08-03 20:00:00,29281.32,29361.14,29165.46,29193.64
2023-08-04 00:00:00,29193.65,29251.68,29100.0,29161.29
2023-08-04 04:00:00,29161.28,29253.02,29134.7,29212.92
2023-08-04 08:00:00,29212.91,29263.52,29137.0,29167.51
2023-08-04 12:00:00,29167.51,29333.08,2.9218,29274.28
2023-08-04 16:00:00,29274.28,29286.7,28950.0,29032.06
2023-08-04 20:00:00,29032.05,29130.35,28807.54,29113.99
2023-08-05 00:00:00,29114.0,29152.23,29065.11,29094.53
2023-08-05 04:00:00,29094.52,29097.72,29035.0,29052.81
2023-08-05 08:00:00,29052.81,29090.39,29044.37,29048.0
2023-08-05 12:00:00,29048.01,29082.13,28978.64,29041.49
2023-08-05 16:00:00,29041.49,29099.0,29009.37,29067.35
2023-08-05 20:00:00,29067.36,29092.38,29052.5,29072.13
2023-08-06 00:00:00,29072.13,29078.95,29036.0,29063.99
2023-08-06 04:00:00,29064.0,29107.48,29045.96,29092.68
2023-08-06 08:00:00,29092.68,29142.0,2.9096,29078.01
2023-08-06 12:00:00,29078.01,29078.01,2.902,29012.93
2023-08-06 16:00:00,29012.92,29102.91,29000.52,29088.0
2023-08-06 20:00:00,29088.0,29205.09,29038.13,29088.42
2023-08-07 00:00:00,29088.43,29229.62,29018.25,29162.67
2023-08-07 04:00:00,29162.66,29197.82,2.9066,29094.09
2023-08-07 08:00:00,29094.09,29153.86,29045.14,29091.44
2023-08-07 12:00:00,29091.44,29150.0,28788.73,28858.44
2023-08-07 16:00:00,28858.45,29186.74,2.9176,29154.91
2023-08-07 20:00:00,29154.91,29276.78,29121.12,29211.06
2023-08-08 00:00:00,29211.06,29260.1,2.92,29195.08
2023-08-08 04:00:00,29195.09,29331.24,29181.81,29198.0
2023-08-08 08:00:00,29187.62,29441.96,2.935,29422.0
2023-08-08 12:00:00,29438.63,29674.7,2.957,29535.39
2023-08-08 16:00:00,29535.38,29950.0,2.9636,29872.27
2023-08-08 20:00:00,29884.23,30244.0,29685.76,29770.42
2023-08-09 00:00:00,29770.41,29883.1,29613.0,29716.01
2023-08-09 04:00:00,29716.0,29821.29,29673.34,29819.0
2023-08-09 08:00:00,29818.01,29914.19,29740.01,29888.32
2023-08-09 12:00:00,29888.32,30160.0,29676.86,29756.69
2023-08-09 16:00:00,29761.7,29774.0,29396.95,29416.22
2023-08-09 20:00:00,29416.21,29626.0,2.9568,29581.99
2023-08-10 00:00:00,29581.99,29660.06,29566.66,29582.63
2023-08-10 04:00:00,29582.63,29616.98,29491.11,29512.0
2023-08-10 08:00:00,29511.99,29559.98,29476.0,29505.83
2023-08-10 12:00:00,29504.01,29738.0,2.9458,29466.0
2023-08-10 16:00:00,29465.99,29478.07,29320.2,29444.52
2023-08-10 20:00:00,29444.52,29488.29,29422.71,29455.75
2023-08-11 00:00:00,29455.76,29498.17,29352.47,29412.0
2023-08-11 04:00:00,29412.0,29490.0,29380.04,29417.28
2023-08-11 08:00:00,29417.28,29452.33,29350.0,29445.96
2023-08-11 12:00:00,29445.96,29564.52,29354.0,29395.89
2023-08-11 16:00:00,29395.9,29431.03,29252.45,29390.01
2023-08-11 20:00:00,29396.76,29444.73,29396.76,29426.03
2023-08-12 00:00:00,29426.02,29460.73,29381.56,29402.07
2023-08-12 04:00:00,29402.06,29426.68,29384.82,29421.49
2023-08-12 08:00:00,29421.48,29434.35,29390.57,29429.85
2023-08-12 12:00:00,29429.85,29458.1,29408.28,29438.81
2023-08-12 16:00:00,29438.81,29481.35,29411.58,29416.16
2023-08-12 20:00:00,29416.17,29433.16,29400.0,29430.17
2023-08-13 00:00:00,29430.18,29455.21,29400.0,29418.56
2023-08-13 04:00:00,29418.56,29418.57,29363.0,29396.36
2023-08-13 08:00:00,29396.37,29416.53,29375.49,29383.38
2023-08-13 12:00:00,29383.39,29393.76,29362.0,29374.2
2023-08-13 16:00:00,29374.19,29474.65,29328.21,29442.91
2023-08-13 20:00:00,29442.91,29446.0,29272.32,29303.84
2023-08-14 00:00:00,29303.85,29429.95,29102.45,29399.91
2023-08-14 04:00:00,29399.91,29469.63,29392.6,29427.21
2023-08-14 08:00:00,29422.01,29495.76,29383.63,29409.99
2023-08-14 12:00:00,29410.0,29672.0,29332.61,29600.5
2023-08-14 16:00:00,29600.0,29695.32,29257.0,29360.54
2023-08-14 20:00:00,29360.54,29471.31,29338.12,29430.93
2023-08-15 00:00:00,29430.92,29454.23,29371.99,29402.01
2023-08-15 04:00:00,29402.0,29435.02,29351.33,29413.83
2023-08-15 08:00:00,29408.83,29457.44,2.9376,29366.0
2023-08-15 12:00:00,29365.99,29499.26,29315.0,29332.66
2023-08-15 16:00:00,29332.67,29369.23,29059.6,29190.8
2023-08-15 20:00:00,29181.73,29243.08,2.9204,29200.0
2023-08-16 00:00:00,29200.01,29259.85,29184.96,29228.51
2023-08-16 04:00:00,29228.51,29235.54,2.917,29197.67
2023-08-16 08:00:00,29197.67,29216.46,29100.0,29164.67
2023-08-16 12:00:00,29164.67,29211.34,29047.09,29106.55
2023-08-16 16:00:00,29106.55,29235.0,2.9194,29111.7
2023-08-16 20:00:00,29111.69,29139.99,2.8944,28730.51
2023-08-17 00:00:00,28730.51,28783.48,28342.0,28657.31
2023-08-17 04:00:00,28657.3,28706.31,28601.87,28621.99
2023-08-17 08:00:00,28622.0,28635.3,2.8533,28545.11
2023-08-17 12:00:00,28545.1,28573.55,2.8428,27934.02
2023-08-17 16:00:00,27934.02,28089.78,27700.0,27894.01
2023-08-17 20:00:00,27894.0,27920.23,25166.0,26623.41
2023-08-18 00:00:00,26623.41,26832.6,26321.18,26398.0
2023-08-18 04:00:00,26397.99,26610.0,26157.71,26429.99
2023-08-18 08:00:00,26430.0,26609.65,26381.6,26494.0
2023-08-18 12:00:00,26494.0,26500.0,2.6211,26002.0
2023-08-18 16:00:00,26001.99,26313.33,2.6044,26065.01
2023-08-18 20:00:00,26065.01,26243.8,2.6068,26054.0
2023-08-19 00:00:00,26054.0,26154.57,25924.0,25967.51
2023-08-19 04:00:00,25967.51,26009.18,2.5876,25917.99
2023-08-19 08:00:00,25918.0,25999.01,25884.0,25900.08
2023-08-19 12:00:00,25900.07,26226.04,25872.06,26216.01
2023-08-19 16:00:00,26216.01,26281.0,26026.96,26125.62
2023-08-19 20:00:00,26125.61,26156.0,26033.16,26100.01
2023-08-20 00:00:00,26100.01,26207.88,26046.4,26105.24
2023-08-20 04:00:00,26105.23,26160.16,26047.41,26088.44
2023-08-20 08:00:00,26088.44,26198.72,26058.98,26176.7
2023-08-20 12:00:00,26176.69,26217.52,2.5998,26106.83
2023-08-20 16:00:00,26106.83,26162.34,26002.51,26137.25
2023-08-20 20:00:00,26137.25,26299.0,2.6152,26189.99
2023-08-21 00:00:00,26190.0,26195.12,2.614,26090.66
2023-08-21 04:00:00,26090.66,26189.04,26000.0,26023.34
2023-08-21 08:00:00,26023.33,26088.32,25880.2,26031.6
2023-08-21 12:00:00,26031.61,26198.89,2.6062,25939.59
2023-08-21 16:00:00,25939.59,26164.0,25937.6,26097.74
2023-08-21 20:00:00,26097.73,26258.42,2.6124,26126.92
2023-08-22 00:00:00,26126.92,26139.42,26025.54,26055.99
2023-08-22 04:00:00,26056.0,26117.28,26000.0,26106.69
2023-08-22 08:00:00,26106.69,26112.44,26027.22,26049.64
2023-08-22 12:00:00,26049.63,26100.23,25914.03,25936.61
2023-08-22 16:00:00,25936.62,26054.73,25726.29,25779.99
2023-08-22 20:00:00,25780.0,26070.04,25300.0,26056.0
2023-08-23 00:00:00,26055.99,26187.99,25990.15,26006.32
2023-08-23 04:00:00,26006.32,26183.91,25976.72,26057.13
2023-08-23 08:00:00,26057.12,26096.0,25902.62,25939.49
2023-08-23 12:00:00,25939.49,26185.0,25812.82,26144.0
2023-08-23 16:00:00,26143.99,26819.27,26127.24,26632.0
2023-08-23 20:00:00,26632.01,26723.99,26222.43,26432.72
2023-08-24 00:00:00,26432.71,26547.89,26345.76,26442.01
2023-08-24 04:00:00,26442.01,26516.0,26384.0,26477.38
2023-08-24 08:00:00,26477.39,26577.87,26409.4,26444.02
2023-08-24 12:00:00,26444.02,26444.02,25990.72,25996.34
2023-08-24 16:00:00,25996.35,26163.0,25864.0,26039.44
2023-08-24 20:00:00,26039.44,26207.15,25936.01,26180.05
2023-08-25 00:00:00,26180.05,26187.34,2.6092,26106.0
2023-08-25 04:00:00,26106.0,26111.11,25974.22,25980.5
2023-08-25 08:00:00,25980.5,26128.75,25980.49,26096.4
2023-08-25 12:00:00,26096.41,26314.05,25777.15,25932.01
2023-08-25 16:00:00,25932.01,26066.62,2.5972,25972.36
2023-08-25 20:00:00,25972.37,26085.2,25957.4,26060.01
2023-08-26 00:00:00,26060.0,26125.77,26027.2,26087.15
2023-08-26 04:00:00,26087.16,26088.0,26048.0,26050.81
2023-08-26 08:00:00,26050.82,26060.0,26001.83,26045.87
2023-08-26 12:00:00,26045.86,26078.0,2.6076,26054.0
2023-08-26 16:00:00,26054.0,26060.0,26004.77,26034.21
2023-08-26 20:00:00,26034.22,26047.62,25988.2,26017.37
2023-08-27 00:00:00,26017.38,26030.55,25966.11,26021.96
2023-08-27 04:00:00,26021.96,26055.54,26021.96,26043.61
2023-08-27 08:00:00,26043.61,26095.6,26033.78,26060.44
2023-08-27 12:00:00,26060.44,26182.23,26052.8,26122.15
2023-08-27 16:00:00,26122.14,26179.0,26037.27,26125.49
2023-08-27 20:00:00,26125.48,26133.71,26040.17,26101.77
2023-08-28 00:00:00,26101.78,26105.0,25986.41,26012.98
2023-08-28 04:00:00,26012.98,26038.83,25872.05,25934.12
2023-08-28 08:00:00,25934.13,26004.0,25864.5,26000.99
2023-08-28 12:00:00,26000.99,26253.99,25991.44,26104.17
2023-08-28 16:00:00,26104.16,26191.79,25918.0,25996.26
2023-08-28 20:00:00,25996.27,26178.83,25946.18,26120.0
2023-08-29 00:00:00,26120.0,26206.24,26066.36,26083.19
2023-08-29 04:00:00,26083.18,26095.08,25990.58,26004.2
2023-08-29 08:00:00,26004.2,26046.0,25922.0,25975.55
2023-08-29 12:00:00,25975.54,27692.0,25964.79,27423.44
2023-08-29 16:00:00,27423.44,28142.85,27350.01,27831.33
2023-08-29 20:00:00,27831.33,27883.61,27532.79,27716.34
2023-08-30 00:00:00,27716.34,27768.57,27280.99,27391.13
2023-08-30 04:00:00,27391.14,27476.03,27371.94,27436.25
2023-08-30 08:00:00,27436.25,27499.0,27310.05,27338.51
2023-08-30 12:00:00,27338.52,27464.45,27017.24,27201.63
2023-08-30 16:00:00,27201.63,27286.88,27067.9,27178.28
2023-08-30 20:00:00,27178.27,27337.78,27178.27,27299.99
2023-08-31 00:00:00,27299.99,27303.36,27178.88,27217.27
2023-08-31 04:00:00,27217.28,27294.97,27215.0,27261.03
2023-08-31 08:00:00,27261.03,27587.51,27184.99,27303.96
2023-08-31 12:00:00,27303.95,27315.47,26803.73,26922.01
2023-08-31 16:00:00,26922.01,26924.87,25928.0,26162.79
2023-08-31 20:00:00,26162.79,26194.86,25655.01,25940.78
2023-09-01 00:00:00,25940.77,26100.0,25931.11,26081.01
2023-09-01 04:00:00,26081.0,26095.0,25978.0,25990.92
2023-09-01 08:00:00,25990.92,26072.34,25957.37,26047.49
2023-09-01 12:00:00,26047.5,26156.0,25566.53,25811.0
2023-09-01 16:00:00,25811.0,25964.17,25333.75,25645.66
2023-09-01 20:00:00,25645.65,25937.42,25565.55,25805.05
2023-09-02 00:00:00,25805.04,25840.0,25752.47,25798.08
2023-09-02 04:00:00,25798.07,25853.03,25766.75,25795.47
2023-09-02 08:00:00,25795.46,25860.0,25774.81,25813.54
2023-09-02 12:00:00,25813.55,25987.5,25785.64,25894.76
2023-09-02 16:00:00,25894.77,25937.91,2.58,25833.39
2023-09-02 20:00:00,25833.4,25907.09,25817.84,25869.51
2023-09-03 00:00:00,25869.52,25907.53,25826.29,25863.91
2023-09-03 04:00:00,25863.91,25956.24,25863.9,25956.22
2023-09-03 08:00:00,25956.23,25956.3,25877.3,25943.38
2023-09-03 12:00:00,25943.39,26085.01,25807.32,25873.5
2023-09-03 16:00:00,25873.5,26039.99,2.5865,26011.16
2023-09-03 20:00:00,26011.16,26135.0,25927.94,25971.21
2023-09-04 00:00:00,25971.21,26108.02,25877.66,25987.56
2023-09-04 04:00:00,25987.56,26018.12,25912.21,25964.96
2023-09-04 08:00:00,25964.97,26011.24,25865.57,25892.49
2023-09-04 12:00:00,25892.49,25956.66,25717.04,25814.23
2023-09-04 16:00:00,25814.24,25948.15,25810.0,25893.18
2023-09-04 20:00:00,25893.19,25920.0,25631.21,25826.02
2023-09-05 00:00:00,25826.03,25844.48,25562.62,25692.45
2023-09-05 04:00:00,25692.45,25756.72,25678.06,25735.56
2023-09-05 08:00:00,25735.57,25812.09,25654.0,25783.68
2023-09-05 12:00:00,25783.69,25915.49,25625.03,25759.37
2023-09-05 16:00:00,25759.38,25845.0,2.5735,25683.93
2023-09-05 20:00:00,25683.93,25802.73,25675.0,25792.1
2023-09-06 00:00:00,25792.11,25870.51,25773.12,25782.86
2023-09-06 04:00:00,25782.87,25792.25,25723.65,25728.93
2023-09-06 08:00:00,25728.93,25777.2,25715.16,25733.29
2023-09-06 12:00:00,25733.28,25778.0,25540.0,25588.02
2023-09-06 16:00:00,25588.01,26040.0,25372.51,25689.54
2023-09-06 20:00:00,25689.54,25786.51,25655.02,25759.95
2023-09-07 00:00:00,25759.95,25839.5,25724.78,25837.88
2023-09-07 04:00:00,25837.88,25850.0,2.581,25762.89
2023-09-07 08:00:00,25762.89,25762.9,25691.07,25708.6
2023-09-07 12:00:00,25708.6,25834.52,25615.38,25779.35
2023-09-07 16:00:00,25779.35,25977.75,25773.52,25880.01
2023-09-07 20:00:00,25880.01,26443.14,25858.21,26255.0
2023-09-08 00:00:00,26255.0,26445.5,26198.91,26252.8
2023-09-08 04:00:00,26252.81,26385.0,26190.0,26256.22
2023-09-08 08:00:00,26256.21,26266.93,25647.26,25839.51
2023-09-08 12:00:00,25839.52,25955.0,25795.45,25844.64
2023-09-08 16:00:00,25844.64,25895.63,25719.8,25895.62
2023-09-08 20:00:00,25895.63,25934.36,25850.13,25910.5
2023-09-09 00:00:00,25910.5,25910.5,25850.82,25875.0
2023-09-09 04:00:00,25874.99,25894.21,25836.49,25886.15
2023-09-09 08:00:00,25886.14,25907.75,25849.05,25863.03
2023-09-09 12:00:00,25863.03,25928.66,25796.64,25894.09
2023-09-09 16:00:00,25894.1,25945.09,25845.7,25868.43
2023-09-09 20:00:00,25868.42,25919.5,25857.74,25901.61
2023-09-10 00:00:00,25901.6,25902.68,25825.8,25861.39
2023-09-10 04:00:00,25861.39,25873.96,25750.35,25852.25
2023-09-10 08:00:00,25852.25,25872.11,25795.33,25795.33
2023-09-10 12:00:00,25795.33,25834.82,25712.6,25775.01
2023-09-10 16:00:00,25775.02,25860.0,25570.57,25800.0
2023-09-10 20:00:00,25799.99,26033.66,25771.3,25841.61
2023-09-11 00:00:00,25841.6,25876.73,25652.78,25740.39
2023-09-11 04:00:00,25740.38,25900.69,25720.82,25813.65
2023-09-11 08:00:00,25813.65,25830.95,25577.3,25601.27
2023-09-11 12:00:00,25601.27,25755.09,24951.0,25115.97
2023-09-11 16:00:00,25115.98,25250.49,24990.38,25020.66
2023-09-11 20:00:00,25020.66,25217.0,24901.0,25162.52
2023-09-12 00:00:00,25162.53,25950.0,25131.48,25797.97
2023-09-12 04:00:00,25797.98,25990.0,25612.7,25822.71
2023-09-12 08:00:00,25822.71,26331.38,25735.29,26098.99
2023-09-12 12:00:00,26098.98,26392.0,26033.73,26205.97
2023-09-12 16:00:00,26205.98,26567.0,25882.43,26066.33
2023-09-12 20:00:00,26066.34,26159.11,25790.0,25840.1
2023-09-13 00:00:00,25840.1,25985.91,25764.17,25879.24
2023-09-13 04:00:00,25879.24,26109.94,25850.91,25879.91
2023-09-13 08:00:00,25879.91,26247.79,25866.17,26198.41
2023-09-13 12:00:00,26198.41,26387.76,26016.22,26241.31
2023-09-13 16:00:00,26241.31,26405.22,26055.0,26140.01
2023-09-13 20:00:00,26140.0,26305.46,26140.0,26222.0
2023-09-14 00:00:00,26222.0,26541.77,26126.77,26265.68
2023-09-14 04:00:00,26265.69,26390.1,26163.96,26344.45
2023-09-14 08:00:00,26344.44,26489.5,26270.0,26446.15
2023-09-14 12:00:00,26446.15,26798.5,2.6455,26693.97
2023-09-14 16:00:00,26693.97,26860.49,26546.6,26678.14
2023-09-14 20:00:00,26678.13,26723.64,26473.0,26522.73
2023-09-15 00:00:00,26522.73,26624.52,26448.19,26615.39
2023-09-15 04:00:00,26615.4,26655.84,26550.99,26565.69
2023-09-15 08:00:00,26565.69,26690.0,26375.01,26425.16
2023-09-15 12:00:00,26425.17,26526.99,26224.0,26321.21
2023-09-15 16:00:00,26321.2,26444.45,26315.02,26397.38
2023-09-15 20:00:00,26397.38,26888.0,26373.21,26600.0
2023-09-16 00:00:00,26599.99,26777.0,26571.42,26616.43
2023-09-16 04:00:00,26616.44,26621.36,26467.45,26494.5
2023-09-16 08:00:00,26494.5,26581.98,26445.0,26524.09
2023-09-16 12:00:00,26524.08,26576.38,26481.87,26507.12
2023-09-16 16:00:00,26507.12,26622.22,26496.14,26532.8
2023-09-16 20:00:00,26532.79,26579.99,26507.0,26559.67
2023-09-17 00:00:00,26559.67,26559.68,26416.16,26529.25
2023-09-17 04:00:00,26529.25,26570.0,26490.88,26495.93
2023-09-17 08:00:00,26495.94,26623.25,26493.13,26566.67
2023-09-17 12:00:00,26566.68,26600.0,26525.28,26549.98
2023-09-17 16:00:00,26549.98,26551.0,26464.64,26505.15
2023-09-17 20:00:00,26505.14,26534.09,26399.0,26527.51
2023-09-18 00:00:00,26527.5,26750.0,26377.35,26658.66
2023-09-18 04:00:00,26658.66,26800.0,26567.09,26710.67
2023-09-18 08:00:00,26710.67,27240.0,26684.02,27196.98
2023-09-18 12:00:00,27196.98,27409.0,27151.0,27269.42
2023-09-18 16:00:00,27269.43,27310.0,26631.0,26814.79
2023-09-18 20:00:00,26814.78,26881.45,26728.0,26762.51
2023-09-19 00:00:00,26762.5,26840.67,26667.79,26818.42
2023-09-19 04:00:00,26818.41,26874.73,26750.88,26847.21
2023-09-19 08:00:00,26847.21,27466.0,26847.21,27237.56
2023-09-19 12:00:00,27237.57,27480.0,26881.37,27422.24
2023-09-19 16:00:00,27422.24,27483.57,27069.9,27185.44
2023-09-19 20:00:00,27185.43,27222.81,26990.01,27210.26
2023-09-20 00:00:00,27210.25,27388.63,27085.0,27119.48
2023-09-20 04:00:00,27119.48,27159.91,26936.79,27105.62
2023-09-20 08:00:00,27105.61,27197.66,26950.0,27098.08
2023-09-20 12:00:00,27098.07,27237.87,26997.94,27180.63
2023-09-20 16:00:00,27180.62,27300.0,26800.0,26930.61
2023-09-20 20:00:00,26930.62,27241.31,26921.7,27125.0
2023-09-21 00:00:00,27125.01,27159.6,26936.66,27035.0
2023-09-21 04:00:00,27034.99,27103.17,26979.92,26990.11
2023-09-21 08:00:00,26990.11,27017.0,26618.9,26730.78
2023-09-21 12:00:00,26730.77,26776.98,26377.7,26584.02
2023-09-21 16:00:00,26584.01,26696.6,26545.82,26599.95
2023-09-21 20:00:00,26599.95,26621.57,26497.94,26568.08
2023-09-22 00:00:00,26568.08,26670.13,26468.77,26627.77
2023-09-22 04:00:00,26627.77,26705.46,26573.93,26674.8
2023-09-22 08:00:00,26674.8,26743.38,26590.0,26640.26
2023-09-22 12:00:00,26640.26,26698.29,26556.6,26631.01
2023-09-22 16:00:00,26631.01,26644.98,26531.01,26540.1
2023-09-22 20:00:00,26540.1,26597.96,26488.0,26580.14
2023-09-23 00:00:00,26580.14,26614.98,26524.59,26532.2
2023-09-23 04:00:00,26532.21,26586.75,26509.0,26585.31
2023-09-23 08:00:00,26585.32,26594.78,26554.49,26575.21
2023-09-23 12:00:00,26575.21,26588.5,26546.2,26581.55
2023-09-23 16:00:00,26581.55,26632.81,26559.83,26610.09
2023-09-23 20:00:00,26610.09,26612.61,26558.07,26575.96
2023-09-24 00:00:00,26575.97,26590.01,26558.85,26570.93
2023-09-24 04:00:00,26570.93,26573.7,26549.31,26563.44
2023-09-24 08:00:00,26563.43,26611.8,26563.43,26596.71
2023-09-24 12:00:00,26596.71,26628.8,26563.8,26578.06
2023-09-24 16:00:00,26578.06,26738.54,26335.81,26449.17
2023-09-24 20:00:00,26449.18,26521.67,26122.08,26248.38
2023-09-25 00:00:00,26248.39,26343.1,26000.0,26157.45
2023-09-25 04:00:00,26157.44,26195.44,26040.12,26189.21
2023-09-25 08:00:00,26189.21,26233.43,26020.01,26075.41
2023-09-25 12:00:00,26075.4,26300.0,25990.46,26243.72
2023-09-25 16:00:00,26243.73,26425.63,26222.32,26331.83
2023-09-25 20:00:00,26331.84,26446.15,26263.83,26304.81
2023-09-26 00:00:00,26304.8,26397.46,26234.37,26353.87
2023-09-26 04:00:00,26353.87,26363.84,26253.64,26272.01
2023-09-26 08:00:00,26272.0,26334.75,26188.26,26273.83
2023-09-26 12:00:00,26273.82,26306.39,26088.34,26126.66
2023-09-26 16:00:00,26126.66,26295.99,26115.0,26247.7
2023-09-26 20:00:00,26247.7,26288.68,26100.0,26221.67
2023-09-27 00:00:00,26221.68,26289.5,26202.96,26278.04
2023-09-27 04:00:00,26278.03,26289.0,26231.74,26246.34
2023-09-27 08:00:00,26246.35,26848.07,26223.72,26766.7
2023-09-27 12:00:00,26766.69,26850.0,26169.38,26304.42
2023-09-27 16:00:00,26304.42,26313.79,26112.06,26267.8
2023-09-27 20:00:00,26267.81,26385.0,26226.91,26372.99
2023-09-28 00:00:00,26373.0,26557.75,26342.4,26379.15
2023-09-28 04:00:00,26379.15,26513.46,26347.17,26459.99
2023-09-28 08:00:00,26459.99,26600.66992,26389.29,26476.93
2023-09-28 12:00:00,26476.93,27064.0,26460.0,27020.0
2023-09-28 16:00:00,27019.99,27308.48,26848.71,27100.0
2023-09-28 20:00:00,27100.0,27166.42,26895.0,27021.39
2023-09-29 00:00:00,27021.39,27134.16,26859.7,26957.99
2023-09-29 04:00:00,26958.0,27244.89,26895.94,27179.98
2023-09-29 08:00:00,27179.99,27179.99,26963.7,26970.78
2023-09-29 12:00:00,26970.78,27149.05,26665.16,26888.57
2023-09-29 16:00:00,26888.57,26954.09,26750.0,26926.52
2023-09-29 20:00:00,26926.53,26984.99,26866.13,26906.96
2023-09-30 00:00:00,26906.96,26946.98,26886.31,26915.3
2023-09-30 04:00:00,26915.3,26958.04,26911.51,26931.75
2023-09-30 08:00:00,26931.76,26997.0,26923.18,26936.02
2023-09-30 12:00:00,26936.02,27094.99,26903.01,26996.29
2023-09-30 16:00:00,26996.29,27043.61,26970.72,27020.7
2023-09-30 20:00:00,27020.7,27081.78,26946.73,26962.56
2023-10-01 00:00:00,26962.57,27048.0,26954.09,27044.76
2023-10-01 04:00:00,27044.77,27158.59,27020.9,27107.95
2023-10-01 08:00:00,27107.94,27289.08,27086.74,27187.71
2023-10-01 12:00:00,27187.71,27229.29,27083.24,27153.18
2023-10-01 16:00:00,27153.17,27155.0,27035.78,27103.02
2023-10-01 20:00:00,27103.02,28065.51,27033.1,27992.57
2023-10-02 00:00:00,27992.58,28210.0,27826.65,28126.54
2023-10-02 04:00:00,28126.54,28430.0,27910.95,28311.91
2023-10-02 08:00:00,28311.91,28484.28,28187.69,28198.04
2023-10-02 12:00:00,28198.05,28580.0,27983.0,28026.31
2023-10-02 16:00:00,28026.3,28123.39,27631.41,27964.99
2023-10-02 20:00:00,27965.0,27965.94,27281.44,27494.51
2023-10-03 00:00:00,27494.51,27640.0,27381.48,27601.55
2023-10-03 04:00:00,27601.54,27676.52,27521.43,27540.64
2023-10-03 08:00:00,27540.65,27642.83,27475.0,27559.99
2023-10-03 12:00:00,27560.0,27579.7,27234.55,27345.0
2023-10-03 16:00:00,27345.0,27486.2,27250.0,27275.0
2023-10-03 20:00:00,27275.0,27469.65,27160.5,27426.46
2023-10-04 00:00:00,27426.45,27510.29,27202.0,27430.43
2023-10-04 04:00:00,27430.43,27454.98,27350.75,27453.78
2023-10-04 08:00:00,27453.77,27643.09,27434.1,27572.43
2023-10-04 12:00:00,27572.43,27633.42,27329.85,27404.22
2023-10-04 16:00:00,27404.21,27839.72,27400.94,27618.1
2023-10-04 20:00:00,27618.1,27831.51,27564.71,27778.57
2023-10-05 00:00:00,27778.57,27896.07,27650.01,27651.73
2023-10-05 04:00:00,27651.73,27702.2,27550.77,27607.98
2023-10-05 08:00:00,27607.98,27774.55,27593.23,27725.68
2023-10-05 12:00:00,27725.68,28120.39,27403.59,27555.0
2023-10-05 16:00:00,27555.0,27617.57,27352.0,27471.28
2023-10-05 20:00:00,27471.28,27509.45,27388.0,27410.39
2023-10-06 00:00:00,27410.39,27590.0,27389.99,27559.2
2023-10-06 04:00:00,27559.2,27651.0,27464.48,27638.52
2023-10-06 08:00:00,27638.51,27801.0,27588.53,27760.0
2023-10-06 12:00:00,27760.0,28044.86,27175.94,27941.12
2023-10-06 16:00:00,27941.12,28038.0,27789.14,27952.36
2023-10-06 20:00:00,27952.35,28295.0,27877.6,27931.09
2023-10-07 00:00:00,27931.1,27955.9,27842.08,27900.41
2023-10-07 04:00:00,27900.41,27944.84,27875.0,27890.8
2023-10-07 08:00:00,27890.79,28029.67,27880.01,27942.12
2023-10-07 12:00:00,27942.12,27986.27,27895.28,27939.8
2023-10-07 16:00:00,27939.8,27964.2,27850.0,27865.48
2023-10-07 20:00:00,27865.49,27959.75,27856.66,27956.67
2023-10-08 00:00:00,27956.67,28095.14,27943.9,28064.87
2023-10-08 04:00:00,28064.87,28076.04,27878.06,27905.61
2023-10-08 08:00:00,27905.61,27937.5,27775.0,27811.63
2023-10-08 12:00:00,27811.63,27999.72,27687.5,27892.74
2023-10-08 16:00:00,27892.74,27948.68,27807.82,27894.99
2023-10-08 20:00:00,27894.99,27980.0,27800.0,27917.05
2023-10-09 00:00:00,27917.06,27987.93,27796.53,27921.73
2023-10-09 04:00:00,27921.72,27944.0,27808.4,27813.27
2023-10-09 08:00:00,27813.27,27842.03,27412.21,27468.92
2023-10-09 12:00:00,27468.91,27578.81,27374.73,27443.31
2023-10-09 16:00:00,27443.32,27750.03,27260.0,27616.66
2023-10-09 20:00:00,27616.66,27653.27,27556.2,27590.12
2023-10-10 00:00:00,27590.12,27697.56,27492.6,27632.32
2023-10-10 04:00:00,27632.32,27706.34,27579.87,27651.45
2023-10-10 08:00:00,27651.46,27735.0,27500.0,27508.87
2023-10-10 12:00:00,27508.86,27609.21,27338.87,27408.01
2023-10-10 16:00:00,27408.01,27511.96,27298.0,27397.3
2023-10-10 20:00:00,27397.31,27470.01,27322.69,27390.12
2023-10-11 00:00:00,27390.12,27477.39,27011.01,27016.05
2023-10-11 04:00:00,27016.04,27143.91,26964.89,27021.95
2023-10-11 08:00:00,27021.95,27332.0,27017.0,27196.26
2023-10-11 12:00:00,27196.26,27262.45,26727.56,26779.46
2023-10-11 16:00:00,26779.45,26795.63,26538.66,26763.2
2023-10-11 20:00:00,26763.19,26885.41,26680.0,26875.52
2023-10-12 00:00:00,26875.52,26947.04,26735.83,26847.07
2023-10-12 04:00:00,26847.07,26920.81,26783.14,26810.66
2023-10-12 08:00:00,26810.66,26867.14,26655.6,26837.84
2023-10-12 12:00:00,26837.84,26862.74,26621.76,26675.0
2023-10-12 16:00:00,26674.99,26804.99,26555.0,26712.9
2023-10-12 20:00:00,26712.91,26775.0,26706.44,26759.63
2023-10-13 00:00:00,26759.63,26876.06,26750.0,26781.69
2023-10-13 04:00:00,26781.69,26943.0,26773.84,26875.0
2023-10-13 08:00:00,26874.99,26903.94,26737.4,26820.92
2023-10-13 12:00:00,26820.91,26966.85,26685.96,26706.83
2023-10-13 16:00:00,26706.83,26807.1,26685.0,26778.57
2023-10-13 20:00:00,26778.57,27130.0,26747.24,26862.0
2023-10-14 00:00:00,26862.0,26989.58,26845.0,26930.78
2023-10-14 04:00:00,26930.77,26939.35,26841.76,26868.8
2023-10-14 08:00:00,26868.8,26900.0,26847.87,26872.35
2023-10-14 12:00:00,26872.35,26943.39,26850.44,26942.56
2023-10-14 16:00:00,26942.56,26953.18,26850.0,26864.29
2023-10-14 20:00:00,26864.29,26883.57,26789.0,26852.48
2023-10-15 00:00:00,26852.48,26916.77,26815.76,26880.46
2023-10-15 04:00:00,26880.46,26889.22,26871.86,26882.52
2023-10-15 08:00:00,26882.51,26919.0,26843.79,26852.47
2023-10-15 12:00:00,26852.48,26965.28,26808.25,26898.87
2023-10-15 16:00:00,26898.87,27081.0,26893.41,27043.75
2023-10-15 20:00:00,27043.75,27293.33,27015.0,27154.15
2023-10-16 00:00:00,27154.14,27285.91,27112.66,27235.92
2023-10-16 04:00:00,27235.92,27980.0,27193.98,27849.06
2023-10-16 08:00:00,27849.05,27902.99,27641.72,27749.6
2023-10-16 12:00:00,27749.61,30000.0,27709.04,28064.16
2023-10-16 16:00:00,28064.16,28808.51,28064.16,28468.85
2023-10-16 20:00:00,28468.86,28643.0,28230.37,28500.78
2023-10-17 00:00:00,28500.77,28549.34,28231.01,28269.99
2023-10-17 04:00:00,28270.0,28475.82,28069.32,28430.63
2023-10-17 08:00:00,28430.62,28609.38,28350.11,28422.63
2023-10-17 12:00:00,28422.63,28580.34,28135.35,28461.72
2023-10-17 16:00:00,28461.72,28613.65,28306.42,28516.47
2023-10-17 20:00:00,28516.47,28556.56,28373.33,28395.91
2023-10-18 00:00:00,28395.91,28514.66,28320.29,28514.42
2023-10-18 04:00:00,28514.43,28982.36,28441.71,28494.55
2023-10-18 08:00:00,28494.55,28599.0,28236.41,28340.64
2023-10-18 12:00:00,28340.65,28405.29,28142.87,28247.45
2023-10-18 16:00:00,28247.46,28437.41,28230.2,28245.62
2023-10-18 20:00:00,28245.63,28374.27,28190.81,28320.0
2023-10-19 00:00:00,28320.0,28418.0,28100.66,28260.0
2023-10-19 04:00:00,28260.0,28349.39,28230.0,28330.82
2023-10-19 08:00:00,28330.82,28514.21,28280.96,28450.69
2023-10-19 12:00:00,28450.7,28814.14,28420.0,28680.09
2023-10-19 16:00:00,28680.09,28916.89,28457.56,28750.75
2023-10-19 20:00:00,28750.75,28882.07,28598.6,28713.71
2023-10-20 00:00:00,28713.71,29400.0,28578.29,29235.38
2023-10-20 04:00:00,29235.37,29400.0,29111.28,29240.51
2023-10-20 08:00:00,29240.52,30207.55,29227.75,29839.99
2023-10-20 12:00:00,29839.99,29910.0,29380.0,29550.98
2023-10-20 16:00:00,29550.98,29592.71,29321.0,29561.41
2023-10-20 20:00:00,29561.4,29790.59,29513.5,29669.04
2023-10-21 00:00:00,29669.05,29699.68,29464.77,29604.43
2023-10-21 04:00:00,29604.42,29730.88,29541.86,29695.8
2023-10-21 08:00:00,29695.8,29878.83,29634.56,29804.99
2023-10-21 12:00:00,29804.99,29980.0,29678.69,29937.36
2023-10-21 16:00:00,29937.37,30379.99,29846.0,30145.04
2023-10-21 20:00:00,30145.03,30158.2,29850.0,29909.8
2023-10-22 00:00:00,29909.8,30075.0,29843.2,29907.38
2023-10-22 04:00:00,29907.38,30248.0,29640.0,29816.26
2023-10-22 08:00:00,29816.27,29991.05,29780.11,29909.67
2023-10-22 12:00:00,29909.66,29974.46,29781.0,29825.6
2023-10-22 16:00:00,29825.61,29946.77,29805.13,29842.75
2023-10-22 20:00:00,29842.75,30051.79,29714.28,29992.46
2023-10-23 00:00:00,29992.46,30799.0,29883.6,30736.69
2023-10-23 04:00:00,30736.68,30985.12,30426.82,30518.02
2023-10-23 08:00:00,30518.02,30784.54,30355.06,30657.04
2023-10-23 12:00:00,30657.04,30970.0,30395.01,30883.33
2023-10-23 16:00:00,30883.33,31440.06,30777.0,31354.42
2023-10-23 20:00:00,31354.42,34741.91,31318.88,33069.99
2023-10-24 00:00:00,33069.99,35280.0,32832.34,34061.6
2023-10-24 04:00:00,34061.59,34594.56,33706.32,33999.98
2023-10-24 08:00:00,33999.98,34876.4,33948.97,34542.91
2023-10-24 12:00:00,34542.9,34835.74,33200.0,33668.9
2023-10-24 16:00:00,33668.89,34386.12,33380.01,33796.5
2023-10-24 20:00:00,33796.5,34250.0,33485.1,33922.73
2023-10-25 00:00:00,33922.73,34399.82,33773.74,33999.39
2023-10-25 04:00:00,33999.39,34204.78,33679.05,33857.53
2023-10-25 08:00:00,33857.53,34446.42,33783.0,34199.2
2023-10-25 12:00:00,34199.2,35000.0,34199.19,34839.8
2023-10-25 16:00:00,34839.8,35132.85,34380.85,34738.54
2023-10-25 20:00:00,34738.54,34850.23,34250.0,34496.05
2023-10-26 00:00:00,34496.05,34824.13,34421.98,34793.29
2023-10-26 04:00:00,34793.29,34810.0,34410.02,34647.34
2023-10-26 08:00:00,34647.35,34745.86,33960.39,34102.66
2023-10-26 12:00:00,34102.66,34370.0,33862.0,34044.43
2023-10-26 16:00:00,34044.44,34123.6,33751.0,34044.02
2023-10-26 20:00:00,34044.02,34278.0,34023.74,34151.66
2023-10-27 00:00:00,34151.66,34171.28,33780.0,34117.08
2023-10-27 04:00:00,34117.09,34245.0,33921.84,33942.0
2023-10-27 08:00:00,33941.99,34177.0,33935.59,34047.01
2023-10-27 12:00:00,34047.0,34195.21,33820.48,33999.48
2023-10-27 16:00:00,33999.48,34033.48,33390.95,33698.54
2023-10-27 20:00:00,33698.54,33941.11,33679.44,33892.02
2023-10-28 00:00:00,33892.01,34146.0,33860.0,34060.0
2023-10-28 04:00:00,34059.99,34185.0,34019.33,34044.99
2023-10-28 08:00:00,34045.0,34493.33,34031.26,34175.84
2023-10-28 12:00:00,34175.85,34239.7,33907.79,34192.98
2023-10-28 16:00:00,34192.97,34219.58,34077.0,34112.07
2023-10-28 20:00:00,34112.07,34190.0,34060.78,34081.0
2023-10-29 00:00:00,34081.01,34099.62,33952.0,33970.87
2023-10-29 04:00:00,33970.87,34136.28,33930.0,34076.61
2023-10-29 08:00:00,34076.6,34321.89,34074.44,34253.81
2023-10-29 12:00:00,34253.81,34559.22,34253.8,34449.99
2023-10-29 16:00:00,34449.99,34750.11,34372.0,34561.97
2023-10-29 20:00:00,34561.97,34720.0,34400.61,34525.89
2023-10-30 00:00:00,34525.88,34570.51,34181.47,34270.42
2023-10-30 04:00:00,34270.42,34348.55,34114.74,34193.46
2023-10-30 08:00:00,34193.46,34679.81,34161.1,34608.51
2023-10-30 12:00:00,34608.51,34856.0,34470.0,34656.32
2023-10-30 16:00:00,34656.33,34656.33,34062.84,34432.11
2023-10-30 20:00:00,34432.12,34569.68,34320.0,34474.73
2023-10-31 00:00:00,34474.74,34600.0,34202.33,34209.33
2023-10-31 04:00:00,34209.32,34352.25,34082.89,34145.21
2023-10-31 08:00:00,34145.22,34535.75,34025.0,34488.27
2023-10-31 12:00:00,34488.26,34514.0,34130.0,34272.19
2023-10-31 16:00:00,34272.19,34588.0,34223.26,34540.3
2023-10-31 20:00:00,34540.3,34720.49,34430.0,34639.77
2023-11-01 00:00:00,34639.78,34668.05,34400.0,34418.4
2023-11-01 04:00:00,34418.39,34498.57,34316.0,34451.28
2023-11-01 08:00:00,34451.28,34493.48,34345.0,34424.07
2023-11-01 12:00:00,34424.07,35200.0,34097.39,34291.94
2023-11-01 16:00:00,34291.94,34738.07,34280.02,34557.67
2023-11-01 20:00:00,34557.67,35582.0,34540.0,35421.43
2023-11-02 00:00:00,35421.43,35984.99,35362.0,35571.68
2023-11-02 04:00:00,35571.68,35600.0,35063.25,35279.85
2023-11-02 08:00:00,35279.86,35478.02,35095.0,35373.56
2023-11-02 12:00:00,35373.56,35457.96,34537.99,34640.01
2023-11-02 16:00:00,34640.01,35017.42,34300.0,35000.01
2023-11-02 20:00:00,35000.0,35097.19,34706.51,34941.59
2023-11-03 00:00:00,34941.58,34946.5,34366.7,34681.92
2023-11-03 04:00:00,34681.91,34696.4,34310.0,34464.97
2023-11-03 08:00:00,34464.98,34626.12,34120.0,34252.4
2023-11-03 12:00:00,34252.39,34848.79,34150.68,34763.71
2023-11-03 16:00:00,34763.71,34822.15,34323.37,34530.71
2023-11-03 20:00:00,34530.71,34740.0,34485.65,34716.78
2023-11-04 00:00:00,34716.78,34786.68,34632.47,34708.9
2023-11-04 04:00:00,34708.91,35000.0,34585.18,34767.99
2023-11-04 08:00:00,34767.99,34884.93,34680.13,34712.37
2023-11-04 12:00:00,34712.37,34803.97,34644.0,34709.91
2023-11-04 16:00:00,34709.91,34795.46,34692.52,34730.73
2023-11-04 20:00:00,34730.74,35255.0,34708.54,35062.07
2023-11-05 00:00:00,35062.06,35300.0,34935.0,35277.01
2023-11-05 04:00:00,35277.02,35305.75,35043.92,35162.46
2023-11-05 08:00:00,35162.46,35188.68,35000.2,35085.98
2023-11-05 12:00:00,35085.97,35172.2,34757.47,34882.92
2023-11-05 16:00:00,34882.92,35278.54,34867.14,34988.21
2023-11-05 20:00:00,34988.2,35380.0,34448.0,35011.88
2023-11-06 00:00:00,35011.89,35118.71,34830.0,34978.38
2023-11-06 04:00:00,34978.38,35024.99,34725.9,34904.72
2023-11-06 08:00:00,34904.72,35276.33,34827.01,35232.45
2023-11-06 12:00:00,35232.45,35250.0,34902.06,35080.95
2023-11-06 16:00:00,35080.95,35111.1,34810.64,35054.68
2023-11-06 20:00:00,35054.67,35150.0,34892.03,35046.09
2023-11-07 00:00:00,35046.09,35053.41,34790.64,34919.01
2023-11-07 04:00:00,34919.01,34971.77,34822.36,34937.71
2023-11-07 08:00:00,34937.71,34975.9,34551.0,34627.83
2023-11-07 12:00:00,34627.83,34840.88,34523.06,34721.23
2023-11-07 16:00:00,34721.23,35579.7,34560.0,35453.98
2023-11-07 20:00:00,35453.98,35888.0,35200.18,35399.12
2023-11-08 00:00:00,35399.13,35419.29,35231.08,35269.68
2023-11-08 04:00:00,35269.69,35361.7,35167.78,35226.4
2023-11-08 08:00:00,35226.39,35437.09,35185.95,35330.79
2023-11-08 12:00:00,35330.8,35469.29,35100.0,35225.68
2023-11-08 16:00:00,35225.67,35768.84,35185.0,35621.99
2023-11-08 20:00:00,35622.0,36106.0,35390.0,35624.72
2023-11-09 00:00:00,35624.72,36550.0,35534.05,36438.37
2023-11-09 04:00:00,36438.38,36863.91,36415.01,36533.04
2023-11-09 08:00:00,36533.05,36990.0,36530.0,36805.71
2023-11-09 12:00:00,36805.71,37972.24,36759.0,37084.02
2023-11-09 16:00:00,37084.03,37211.1,35600.0,36382.2
2023-11-09 20:00:00,36382.21,36784.57,36139.57,36701.09
2023-11-10 00:00:00,36701.1,36919.06,36446.2,36733.27
2023-11-10 04:00:00,36733.27,36807.69,36427.61,36439.98
2023-11-10 08:00:00,36439.98,37147.2,36324.71,37071.09
2023-11-10 12:00:00,37071.1,37260.19,36822.0,37082.14
2023-11-10 16:00:00,37082.13,37455.0,37080.0,37225.96
2023-11-10 20:00:00,37225.96,37526.0,37070.19,37301.63
2023-11-11 00:00:00,37301.63,37408.26,36900.1,37039.97
2023-11-11 04:00:00,37039.97,37134.85,36920.73,37006.4
2023-11-11 08:00:00,37006.4,37056.25,36910.0,36988.52
2023-11-11 12:00:00,36988.51,37274.3,36951.1,37050.77
2023-11-11 16:00:00,37050.78,37175.0,37030.2,37148.79
2023-11-11 20:00:00,37148.79,37155.0,36666.93,37130.0
2023-11-12 00:00:00,37129.99,37180.0,36731.1,36988.77
2023-11-12 04:00:00,36988.76,37171.1,36913.28,37127.95
2023-11-12 08:00:00,37127.95,37132.36,37026.69,37055.5
2023-11-12 12:00:00,37055.49,37222.22,36931.1,37152.11
2023-11-12 16:00:00,37152.1,37200.0,37051.95,37105.01
2023-11-12 20:00:00,37105.0,37202.09,36938.23,37064.13
2023-11-13 00:00:00,37064.13,37417.99,36852.11,36914.01
2023-11-13 04:00:00,36914.01,37044.88,36755.0,36960.29
2023-11-13 08:00:00,36960.28,37050.0,36692.58,36810.02
2023-11-13 12:00:00,36810.02,36945.89,36534.04,36841.91
2023-11-13 16:00:00,36841.9,37031.45,36601.0,36844.98
2023-11-13 20:00:00,36844.98,36875.0,36333.0,36462.93
2023-11-14 00:00:00,36462.93,36490.22,36190.17,36448.07
2023-11-14 04:00:00,36448.08,36714.11,36381.1,36683.86
2023-11-14 08:00:00,36683.86,36744.0,36236.36,36259.18
2023-11-14 12:00:00,36259.17,36693.01,35889.0,36147.09
2023-11-14 16:00:00,36147.09,36417.23,34800.0,35293.99
2023-11-14 20:00:00,35294.0,35673.14,35214.39,35551.19
2023-11-15 00:00:00,35551.2,35665.45,35360.0,35381.99
2023-11-15 04:00:00,35382.0,35661.04,35375.38,35576.88
2023-11-15 08:00:00,35576.88,36278.62,35576.88,36240.94
2023-11-15 12:00:00,36240.95,36416.51,36002.35,36402.42
2023-11-15 16:00:00,36402.43,37774.14,36254.0,37499.99
2023-11-15 20:00:00,37499.99,37980.0,37306.49,37858.2
2023-11-16 00:00:00,37858.2,37929.54,37337.57,37454.98
2023-11-16 04:00:00,37454.99,37621.1,37307.55,37437.25
2023-11-16 08:00:00,37437.25,37544.0,37121.09,37247.48
2023-11-16 12:00:00,37247.49,37319.99,36256.15,36406.0
2023-11-16 16:00:00,36406.0,36642.31,35500.0,35921.01
2023-11-16 20:00:00,35921.01,36273.32,35666.0,36163.51
2023-11-17 00:00:00,36163.51,36673.69,36101.44,36483.99
2023-11-17 04:00:00,36484.0,36521.44,36145.55,36239.76
2023-11-17 08:00:00,36239.76,36464.0,36121.0,36372.83
2023-11-17 12:00:00,36372.82,36620.0,35861.1,36044.8
2023-11-17 16:00:00,36044.79,36800.0,35909.17,36322.4
2023-11-17 20:00:00,36322.4,36723.59,36308.0,36613.92
2023-11-18 00:00:00,36613.91,36613.92,36360.22,36371.81
2023-11-18 04:00:00,36371.8,36428.0,36178.58,36417.16
2023-11-18 08:00:00,36417.15,36538.61,36375.28,36402.8
2023-11-18 12:00:00,36402.79,36682.2,36347.69,36664.16
2023-11-18 16:00:00,36664.17,36845.49,36600.1,36679.1
2023-11-18 20:00:00,36679.09,36707.16,36443.1,36568.1
2023-11-19 00:00:00,36568.11,36573.44,36388.27,36521.11
2023-11-19 04:00:00,36521.11,36669.0,36489.02,36611.5
2023-11-19 08:00:00,36611.49,36716.0,36384.02,36453.62
2023-11-19 12:00:00,36453.63,36570.0,36385.7,36568.27
2023-11-19 16:00:00,36568.27,36986.44,36511.11,36948.97
2023-11-19 20:00:00,36948.97,37500.0,36800.0,37359.86
2023-11-20 00:00:00,37359.85,37382.68,37038.3,37114.34
2023-11-20 04:00:00,37114.34,37257.08,37040.17,37244.47
2023-11-20 08:00:00,37244.47,37420.0,37061.1,37147.5
2023-11-20 12:00:00,37147.51,37493.2,36677.0,37461.61
2023-11-20 16:00:00,37461.62,37750.0,36812.13,37569.23
2023-11-20 20:00:00,37569.23,37605.76,37271.1,37448.78
2023-11-21 00:00:00,37448.79,37649.44,37304.72,37464.86
2023-11-21 04:00:00,37464.86,37480.17,37241.25,37279.91
2023-11-21 08:00:00,37279.91,37418.0,37150.0,37174.97
2023-11-21 12:00:00,37174.97,37229.97,36250.0,36975.04
2023-11-21 16:00:00,36975.03,37500.0,36580.0,36980.0
2023-11-21 20:00:00,36979.99,37170.0,35735.0,35741.65
2023-11-22 00:00:00,35741.65,36380.0,35632.01,36380.0
2023-11-22 04:00:00,36379.99,36558.87,36325.44,36439.81
2023-11-22 08:00:00,36439.8,36773.53,36391.03,36463.93
2023-11-22 12:00:00,36463.94,36650.0,36239.2,36481.14
2023-11-22 16:00:00,36481.15,37431.21,36372.58,37289.98
2023-11-22 20:00:00,37289.98,37861.1,37214.81,37408.34
2023-11-23 00:00:00,37408.35,37535.1,37240.0,37299.69
2023-11-23 04:00:00,37299.7,37411.59,37267.07,37369.21
2023-11-23 08:00:00,37369.22,37653.44,37159.95,37370.0
2023-11-23 12:00:00,37370.0,37530.0,36870.0,36951.34
2023-11-23 16:00:00,36951.34,37350.0,36917.0,37281.42
2023-11-23 20:00:00,37281.42,37385.0,37203.65,37294.28
2023-11-24 00:00:00,37294.27,37494.57,37251.51,37315.65
2023-11-24 04:00:00,37315.64,37567.99,37300.39,37522.99
2023-11-24 08:00:00,37522.99,38035.46,37423.9,37741.99
2023-11-24 12:00:00,37741.99,38414.0,37600.0,38221.11
2023-11-24 16:00:00,38221.1,38349.0,37550.32,37766.11
2023-11-24 20:00:00,37766.11,37943.6,37580.0,37713.57
2023-11-25 00:00:00,37713.57,37839.44,37676.03,37798.0
2023-11-25 04:00:00,37797.99,37826.99,37720.0,37802.4
2023-11-25 08:00:00,37802.4,37828.93,37591.1,37652.51
2023-11-25 12:00:00,37652.51,37734.99,37620.0,37704.38
2023-11-25 16:00:00,37704.38,37835.39,37699.99,37819.43
2023-11-25 20:00:00,37819.43,37888.0,37711.76,37780.67
2023-11-26 00:00:00,37780.67,37784.63,37662.18,37730.38
2023-11-26 04:00:00,37730.39,37793.67,37694.48,37789.78
2023-11-26 08:00:00,37789.77,37814.63,37666.8,37679.31
2023-11-26 12:00:00,37679.3,37679.31,37287.0,37437.11
2023-11-26 16:00:00,37437.11,37500.2,37150.0,37380.07
2023-11-26 20:00:00,37380.07,37748.0,37320.3,37447.43
2023-11-27 00:00:00,37447.42,37569.23,37200.0,37309.25
2023-11-27 04:00:00,37309.26,37419.56,37051.0,37283.19
2023-11-27 08:00:00,37283.2,37466.0,36900.0,37035.95
2023-11-27 12:00:00,37035.95,37100.0,36715.0,36751.02
2023-11-27 16:00:00,36751.01,37143.43,36707.0,36877.0
2023-11-27 20:00:00,36877.0,37284.0,36792.51,37242.7
2023-11-28 00:00:00,37242.7,37343.57,37102.47,37129.56
2023-11-28 04:00:00,37129.55,37152.31,36868.41,37105.11
2023-11-28 08:00:00,37105.11,37262.02,36931.1,37251.42
2023-11-28 12:00:00,37251.43,37568.28,37142.81,37513.19
2023-11-28 16:00:00,37513.2,38377.0,37513.19,38114.26
2023-11-28 20:00:00,38114.26,38284.66,37670.97,37818.87
2023-11-29 00:00:00,37818.88,38093.72,37677.96,37940.49
2023-11-29 04:00:00,37940.49,38235.36,37871.1,38096.69
2023-11-29 08:00:00,38096.7,38450.0,37878.17,38104.65
2023-11-29 12:00:00,38104.65,38280.0,37570.0,37830.75
2023-11-29 16:00:00,37830.74,37932.77,37650.0,37874.2
2023-11-29 20:00:00,37874.19,37884.72,37580.85,37854.64
2023-11-30 00:00:00,37854.65,38051.84,37686.84,38051.84
2023-11-30 04:00:00,38051.84,38145.85,37767.11,37792.98
2023-11-30 08:00:00,37792.98,37905.26,37553.6,37885.15
2023-11-30 12:00:00,37885.15,37966.94,37500.0,37619.84
2023-11-30 16:00:00,37619.85,37807.37,37535.0,37749.34
2023-11-30 20:00:00,37749.34,37809.99,37604.0,37723.96
2023-12-01 00:00:00,37723.97,38082.42,37615.86,38043.05
2023-12-01 04:00:00,38043.04,38348.0,38022.67,38244.08
2023-12-01 08:00:00,38244.08,38833.0,38215.0,38580.17
2023-12-01 12:00:00,38580.17,38629.65,38219.0,38413.5
2023-12-01 16:00:00,38413.51,38999.0,38395.0,38762.4
2023-12-01 20:00:00,38762.4,38900.0,38645.0,38682.52
2023-12-02 00:00:00,38682.51,38795.05,38641.61,38782.27
2023-12-02 04:00:00,38782.27,38826.94,38702.47,38702.48
2023-12-02 08:00:00,38702.48,38789.52,38651.1,38740.16
2023-12-02 12:00:00,38740.17,38869.36,38708.64,38811.75
2023-12-02 16:00:00,38811.76,39705.0,38703.44,39420.0
2023-12-02 20:00:00,39419.99,39717.14,39286.54,39450.35
2023-12-03 00:00:00,39450.35,39555.53,39274.86,39381.11
2023-12-03 04:00:00,39381.12,39490.0,39315.39,39478.72
2023-12-03 08:00:00,39478.71,39544.0,39400.0,39479.7
2023-12-03 12:00:00,39479.69,39805.93,39381.34,39760.42
2023-12-03 16:00:00,39760.42,39841.1,39430.01,39565.99
2023-12-03 20:00:00,39565.99,40250.0,39552.98,39972.26
2023-12-04 00:00:00,39972.26,40884.98,39972.26,40709.77
2023-12-04 04:00:00,40709.77,41750.0,40700.0,41441.1
2023-12-04 08:00:00,41441.1,42154.83,41349.43,41596.01
2023-12-04 12:00:00,41596.01,41914.16,41144.87,41270.33
2023-12-04 16:00:00,41270.32,42049.97,41179.55,41987.28
2023-12-04 20:00:00,41987.29,42420.0,41717.64,41991.1
2023-12-05 00:00:00,41991.1,41991.1,41622.21,41829.99
2023-12-05 04:00:00,41829.98,41919.08,41414.0,41528.0
2023-12-05 08:00:00,41528.0,41758.77,41420.0,41726.09
2023-12-05 12:00:00,41726.09,42497.0,41694.0,42268.29
2023-12-05 16:00:00,42268.28,44100.0,42133.66,43814.36
2023-12-05 20:00:00,43814.37,44488.0,43395.99,44073.32
2023-12-06 00:00:00,44073.82,44146.08,43565.62,43736.06
2023-12-06 04:00:00,43736.06,43857.13,43444.0,43688.87
2023-12-06 08:00:00,43688.87,44297.21,43335.28,43839.21
2023-12-06 12:00:00,43839.22,44279.98,43721.73,43785.2
2023-12-06 16:00:00,43785.2,44146.71,43730.47,43984.71
2023-12-06 20:00:00,43984.71,44071.0,43600.78,43762.69
2023-12-07 00:00:00,43762.69,43999.84,43710.0,43926.84
2023-12-07 04:00:00,43926.85,44047.33,43838.19,43884.01
2023-12-07 08:00:00,43884.01,43896.48,42821.1,43188.03
2023-12-07 12:00:00,43188.03,43925.0,42955.0,43659.99
2023-12-07 16:00:00,43659.99,43755.26,43058.42,43203.58
2023-12-07 20:00:00,43203.57,43456.06,43079.98,43273.14
2023-12-08 00:00:00,43273.15,43524.99,43261.1,43366.01
2023-12-08 04:00:00,43366.0,43550.0,43117.38,43166.01
2023-12-08 08:00:00,43166.01,43729.73,43081.1,43653.82
2023-12-08 12:00:00,43653.82,44030.16,43453.02,43760.94
2023-12-08 16:00:00,43760.94,43970.0,43638.68,43945.11
2023-12-08 20:00:00,43945.12,44700.0,43945.11,44171.0
2023-12-09 00:00:00,44171.0,44281.23,44043.61,44139.38
2023-12-09 04:00:00,44139.38,44358.02,44093.82,44180.22
2023-12-09 08:00:00,44180.21,44191.58,43720.0,43817.35
2023-12-09 12:00:00,43817.35,44136.52,43741.52,44045.1
2023-12-09 16:00:00,44045.09,44082.19,43877.34,43924.39
2023-12-09 20:00:00,43924.4,44084.55,43584.51,43713.6
2023-12-10 00:00:00,43713.59,43864.04,43672.0,43845.32
2023-12-10 04:00:00,43845.32,44016.0,43824.31,43966.44
2023-12-10 08:00:00,43966.44,44049.0,43603.88,43738.02
2023-12-10 12:00:00,43738.03,43973.76,43731.84,43903.73
2023-12-10 16:00:00,43903.74,43931.13,43750.0,43797.1
2023-12-10 20:00:00,43797.1,44046.0,43563.0,43789.51
2023-12-11 00:00:00,43789.5,43804.5,40400.0,42309.58
2023-12-11 04:00:00,42309.57,42321.03,41620.0,42132.51
2023-12-11 08:00:00,42132.52,42481.1,41975.44,42344.01
2023-12-11 12:00:00,42344.01,42390.32,41655.18,41803.44
2023-12-11 16:00:00,41803.43,41857.08,40222.0,40779.99
2023-12-11 20:00:00,40779.99,41349.97,40554.0,41253.4
2023-12-12 00:00:00,41253.41,41938.8,41178.28,41735.29
2023-12-12 04:00:00,41735.29,42068.91,41376.19,41916.27
2023-12-12 08:00:00,41916.26,42104.12,41545.54,41584.57
2023-12-12 12:00:00,41584.58,42070.23,41161.1,41348.0
2023-12-12 16:00:00,41347.99,41457.35,40680.0,41137.99
2023-12-12 20:00:00,41137.99,41555.0,41042.08,41492.39
2023-12-13 00:00:00,41492.38,41506.0,40555.0,40829.36
2023-12-13 04:00:00,40829.35,41242.0,40628.64,41115.27
2023-12-13 08:00:00,41115.28,41280.0,40953.17,41004.69
2023-12-13 12:00:00,41004.69,41955.22,40984.0,41939.18
2023-12-13 16:00:00,41939.17,42886.0,41715.7,42734.01
2023-12-13 20:00:00,42734.01,43475.2,42571.57,42869.03
2023-12-14 00:00:00,42869.03,42948.55,42648.95,42713.86
2023-12-14 04:00:00,42713.86,43110.0,42682.78,42898.98
2023-12-14 08:00:00,42898.98,43311.1,42685.2,43267.06
2023-12-14 12:00:00,43267.07,43367.83,41400.0,42448.28
2023-12-14 16:00:00,42448.28,43420.0,42448.28,43094.13
2023-12-14 20:00:00,43094.13,43179.7,42851.48,43022.26
2023-12-15 00:00:00,43022.26,43080.81,42479.14,42795.94
2023-12-15 04:00:00,42795.94,42868.59,42515.94,42699.99
2023-12-15 08:00:00,42699.99,43026.33,42630.43,42776.03
2023-12-15 12:00:00,42776.04,42787.24,41666.0,41909.56
2023-12-15 16:00:00,41909.56,42192.48,41696.09,42096.08
2023-12-15 20:00:00,42096.08,42264.03,41896.92,41940.3
2023-12-16 00:00:00,41940.29,42410.99,41605.0,42333.79
2023-12-16 04:00:00,42333.79,42357.24,42141.82,42222.67
2023-12-16 08:00:00,42222.67,42339.55,42097.18,42330.19922
2023-12-16 12:00:00,42332.0,42611.08,42243.0,42604.0
2023-12-16 16:00:00,42603.99,42724.43,42331.1,42351.73
2023-12-16 20:00:00,42351.74,42412.37,42118.45,42278.03
2023-12-17 00:00:00,42278.02,42298.82,41860.21,41925.55
2023-12-17 04:00:00,41925.55,42061.1,41771.62,41886.75
2023-12-17 08:00:00,41886.75,42016.83,41661.36,41960.07
2023-12-17 12:00:00,41960.07,42020.17,41510.0,41811.37
2023-12-17 16:00:00,41811.37,42424.07,41683.99,42105.91
2023-12-17 20:00:00,42105.91,42190.87,41252.0,41374.65
2023-12-18 00:00:00,41374.64,41470.1,40801.0,41090.92
2023-12-18 04:00:00,41090.92,41306.0,40999.011719,41126.02
2023-12-18 08:00:00,41126.011719,41270.27,40546.89,41105.12
2023-12-18 12:00:00,41105.12109,41750.0,40888.0,41265.96
2023-12-18 16:00:00,41265.95,41735.5,41146.83,41701.1
2023-12-18 20:00:00,41701.11,42757.81,41576.52,42661.089844
2023-12-19 00:00:00,42657.8,43497.0,42567.69,43082.2
2023-12-19 04:00:00,43082.21,43131.2,42815.27,43036.16
2023-12-19 08:00:00,43036.17,43268.74,42942.0,42976.11
2023-12-19 12:00:00,42976.1,43041.1,42232.0,42486.86
2023-12-19 16:00:00,42486.85,42646.66,41811.1,42341.96
2023-12-19 20:00:00,42341.96,42528.67,42121.12,42275.99
2023-12-20 00:00:00,42275.99,42493.2,42206.0,42419.75
2023-12-20 04:00:00,42419.75,43041.0,42376.15,42924.23
2023-12-20 08:00:00,42924.23,42998.08,42675.0,42864.44
2023-12-20 12:00:00,42864.43,44283.0,42757.32,44027.2
2023-12-20 16:00:00,44049.64844,44250.0,43486.0,43738.01
2023-12-20 20:00:00,43738.01,43812.23,43230.17,43668.93
2023-12-21 00:00:00,43668.92,43731.08,43286.72,43649.37
2023-12-21 04:00:00,43649.36,43877.75,43451.44,43764.5
2023-12-21 08:00:00,43764.49,44100.0,43579.22,43931.6
2023-12-21 12:00:00,43931.6,44242.35,43380.0,43823.99
2023-12-21 16:00:00,43824.0,43927.7,43370.4,43588.8
2023-12-21 20:00:00,43588.79,44119.2,43554.01,43861.8
2023-12-22 00:00:00,43861.79,44251.0,43722.46,44008.0
2023-12-22 04:00:00,44008.0,44398.26,43534.47,43584.37
2023-12-22 08:00:00,43584.37,43839.22,43463.0,43753.94
2023-12-22 12:00:00,43753.95,43809.4,43412.54,43671.1
2023-12-22 16:00:00,43671.1,43992.0,43481.14,43640.79
2023-12-22 20:00:00,43640.79,44048.16,43617.44,43969.04
2023-12-23 00:00:00,43969.04,43988.68,43456.0,43526.43
2023-12-23 04:00:00,43526.43,43650.1,43291.1,43562.32
2023-12-23 08:00:00,43562.31,43669.88,43490.01,43547.78
2023-12-23 12:00:00,43547.78,43856.0,43547.77,43756.24
2023-12-23 16:00:00,43756.24,43850.0,43695.03,43703.81
2023-12-23 20:00:00,43703.82,43835.94,43632.77,43702.16
2023-12-24 00:00:00,43702.15,43907.57,43606.18,43834.48
2023-12-24 04:00:00,43834.48,43946.0,43401.0,43651.17
2023-12-24 08:00:00,43651.17,43694.72,43405.0,43634.2
2023-12-24 12:00:00,43634.19,43864.08,43560.74,43680.23
2023-12-24 16:00:00,43680.23,43713.86,43550.0,43618.07
2023-12-24 20:00:00,43618.08,43618.08,42500.0,42991.5
2023-12-25 00:00:00,42991.5,43158.59,42720.43,43152.78
2023-12-25 04:00:00,43152.78,43335.13,43101.53,43208.15
2023-12-25 08:00:00,43208.15,43291.05,43045.43,43171.11
2023-12-25 12:00:00,43171.11,43802.32,43080.01,43618.0
2023-12-25 16:00:00,43618.01,43710.01,43343.83,43474.25
2023-12-25 20:00:00,43474.25,43720.96,43328.14,43576.13
2023-12-26 00:00:00,43576.12,43592.68,43362.23,43451.46
2023-12-26 04:00:00,43451.45,43474.26,42545.0,42774.12
2023-12-26 08:00:00,42774.12,42798.0,42150.0,42685.55
2023-12-26 12:00:00,42685.56,42827.68,42250.0,42391.5
2023-12-26 16:00:00,42391.51,42434.2,41637.6,42109.11
2023-12-26 20:00:00,42109.11,42591.89,42055.0,42508.93
2023-12-27 00:00:00,42508.93,42541.1,42098.69,42234.66
2023-12-27 04:00:00,42234.65,42542.0,42200.0,42455.83
2023-12-27 08:00:00,42455.82,43220.0,42399.72,43019.11
2023-12-27 12:00:00,43019.11,43150.0,42706.0,42980.65
2023-12-27 16:00:00,42980.64,43215.0,42862.56,43154.34
2023-12-27 20:00:00,43154.34,43677.0,43121.45,43428.85
2023-12-28 00:00:00,43428.86,43787.57,43304.27,43408.41
2023-12-28 04:00:00,43408.4,43624.74,42794.11,43049.17
2023-12-28 08:00:00,43049.17,43192.17,42868.36,43059.98
2023-12-28 12:00:00,43059.98,43125.03,42401.01,42445.99
2023-12-28 16:00:00,42445.99,42725.3,42241.79,42610.64
2023-12-28 20:00:00,42610.64,42745.97,42334.99,42563.76
2023-12-29 00:00:00,42563.76,42800.0,42088.92,42697.42
2023-12-29 04:00:00,42697.42,42766.68,42222.0,42273.34
2023-12-29 08:00:00,42273.35,42934.0,42268.26,42862.01
2023-12-29 12:00:00,42862.0,43111.0,42106.64,42271.09
2023-12-29 16:00:00,42271.09,42351.1,41650.0,42116.51
2023-12-29 20:00:00,42116.51,42240.0,41300.0,42066.95
2023-12-30 00:00:00,42066.94,42209.22,41820.0,41972.81
2023-12-30 04:00:00,41972.81,42160.0,41930.43,41947.16
2023-12-30 08:00:00,41947.16,41988.62,41520.3,41893.96
2023-12-30 12:00:00,41893.96,42430.0,41882.71,42374.96
2023-12-30 16:00:00,42374.97,42612.32,42247.44,42361.13
2023-12-30 20:00:00,42361.13,42399.25,42079.97,42140.28
2023-12-31 00:00:00,42140.29,42433.49,41965.84,42176.0
2023-12-31 04:00:00,42175.99,42693.0,42156.09,42537.1
2023-12-31 08:00:00,42537.1,42899.0,42369.15,42518.36
2023-12-31 12:00:00,42518.36,42646.27,42352.76,42457.17
2023-12-31 16:00:00,42457.17,42719.8,42436.47,42619.04
2023-12-31 20:00:00,42619.04,42680.36,42056.0,42283.58
2024-01-01 00:00:00,42283.58,42775.0,42230.08,42330.49
2024-01-01 04:00:00,42330.5,42500.0,42180.77,42492.46
2024-01-01 08:00:00,42492.46,42762.39,42452.58,42690.2
2024-01-01 12:00:00,42690.21,42847.07,42580.0,42783.05
2024-01-01 16:00:00,42783.05,43550.0,42664.42,43517.99
2024-01-01 20:00:00,43517.98,44184.1,43361.6,44179.55
2024-01-02 00:00:00,44179.55,45500.0,44148.34,45402.38
2024-01-02 04:00:00,45402.38,45643.75,45121.96,45455.53
2024-01-02 08:00:00,45455.52,45879.63,45200.0,45433.99
2024-01-02 12:00:00,45433.99,45800.0,44833.33,45184.82
2024-01-02 16:00:00,45184.83,45399.84,44790.96,45039.49
2024-01-02 20:00:00,45039.49,45297.26,44600.0,44946.91
2024-01-03 00:00:00,44946.91,45410.91,44862.11,45262.69
2024-01-03 04:00:00,45262.7,45384.84,44940.93,45011.77
2024-01-03 08:00:00,45011.77,45500.0,43500.0,43702.88
2024-01-03 12:00:00,43702.89,43716.0,40750.0,43000.01
2024-01-03 16:00:00,43000.01,43567.92,42000.0,42596.67
2024-01-03 20:00:00,42596.66,42966.27,42518.7,42845.23
2024-01-04 00:00:00,42845.23,43220.56,42613.77,43102.8
2024-01-04 04:00:00,43102.79,43273.08,42756.97,42763.08
2024-01-04 08:00:00,42763.08,43233.81,42616.28,43176.32
2024-01-04 12:00:00,43176.33,44329.99,43097.06,44051.1
2024-01-04 16:00:00,44051.1,44437.5,43777.86,43956.48
2024-01-04 20:00:00,43956.48,44729.58,43890.9,44151.1
2024-01-05 00:00:00,44151.1,44284.0,42450.0,43465.21
2024-01-05 04:00:00,43465.21,43926.0,43187.89,43777.47
2024-01-05 08:00:00,43777.48,44324.8,43433.0,43771.34
2024-01-05 12:00:00,43771.34,44110.07,43100.0,43500.01
2024-01-05 16:00:00,43500.01,43808.07,43100.46,43600.0
2024-01-05 20:00:00,43600.0,44357.46,43580.51,44145.11
2024-01-06 00:00:00,44145.12,44214.42,43812.5,43931.1
2024-01-06 04:00:00,43931.1,43971.1,43397.05,43653.2
2024-01-06 08:00:00,43653.2,43771.1,43551.28,43671.96
2024-01-06 12:00:00,43671.97,43920.08,43527.27,43867.17
2024-01-06 16:00:00,43867.17,44148.58,43828.5,43906.36
2024-01-06 20:00:00,43906.35,43980.0,43611.19,43968.32
2024-01-07 00:00:00,43968.32,44259.29,43833.4,43940.41
2024-01-07 04:00:00,43940.41,44100.0,43843.52,44080.0
2024-01-07 08:00:00,44080.0,44167.81,43880.65,44061.1
2024-01-07 12:00:00,44061.1,44480.59,43945.15,44047.57
2024-01-07 16:00:00,44047.57,44262.53,43700.0,44244.77
2024-01-07 20:00:00,44244.77,44269.92,43572.09,43929.02
2024-01-08 00:00:00,43929.01,43986.0,43175.0,43518.2
2024-01-08 04:00:00,43518.2,44341.8,43430.79,43974.55
2024-01-08 08:00:00,43974.55,44688.0,43641.73,44635.99
2024-01-08 12:00:00,44636.0,45333.0,44350.0,44963.04
2024-01-08 16:00:00,44963.04,47248.99,44793.97,46979.35
2024-01-08 20:00:00,46979.36,47207.16,46653.84,46951.04
2024-01-09 00:00:00,46951.04,47150.0,46230.0,46926.96
2024-01-09 04:00:00,46926.96,46940.0,46599.43,46825.51
2024-01-09 08:00:00,46825.52,46874.94,46381.1,46615.99
2024-01-09 12:00:00,46616.0,47051.21,45450.0,46868.09
2024-01-09 16:00:00,46868.08,46975.0,46500.0,46876.01
2024-01-09 20:00:00,46876.0,47972.0,44748.67,46110.0
2024-01-10 00:00:00,46110.0,46249.14,45622.0,46117.1
2024-01-10 04:00:00,46117.1,46186.0,45734.56,45761.12109
2024-01-10 08:00:00,45775.98828,45850.13,45000.0,45515.89
2024-01-10 12:00:00,45515.88,45662.01,44300.36,45546.4
2024-01-10 16:00:00,45546.39,46666.0,45173.97,46489.18
2024-01-10 20:00:00,46489.19,47695.93,44800.0,46653.99
2024-01-11 00:00:00,46654.0,46750.0,46200.0,46502.16
2024-01-11 04:00:00,46502.17,46507.08,45618.1,46101.4
2024-01-11 08:00:00,46101.4,47150.0,46052.0,47060.0
2024-01-11 12:00:00,47059.99,48969.48,46463.19,46783.78
2024-01-11 16:00:00,46783.77,47022.07,45606.06,46692.3
2024-01-11 20:00:00,46692.29,46975.0,46084.69,46339.16
2024-01-12 00:00:00,46339.16,46515.53,45898.0,45994.0
2024-01-12 04:00:00,45994.01,46366.0,45742.49,46008.19
2024-01-12 08:00:00,46008.19,46267.0,45537.37,45954.35
2024-01-12 12:00:00,45954.35,46109.0,44333.44,44462.01
2024-01-12 16:00:00,44462.0,44675.88,43212.0,43472.55
2024-01-12 20:00:00,43472.56,43981.1,41500.0,42782.73
2024-01-13 00:00:00,42782.74,42997.29,42436.12,42609.94
2024-01-13 04:00:00,42609.94,43254.03,42555.84,43102.97
2024-01-13 08:00:00,43102.97,43254.96,42509.11,42624.0
2024-01-13 12:00:00,42624.01,43257.0,42505.0,43154.48
2024-01-13 16:00:00,43154.48,43185.0,42724.39,42786.25
2024-01-13 20:00:00,42786.25,43040.01,42699.52,42847.99
2024-01-14 00:00:00,42847.99,42890.23,42643.98,42681.82
2024-01-14 04:00:00,42681.82,43060.0,42562.56,43011.44
2024-01-14 08:00:00,43011.44,43079.0,42759.34,42829.99
2024-01-14 12:00:00,42829.99,43005.25,42710.0,42904.38
2024-01-14 16:00:00,42904.39,43010.84,42632.59,42660.0
2024-01-14 20:00:00,42660.0,42745.98,41720.0,41732.35
2024-01-15 00:00:00,41732.35,42640.0,41718.05,42565.99
2024-01-15 04:00:00,42565.99,42824.68,42499.01,42714.78
2024-01-15 08:00:00,42714.78,42775.0,42540.0,42697.99
2024-01-15 12:00:00,42698.0,42958.03,42163.32,42278.99
2024-01-15 16:00:00,42278.99,43400.43,42249.0,42992.67
2024-01-15 20:00:00,42992.67,43114.45,42342.18,42511.1
2024-01-16 00:00:00,42511.1,42939.5,42466.88,42924.56
2024-01-16 04:00:00,42924.57,42946.05,42606.92,42791.13
2024-01-16 08:00:00,42791.14,43153.66,42720.06,42900.54
2024-01-16 12:00:00,42900.55,43314.73,42050.0,43252.67
2024-01-16 16:00:00,43252.45,43434.0,42834.29,43166.11
2024-01-16 20:00:00,43166.1,43578.01,43060.69,43137.95
2024-01-17 00:00:00,43137.94,43198.0,42844.98,42849.0
2024-01-17 04:00:00,42849.0,42925.49,42619.6,42655.94
2024-01-17 08:00:00,42655.95,42850.55,42564.0,42680.16
2024-01-17 12:00:00,42680.16,42926.02,42365.58,42482.79
2024-01-17 16:00:00,42482.8,42745.99,42200.69,42611.11
2024-01-17 20:00:00,42611.1,42876.48,42450.0,42776.1
2024-01-18 00:00:00,42776.09,42784.4,42502.19,42592.05
2024-01-18 04:00:00,42592.04,42922.0,42589.0,42915.33
2024-01-18 08:00:00,42915.32,42930.0,42387.68,42544.59
2024-01-18 12:00:00,42544.6,42810.0,42353.8,42619.32
2024-01-18 16:00:00,42619.31,42619.32,40831.99,41022.32
2024-01-18 20:00:00,41022.33,41366.99,40683.28,41327.5
2024-01-19 00:00:00,41327.51,41370.99,40752.26,41055.87
2024-01-19 04:00:00,41055.88,41576.0,41038.81,41284.25
2024-01-19 08:00:00,41284.26,41509.69,41143.33,41475.37
2024-01-19 12:00:00,41475.37,41488.2,40718.0,40894.71
2024-01-19 16:00:00,40894.71,41979.0,40280.0,41814.27
2024-01-19 20:00:00,41814.27,42196.86,41517.6,41659.03
2024-01-20 00:00:00,41659.03,41700.0,41456.3,41634.65
2024-01-20 04:00:00,41634.64,41774.0,41564.81,41650.95
2024-01-20 08:00:00,41650.95,41668.66,41459.02,41580.83
2024-01-20 12:00:00,41580.82,41700.0,41478.0,41570.11
2024-01-20 16:00:00,41570.1,41684.94,41526.36,41632.96
2024-01-20 20:00:00,41632.97,41872.56,41610.54,41696.04
2024-01-21 00:00:00,41696.05,41730.0,41629.87,41680.82
2024-01-21 04:00:00,41680.83,41691.11,41564.29,41648.51
2024-01-21 08:00:00,41648.5,41826.97,41648.5,41719.89
2024-01-21 12:00:00,41719.9,41881.39,41605.0,41656.28
2024-01-21 16:00:00,41656.27,41729.77,41525.0,41719.4
2024-01-21 20:00:00,41719.39,41811.1,41500.98,41580.33
2024-01-22 00:00:00,41580.32,41689.65,41058.22,41197.04
2024-01-22 04:00:00,41197.04,41321.17,40684.0,41043.7
2024-01-22 08:00:00,41043.7,41047.51,40364.63,40815.99
2024-01-22 12:00:00,40815.92,41244.06,40350.0,40771.99
2024-01-22 16:00:00,40772.0,40874.99,39431.58,39820.31
2024-01-22 20:00:00,39820.31,40343.18,39480.0,39568.02
2024-01-23 00:00:00,39568.02,40118.87,39511.1,40000.44
2024-01-23 04:00:00,40000.43,40176.74,39665.02,39780.0
2024-01-23 08:00:00,39780.01,39860.0,38657.0,38845.56
2024-01-23 12:00:00,38845.56,39460.0,38555.0,39204.0
2024-01-23 16:00:00,39204.0,39654.34,38925.2,39148.07
2024-01-23 20:00:00,39148.07,39907.23,39032.02,39897.6
2024-01-24 00:00:00,39897.59,40250.0,39570.43,39614.0
2024-01-24 04:00:00,39614.0,40191.97,39557.01,39981.09
2024-01-24 08:00:00,39981.09,40555.0,39859.51,40209.34
2024-01-24 12:00:00,40209.34,40298.86,39766.0,40050.71
2024-01-24 16:00:00,40050.72,40207.0,39615.76,39803.05
2024-01-24 20:00:00,39803.04,40175.11,39484.19,40084.88
2024-01-25 00:00:00,40084.89,40178.84,39914.0,40012.01
2024-01-25 04:00:00,40012.01,40135.37,39792.01,40130.0
2024-01-25 08:00:00,40130.0,40300.24,39957.44,40178.07
2024-01-25 12:00:00,40178.07,40283.82,39623.4,39804.24
2024-01-25 16:00:00,39804.23,40044.91,39550.0,39989.25
2024-01-25 20:00:00,39989.25,39995.99,39637.99,39961.09
2024-01-26 00:00:00,39961.09,40245.0,39822.52,40067.52
2024-01-26 04:00:00,40067.52,40220.0,39896.84,39969.99
2024-01-26 08:00:00,39970.0,41348.13,39962.14,41289.52
2024-01-26 12:00:00,41289.52,41588.0,40914.5,41422.99
2024-01-26 16:00:00,41422.98,42193.8,41405.31,42064.49
2024-01-26 20:00:00,42064.48,42246.82,41800.02,41823.51
2024-01-27 00:00:00,41823.51,41933.17,41708.0,41815.01
2024-01-27 04:00:00,41815.01,41890.0,41602.01,41710.14
2024-01-27 08:00:00,41710.15,41800.0,41394.34,41761.23
2024-01-27 12:00:00,41761.22,41894.87,41714.0,41814.0
2024-01-27 16:00:00,41813.99,41986.06,41745.26,41910.47
2024-01-27 20:00:00,41910.48,42200.0,41910.47,42120.63
2024-01-28 00:00:00,42120.63,42244.0,41925.0,42231.83
2024-01-28 04:00:00,42231.84,42842.68,42228.64,42388.82
2024-01-28 08:00:00,42388.82,42698.0,42323.14,42471.98
2024-01-28 12:00:00,42471.98,42544.0,42155.55,42258.01
2024-01-28 16:00:00,42258.0,42354.7,41721.08,41785.92
2024-01-28 20:00:00,41785.91,42073.81,41620.81,42031.06
2024-01-29 00:00:00,42031.05,42504.0,41874.94,42331.2
2024-01-29 04:00:00,42331.19,42345.36,41988.88,42053.46
2024-01-29 08:00:00,42053.45,42381.1,41961.1,42246.95
2024-01-29 12:00:00,42246.95,42647.27,41804.88,42641.75
2024-01-29 16:00:00,42641.75,43313.8,42518.0,42995.99
2024-01-29 20:00:00,42995.99,43333.0,42982.66,43302.7
2024-01-30 00:00:00,43302.71,43787.35,43133.9,43519.71
2024-01-30 04:00:00,43519.71,43570.09,43259.26,43358.25
2024-01-30 08:00:00,43358.24,43564.85,43215.76,43537.74
2024-01-30 12:00:00,43537.75,43882.36,43114.13,43375.5
2024-01-30 16:00:00,43375.5,43599.0,43224.0,43547.98
2024-01-30 20:00:00,43547.99,43760.0,42683.99,42941.1
2024-01-31 00:00:00,42941.1,43107.77,42655.07,42930.07
2024-01-31 04:00:00,42930.06,43087.93,42871.1,43050.01
2024-01-31 08:00:00,43050.01,43091.1,42355.0,42647.98
2024-01-31 12:00:00,42647.98,43465.02,42521.31,43361.1
2024-01-31 16:00:00,43361.11,43745.11,43041.1,43334.64
2024-01-31 20:00:00,43334.63,43361.1,42276.84,42580.0
2024-02-01 00:00:00,42580.0,42687.63,41884.28,42015.65
2024-02-01 04:00:00,42015.65,42300.0,41889.95,42190.16
2024-02-01 08:00:00,42190.15,42331.1,42026.52,42087.52
2024-02-01 12:00:00,42087.52,42946.6,41944.89,42516.12
2024-02-01 16:00:00,42516.12,43285.13,42364.0,43218.94
2024-02-01 20:00:00,43218.94,43279.91,42872.91,43082.94
2024-02-02 00:00:00,43082.95,43432.63,43026.15,43037.25
2024-02-02 04:00:00,43037.25,43271.1,42943.71,43086.89
2024-02-02 08:00:00,43086.9,43199.0,42941.1,43148.41
2024-02-02 12:00:00,43148.42,43250.0,42546.79,43242.09
2024-02-02 16:00:00,43242.1,43488.0,42783.09,43061.97
2024-02-02 20:00:00,43061.98,43238.01,42900.48,43200.0
2024-02-03 00:00:00,43199.99,43380.01,43142.0,43173.94
2024-02-03 04:00:00,43173.95,43222.75,43040.0,43053.05
2024-02-03 08:00:00,43053.05,43125.28,42973.66,42995.04
2024-02-03 12:00:00,42995.04,43190.0,42880.0,43119.06
2024-02-03 16:00:00,43119.06,43270.0,43016.28,43061.09
2024-02-03 20:00:00,43061.09,43104.68,42953.33,43011.09
2024-02-04 00:00:00,43011.1,43068.79,42880.01,43027.16
2024-02-04 04:00:00,43027.16,43029.17,42720.07,42845.03
2024-02-04 08:00:00,42845.03,43119.04,42741.6,43060.1
2024-02-04 12:00:00,43060.09,43115.76,42845.51,42943.21
2024-02-04 16:00:00,42943.2,42969.79,42573.17,42636.44
2024-02-04 20:00:00,42636.43,42985.73,42222.0,42582.88
2024-02-05 00:00:00,42582.88,42729.02,42258.1,42718.31
2024-02-05 04:00:00,42718.31,43176.39,42642.0,43071.88
2024-02-05 08:00:00,43071.87,43268.98,42954.54,43194.08
2024-02-05 12:00:00,43194.08,43569.76,42600.11,42644.03
2024-02-05 16:00:00,42644.04,42869.66,42501.0,42765.36
2024-02-05 20:00:00,42765.35,42798.37,42330.52,42708.7
2024-02-06 00:00:00,42708.7,42960.01,42574.0,42851.11
2024-02-06 04:00:00,42851.1,42926.73,42667.0,42890.0
2024-02-06 08:00:00,42889.99,43119.9,42670.61,42826.96
2024-02-06 12:00:00,42826.96,43270.89,42658.0,43244.89
2024-02-06 16:00:00,43244.89,43399.98,43000.0,43278.78
2024-02-06 20:00:00,43278.79,43322.0,43032.71,43098.95
2024-02-07 00:00:00,43098.96,43192.0,42788.0,42800.0
2024-02-07 04:00:00,42799.99,43051.1,42794.67,42918.03
2024-02-07 08:00:00,42918.02,43200.0,42838.01,42928.29
2024-02-07 12:00:00,42928.28,43325.03,42890.51,43071.08
2024-02-07 16:00:00,43071.08,43710.0,43013.75,43615.47
2024-02-07 20:00:00,43615.47,44396.5,43615.47,44349.6
2024-02-08 00:00:00,44349.6,44780.0,44331.1,44540.99
2024-02-08 04:00:00,44540.98,44633.78,44427.01,44513.24
2024-02-08 08:00:00,44513.25,44885.0,44513.24,44698.97
2024-02-08 12:00:00,44698.97,45467.14,44606.0,45432.3
2024-02-08 16:00:00,45432.3,45498.0,44890.0,45284.14
2024-02-08 20:00:00,45284.13,45614.3,45227.0,45288.65
2024-02-09 00:00:00,45288.66,46384.27,45242.12,46060.74
2024-02-09 04:00:00,46060.74,46425.03,45855.0,46202.0
2024-02-09 08:00:00,46202.01,47299.88,46201.53,47180.02
2024-02-09 12:00:00,47180.01,47719.44,46652.0,47159.99
2024-02-09 16:00:00,47159.99,48200.0,47134.0,47509.48
2024-02-09 20:00:00,47509.48,47693.28,47035.92,47132.77
2024-02-10 00:00:00,47132.78,47504.0,47044.88,47376.62
2024-02-10 04:00:00,47376.62,47430.03,47145.4,47151.72
2024-02-10 08:00:00,47151.72,47274.0,46800.0,47182.0
2024-02-10 12:00:00,47182.01,47378.41,47105.44,47353.48
2024-02-10 16:00:00,47353.48,47660.0,47154.52,47531.09
2024-02-10 20:00:00,47531.09,48170.0,47454.37,47751.09
2024-02-11 00:00:00,47751.08,48557.0,47557.16,48519.61
2024-02-11 04:00:00,48519.6,48592.66,48061.1,48179.52
2024-02-11 08:00:00,48179.51,48438.81,47922.33,48411.71
2024-02-11 12:00:00,48411.71,48469.07,47931.82,48150.43
2024-02-11 16:00:00,48150.43,48394.29,47948.38,48284.0
2024-02-11 20:00:00,48283.99,48375.0,47971.18,48299.99
2024-02-12 00:00:00,48300.0,48826.81,48009.52,48145.0
2024-02-12 04:00:00,48145.0,48382.27,47755.81,48203.98
2024-02-12 08:00:00,48203.98,48311.15,47710.01,47903.03
2024-02-12 12:00:00,47903.04,49950.0,47841.0,49917.8
2024-02-12 16:00:00,49917.8,50334.82,49372.22,49532.03
2024-02-12 20:00:00,49532.02,50271.02,49532.02,49917.27
2024-02-13 00:00:00,49917.28,50368.61,49724.33,49789.99
2024-02-13 04:00:00,49790.0,50117.84,49789.99,49983.09
2024-02-13 08:00:00,49983.09,50247.0,49650.0,49988.12
2024-02-13 12:00:00,49988.12,49996.0,48400.0,48727.47
2024-02-13 16:00:00,48727.47,49268.21,48300.95,49036.73
2024-02-13 20:00:00,49036.74,49775.0,49011.1,49699.59
2024-02-14 00:00:00,49699.6,49712.94,49333.0,49518.61
2024-02-14 04:00:00,49518.61,49877.22,49225.01,49838.93
2024-02-14 08:00:00,49838.93,51723.08,49741.19,51555.12
2024-02-14 12:00:00,51555.12,52043.71,51276.24,51590.0
2024-02-14 16:00:00,51590.0,51750.0,51200.24,51678.0
2024-02-14 20:00:00,51677.99,51888.0,51464.0,51795.17
2024-02-15 00:00:00,51795.17,52500.0,51717.58,52343.32
2024-02-15 04:00:00,52343.32,52364.55,51634.01,51776.61
2024-02-15 08:00:00,51776.6,52498.12,51650.0,52330.0
2024-02-15 12:00:00,52330.0,52816.62,51721.31,51948.23
2024-02-15 16:00:00,51948.24,52380.0,51725.0,52002.01
2024-02-15 20:00:00,52002.01,52011.1,51314.0,51880.0
2024-02-16 00:00:00,51880.01,52328.0,51803.6,52280.25
2024-02-16 04:00:00,52280.25,52343.28,51700.0,51731.99
2024-02-16 08:00:00,51732.0,52435.86,51566.0,52213.86
2024-02-16 12:00:00,52213.87,52572.08,51592.88,51888.01
2024-02-16 16:00:00,51888.01,52245.0,51655.0,51756.29
2024-02-16 20:00:00,51756.29,52208.43,51681.1,52124.11
2024-02-17 00:00:00,52124.1,52162.82,51846.84,51968.75
2024-02-17 04:00:00,51968.75,52057.54,51792.0,51911.33
2024-02-17 08:00:00,51911.34,51911.34,51500.0,51690.48
2024-02-17 12:00:00,51690.47,51735.68,50625.0,50984.56
2024-02-17 16:00:00,50984.56,51444.0,50741.1,51394.43
2024-02-17 20:00:00,51394.44,52030.18,51303.0,51642.64
2024-02-18 00:00:00,51642.64,51798.99,51163.28,51479.99
2024-02-18 04:00:00,51479.99,51750.6,51405.52,51671.1
2024-02-18 08:00:00,51671.1,52069.0,51644.0,51832.01
2024-02-18 12:00:00,51832.01,51948.57,51535.01,51773.99
2024-02-18 16:00:00,51774.0,51980.73,51647.25,51758.12
2024-02-18 20:00:00,51758.13,52377.0,51587.4,52137.67
2024-02-19 00:00:00,52137.68,52428.78,51904.83,52063.81
2024-02-19 04:00:00,52063.8,52488.77,51989.21,52394.04
2024-02-19 08:00:00,52394.04,52450.0,52063.52,52336.22
2024-02-19 12:00:00,52336.22,52454.11,52027.0,52127.99
2024-02-19 16:00:00,52127.99,52230.0,51677.0,51820.61
2024-02-19 20:00:00,51820.61,52110.0,51705.11,51774.73
2024-02-20 00:00:00,51774.74,51832.01,51311.0,51580.23
2024-02-20 04:00:00,51580.23,52039.91,51510.0,51839.28
2024-02-20 08:00:00,51839.28,52380.0,51560.0,52286.8
2024-02-20 12:00:00,52286.8,52985.0,51340.0,51680.0
2024-02-20 16:00:00,51679.99,52138.31,50760.37,52101.11
2024-02-20 20:00:00,52101.1,52517.3,51901.1,52258.82
2024-02-21 00:00:00,52258.82,52366.8,51988.91,52001.99
2024-02-21 04:00:00,52002.0,52113.39,51452.45,51568.64
2024-02-21 08:00:00,51568.64,51787.04,50813.0,50965.53
2024-02-21 12:00:00,50965.53,51442.26,50625.0,51156.0
2024-02-21 16:00:00,51156.0,51427.43,50649.28,51058.0
2024-02-21 20:00:00,51057.99,51950.01,50862.5,51849.39
2024-02-22 00:00:00,51849.38,51878.18,51153.69,51586.1
2024-02-22 04:00:00,51586.1,51910.32,51352.0,51827.63
2024-02-22 08:00:00,51827.63,52034.12,51517.63,51622.04
2024-02-22 12:00:00,51622.05,51733.05,50940.78,51602.4
2024-02-22 16:00:00,51602.41,51750.01,51400.0,51509.99
2024-02-22 20:00:00,51509.99,52065.78,51184.04,51288.42
2024-02-23 00:00:00,51288.42,51548.54,50971.11,51100.0
2024-02-23 04:00:00,51100.0,51321.92,50889.0,50915.96
2024-02-23 08:00:00,50915.95,51263.22,50830.0,51218.95
2024-02-23 12:00:00,51218.94,51333.47,50800.32,50911.11
2024-02-23 16:00:00,50911.1,51195.18,50629.33,51099.09
2024-02-23 20:00:00,51099.09,51162.04,50521.0,50744.15
2024-02-24 00:00:00,50744.15,50907.14,50585.0,50849.97
2024-02-24 04:00:00,50849.96,51103.87,50826.47,51068.7
2024-02-24 08:00:00,51068.7,51172.06,50953.0,51119.79
2024-02-24 12:00:00,51119.79,51180.41,51032.34,51099.34
2024-02-24 16:00:00,51099.35,51698.0,51094.99,51557.07
2024-02-24 20:00:00,51557.08,51666.0,51437.84,51568.22
2024-02-25 00:00:00,51568.21,51898.72,51438.88,51624.99
2024-02-25 04:00:00,51625.0,51800.03,51509.0,51719.28
2024-02-25 08:00:00,51719.28,51777.64,51531.73,51645.0
2024-02-25 12:00:00,51645.0,51780.0,51436.67,51524.02
2024-02-25 16:00:00,51524.02,51738.85,51279.8,51672.96
2024-02-25 20:00:00,51672.97,51958.55,51640.88,51728.85
2024-02-26 00:00:00,51728.85,51796.5,51400.0,51555.59
2024-02-26 04:00:00,51555.6,51598.06,51288.18,51293.26
2024-02-26 08:00:00,51293.26,51374.66,50901.44,51090.01
2024-02-26 12:00:00,51090.01,52847.84,50957.0,52842.32
2024-02-26 16:00:00,52842.33,54512.02,52753.28,54487.11
2024-02-26 20:00:00,54487.1,54910.0,54258.2,54476.47
2024-02-27 00:00:00,54476.48,57073.84,54450.13,55667.6
2024-02-27 04:00:00,55667.6,56448.0,55576.12,56059.08
2024-02-27 08:00:00,56059.09,56818.02,56023.8,56527.79
2024-02-27 12:00:00,56527.8,57416.93,56457.26,56745.66
2024-02-27 16:00:00,56745.66,57588.15,56209.0,57339.68
2024-02-27 20:00:00,57339.69,57359.0,56579.84,57037.34
2024-02-28 00:00:00,57037.35,57101.1,56691.85,56916.4
2024-02-28 04:00:00,56916.39,58379.57,56894.16,58241.1
2024-02-28 08:00:00,58241.09,59494.06,58171.11,58941.11
2024-02-28 12:00:00,58941.11,61360.0,58891.1,60966.22
2024-02-28 16:00:00,60966.22,64000.0,58700.0,60951.11
2024-02-28 20:00:00,60951.1,62647.04,59797.57,62432.1
2024-02-29 00:00:00,62432.11,62438.22,61021.1,61561.33
2024-02-29 04:00:00,61561.34,63676.35,61334.59,62707.17
2024-02-29 08:00:00,62707.17,63315.25,62111.1,62936.02
2024-02-29 12:00:00,62936.02,63496.51172,62172.82031,62751.10156
2024-02-29 16:00:00,62796.078125,62871.67,60500.14,61600.0
2024-02-29 20:00:00,61599.99,62285.47,60584.07,61130.98
2024-03-01 00:00:00,61130.99,61749.0,60777.0,61105.91
2024-03-01 04:00:00,61105.92,61772.82,61061.11,61434.0
2024-03-01 08:00:00,61434.0,62243.53,61316.67,61863.72
2024-03-01 12:00:00,61863.71,62677.06,61131.01,61263.99
2024-03-01 16:00:00,61263.98,62494.31,61234.0,62215.5
2024-03-01 20:00:00,62215.51,63114.23,62215.5,62387.9
2024-03-02 00:00:00,62387.9,62433.19,61949.03,62307.45
2024-03-02 04:00:00,62307.45,62307.45,61752.3,62011.85
2024-03-02 08:00:00,62011.85,62123.0,61641.1,61826.32
2024-03-02 12:00:00,61826.32,62167.79,61561.12,61771.2
2024-03-02 16:00:00,61771.21,62114.77,61625.0,62114.77
2024-03-02 20:00:00,62114.76,62200.0,61685.01,61987.28
2024-03-03 00:00:00,61987.28,62000.0,61642.39,61931.09
2024-03-03 04:00:00,61931.09,62100.0,61320.0,61598.0
2024-03-03 08:00:00,61598.01,61890.96,61393.83,61831.1
2024-03-03 12:00:00,61831.1,62640.18,61821.09,62164.63
2024-03-03 16:00:00,62164.63,62989.0,62088.0,62730.0
2024-03-03 20:00:00,62730.0,63231.88,62580.0,63113.97
2024-03-04 00:00:00,63113.97,64268.24,62300.0,63458.72
2024-03-04 04:00:00,63458.71,64300.0,63210.0,64066.62
2024-03-04 08:00:00,64066.62,65555.0,64000.11,65230.0
2024-03-04 12:00:00,65229.99,66580.29,64533.67,66451.65
2024-03-04 16:00:00,66451.65,67524.99,66039.31,67405.26
2024-03-04 20:00:00,67405.25,68499.0,66755.79,68245.71
2024-03-05 00:00:00,68245.71,68686.8,67535.31,68113.94
2024-03-05 04:00:00,68113.95,68384.54,65089.0,66129.64
2024-03-05 08:00:00,66129.64,67150.0,65515.15,66656.31
2024-03-05 12:00:00,66656.32,69000.0,66370.0,66773.05
2024-03-05 16:00:00,66773.05,66996.36,59005.0,61410.98
2024-03-05 20:00:00,61410.98,64367.27,61167.91,63724.01
2024-03-06 00:00:00,63724.01,64146.45,62779.14,63263.21
2024-03-06 04:00:00,63263.22,66761.1,63263.21,66676.46
2024-03-06 08:00:00,66676.46,67641.1,66041.63,67301.31
2024-03-06 12:00:00,67301.31,67592.31,64664.92,66481.12
2024-03-06 16:00:00,66481.12,67465.0,66221.1,66739.48
2024-03-06 20:00:00,66739.49,67363.58,65714.17,66074.04
2024-03-07 00:00:00,66074.04,66467.88,65551.0,65847.29
2024-03-07 04:00:00,65847.3,66469.05,65657.59,66387.78
2024-03-07 08:00:00,66387.77,67275.2,66341.11,66905.34
2024-03-07 12:00:00,66905.34,67899.0,66541.1,67260.01
2024-03-07 16:00:00,67260.01,67980.0,67012.0,67498.02
2024-03-07 20:00:00,67498.03,67914.74,66810.32,66823.17
2024-03-08 00:00:00,66823.18,67256.18,66757.0,67156.09
2024-03-08 04:00:00,67156.09,67640.45,66782.22,67223.02
2024-03-08 08:00:00,67223.02,67753.4,67038.71,67741.21
2024-03-08 12:00:00,67741.22,69990.0,67150.0,67617.6
2024-03-08 16:00:00,67617.6,68864.0,66082.66,68863.99
2024-03-08 20:00:00,68864.0,69379.0,67807.58,68124.19
2024-03-09 00:00:00,68124.2,68279.0,67861.1,68247.34
2024-03-09 04:00:00,68247.34,68541.1,68133.27,68288.64
2024-03-09 08:00:00,68288.64,68453.12,67933.93,68299.99
2024-03-09 12:00:00,68300.0,68521.1,68100.01,68288.2
2024-03-09 16:00:00,68288.19,68325.0,68000.0,68193.51
2024-03-09 20:00:00,68193.51,68433.17,68193.51,68313.27
2024-03-10 00:00:00,68313.28,69216.0,68200.0,69136.79
2024-03-10 04:00:00,69136.78,69659.47,69024.62,69347.16
2024-03-10 08:00:00,69347.16,69887.61,69162.0,69568.46
2024-03-10 12:00:00,69568.45,69833.33,68641.1,69194.83
2024-03-10 16:00:00,69194.83,69768.58,69111.89,69400.19
2024-03-10 20:00:00,69400.19,69470.01,68094.75,68955.88
2024-03-11 00:00:00,68955.88,68955.9,67024.96,68604.42
2024-03-11 04:00:00,68604.41,71298.0,68445.91,71019.99
2024-03-11 08:00:00,71019.99,72226.3,71019.99,71487.2
2024-03-11 12:00:00,71487.21,72661.1,71304.2,72010.0
2024-03-11 16:00:00,72010.01,72800.0,71760.0,71970.0
2024-03-11 20:00:00,71970.0,72750.0,71836.36,72078.1
2024-03-12 00:00:00,72078.1,72470.41,71400.0,71619.0
2024-03-12 04:00:00,71619.0,72355.15,71301.0,72121.1
2024-03-12 08:00:00,72121.1,72376.0,71388.0,72023.82
2024-03-12 12:00:00,72023.82,73000.0,70800.0,71703.41
2024-03-12 16:00:00,71703.41,71829.11,68620.82,71349.99
2024-03-12 20:00:00,71349.99,71550.05,70607.86,71452.01
2024-03-13 00:00:00,71452.0,72217.79,71333.31,72057.43
2024-03-13 04:00:00,72057.43,73182.22,71920.0,72855.16
2024-03-13 08:00:00,72855.15,73650.25,72820.0,73065.41
2024-03-13 12:00:00,73065.4,73180.0,71634.52,72634.95
2024-03-13 16:00:00,72634.95,73394.19,72350.0,73349.24
2024-03-13 20:00:00,73349.24,73410.22,72788.15,73072.41
2024-03-14 00:00:00,73072.4,73288.3,72500.0,73267.08
2024-03-14 04:00:00,73267.08,73777.0,72680.0,73224.0
2024-03-14 08:00:00,73224.0,73528.11,72627.0,72884.0
2024-03-14 12:00:00,72884.01,73047.16,70543.64,70844.01
2024-03-14 16:00:00,70844.0,71458.0,68555.0,69415.09
2024-03-14 20:00:00,69415.09,71709.9,69303.75,71388.94
2024-03-15 00:00:00,71388.94,72419.71,66699.0,68224.01
2024-03-15 04:00:00,68224.01,68861.1,66904.98,68448.29
2024-03-15 08:00:00,68448.28,68600.0,65600.0,67757.76
2024-03-15 12:00:00,67757.75,68746.69,67424.79,68157.07
2024-03-15 16:00:00,68157.07,70650.0,67520.01,68964.0
2024-03-15 20:00:00,68964.0,69750.0,67413.8,69499.85
2024-03-16 00:00:00,69499.84,70043.0,68932.01,69200.08
2024-03-16 04:00:00,69200.07,69460.91,68600.0,69432.45
2024-03-16 08:00:00,69432.45,69436.24,67725.53,68256.01
2024-03-16 12:00:00,68256.0,68499.1,67524.0,68385.58
2024-03-16 16:00:00,68385.58,68407.94,66670.0,66911.52
2024-03-16 20:00:00,66911.51,67538.49,64780.0,65300.63
2024-03-17 00:00:00,65300.64,66576.39,65122.23,66538.99
2024-03-17 04:00:00,66538.99,66560.0,64533.0,65636.67
2024-03-17 08:00:00,65636.68,67515.0,65290.0,66955.49
2024-03-17 12:00:00,66955.49,68111.45,66436.92,67965.5
2024-03-17 16:00:00,67965.51,68693.75,67769.86,68536.73
2024-03-17 20:00:00,68536.72,68904.4,67953.35,68393.48
2024-03-18 00:00:00,68393.47,68425.97,66800.0,67972.01
2024-03-18 04:00:00,67972.01,68956.0,67704.01,68218.38
2024-03-18 08:00:00,68218.38,68483.96,67300.0,68253.4
2024-03-18 12:00:00,68253.39,68627.81,66628.68,67467.19
2024-03-18 16:00:00,67467.19,68079.52,66565.2,66936.0
2024-03-18 20:00:00,66936.0,67999.0,66935.99,67609.99
2024-03-19 00:00:00,67610.0,68124.11,64860.0,65876.01
2024-03-19 04:00:00,65876.01,65976.1,63577.0,64704.22
2024-03-19 08:00:00,64704.23,64710.69,62505.0,63081.34
2024-03-19 12:00:00,63081.34,64150.0,62410.78,64051.85
2024-03-19 16:00:00,64051.85,65756.0,63969.58,64391.99
2024-03-19 20:00:00,64392.0,64500.12,61555.0,61937.4
2024-03-20 00:00:00,61937.41,63466.21,61666.0,61860.81
2024-03-20 04:00:00,61860.82,63198.83,60775.0,62957.85
2024-03-20 08:00:00,62957.85,63957.74,62640.0,63392.94
2024-03-20 12:00:00,63392.95,64395.0,63066.6,63600.37
2024-03-20 16:00:00,63600.37,66000.0,62022.0,65784.46
2024-03-20 20:00:00,65784.47,68100.0,65656.41,67840.51
2024-03-21 00:00:00,67840.51,68240.47,66340.0,66654.45
2024-03-21 04:00:00,66654.46,67330.0,66072.2,66985.19
2024-03-21 08:00:00,66985.19,67659.53,66650.0,67044.0
2024-03-21 12:00:00,67044.01,67693.6,65885.96,66557.77
2024-03-21 16:00:00,66557.77,67000.0,64871.01,65223.74
2024-03-21 20:00:00,65223.73,65946.66,64529.01,65501.27
2024-03-22 00:00:00,65501.28,66160.0,65120.01,65981.99
2024-03-22 04:00:00,65981.99,66649.62,65756.64,66178.01
2024-03-22 08:00:00,66178.01,66363.1,64065.72,64233.9
2024-03-22 12:00:00,64233.9,64674.06,62601.11,63877.04
2024-03-22 16:00:00,63877.04,64126.09,62766.63,63866.93
2024-03-22 20:00:00,63866.94,63978.86,62260.0,63796.64
2024-03-23 00:00:00,63796.64,64374.91,63000.0,63556.0
2024-03-23 04:00:00,63556.0,64856.01,63506.5,64575.41
2024-03-23 08:00:00,64575.41,64857.14,64186.21,64629.62
2024-03-23 12:00:00,64629.61,65414.69,64278.15,65104.05
2024-03-23 16:00:00,65104.06,65999.0,64786.25,64872.9
2024-03-23 20:00:00,64872.9,65199.97,63861.66,63990.01
2024-03-24 00:00:00,63990.02,64723.16,63922.85,63962.98
2024-03-24 04:00:00,63962.98,64583.44,63772.29,64583.43
2024-03-24 08:00:00,64583.44,65368.66,64476.0,65334.01
2024-03-24 12:00:00,65334.0,65925.19,65177.28,65673.36
2024-03-24 16:00:00,65673.36,66045.99,64600.01,65843.02
2024-03-24 20:00:00,65843.02,67628.69,65730.6,67209.99
2024-03-25 00:00:00,67210.0,67350.0,66385.06,67350.0
2024-03-25 04:00:00,67350.0,67740.0,66710.0,66821.19
2024-03-25 08:00:00,66821.19,67344.23,66747.65,66810.15
2024-03-25 12:00:00,66810.15,70000.0,66780.0,69792.05
2024-03-25 16:00:00,69792.06,71000.0,69440.18,70960.89
2024-03-25 20:00:00,70960.89,71150.0,69562.09,69880.01
2024-03-26 00:00:00,69880.0,70606.0,69732.8,70423.11
2024-03-26 04:00:00,70423.11,71561.1,70260.3,70486.38
2024-03-26 08:00:00,70486.38,71280.0,70268.66,70693.16
2024-03-26 12:00:00,70693.17,71136.63,69280.0,70250.0
2024-03-26 16:00:00,70250.01,70499.0,69412.0,69477.67
2024-03-26 20:00:00,69477.66,70305.33,69401.72,69988.0
2024-03-27 00:00:00,69987.99,70739.65,69840.0,70387.99
2024-03-27 04:00:00,70388.0,70598.0,69640.0,69725.99
2024-03-27 08:00:00,69726.0,70359.97,69407.0,70220.73
2024-03-27 12:00:00,70220.73,71769.54,68534.01,68874.0
2024-03-27 16:00:00,68873.99,69406.0,68359.18,68652.0
2024-03-27 20:00:00,68652.01,69637.66,68630.0,69469.99
2024-03-28 00:00:00,69469.99,69980.0,68903.62,69290.0
2024-03-28 04:00:00,69290.0,70469.82,69280.0,70399.03
2024-03-28 08:00:00,70399.04,70962.63,70292.44,70647.18
2024-03-28 12:00:00,70647.18,71552.06,70348.75,71290.39
2024-03-28 16:00:00,71290.38,71320.0,70404.0,70798.26
2024-03-28 20:00:00,70798.26,71074.03,70541.9,70780.6
2024-03-29 00:00:00,70780.6,70916.16,70274.07,70442.22
2024-03-29 04:00:00,70442.23,70538.78,69746.33,69794.0
2024-03-29 08:00:00,69794.01,70318.0,69566.0,70142.78
2024-03-29 12:00:00,70142.78,70636.04,69009.0,69180.0
2024-03-29 16:00:00,69179.99,69666.0,69078.62,69665.99
2024-03-29 20:00:00,69665.99,69916.5,69290.0,69850.54
2024-03-30 00:00:00,69850.53,70177.87,69710.0,69773.99
2024-03-30 04:00:00,69774.0,70321.1,69755.98,69852.18
2024-03-30 08:00:00,69852.18,70183.67,69811.37,70183.55
2024-03-30 12:00:00,70183.54,70269.15,69925.87,69999.99
2024-03-30 16:00:00,69999.99,70280.06,69670.0,69896.34
2024-03-30 20:00:00,69896.34,69896.35,69540.0,69582.18
2024-03-31 00:00:00,69582.17,70165.86,69562.99,69916.61
2024-03-31 04:00:00,69916.6,70460.0,69874.54,70301.73
2024-03-31 08:00:00,70301.72,70470.0,70147.77,70369.99
2024-03-31 12:00:00,70369.99,70759.1,70289.72,70381.13
2024-03-31 16:00:00,70381.13,71227.22,70321.86,71023.5
2024-03-31 20:00:00,71023.51,71366.0,70639.93,71280.01
2024-04-01 00:00:00,71280.0,71288.23,70520.51,70588.01
2024-04-01 04:00:00,70588.01,70648.83,68888.0,69594.94
2024-04-01 08:00:00,69594.94,69799.98,69165.35,69460.01
2024-04-01 12:00:00,69460.0,70080.0,68161.48,68237.15
2024-04-01 16:00:00,68237.15,69816.24,68062.86,69648.01
2024-04-01 20:00:00,69648.01,69900.0,69327.66,69649.8
2024-04-02 00:00:00,69649.81,69674.23,66000.0,66703.97
2024-04-02 04:00:00,66703.97,67120.0,66120.75,66455.5
2024-04-02 08:00:00,66455.5,66705.08,65075.0,65622.69
2024-04-02 12:00:00,65622.69,66249.83,64588.58,64890.0
2024-04-02 16:00:00,64889.99,66200.0,64550.0,65914.9
2024-04-02 20:00:00,65914.91,66120.0,65200.0,65463.99
2024-04-03 00:00:00,65463.99,66288.88,64493.07,66225.79
2024-04-03 04:00:00,66225.79,66483.87,65920.0,66135.99
2024-04-03 08:00:00,66135.98,66642.36,65538.06,66059.76
2024-04-03 12:00:00,66059.75,66903.63,65635.01,65836.01
2024-04-03 16:00:00,65836.02,66550.0,65451.62,65784.0
2024-04-03 20:00:00,65784.01,66297.4,65476.63,65963.28
2024-04-04 00:00:00,65963.27,66354.83,65454.55,65620.01
2024-04-04 04:00:00,65620.0,66290.32,65064.52,66091.6
2024-04-04 08:00:00,66091.59,66468.99,66028.0,66353.67
2024-04-04 12:00:00,66353.68,67927.69,66330.56,67647.99
2024-04-04 16:00:00,67648.0,69309.91,67526.5,68500.0
2024-04-04 20:00:00,68500.0,68565.54,67320.0,68487.79
2024-04-05 00:00:00,68487.8,68756.67,67435.67,67863.99
2024-04-05 04:00:00,67864.0,68028.0,66380.0,66930.74
2024-04-05 08:00:00,66930.75,67684.26,66383.01,66478.0
2024-04-05 12:00:00,66478.0,68566.66,65952.56,68190.62
2024-04-05 16:00:00,68190.62,68380.0,67316.0,67412.4
2024-04-05 20:00:00,67412.41,67966.67,67342.0,67820.62
2024-04-06 00:00:00,67820.63,68065.2,67447.83,67788.01
2024-04-06 04:00:00,67788.0,68232.14,67602.0,67992.02
2024-04-06 08:00:00,67992.02,68120.0,67615.22,67668.16
2024-04-06 12:00:00,67668.16,68299.0,67527.78,68104.0
2024-04-06 16:00:00,68104.01,68484.09,67948.83,68259.98
2024-04-06 20:00:00,68259.99,69692.0,68166.66,68896.0
2024-04-07 00:00:00,68896.0,69777.0,68824.0,69408.05
2024-04-07 04:00:00,69408.04,69493.98,69053.97,69364.01
2024-04-07 08:00:00,69364.0,69555.0,69199.01,69357.0
2024-04-07 12:00:00,69357.0,69886.03,69210.0,69543.74
2024-04-07 16:00:00,69543.73,70326.29,68849.77,69068.01
2024-04-07 20:00:00,69068.01,69477.18,68901.0,69360.39
2024-04-08 00:00:00,69360.38,69841.03,69043.24,69458.95
2024-04-08 04:00:00,69458.95,70850.0,69280.0,70698.63
2024-04-08 08:00:00,70698.64,72650.0,70642.0,72404.0
2024-04-08 12:00:00,72404.0,72797.99,71245.17,71773.98
2024-04-08 16:00:00,71773.98,72104.05,71300.0,71766.0
2024-04-08 20:00:00,71766.0,72000.0,71500.37,71620.0
2024-04-09 00:00:00,71620.0,71758.19,70833.33,71285.0
2024-04-09 04:00:00,71285.0,71339.79,70110.0,70383.99
2024-04-09 08:00:00,70383.98,70905.26,69576.61,70794.85
2024-04-09 12:00:00,70794.84,70977.0,68535.03,69264.0
2024-04-09 16:00:00,69264.0,69320.0,68210.0,69000.77
2024-04-09 20:00:00,69000.78,69439.6,68888.47,69146.0
2024-04-10 00:00:00,69146.0,69594.15,68466.63,69150.18
2024-04-10 04:00:00,69150.18,69515.0,69005.55,69336.28
2024-04-10 08:00:00,69336.27,69336.28,68629.99,69043.0
2024-04-10 12:00:00,69043.0,69204.28,67518.0,68657.32
2024-04-10 16:00:00,68657.31,70098.89,68556.0,70083.99
2024-04-10 20:00:00,70084.0,71172.08,69581.03,70631.08
2024-04-11 00:00:00,70631.08,71062.0,70285.13,70851.67
2024-04-11 04:00:00,70851.66,71305.89,70378.11,70735.99
2024-04-11 08:00:00,70736.0,71256.27,69881.31,69983.16
2024-04-11 12:00:00,69983.16,71100.0,69567.21,70000.0
2024-04-11 16:00:00,70000.0,70529.73,69574.88,70459.67
2024-04-11 20:00:00,70459.67,70746.09,69804.87,70006.23
2024-04-12 00:00:00,70006.22,70996.91,70002.22,70977.27
2024-04-12 04:00:00,70977.27,71227.46,70566.02,70764.01
2024-04-12 08:00:00,70764.0,70972.0,70509.58,70904.01
2024-04-12 12:00:00,70904.0,70975.54,69236.95,69347.3
2024-04-12 16:00:00,69347.3,69580.0,65086.86,66843.98
2024-04-12 20:00:00,66843.98,67440.0,66680.84,67116.52
2024-04-13 00:00:00,67116.52,67168.0,65731.27,67160.55
2024-04-13 04:00:00,67160.55,67929.0,67012.67,67446.52
2024-04-13 08:00:00,67446.53,67825.91,67090.83,67360.0
2024-04-13 12:00:00,67360.01,67926.0,67169.97,67676.0
2024-04-13 16:00:00,67675.99,67752.85,63750.01,64788.01
2024-04-13 20:00:00,64788.01,65608.09,60660.57,63924.51
2024-04-14 00:00:00,63924.52,64303.87,62134.0,63437.55
2024-04-14 04:00:00,63437.55,64872.96,63394.0,64464.3
2024-04-14 08:00:00,64464.3,64887.99,63855.45,64166.05
2024-04-14 12:00:00,64166.05,64848.49,63437.55,64180.97
2024-04-14 16:00:00,64180.98,64747.25,62573.66,64168.62
2024-04-14 20:00:00,64168.62,65840.0,63326.42,65661.84
2024-04-15 00:00:00,65661.85,65867.45,64937.01,65138.19
2024-04-15 04:00:00,65138.2,66582.84,64683.01,66263.84
2024-04-15 08:00:00,66263.84,66867.07,65807.25,65860.12
2024-04-15 12:00:00,65860.12,66399.0,63810.0,64568.81
2024-04-15 16:00:00,64568.8,64868.28,62274.4,63301.11
2024-04-15 20:00:00,63301.11,63633.02,62632.0,63419.99
2024-04-16 00:00:00,63419.99,63899.69,62750.0,62956.0
2024-04-16 04:00:00,62956.0,63800.0,61680.0,63516.19
2024-04-16 08:00:00,63516.18,63660.0,61600.0,63094.77
2024-04-16 12:00:00,63094.76,63422.97,61735.42,61762.2
2024-04-16 16:00:00,61762.19,63280.75,61694.02,62721.43
2024-04-16 20:00:00,62721.43,64365.0,62555.0,63793.39
2024-04-17 00:00:00,63793.4,64295.0,63581.16,63842.02
2024-04-17 04:00:00,63842.03,64499.0,63181.81,63297.84
2024-04-17 08:00:00,63297.85,63587.88,62541.13,62595.04
2024-04-17 12:00:00,62595.04,62974.88,59888.0,60304.95
2024-04-17 16:00:00,60304.95,61956.42,59678.16,61022.35
2024-04-17 20:00:00,61022.36,61763.07,60777.0,61277.37
2024-04-18 00:00:00,61277.38,62229.9,60939.92,61988.0
2024-04-18 04:00:00,61987.99,62075.46,60803.35,61178.08
2024-04-18 08:00:00,61178.08,63072.27,60864.0,62597.92
2024-04-18 12:00:00,62597.92,64117.09,61580.71,63498.7
2024-04-18 16:00:00,63498.69,63866.19,62310.03,63477.04
2024-04-18 20:00:00,63477.04,63825.74,63162.77,63470.08
2024-04-19 00:00:00,63470.09,63470.09,59600.01,61785.14
2024-04-19 04:00:00,61785.14,65179.0,61739.68,64547.18
2024-04-19 08:00:00,64547.18,65450.0,64098.13,64870.74
2024-04-19 12:00:00,64870.73,65440.57,63820.57,64437.17
2024-04-19 16:00:00,64437.18,64808.54,63506.57,64325.25
2024-04-19 20:00:00,64325.26,64494.03,62953.9,63818.01
2024-04-20 00:00:00,63818.01,64263.41,63090.07,63956.0
2024-04-20 04:00:00,63956.01,64268.58,63815.53,63961.22
2024-04-20 08:00:00,63961.22,63988.0,63277.0,63707.17
2024-04-20 12:00:00,63707.18,64960.37,63575.83,64808.35
2024-04-20 16:00:00,64808.35,65419.0,64456.54,64866.44
2024-04-20 20:00:00,64866.45,65031.25,64555.0,64940.59
2024-04-21 00:00:00,64940.58,65695.56,64608.0,65170.0
2024-04-21 04:00:00,65170.01,65244.65,64843.98,65150.66
2024-04-21 08:00:00,65150.67,65440.95,64763.15,65234.01
2024-04-21 12:00:00,65234.02,65375.41,64778.69,65043.69
2024-04-21 16:00:00,65043.7,65087.92,64237.5,64538.0
2024-04-21 20:00:00,64538.0,65167.19,64362.5,64941.15
2024-04-22 00:00:00,64941.15,66090.69,64500.0,65703.5
2024-04-22 04:00:00,65703.49,66479.8,65509.24,65980.0
2024-04-22 08:00:00,65980.01,66204.44,65702.0,65877.47
2024-04-22 12:00:00,65877.47,66477.53,65626.87,65994.38
2024-04-22 16:00:00,65994.39,66824.28,65913.52,66524.77
2024-04-22 20:00:00,66524.77,67232.35,66342.1,66819.32
2024-04-23 00:00:00,66819.32,67183.01,66419.55,66435.01
2024-04-23 04:00:00,66435.01,66646.0,66020.0,66099.79
2024-04-23 08:00:00,66099.79,66310.44,65852.35,66043.99
2024-04-23 12:00:00,66043.99,67130.0,65765.81,66419.56
2024-04-23 16:00:00,66419.56,66905.99,66350.91,66484.43
2024-04-23 20:00:00,66484.43,66484.96,65980.0,66414.0
2024-04-24 00:00:00,66414.0,66900.0,66390.0,66608.14
2024-04-24 04:00:00,66608.14,67070.43,66552.37,66630.9
2024-04-24 08:00:00,66630.89,66743.01,66203.05,66571.52
2024-04-24 12:00:00,66571.52,66737.0,64519.03,64610.11
2024-04-24 16:00:00,64610.1,65156.95,63736.7,63976.06
2024-04-24 20:00:00,63976.05,64447.91,63606.06,64289.59
2024-04-25 00:00:00,64289.58,64741.47,63860.0,64282.01
2024-04-25 04:00:00,64282.02,64397.78,63824.07,64017.99
2024-04-25 08:00:00,64017.99,64192.0,63337.25,63861.23
2024-04-25 12:00:00,63861.24,64302.99,62794.0,64135.94
2024-04-25 16:00:00,64135.93,64975.0,63971.48,64747.11
2024-04-25 20:00:00,64747.12,65297.94,64447.75,64498.34
2024-04-26 00:00:00,64498.33,64662.53,63890.82,64381.24
2024-04-26 04:00:00,64381.25,64610.82,64000.02,64276.95
2024-04-26 08:00:00,64276.94,64581.52,64059.8,64244.02
2024-04-26 12:00:00,64244.03,64820.01,63297.48,63503.22
2024-04-26 16:00:00,63503.22,64162.5,63318.75,63742.05
2024-04-26 20:00:00,63742.07,64107.32,63689.22,63770.01
2024-04-27 00:00:00,63770.0,63923.41,62391.24,63082.01
2024-04-27 04:00:00,63082.0,63175.0,62808.0,62966.83
2024-04-27 08:00:00,62966.84,63060.0,62673.37,62862.14
2024-04-27 12:00:00,62862.13,63408.53,62810.29,62951.75
2024-04-27 16:00:00,62951.75,63650.0,62750.0,63352.11
2024-04-27 20:00:00,63352.11,63555.56,63157.98,63461.98
2024-04-28 00:00:00,63461.98,64370.0,63456.86,64021.62
2024-04-28 04:00:00,64021.62,64060.0,63800.0,63915.5
2024-04-28 08:00:00,63915.5,63979.27,63345.55,63484.01
2024-04-28 12:00:00,63484.0,63869.09,63415.6,63540.0
2024-04-28 16:00:00,63540.0,63976.0,63483.18,63730.49
2024-04-28 20:00:00,63730.49,63745.91,62781.0,63118.62
2024-04-29 00:00:00,63118.62,63367.05,62150.52,62279.67
2024-04-29 04:00:00,62279.68,62639.4,61923.13,62399.98
2024-04-29 08:00:00,62399.98,62673.18,62179.99,62256.0
2024-04-29 12:00:00,62256.0,63112.29,61765.53,63039.07
2024-04-29 16:00:00,63039.07,63221.74,62546.37,62987.37
2024-04-29 20:00:00,62987.37,64228.35,62820.0,63866.0
2024-04-30 00:00:00,63866.0,64734.0,62995.7,63647.99
2024-04-30 04:00:00,63647.99,63708.7,63069.68,63148.74
2024-04-30 08:00:00,63148.74,63244.0,61000.0,61204.42
2024-04-30 12:00:00,61204.41,61559.36,60546.22,60796.85
2024-04-30 16:00:00,60796.86,60947.55,59191.6,59292.95
2024-04-30 20:00:00,59292.95,61070.71,59274.75,60672.0
2024-05-01 00:00:00,60672.01,60841.63,59590.0,60246.03
2024-05-01 04:00:00,60246.02,60361.09,57100.0,57499.99
2024-05-01 08:00:00,57500.0,57909.0,56552.82,57898.47
2024-05-01 12:00:00,57898.46,58275.87,56674.51,56886.0
2024-05-01 16:00:00,56886.0,59468.0,56625.09,56954.47
2024-05-01 20:00:00,56954.46,58575.32,56760.02,58364.97
2024-05-02 00:00:00,58364.97,58610.55,56911.84,57442.88
2024-05-02 04:00:00,57442.88,57945.19,57202.49,57681.08
2024-05-02 08:00:00,57681.08,58689.55,57561.14,58559.66
2024-05-02 12:00:00,58559.66,59455.0,58222.0,59264.15
2024-05-02 16:00:00,59264.16,59575.29,58943.38,59351.11
2024-05-02 20:00:00,59351.1,59625.0,58637.62,59060.61
2024-05-03 00:00:00,59060.6,59999.0,58811.32,59720.3
2024-05-03 04:00:00,59720.3,59844.94,59061.63,59190.74
2024-05-03 08:00:00,59190.74,59575.48,58849.94,59291.09
2024-05-03 12:00:00,59291.1,62115.64,58991.99,61690.74
2024-05-03 16:00:00,61690.74,62179.99,61533.2,62067.32
2024-05-03 20:00:00,62067.32,63333.0,61974.0,62882.01
2024-05-04 00:00:00,62882.01,63595.14,62541.03,62724.0
2024-05-04 04:00:00,62724.0,63450.0,62686.0,62959.03
2024-05-04 08:00:00,62959.03,64540.0,62924.37,63873.31
2024-05-04 12:00:00,63873.3,64158.19,63434.53,63609.17
2024-05-04 16:00:00,63609.17,64019.83,63300.58,63921.18
2024-05-04 20:00:00,63921.17,64240.76,63550.0,63892.04
2024-05-05 00:00:00,63892.03,64188.0,62822.17,63235.93
2024-05-05 04:00:00,63235.93,63959.0,63119.32,63736.87
2024-05-05 08:00:00,63736.86,63937.17,63539.53,63859.63
2024-05-05 12:00:00,63859.63,64646.0,63618.91,64428.65
2024-05-05 16:00:00,64428.64,64554.68,63811.01,63879.94
2024-05-05 20:00:00,63879.94,64227.51,63582.08,64012.0
2024-05-06 00:00:00,64012.0,64465.0,63708.58,63866.59
2024-05-06 04:00:00,63866.59,64588.0,63768.72,64540.75
2024-05-06 08:00:00,64540.75,65500.0,63815.38,64203.56
2024-05-06 12:00:00,64203.55,64319.86,62909.61,63632.01
2024-05-06 16:00:00,63632.01,63747.59,62700.0,63220.0
2024-05-06 20:00:00,63220.0,63611.85,63051.94,63165.19
2024-05-07 00:00:00,63165.18,63967.19,62832.6,63239.49
2024-05-07 04:00:00,63239.5,63853.12,63092.76,63669.69
2024-05-07 08:00:00,63669.69,64422.41,63358.0,63490.43
2024-05-07 12:00:00,63490.43,64320.0,63050.77,63740.48
2024-05-07 16:00:00,63740.48,63895.46,62789.89,63060.01
2024-05-07 20:00:00,63060.0,63197.58,62261.0,62312.08
2024-05-08 00:00:00,62312.07,62973.18,62111.0,62893.99
2024-05-08 04:00:00,62894.0,63020.22,62020.09,62208.0
2024-05-08 08:00:00,62208.0,62519.7,62042.0,62243.4
2024-05-08 12:00:00,62243.4,62828.0,61761.0,62273.08
2024-05-08 16:00:00,62273.07,62760.0,61949.42,62179.45
2024-05-08 20:00:00,62179.45,62248.84,60888.0,61193.03
2024-05-09 00:00:00,61193.03,61806.98,61144.33,61680.4
2024-05-09 04:00:00,61680.4,61780.6,61129.0,61253.16
2024-05-09 08:00:00,61253.16,61447.06,60630.0,61053.99
2024-05-09 12:00:00,61053.99,62285.0,60882.19,62159.06
2024-05-09 16:00:00,62159.06,62668.67,61750.0,62454.92
2024-05-09 20:00:00,62454.92,63429.03,62346.36,63074.01
2024-05-10 00:00:00,63074.0,63094.01,62662.07,62916.16
2024-05-10 04:00:00,62916.16,63380.0,62660.42,63078.02
2024-05-10 08:00:00,63078.01,63320.0,62800.0,63299.63
2024-05-10 12:00:00,63299.63,63469.13,60690.0,60928.02
2024-05-10 16:00:00,60928.02,61294.82,60187.12,60716.97
2024-05-10 20:00:00,60716.96,61003.0,60456.91,60799.99
2024-05-11 00:00:00,60799.99,61096.27,60650.0,60731.9
2024-05-11 04:00:00,60731.89,61080.0,60712.0,61018.52
2024-05-11 08:00:00,61018.53,61058.75,60487.09,60684.01
2024-05-11 12:00:00,60684.0,61515.0,60643.94,61174.18
2024-05-11 16:00:00,61174.18,61410.09,61016.0,61144.0
2024-05-11 20:00:00,61144.01,61154.21,60743.51,60825.99
2024-05-12 00:00:00,60825.99,61104.05,60804.0,60930.0
2024-05-12 04:00:00,60930.01,61120.0,60610.0,60820.0
2024-05-12 08:00:00,60819.99,61366.59,60790.94,61146.0
2024-05-12 12:00:00,61145.99,61587.12,61090.0,61419.0
2024-05-12 16:00:00,61419.01,61888.0,61109.67,61406.1
2024-05-12 20:00:00,61406.11,61551.43,60910.58,61483.99
2024-05-13 00:00:00,61484.0,61812.0,60749.21,61170.0
2024-05-13 04:00:00,61170.0,62450.0,60797.79,62334.37
2024-05-13 08:00:00,62334.36,63295.48,62334.36,62738.0
2024-05-13 12:00:00,62737.99,63200.0,62399.35,63002.0
2024-05-13 16:00:00,63002.0,63450.0,62566.36,63172.69
2024-05-13 20:00:00,63172.7,63193.59,62715.57,62940.08
2024-05-14 00:00:00,62940.09,63118.36,62403.22,62488.46
2024-05-14 04:00:00,62488.46,62780.73,61404.34,62035.39
2024-05-14 08:00:00,62035.39,62045.8,61520.89,61798.57
2024-05-14 12:00:00,61798.57,62300.0,61142.77,61787.61
2024-05-14 16:00:00,61787.6,61816.34,61159.34,61596.52
2024-05-14 20:00:00,61596.51,61789.99,61472.41,61577.49
2024-05-15 00:00:00,61577.49,62033.48,61319.47,61949.99
2024-05-15 04:00:00,61949.99,62280.01,61818.18,62195.04
2024-05-15 08:00:00,62195.04,62999.44,61923.2,62467.18
2024-05-15 12:00:00,62467.18,65057.26,62402.03,64725.11
2024-05-15 16:00:00,64725.12,66419.15,64720.0,66006.23
2024-05-15 20:00:00,66006.23,66444.16,65738.0,66206.5
2024-05-16 00:00:00,66206.51,66666.0,65746.42,65975.39
2024-05-16 04:00:00,65975.39,66278.04,65652.92,66142.62
2024-05-16 08:00:00,66142.62,66585.7,66000.0,66503.8
2024-05-16 12:00:00,66503.81,66752.01,65361.51,65818.88
2024-05-16 16:00:00,65818.89,65827.47,64602.77,65186.85
2024-05-16 20:00:00,65186.84,65500.0,65050.0,65235.21
2024-05-17 00:00:00,65235.21,65901.46,65106.38,65584.53
2024-05-17 04:00:00,65584.53,66500.0,65367.51,66386.94
2024-05-17 08:00:00,66386.93,66564.23,66068.79,66218.0
2024-05-17 12:00:00,66217.99,67451.2,65828.03,67195.1
2024-05-17 16:00:00,67195.09,67300.0,66214.67,67047.99
2024-05-17 20:00:00,67047.99,67089.72,66669.72,67024.0
2024-05-18 00:00:00,67024.0,67095.88,66725.53,66945.05
2024-05-18 04:00:00,66945.06,67240.69,66730.0,66887.0
2024-05-18 08:00:00,66887.01,67400.01,66840.0,67190.82
2024-05-18 12:00:00,67190.81,67227.97,66600.0,66823.63
2024-05-18 16:00:00,66823.63,66992.53,66722.0,66912.62
2024-05-18 20:00:00,66912.62,67039.92,66810.0,66915.2
2024-05-19 00:00:00,66915.2,67294.35,66837.39,67170.21
2024-05-19 04:00:00,67170.2,67329.45,66930.4,67324.44
2024-05-19 08:00:00,67324.44,67700.0,66950.0,67330.0
2024-05-19 12:00:00,67330.01,67330.01,66677.0,66889.88
2024-05-19 16:00:00,66889.88,66990.0,65857.25,66034.01
2024-05-19 20:00:00,66034.01,66463.0,66000.0,66274.01
2024-05-20 00:00:00,66274.0,66768.87,66060.31,66675.22
2024-05-20 04:00:00,66675.21,67295.99,66279.64,66825.14
2024-05-20 08:00:00,66825.15,67349.0,66750.0,66994.2
2024-05-20 12:00:00,66994.2,67487.0,66753.42,67419.99
2024-05-20 16:00:00,67420.0,70000.0,67374.42,69999.99
2024-05-20 20:00:00,70000.0,71515.56,68905.67,71446.62
2024-05-21 00:00:00,71446.62,71979.0,70706.0,71284.0
2024-05-21 04:00:00,71283.99,71394.2,70826.92,70878.29
2024-05-21 08:00:00,70878.3,71474.92,70839.63,71130.0
2024-05-21 12:00:00,71130.0,71455.09,69685.01,69826.99
2024-05-21 16:00:00,69827.0,70263.03,69162.94,69285.99
2024-05-21 20:00:00,69285.99,70377.77,69240.57,70148.34
2024-05-22 00:00:00,70148.34,70368.6,69822.76,69955.72
2024-05-22 04:00:00,69955.72,70059.89,69165.0,69715.0
2024-05-22 08:00:00,69715.0,70275.14,69636.01,69736.13
2024-05-22 12:00:00,69736.14,70591.0,69435.3,70455.9
2024-05-22 16:00:00,70455.89,70666.0,69228.64,69637.47
2024-05-22 20:00:00,69637.48,69976.0,68842.19,69166.62
2024-05-23 00:00:00,69166.62,69626.87,69166.61,69446.14
2024-05-23 04:00:00,69446.14,69862.44,69347.17,69734.04
2024-05-23 08:00:00,69734.05,70061.0,69520.02,69982.72
2024-05-23 12:00:00,69982.72,70096.12,67610.95,68076.0
2024-05-23 16:00:00,68075.99,68167.97,66764.7,67199.98
2024-05-23 20:00:00,67199.98,68281.89844,66312.16,67969.65
2024-05-24 00:00:00,67969.66,68017.56,67628.01,67891.83
2024-05-24 04:00:00,67891.83,67922.79,66816.21,67155.93
2024-05-24 08:00:00,67155.93,67523.78,66600.12,67349.99
2024-05-24 12:00:00,67350.0,68420.0,66921.97,68326.46
2024-05-24 16:00:00,68326.46,69250.0,67924.39,69115.98
2024-05-24 20:00:00,69115.98,69214.0,68524.94,68549.99
2024-05-25 00:00:00,68549.99,68910.0,68500.0,68757.85
2024-05-25 04:00:00,68757.84,68831.88,68615.56,68753.92
2024-05-25 08:00:00,68753.93,69610.0,68749.2,69104.67
2024-05-25 12:00:00,69104.68,69299.99,68847.65,68930.4
2024-05-25 16:00:00,68930.39,69266.66,68849.5,69155.32
2024-05-25 20:00:00,69155.32,69356.6,69050.01,69290.57
2024-05-26 00:00:00,69290.56,69319.31,68808.37,69073.62
2024-05-26 04:00:00,69073.62,69435.36,68928.22,69340.15
2024-05-26 08:00:00,69340.16,69562.23,68974.55,69134.91
2024-05-26 12:00:00,69134.91,69399.0,68668.6,68847.99
2024-05-26 16:00:00,68847.98,68973.15,68692.11,68903.54
2024-05-26 20:00:00,68903.53,68911.56,68128.01,68507.67
2024-05-27 00:00:00,68507.67,69298.0,68481.31,68873.43
2024-05-27 04:00:00,68873.43,68901.74,68321.95,68643.36
2024-05-27 08:00:00,68643.36,68944.2,68250.0,68434.26
2024-05-27 12:00:00,68434.26,70520.3,68384.0,70373.85
2024-05-27 16:00:00,70373.86,70687.56,69069.0,69260.01
2024-05-27 20:00:00,69260.02,69887.9,69177.01,69436.43
2024-05-28 00:00:00,69436.43,69591.81,67753.0,68050.3
2024-05-28 04:00:00,68050.3,68134.0,67486.65,67694.0
2024-05-28 08:00:00,67694.01,68902.71,67582.13,68389.87
2024-05-28 12:00:00,68389.87,68559.99,67529.62,68374.08
2024-05-28 16:00:00,68374.08,68598.33,67277.91,68424.29
2024-05-28 20:00:00,68424.28,68661.28,68124.04,68398.39
2024-05-29 00:00:00,68398.4,68923.0,68266.04,68829.42
2024-05-29 04:00:00,68829.41,68935.68,67936.35,67946.9
2024-05-29 08:00:00,67946.89,68033.33,67602.34,67763.59
2024-05-29 12:00:00,67763.59,68280.0,67262.34,67379.13
2024-05-29 16:00:00,67379.13,67742.0,67124.65,67266.78
2024-05-29 20:00:00,67266.78,67826.09,67151.35,67652.42
2024-05-30 00:00:00,67652.41,68199.97,67471.67,68118.2
2024-05-30 04:00:00,68118.2,68422.89,67508.42,67584.56
2024-05-30 08:00:00,67584.57,68100.0,67128.0,67817.01
2024-05-30 12:00:00,67817.01,68826.31,67755.0,68530.76
2024-05-30 16:00:00,68530.77,69500.0,68384.0,68653.02
2024-05-30 20:00:00,68653.02,68657.41,68050.01,68352.17
2024-05-31 00:00:00,68352.17,68729.73,68274.0,68535.81
2024-05-31 04:00:00,68535.81,68654.33,68075.99,68174.99
2024-05-31 08:00:00,68175.0,68461.0,67876.0,68349.73
2024-05-31 12:00:00,68349.73,69044.1,67208.0,67208.0
2024-05-31 16:00:00,67220.0,67969.67188,66692.0078125,67770.0
2024-05-31 20:00:00,67681.25781,67787.32031,67240.0078125,67548.0078125
2024-06-01 00:00:00,67564.75,67757.13281,67470.67188,67715.29688
2024-06-01 04:00:00,67732.78125,67793.96094,67577.75,67632.78906
2024-06-01 08:00:00,67629.0078125,67749.99219,67611.60938,67664.60938
2024-06-01 12:00:00,67660.0,67865.03125,67640.0078125,67701.61719
2024-06-01 16:00:00,67696.61719,67821.72656,67575.0,67764.78125
2024-06-01 20:00:00,67741.60938,67868.22656,67708.0,67768.54688
2024-06-02 00:00:00,67767.99219,67900.0,67645.60938,67789.47656
2024-06-02 04:00:00,67789.46875,67867.60156,67722.0625,67740.92969
2024-06-02 08:00:00,67721.0078125,68276.0,67383.54688,68264.03125
2024-06-02 12:00:00,68292.0,68460.0,67824.03125,68158.59375
2024-06-02 16:00:00,68144.39062,68200.0,67330.0,67763.5
2024-06-02 20:00:00,67736.03125,67983.0078125,67580.17188,67765.63281
2024-06-03 00:00:00,67768.96094,68783.46094,67619.49219,68382.79688
2024-06-03 04:00:00,68434.36719,69196.75781,68285.28906,68906.70312
2024-06-03 08:00:00,68952.39062,69330.0,68857.90625,69080.0
2024-06-03 12:00:00,69119.3125,70255.88281,68579.89844,69590.57031
2024-06-03 16:00:00,69633.53906,69633.53906,68815.13281,69229.82031
2024-06-03 20:00:00,69160.023438,69497.36719,68749.99219,68809.89844
2024-06-04 00:00:00,68814.78906,69370.0,68720.046875,69187.1875
2024-06-04 04:00:00,69127.99219,69268.25781,68772.63281,69013.61719
2024-06-04 08:00:00,69012.92188,69160.72656,68567.32812,68959.21094
2024-06-04 12:00:00,68960.14844,70479.39062,68860.10938,70441.078125
2024-06-04 16:00:00,70494.85938,71024.023438,70092.50781,70428.0
2024-06-04 20:00:00,70378.20312,70730.0,70179.99219,70548.0
2024-06-05 00:00:00,70574.10156,71240.0,70423.52344,70980.0
2024-06-05 04:00:00,70959.046875,71310.0,70850.90625,71199.99219
2024-06-05 08:00:00,71236.0078125,71236.0078125,70709.86719,70971.70312
2024-06-05 12:00:00,70960.0078125,71679.92969,70396.49219,71584.0078125
2024-06-05 16:00:00,71607.5625,71742.89844,70899.53125,71270.50781
2024-06-05 20:00:00,71323.15625,71336.42188,70804.0,71071.82031
2024-06-06 00:00:00,71120.0,71237.023438,70903.77344,71050.0
2024-06-06 04:00:00,71058.20312,71093.64062,70800.0078125,71021.46875
2024-06-06 08:00:00,71021.11719,71200.0,70877.71094,71170.0
2024-06-06 12:00:00,71180.28906,71620.0,71000.0,71299.99219
2024-06-06 16:00:00,71314.35938,71374.59375,70465.99219,70465.99219
2024-06-06 20:00:00,70458.60938,70934.79688,70213.20312,70799.0625
2024-06-07 00:00:00,70799.99219,70997.21094,70675.0,70989.67969
2024-06-07 04:00:00,70998.99219,71440.42188,70998.99219,71127.99219
2024-06-07 08:00:00,71110.0078125,71688.99219,71048.11719,71676.64062
2024-06-07 12:00:00,71720.0,71989.6875,70633.21094,71111.53906
2024-06-07 16:00:00,71048.0,71198.77344,68532.0,69331.97656
2024-06-07 20:00:00,69240.96875,69494.82031,68986.84375,69355.60156
2024-06-08 00:00:00,69308.0,69519.25781,69300.0,69445.89844
2024-06-08 04:00:00,69424.0,69561.78906,69244.0078125,69554.96875
2024-06-08 08:00:00,69582.20312,69582.20312,69322.0,69365.9375
2024-06-08 12:00:00,69365.92969,69491.35938,69232.84375,69430.0
2024-06-08 16:00:00,69419.35938,69489.99219,69321.72656,69462.79688
2024-06-08 20:00:00,69446.53125,69475.17969,69290.28125,69311.21875
2024-06-09 00:00:00,69310.4375,69339.99219,69131.60938,69259.38281
2024-06-09 04:00:00,69259.38281,69425.6875,69234.72656,69295.63281
2024-06-09 08:00:00,69288.24219,69397.1875,69283.45312,69367.67969
2024-06-09 12:00:00,69367.67969,69760.0,69310.0,69508.63281
2024-06-09 16:00:00,69515.85156,69851.99219,69500.0,69710.25781
2024-06-09 20:00:00,69723.4375,69821.53125,69600.0,69653.74219
2024-06-10 00:00:00,69655.10938,69801.32812,69426.0,69613.1875
2024-06-10 04:00:00,69604.50781,69677.5,69303.0,69304.0
2024-06-10 08:00:00,69279.71875,69546.50781,69275.078125,69471.28906
2024-06-10 12:00:00,69473.89062,70162.59375,69279.99219,70066.10938
2024-06-10 16:00:00,70054.71094,70130.0078125,69407.0625,69451.52344
2024-06-10 20:00:00,69495.84375,69690.039062,69348.0,69549.6875
2024-06-11 00:00:00,69520.0078125,69580.039062,67979.99219,68462.28906
2024-06-11 04:00:00,68396.96875,68416.023438,67526.96094,67574.71094
2024-06-11 08:00:00,67564.14844,67628.71875,66778.92969,66870.0078125
2024-06-11 12:00:00,66890.0078125,67278.86719,66209.22656,66218.53125
2024-06-11 16:00:00,66293.25781,67568.5,66212.75781,67404.09375
2024-06-11 20:00:00,67330.0078125,67580.21875,67199.97656,67330.0078125
2024-06-12 00:00:00,67294.11719,67582.63281,66915.99219,67407.0078125
2024-06-12 04:00:00,67435.14062,67606.61719,67210.0,67453.64062
2024-06-12 08:00:00,67465.03125,68022.5,67356.79688,67778.42188
2024-06-12 12:00:00,67768.1875,69972.0,67750.0,69720.75781
2024-06-12 16:00:00,69779.85938,69859.99219,67360.0078125,67555.20312
2024-06-12 20:00:00,67593.78125,68611.42969,67455.40625,68263.97656
2024-06-13 00:00:00,68280.24219,68387.99219,67023.57812,67442.97656
2024-06-13 04:00:00,67467.0,67716.0625,67331.34375,67716.0625
2024-06-13 08:00:00,67710.0078125,67939.32812,67204.0,67673.35156
2024-06-13 12:00:00,67720.0078125,68377.32031,66395.99219,66480.0
2024-06-13 16:00:00,66494.32812,67060.99219,66345.35156,66605.84375
2024-06-13 20:00:00,66619.97656,66979.78906,66530.84375,66783.10156
2024-06-14 00:00:00,66790.14844,67027.1875,66505.0625,66743.99219
2024-06-14 04:00:00,66759.99219,67184.0,66717.34375,66914.50781
2024-06-14 08:00:00,66904.97656,67219.71094,66820.023438,67011.42969
2024-06-14 12:00:00,67053.0078125,67360.070312,66368.90625,66418.39844
2024-06-14 16:00:00,66406.57031,66490.89844,65090.57812,65510.011719
2024-06-14 20:00:00,65528.0,66627.50781,65508.0,66043.99219
2024-06-15 00:00:00,66051.21094,66283.99219,65983.92969,66264.99219
2024-06-15 04:00:00,66271.61719,66404.38281,66065.8125,66076.65625
2024-06-15 08:00:00,66090.0078125,66348.0,66090.0078125,66319.95312
2024-06-15 12:00:00,66319.95312,66455.67969,66167.0,66314.24219
2024-06-15 16:00:00,66319.99219,66360.0,66071.46875,66154.70312
2024-06-15 20:00:00,66147.35156,66286.85156,65907.20312,66228.25
2024-06-16 00:00:00,66216.10938,66259.99219,66076.5625,66145.99219
2024-06-16 04:00:00,66128.0078125,66360.17188,66039.99219,66254.36719
2024-06-16 08:00:00,66266.29688,66752.34375,66175.42969,66498.03125
2024-06-16 12:00:00,66486.46094,66780.0,66480.0078125,66696.77344
2024-06-16 16:00:00,66691.99219,66740.13281,66522.0078125,66562.50781
2024-06-16 20:00:00,66562.50781,66945.88281,66463.75,66682.9375
2024-06-17 00:00:00,66673.14844,66901.50781,66216.023438,66250.0078125
2024-06-17 04:00:00,66235.39844,66559.96875,65974.0,65992.82812
2024-06-17 08:00:00,66280.0078125,66299.99219,65610.10938,65828.0078125
2024-06-17 12:00:00,65826.57031,65826.57031,65134.011719,65339.69141
2024-06-17 16:00:00,65338.0,67255.97656,65220.48047,66607.99219
2024-06-17 20:00:00,66695.5625,66714.0,66217.61719,66505.49219
2024-06-18 00:00:00,66515.46875,66573.99219,64642.019531,65472.011719
2024-06-18 04:00:00,65487.14844,65810.0,65355.53125,65672.5
2024-06-18 08:00:00,65671.97656,65750.0078125,65135.64062,65355.5
2024-06-18 12:00:00,65358.0,65401.98828,64318.019531,64708.14844
2024-06-18 16:00:00,64626.03125,64894.0,64116.011719,64411.17188
2024-06-18 20:00:00,64403.28125,65305.0,64234.21094,65154.25
2024-06-19 00:00:00,65183.98828,65562.0078125,64855.32812,65416.66016
2024-06-19 04:00:00,65410.011719,65709.28125,65230.0,65326.89062
2024-06-19 08:00:00,65326.89062,65524.51172,65032.0,65215.070312
2024-06-19 12:00:00,65210.011719,65298.87109,64812.48828,64921.98828
2024-06-19 16:00:00,64917.87891,65200.0,64801.16016,64882.011719
2024-06-19 20:00:00,64893.98828,65087.75,64707.48828,64995.17969
2024-06-20 00:00:00,64974.37891,65360.28906,64839.98828,65175.41016
2024-06-20 04:00:00,65194.25,65956.89062,65083.98828,65840.64062
2024-06-20 08:00:00,65874.39844,66475.0,65615.15625,66170.5625
2024-06-20 12:00:00,66198.13281,66282.0,64658.070312,64868.26172
2024-06-20 16:00:00,64822.26172,65202.87891,64570.0,65030.0
2024-06-20 20:00:00,65066.19141,65188.23047,64848.69922,64848.69922
2024-06-21 00:00:00,64869.98828,65062.0,64509.87109,64509.87109
2024-06-21 04:00:00,64509.98828,64735.35156,64236.0,64236.0
2024-06-21 08:00:00,64236.87109,64370.83984,63594.019531,63775.37109
2024-06-21 12:00:00,63765.078125,64338.17969,63443.94141,63680.58984
2024-06-21 16:00:00,63694.011719,64230.0,63484.12109,64164.0
2024-06-21 20:00:00,64322.48047,64395.0,63838.0,64131.10938
2024-06-22 00:00:00,64143.55078,64342.53125,63947.050781,64325.98828
2024-06-22 04:00:00,64333.011719,64528.94922,64253.070312,64508.25
2024-06-22 08:00:00,64522.011719,64528.91016,64232.83984,64265.26953
2024-06-22 12:00:00,64277.48047,64387.51172,64253.62109,64307.089844
2024-06-22 16:00:00,64321.69922,64362.0,64220.0,64295.019531
2024-06-22 20:00:00,64295.019531,64330.0,64246.011719,64262.0
2024-06-23 00:00:00,64262.0,64521.0,64262.0,64426.71875
2024-06-23 04:00:00,64419.71875,64433.019531,64349.48828,64415.26172
2024-06-23 08:00:00,64415.26953,64437.26953,64256.019531,64341.44922
2024-06-23 12:00:00,64341.44922,64425.17969,64072.0,64094.011719
2024-06-23 16:00:00,64094.011719,64184.5,63927.51172,64136.64844
2024-06-23 20:00:00,64159.0,64159.0,63202.011719,63202.011719
2024-06-24 00:00:00,63178.011719,63369.78906,62740.019531,62862.011719
2024-06-24 04:00:00,62854.10156,62950.0,62205.078125,62447.98828
2024-06-24 08:00:00,62463.98828,62949.98828,60866.011719,61282.011719
2024-06-24 12:00:00,61272.19141,61683.98828,60723.98828,60838.019531
2024-06-24 16:00:00,60822.011719,61019.32031,59132.011719,59132.011719
2024-06-24 20:00:00,59529.39844,60432.87891,58562.89062,60299.55859
2024-06-25 00:00:00,60278.28125,61589.53906,60268.17188,61302.0
2024-06-25 04:00:00,61317.51953,61414.58984,60628.0,60640.0
2024-06-25 08:00:00,60682.25,61528.73047,60682.25,61203.33984
2024-06-25 12:00:00,61160.12891,62085.96875,61002.23828,61851.98828
2024-06-25 16:00:00,61827.98828,62241.0,61231.46094,61978.28125
2024-06-25 20:00:00,62020.0,62162.48047,61675.83984,61824.0
2024-06-26 00:00:00,61805.32031,62476.98047,61649.53125,61939.98828
2024-06-26 04:00:00,61943.98828,61989.98828,61520.011719,61720.0
2024-06-26 08:00:00,61742.011719,61742.011719,61193.57812,61445.25
2024-06-26 12:00:00,61420.011719,61970.0,61210.62891,61459.98828
2024-06-26 16:00:00,61442.03125,61547.019531,60736.89062,61070.0
2024-06-26 20:00:00,61000.0,61110.0,60717.71094,60854.0
2024-06-27 00:00:00,60864.98828,61214.96875,60799.98828,61016.48047
2024-06-27 04:00:00,61050.73047,61176.80078,60648.17188,60796.0
2024-06-27 08:00:00,60798.0,61418.76172,60739.011719,61213.75
2024-06-27 12:00:00,61191.21875,62366.46094,61160.0,61616.0
2024-06-27 16:00:00,61609.98828,62013.28125,61437.21094,61500.26172
2024-06-27 20:00:00,61468.62109,61706.46875,61391.98828,61706.46875
2024-06-28 00:00:00,61693.94922,62192.21875,61489.53125,61828.17188
2024-06-28 04:00:00,61830.011719,61830.011719,61250.0,61377.98828
2024-06-28 08:00:00,61370.0,61751.69141,61225.98828,61657.66016
2024-06-28 12:00:00,61689.98828,61809.92969,60767.69141,61066.26953
2024-06-28 16:00:00,61082.98047,61114.44141,60208.94141,60208.94141
2024-06-28 20:00:00,60127.98828,60449.98828,60127.98828,60427.82812
2024-06-29 00:00:00,60449.98828,61009.28125,60397.46875,60753.89844
2024-06-29 04:00:00,60762.0,61134.53125,60710.67969,61051.44922
2024-06-29 08:00:00,61075.019531,61217.33984,60890.21094,61102.32031
2024-06-29 12:00:00,61113.46875,61179.98828,60959.070312,61105.98828
2024-06-29 16:00:00,61106.10156,61106.10156,60919.21875,61057.39062
2024-06-29 20:00:00,61036.0,61089.60938,60904.78906,60986.67188
2024-06-30 00:00:00,60986.67969,61074.0,60767.76953,60898.32031
2024-06-30 04:00:00,60890.011719,61759.75,60712.21875,61520.12891
2024-06-30 08:00:00,61580.0,61687.98828,61412.42188,61560.0
2024-06-30 12:00:00,61583.98828,61824.85156,61350.011719,61707.37109
2024-06-30 16:00:00,61729.98828,62072.80859,61596.42969,62024.011719
2024-06-30 20:00:00,62025.62109,63014.23828,61866.39844,62762.32031
2024-07-01 00:00:00,62783.078125,63800.0,62605.73047,63437.69141
2024-07-01 04:00:00,63442.0,63461.96094,63223.21094,63277.82812
2024-07-01 08:00:00,63268.0,63311.69922,62597.57812,62661.0
2024-07-01 12:00:00,62686.35156,63132.89844,62588.0,63132.89844
2024-07-01 16:00:00,63167.76953,63850.12891,63006.60938,63339.98828
2024-07-01 20:00:00,63177.23047,63416.011719,62810.12891,62906.0
2024-07-02 00:00:00,62917.98047,63264.23828,62816.30078,63138.67969
2024-07-02 04:00:00,63143.87109,63236.0,62580.011719,62632.019531
2024-07-02 08:00:00,62621.98828,62854.011719,62453.98828,62823.98828
2024-07-02 12:00:00,62828.019531,63144.0,61890.011719,61916.0
2024-07-02 16:00:00,61928.058594,62368.80859,61816.28906,61903.48047
2024-07-02 20:00:00,61964.011719,62181.23828,61885.98828,62128.011719
2024-07-03 00:00:00,62135.46094,62285.94141,60815.58984,60985.92188
2024-07-03 04:00:00,60946.0,61173.85156,60816.011719,60898.23047
2024-07-03 08:00:00,60868.0,60976.0,59810.82812,60386.39062
2024-07-03 12:00:00,60356.0,60612.64062,59773.98828,60180.76172
2024-07-03 16:00:00,60176.69922,60630.30859,59703.82812,59703.82812
2024-07-03 20:00:00,59744.0,60371.55859,59481.37891,60208.57812
2024-07-04 00:00:00,60240.0,60475.89844,58051.30078,59107.98828
2024-07-04 04:00:00,59092.039062,59147.96875,58112.011719,58217.039062
2024-07-04 08:00:00,58194.0,58506.17969,57111.011719,57758.0
2024-07-04 12:00:00,57724.39844,58256.011719,56808.011719,58117.98828
2024-07-04 16:00:00,58058.82812,58663.058594,57782.0,58283.62109
2024-07-04 20:00:00,58283.62891,58748.089844,57026.76953,57026.76953
2024-07-05 00:00:00,57023.14844,57514.0,55082.85156,55228.0
2024-07-05 04:00:00,55210.0,55346.019531,53885.98828,54352.0
2024-07-05 08:00:00,54410.0,55617.98828,53924.0,55486.66016
2024-07-05 12:00:00,55476.16016,56627.98828,54859.98828,56627.98828
2024-07-05 16:00:00,56689.46875,56915.98828,55890.62109,56410.011719
2024-07-05 20:00:00,56471.10156,56843.98828,56316.89062,56640.5
2024-07-06 00:00:00,56599.87109,56965.64844,56196.0,56401.10156
2024-07-06 04:00:00,56388.011719,56665.53125,56018.60938,56615.67969
2024-07-06 08:00:00,56612.0,56848.32031,56448.75,56731.42188
2024-07-06 12:00:00,56730.0,57404.75,56524.011719,57304.0
2024-07-06 16:00:00,57296.0,57999.98828,57198.019531,57848.10938
2024-07-06 20:00:00,57836.011719,58458.011719,57823.89062,58276.75
2024-07-07 00:00:00,58230.14062,58392.64844,57854.011719,57963.98828
2024-07-07 04:00:00,57953.64062,58004.011719,57092.21875,57369.98828
2024-07-07 08:00:00,57371.089844,57891.46875,57369.60156,57446.0
2024-07-07 12:00:00,57446.0,57620.82812,56612.89062,56832.011719
2024-07-07 16:00:00,56821.10938,57386.87891,56778.0,57131.10938
2024-07-07 20:00:00,57135.10156,57300.011719,55731.10938,55858.0
2024-07-08 00:00:00,55846.17969,56005.98828,54316.0,55168.011719
2024-07-08 04:00:00,55173.98828,55896.98828,54977.51172,55860.21875
2024-07-08 08:00:00,55812.0,58126.92969,55758.57812,57141.91016
2024-07-08 12:00:00,57169.94922,57558.0,55220.64062,55758.0
2024-07-08 16:00:00,55792.0,56544.48828,55463.98828,56496.011719
2024-07-08 20:00:00,56490.0,56946.75,56200.011719,56724.92188
2024-07-09 00:00:00,56690.011719,57297.98828,56306.011719,57175.98828
2024-07-09 04:00:00,57180.23828,57664.98828,57024.46875,57086.0
2024-07-09 08:00:00,57116.0,57811.0,57027.85156,57440.41016
2024-07-09 12:00:00,57482.48047,58027.98828,57004.92188,57498.0
2024-07-09 16:00:00,57476.0,58228.0,57370.83984,57875.98828
2024-07-09 20:00:00,57870.0,58211.71094,57714.0,58035.03125
2024-07-10 00:00:00,58036.089844,58189.98828,57379.98828,58189.98828
2024-07-10 04:00:00,58204.0,59414.0,58204.0,58977.98047
2024-07-10 08:00:00,58981.75,59017.35938,58350.0,58491.98828
2024-07-10 12:00:00,58468.46094,58549.98828,57509.89844,57708.73047
2024-07-10 16:00:00,57744.78906,58000.28906,57367.78125,57445.64062
2024-07-10 20:00:00,57392.03125,57867.0,57188.35156,57753.85156
2024-07-11 00:00:00,57674.32031,58356.76172,57094.011719,57564.0
2024-07-11 04:00:00,57563.98047,58277.33984,57499.44141,58191.51172
2024-07-11 08:00:00,58196.0,58879.98828,58071.87891,58804.011719
2024-07-11 12:00:00,58776.53125,59420.0,57298.011719,57368.011719
2024-07-11 16:00:00,57451.98047,57990.0,57219.73828,57365.62109
2024-07-11 20:00:00,57386.0,57608.011719,57165.98828,57331.32812
2024-07-12 00:00:00,57368.96875,57562.96094,56570.0,56914.19141
2024-07-12 04:00:00,56985.98828,57392.0,56730.0,57097.89844
2024-07-12 08:00:00,57097.17188,57328.011719,56803.98828,57195.17188
2024-07-12 12:00:00,57218.96094,58262.19922,57151.98047,58229.98828
2024-07-12 16:00:00,58213.98828,58516.0,57620.0,57620.0
2024-07-12 20:00:00,57634.32031,57906.089844,57186.0,57889.089844
2024-07-13 00:00:00,57889.10938,57979.42188,57763.23047,57798.69922
2024-07-13 04:00:00,57810.82031,58192.82031,57769.82812,58170.32031
2024-07-13 08:00:00,58193.48047,58742.35938,57914.17969,58533.98828
2024-07-13 12:00:00,58531.92969,58890.33984,58444.0,58829.76172
2024-07-13 16:00:00,58837.14062,58954.0,58581.98828,58633.51172
2024-07-13 20:00:00,58570.48828,59842.0,58308.0,59200.0
2024-07-14 00:00:00,59200.71094,59831.96875,59200.71094,59475.23047
2024-07-14 04:00:00,59466.14844,60284.0,59418.67969,60062.011719
2024-07-14 08:00:00,60104.12109,60352.0,59905.71094,60099.089844
2024-07-14 12:00:00,60098.66016,60143.82031,59503.011719,60084.0
2024-07-14 16:00:00,60034.0,60157.03125,59900.0,59915.98828
2024-07-14 20:00:00,59915.98828,61276.35938,59888.14062,60786.35156
2024-07-15 00:00:00,60795.76953,62716.87109,60676.80859,62647.85938
2024-07-15 04:00:00,62685.87109,63030.0,62441.98828,62840.12109
2024-07-15 08:00:00,62854.011719,63155.98828,62322.76953,62454.0
2024-07-15 12:00:00,62488.98828,63276.78906,62460.0,63029.98828
2024-07-15 16:00:00,63018.0,63768.0,62878.41016,63308.92969
2024-07-15 20:00:00,63346.0,64853.19141,63273.33984,64727.03125
2024-07-16 00:00:00,64776.011719,64948.011719,64441.96094,64752.12891
2024-07-16 04:00:00,64746.76172,64966.0,62766.011719,62866.82031
2024-07-16 08:00:00,62888.73047,63854.0,62400.0,63729.98828
2024-07-16 12:00:00,63774.0,64939.17969,63114.71094,64880.73828
2024-07-16 16:00:00,64935.19141,65177.76953,64180.96094,65177.76953
2024-07-16 20:00:00,65122.51953,65312.0,64179.44922,65038.011719
2024-07-17 00:00:00,65068.039062,66056.77344,64974.0,65707.21094
2024-07-17 04:00:00,65729.63281,65981.99219,65224.019531,65270.0
2024-07-17 08:00:00,65258.0,65468.0,64566.011719,64698.94922
2024-07-17 12:00:00,64722.44141,65362.58984,64575.98828,64733.98047
2024-07-17 16:00:00,64724.011719,64747.98828,63891.0,64567.23047
2024-07-17 20:00:00,64581.23047,64672.87891,64058.011719,64088.0
2024-07-18 00:00:00,64104.0,65042.011719,63917.98828,64875.0
2024-07-18 04:00:00,64879.98828,65056.80859,64437.73047,64661.12891
2024-07-18 08:00:00,64684.011719,64950.0,64447.19141,64758.48047
2024-07-18 12:00:00,64767.98828,65107.011719,63462.0,63551.55078
2024-07-18 16:00:00,63524.28906,63949.98828,63250.011719,63531.98828
2024-07-18 20:00:00,63568.12891,64121.26953,63444.0,63980.0
2024-07-19 00:00:00,63952.011719,64363.26172,63340.078125,64318.32031
2024-07-19 04:00:00,64325.16016,64468.011719,63637.98828,63698.71094
2024-07-19 08:00:00,63726.0,64171.98047,63420.0,64104.050781
2024-07-19 12:00:00,64126.0,65865.42969,64055.80078,65813.15625
2024-07-19 16:00:00,65860.82812,67365.46875,65860.82812,67141.75781
2024-07-19 20:00:00,67169.89844,67352.4375,66632.49219,66665.97656
2024-07-20 00:00:00,66699.78125,66816.0078125,66246.17969,66604.0
2024-07-20 04:00:00,66611.82031,66762.0078125,66436.4375,66564.023438
2024-07-20 08:00:00,66550.0,66725.54688,66464.0,66483.67969
2024-07-20 12:00:00,66487.99219,66823.60156,66310.0078125,66799.84375
2024-07-20 16:00:00,66827.99219,67577.15625,66688.71094,67224.0
2024-07-20 20:00:00,67223.99219,67430.0,66851.99219,67141.60938
2024-07-21 00:00:00,67181.0,67389.99219,66968.78125,67171.32031
2024-07-21 04:00:00,67171.32031,67220.52344,66618.0,66692.0
2024-07-21 08:00:00,66680.0078125,67044.0078125,66680.0078125,66872.0
2024-07-21 12:00:00,66865.64062,67489.99219,66624.0,67164.0
2024-07-21 16:00:00,67162.0078125,67696.0078125,65843.95312,67424.0
2024-07-21 20:00:00,67390.0,68363.1875,67278.0078125,68150.0
2024-07-22 00:00:00,68214.0,68466.0078125,67784.0078125,67880.0
2024-07-22 04:00:00,67858.64062,67986.14062,67200.0,67220.67969
2024-07-22 08:00:00,67232.71094,67578.36719,66998.0078125,67506.0
2024-07-22 12:00:00,67526.0,67919.97656,66606.0,67069.99219
2024-07-22 16:00:00,67099.99219,68226.25,66816.1875,68226.25
2024-07-22 20:00:00,68250.0,68250.0,67252.17188,67532.0
2024-07-23 00:00:00,67546.0078125,67750.96875,67236.3125,67457.99219
2024-07-23 04:00:00,67458.0,67516.0078125,66302.0,66538.0078125
2024-07-23 08:00:00,66576.0078125,67152.40625,66486.0078125,66678.10156
2024-07-23 12:00:00,66668.0078125,67300.0,65984.25,66585.99219
2024-07-23 16:00:00,66584.0,66720.0,65527.28125,65561.95312
2024-07-23 20:00:00,65570.42188,66043.70312,65556.35156,65934.0078125
2024-07-24 00:00:00,65950.0,66109.97656,65480.35938,66052.71094
2024-07-24 04:00:00,66042.023438,66077.99219,65615.85938,66077.99219
2024-07-24 08:00:00,66093.070312,66600.0,66011.45312,66374.0078125
2024-07-24 12:00:00,66365.92188,67056.0,66094.0,66210.0
2024-07-24 16:00:00,66209.99219,66697.36719,65590.0,65726.0078125
2024-07-24 20:00:00,65648.71875,66066.64844,65153.53906,65359.75
2024-07-25 00:00:00,65384.0,65620.0,63918.0,64132.011719
2024-07-25 04:00:00,64040.011719,64382.39844,63871.5,64124.0
2024-07-25 08:00:00,64126.011719,64476.0,63928.89062,64104.011719
2024-07-25 12:00:00,64100.0,64978.0,63511.98828,64754.011719
2024-07-25 16:00:00,64808.011719,65187.82031,64401.73047,64722.92188
2024-07-25 20:00:00,64733.98828,66083.99219,64447.25,65799.95312
2024-07-26 00:00:00,65830.11719,67456.0,65770.0,67060.023438
2024-07-26 04:00:00,67066.0,67186.0,66883.24219,66891.75781
2024-07-26 08:00:00,66915.25,67483.1875,66915.25,67322.0
2024-07-26 12:00:00,67353.75,67982.25781,66916.0078125,67560.0078125
2024-07-26 16:00:00,67572.0078125,68117.95312,67315.97656,67989.99219
2024-07-26 20:00:00,67921.99219,68199.99219,67413.50781,67902.0078125
2024-07-27 00:00:00,67946.0078125,68079.82031,67639.90625,67797.99219
2024-07-27 04:00:00,67790.0,68276.0078125,67788.0,68039.4375
2024-07-27 08:00:00,68083.86719,68268.0,67897.89062,68209.078125
2024-07-27 12:00:00,68209.86719,69386.0,68209.86719,68843.99219
2024-07-27 16:00:00,68843.99219,68990.0,67923.20312,68267.17969
2024-07-27 20:00:00,68139.64062,69070.0,66764.0,67888.47656
2024-07-28 00:00:00,67788.0078125,68284.070312,67386.0,67941.39844
2024-07-28 04:00:00,67949.96094,68024.17969,67070.34375,67560.85938
2024-07-28 08:00:00,67520.79688,67966.0,67250.0078125,67826.70312
2024-07-28 12:00:00,67829.97656,68104.0,67610.0078125,67640.0078125
2024-07-28 16:00:00,67640.0,68296.0078125,67624.0078125,68108.0078125
2024-07-28 20:00:00,68135.46875,68273.36719,67836.0,68255.64062
2024-07-29 00:00:00,68263.0078125,69758.0,68183.49219,69347.86719
2024-07-29 04:00:00,69378.0,69864.0,69275.5,69523.99219
2024-07-29 08:00:00,69536.0078125,69816.070312,69400.0,69600.0078125
2024-07-29 12:00:00,69598.90625,69992.61719,67700.0,68104.0078125
2024-07-29 16:00:00,68104.0,68104.0,66550.078125,67324.15625
2024-07-29 20:00:00,67270.0,67553.46094,66651.22656,66800.0078125
2024-07-30 00:00:00,66805.39844,66885.99219,65880.21875,66610.0
2024-07-30 04:00:00,66600.0078125,67000.0,66332.0,66934.0
2024-07-30 08:00:00,66954.0078125,66988.67188,66414.67969,66598.13281
2024-07-30 12:00:00,66566.0,66909.50781,65612.0,66252.0078125
2024-07-30 16:00:00,66214.0078125,66545.46094,65604.0,65990.71875
2024-07-30 20:00:00,65914.90625,66354.0078125,65330.92969,66188.0078125
2024-07-31 00:00:00,66176.0,66396.0078125,65898.74219,66072.0
2024-07-31 04:00:00,66080.0,66514.39062,65500.0,66224.0078125
2024-07-31 08:00:00,66229.25,66370.35938,65966.0,66096.0078125
2024-07-31 12:00:00,66100.0,66828.0,66049.5,66377.99219
2024-07-31 16:00:00,66398.0,66814.0078125,65000.17188,65215.30078
2024-07-31 20:00:00,65210.011719,65385.78125,64544.0,64627.98047
2024-08-01 00:00:00,64610.011719,64841.28125,63779.83984,63950.0
2024-08-01 04:00:00,63920.0,64471.98828,63616.98828,64335.46094
2024-08-01 08:00:00,64334.0,64688.0,64334.0,64674.21094
2024-08-01 12:00:00,64658.0,64912.0,62794.53906,62928.011719
2024-08-01 16:00:00,62867.28125,63487.039062,62313.60938,63424.0
2024-08-01 20:00:00,63467.98828,65610.0,63348.011719,65354.019531
2024-08-02 00:00:00,65390.0,65576.3125,63723.14062,64616.0
2024-08-02 04:00:00,64609.17969,64641.26172,63844.26953,64196.03125
2024-08-02 08:00:00,64187.46094,64967.73828,64074.011719,64660.011719
2024-08-02 12:00:00,64656.011719,65509.98828,62498.87109,63428.0
2024-08-02 16:00:00,63406.0,63528.0,62540.011719,62668.0
2024-08-02 20:00:00,62668.0,63181.30078,61233.26172,61499.98828
2024-08-03 00:00:00,61441.85156,61965.98828,60574.80859,61863.98828
2024-08-03 04:00:00,61890.0,61963.98828,61398.019531,61662.019531
2024-08-03 08:00:00,61656.23828,61991.98047,61457.89062,61919.39062
2024-08-03 12:00:00,61886.0,62193.69922,60884.78125,60906.53125
2024-08-03 16:00:00,60928.011719,61240.0,59972.26953,60280.0
2024-08-03 20:00:00,60245.32812,60820.94141,59904.0,60705.26172
2024-08-04 00:00:00,60682.011719,61092.0,60336.0,60731.12109
2024-08-04 04:00:00,60734.0,60917.12891,60290.21094,60371.35938
2024-08-04 08:00:00,60366.011719,60998.98828,60146.019531,60901.070312
2024-08-04 12:00:00,60890.37109,61072.0,58975.98828,59086.019531
2024-08-04 16:00:00,59119.98828,59426.80078,57367.070312,59236.0
2024-08-04 20:00:00,59228.85156,59546.33984,58010.011719,58148.011719
2024-08-05 00:00:00,58189.98828,58294.96875,52555.011719,54000.0
2024-08-05 04:00:00,53888.0,54524.80859,49551.0,52630.019531
2024-08-05 08:00:00,52594.011719,53155.98828,50696.0,51409.46875
2024-08-05 12:00:00,51259.26953,54898.94141,49603.80078,54311.55859
2024-08-05 16:00:00,54264.23828,55457.73047,52614.0,53493.17188
2024-08-05 20:00:00,53550.0,55154.32812,53550.0,53968.0
2024-08-06 00:00:00,54016.078125,56226.0,53993.94922,55674.011719
2024-08-06 04:00:00,55658.0,56120.69141,55268.0,56016.0
2024-08-06 08:00:00,55948.0,56080.0,54650.0,55238.0
2024-08-06 12:00:00,55160.55859,56540.37109,54536.0,56410.011719
2024-08-06 16:00:00,56436.0,57022.011719,56323.98828,56808.0
2024-08-06 20:00:00,56724.48047,56906.0,55909.98828,56052.26953
2024-08-07 00:00:00,56039.98828,57268.0,55668.0,56870.0
2024-08-07 04:00:00,56834.0,57211.14844,56574.0,56916.5
2024-08-07 08:00:00,56918.0,57656.011719,56898.019531,56936.0
2024-08-07 12:00:00,56984.0,57471.42188,55718.011719,56098.98828
2024-08-07 16:00:00,56070.0,56274.070312,54685.75,54823.14062
2024-08-07 20:00:00,54796.76172,55565.21094,54596.011719,55118.30078
2024-08-08 00:00:00,55082.19922,57627.39062,54808.0,57081.46875
2024-08-08 04:00:00,57113.98828,57390.070312,56739.62109,57182.050781
2024-08-08 08:00:00,57187.33984,57599.98047,57028.46875,57322.16016
2024-08-08 12:00:00,57354.48828,59471.96875,56857.37109,59411.53125
2024-08-08 16:00:00,59410.12109,59819.60156,59285.0,59414.51172
2024-08-08 20:00:00,59424.98828,62609.98828,59326.30078,61688.03125
2024-08-09 00:00:00,61663.98828,61691.62891,60810.0,61358.41016
2024-08-09 04:00:00,61320.0,61345.0,60588.64062,60863.57031
2024-08-09 08:00:00,60881.83984,61200.058594,60226.011719,60681.82031
2024-08-09 12:00:00,60659.78906,61094.0,59545.37109,59800.011719
2024-08-09 16:00:00,59819.69922,60730.03125,59814.82031,60676.019531
2024-08-09 20:00:00,60638.058594,60982.011719,59917.41016,60852.46875
2024-08-10 00:00:00,60838.0,61252.98828,60313.62109,60437.83984
2024-08-10 04:00:00,60437.83984,60842.0,60262.050781,60842.0
2024-08-10 08:00:00,60862.83984,61100.0,60654.64844,60914.011719
2024-08-10 12:00:00,60931.23047,60931.23047,60419.39062,60515.89844
2024-08-10 16:00:00,60539.98828,61150.011719,60402.0,61005.32031
2024-08-10 20:00:00,61029.46875,61160.0,60757.39062,60923.51172
2024-08-11 00:00:00,60926.92969,61359.35938,60900.0,61100.0
2024-08-11 04:00:00,61100.0,61262.011719,60881.35938,61257.011719
2024-08-11 08:00:00,61282.53125,61698.0,60469.48047,60674.0
2024-08-11 12:00:00,60662.0,60686.89062,59972.5,60117.30859
2024-08-11 16:00:00,60122.12891,60341.44922,59550.011719,59627.37109
2024-08-11 20:00:00,59625.80859,59653.69141,58383.5,58712.58984
2024-08-12 00:00:00,58718.42969,59071.83984,58292.011719,58510.94141
2024-08-12 04:00:00,58524.32031,58934.98047,57690.57812,58674.60156
2024-08-12 08:00:00,58723.82031,59955.050781,58145.51172,59854.42969
2024-08-12 12:00:00,59860.46094,60552.94922,57831.39062,60191.98828
2024-08-12 16:00:00,60154.60938,60363.76172,58453.71875,58988.42969
2024-08-12 20:00:00,59058.98828,59710.011719,58559.21094,59347.98828
2024-08-13 00:00:00,59334.89844,59898.98828,58888.011719,59016.0
2024-08-13 04:00:00,59031.039062,59461.070312,58847.011719,59223.98047
2024-08-13 08:00:00,59200.0,59309.85938,58482.0,58836.0
2024-08-13 12:00:00,58840.0,59760.011719,58775.98828,59493.011719
2024-08-13 16:00:00,59495.10938,61525.17969,59459.070312,60828.0
2024-08-13 20:00:00,60856.39062,61118.83984,60407.0,60587.87109
2024-08-14 00:00:00,60582.16016,61251.53125,60432.57031,60952.82812
2024-08-14 04:00:00,60976.0,61150.32031,60646.089844,60914.011719
2024-08-14 08:00:00,60886.98828,61408.0,60640.39844,61265.62109
2024-08-14 12:00:00,61274.089844,61518.0,58929.98828,59418.03125
2024-08-14 16:00:00,59346.26172,59424.58984,58760.23047,58913.98828
2024-08-14 20:00:00,58939.30859,59178.46875,58488.32812,58715.98828
2024-08-15 00:00:00,58707.98047,59022.070312,58017.98828,58442.98047
2024-08-15 04:00:00,58448.019531,58577.73047,57734.011719,58084.85938
2024-08-15 08:00:00,58027.55859,58832.98828,57977.51953,58740.03125
2024-08-15 12:00:00,58744.73828,59740.19141,58618.98047,59686.23828
2024-08-15 16:00:00,59713.76953,59831.62891,56716.51172,57041.039062
2024-08-15 20:00:00,57042.10156,57850.0,56261.19141,57547.73828
2024-08-16 00:00:00,57497.89062,58324.85156,57124.85156,57890.0
2024-08-16 04:00:00,57876.011719,58639.73828,57809.92188,58461.89844
2024-08-16 08:00:00,58477.98047,58666.12891,58261.71094,58393.19922
2024-08-16 12:00:00,58415.60156,58802.30078,57557.48828,58096.60156
2024-08-16 16:00:00,58077.91016,59811.48828,58018.87891,59724.03125
2024-08-16 20:00:00,59676.21875,59676.21875,58766.011719,58870.78125
2024-08-17 00:00:00,58902.89844,59382.51172,58822.28906,59151.57031
2024-08-17 04:00:00,59136.011719,59261.19922,59060.10938,59261.19922
2024-08-17 08:00:00,59254.44141,59456.51953,59070.0,59128.26953
2024-08-17 12:00:00,59115.48047,59579.14062,59100.28125,59388.12109
2024-08-17 16:00:00,59391.39844,59654.0,59312.48828,59469.21094
2024-08-17 20:00:00,59497.42969,59497.42969,59151.55078,59485.03125
2024-08-18 00:00:00,59496.96875,60188.0,59341.98828,59341.98828
2024-08-18 04:00:00,59319.85938,59690.30859,59305.57031,59573.39062
2024-08-18 08:00:00,59563.83984,60146.0,59440.5,60024.14062
2024-08-18 12:00:00,60006.12109,60204.011719,59700.98828,59863.98828
2024-08-18 16:00:00,59856.011719,59945.82031,59412.76172,59695.98828
2024-08-18 20:00:00,59712.0,59826.41016,58434.5,58454.0
2024-08-19 00:00:00,58425.98828,58755.46094,58276.39844,58740.019531
2024-08-19 04:00:00,58730.12109,58739.98828,58394.48047,58505.71875
2024-08-19 08:00:00,58502.19141,58666.0,57884.011719,58381.83984
2024-08-19 12:00:00,58393.87109,58963.98828,58125.76953,58572.0
2024-08-19 16:00:00,58544.0,59253.19922,58406.0,59123.98828
2024-08-19 20:00:00,58969.98828,59606.0,58955.73828,59476.0
2024-08-20 00:00:00,59463.28125,60867.44922,59382.19141,60583.30859
2024-08-20 04:00:00,60619.19141,61371.30859,60595.5,60924.32031
2024-08-20 08:00:00,60947.39844,60971.78125,60459.35156,60518.82031
2024-08-20 12:00:00,60506.12109,60930.28125,58718.85938,58818.80078
2024-08-20 16:00:00,58730.011719,59588.17969,58588.0,59528.21094
2024-08-20 20:00:00,59475.48828,59635.46875,58925.30078,58992.80859
2024-08-21 00:00:00,59002.39844,59513.14062,58840.0,59319.98828
2024-08-21 04:00:00,59304.28125,59728.51172,59206.0,59711.98828
2024-08-21 08:00:00,59728.011719,59891.32812,59112.0,59366.019531
2024-08-21 12:00:00,59353.98047,60153.67188,58936.011719,59522.0
2024-08-21 16:00:00,59487.69141,61592.0,59391.26953,61540.25
2024-08-21 20:00:00,61632.73828,61798.21875,60923.51953,61156.019531
2024-08-22 00:00:00,61176.39062,61207.82812,59794.0,60548.89062
2024-08-22 04:00:00,60533.82812,61043.32031,60469.53906,60991.23047
2024-08-22 08:00:00,60999.98828,61394.011719,60821.98828,61336.089844
2024-08-22 12:00:00,61300.16016,61381.39062,60119.23828,60409.41016
2024-08-22 16:00:00,60386.0,60585.96875,60144.011719,60284.0
2024-08-22 20:00:00,60322.0,60663.98828,60302.0,60369.98828
2024-08-23 00:00:00,60381.82031,60916.41016,60354.0,60596.96875
2024-08-23 04:00:00,60593.30859,61317.37109,60582.67969,61075.33984
2024-08-23 08:00:00,61069.26172,61337.57031,60729.14062,60734.078125
2024-08-23 12:00:00,60746.53906,62276.80859,60746.53906,61539.57031
2024-08-23 16:00:00,61507.58984,63816.42969,61401.32031,63677.12891
2024-08-23 20:00:00,63630.0,64845.69922,63508.42969,64069.98047
2024-08-24 00:00:00,64037.23047,64170.0,63634.0,63832.011719
2024-08-24 04:00:00,63849.98828,64324.019531,63849.98828,64324.019531
2024-08-24 08:00:00,64280.0,64430.011719,63909.0,63924.0
2024-08-24 12:00:00,63921.019531,64239.42969,63910.0,63968.0
2024-08-24 16:00:00,63976.0,64443.98828,63951.96875,64219.011719
2024-08-24 20:00:00,64195.35156,64316.011719,63600.0,64157.19922
2024-08-25 00:00:00,64160.39844,64453.0,64000.0,64101.0
2024-08-25 04:00:00,64103.98828,64195.98828,63792.98828,63869.011719
2024-08-25 08:00:00,63855.94141,64009.82812,63787.51172,63873.92188
2024-08-25 12:00:00,63879.98828,64264.0,63805.019531,64136.12109
2024-08-25 16:00:00,64132.17969,64245.011719,64013.0,64187.42188
2024-08-25 20:00:00,64187.26953,64914.23828,64128.48828,64228.0
2024-08-26 00:00:00,64261.03125,64466.67188,63814.011719,64115.0
2024-08-26 04:00:00,64128.011719,64194.98828,63586.0,63628.011719
2024-08-26 08:00:00,63619.14844,64030.011719,63413.12109,63875.089844
2024-08-26 12:00:00,63854.050781,63958.94922,63105.0,63532.019531
2024-08-26 16:00:00,63517.011719,63867.0,63218.011719,63289.46875
2024-08-26 20:00:00,63304.98828,63557.57812,62838.011719,62845.0
2024-08-27 00:00:00,62819.98047,63192.0,62669.0,62970.011719
2024-08-27 04:00:00,62984.011719,63189.78125,62741.0,62902.32031
2024-08-27 08:00:00,62906.0,62973.87109,62250.16016,62411.0
2024-08-27 12:00:00,62392.98828,62475.0,61485.011719,61688.98828
2024-08-27 16:00:00,61615.0,62183.16016,61560.12109,62108.39062
2024-08-27 20:00:00,62074.0,62074.0,58260.39844,59479.011719
2024-08-28 00:00:00,59415.0,59646.83984,58933.011719,59646.83984
2024-08-28 04:00:00,59618.019531,59642.75,58598.92969,58598.92969
2024-08-28 08:00:00,58604.89062,60203.98828,58551.66016,59934.98828
2024-08-28 12:00:00,59904.0,60160.0,58530.28906,59006.0
2024-08-28 16:00:00,58903.17969,59798.23828,57918.78906,58932.0
2024-08-28 20:00:00,58967.98047,59594.011719,58701.10156,59012.92188
2024-08-29 00:00:00,59012.21094,59305.0,58918.011719,59141.10156
2024-08-29 04:00:00,59157.0,59741.10938,59089.011719,59585.67969
2024-08-29 08:00:00,59565.0,60476.98828,59391.35938,60112.0
2024-08-29 12:00:00,60094.0,61139.0,60022.0,60785.98828
2024-08-29 16:00:00,60802.0,60957.76172,58942.0,59248.69141
2024-08-29 20:00:00,59271.089844,59638.35938,58750.33984,59381.011719
2024-08-30 00:00:00,59363.12109,59479.0,58923.0,59032.0
2024-08-30 04:00:00,59051.10156,59581.71094,58708.0,59285.0
2024-08-30 08:00:00,59280.0,59656.23047,59280.0,59400.0
2024-08-30 12:00:00,59375.0,59862.0,58009.60156,58065.98828
2024-08-30 16:00:00,58099.96875,59358.98828,57900.42188,58749.0
2024-08-30 20:00:00,58772.14844,59282.0,58772.14844,59115.011719
2024-08-31 00:00:00,59123.019531,59444.98828,59070.39844,59235.12109
2024-08-31 04:00:00,59232.011719,59350.0,59065.28906,59100.0
2024-08-31 08:00:00,59095.0,59178.011719,58834.0,59115.0
2024-08-31 12:00:00,59120.98047,59233.0,58922.0,59001.83984
2024-08-31 16:00:00,58982.71875,59138.0,58752.0,58855.0
2024-08-31 20:00:00,58869.30859,59128.0,58788.64062,58974.0
2024-09-01 00:00:00,58967.011719,59055.42188,58284.011719,58521.10156
2024-09-01 04:00:00,58518.011719,58599.96875,57803.98828,58460.75
2024-09-01 08:00:00,58464.80078,58500.0,57856.0,58230.011719
2024-09-01 12:00:00,58281.0,58352.011719,57569.23828,58210.16016
2024-09-01 16:00:00,58194.011719,58758.0,57881.10938,58522.69922
2024-09-01 20:00:00,58494.019531,58630.0,57246.98828,57316.011719
2024-09-02 00:00:00,57296.0,57757.30859,57210.011719,57757.30859
2024-09-02 04:00:00,57737.0,57956.0,57410.0,57535.0
2024-09-02 08:00:00,57547.98828,58676.011719,57535.25,58435.0
2024-09-02 12:00:00,58436.011719,58780.0,58104.011719,58539.87109
2024-09-02 16:00:00,58549.0,58653.0,58299.76953,58439.98828
2024-09-02 20:00:00,58463.0,59410.46875,58396.011719,59132.14062
2024-09-03 00:00:00,59144.98828,59784.98828,59055.67969,59107.64844
2024-09-03 04:00:00,59114.0,59251.98828,58880.57812,59131.011719
2024-09-03 08:00:00,59112.0,59174.19141,58749.98828,59072.0
2024-09-03 12:00:00,59062.0,59340.011719,57586.0,57704.011719
2024-09-03 16:00:00,57722.0,58243.0,57610.011719,58016.0
2024-09-03 20:00:00,58096.98828,58229.98828,57447.98828,57480.98828
2024-09-04 00:00:00,57499.14844,57929.011719,55827.21094,56644.011719
2024-09-04 04:00:00,56647.23047,56863.66016,56235.96094,56743.0
2024-09-04 08:00:00,56762.050781,56906.14062,56456.44141,56582.48828
2024-09-04 12:00:00,56569.16016,58136.98828,56210.011719,58136.98828
2024-09-04 16:00:00,58150.98828,58513.98828,57648.48047,58042.42969
2024-09-04 20:00:00,58078.89844,58380.0,57896.44141,57970.89062
2024-09-05 00:00:00,58006.0,58327.058594,56965.76172,57107.0
2024-09-05 04:00:00,57110.0,57276.98828,56583.5,57158.69922
2024-09-05 08:00:00,57150.0,57231.089844,56623.0,56685.96875
2024-09-05 12:00:00,56709.98828,57240.0,55879.98828,55986.089844
2024-09-05 16:00:00,55968.19141,56704.98828,55862.0,56004.0
2024-09-05 20:00:00,56057.0,56245.73828,55668.0,56180.011719
2024-09-06 00:00:00,56194.37109,56857.83984,56000.0,56600.60938
2024-09-06 04:00:00,56619.98828,56738.98828,55345.0,55798.0
2024-09-06 08:00:00,55822.0,56247.0,55681.73047,55999.078125
2024-09-06 12:00:00,55999.67188,56969.011719,53860.011719,54046.89844
2024-09-06 16:00:00,54056.67969,54434.98828,53346.0,53591.0
2024-09-06 20:00:00,53544.80078,53965.0,52684.0,53965.0
2024-09-07 00:00:00,53946.011719,54062.011719,53750.5,53818.0
2024-09-07 04:00:00,53837.98828,54381.89062,53817.011719,54285.0
2024-09-07 08:00:00,54290.96875,54485.011719,54181.48828,54326.011719
2024-09-07 12:00:00,54390.48828,54810.0,54386.98828,54780.0
2024-09-07 16:00:00,54796.0,54805.0,54057.37109,54404.0
2024-09-07 20:00:00,54393.28125,54437.96094,53831.10938,54153.12109
2024-09-08 00:00:00,54180.0,54490.0,53977.48828,54383.0
2024-09-08 04:00:00,54400.0,54565.0,54261.10938,54436.25
2024-09-08 08:00:00,54440.98828,54695.76953,54359.011719,54547.0
2024-09-08 12:00:00,54541.10938,54562.17969,53711.21875,53711.21875
2024-09-08 16:00:00,53716.71875,54518.73828,53640.0,54339.011719
2024-09-08 20:00:00,54337.019531,55267.019531,54195.011719,54855.98828
2024-09-09 00:00:00,54871.0,55316.0,54746.51953,55109.0
2024-09-09 04:00:00,55133.66016,55142.011719,54592.5,54981.98828
2024-09-09 08:00:00,55007.57812,55544.011719,55007.57812,55256.92969
2024-09-09 12:00:00,55276.0,55768.0,54846.64062,55390.0
2024-09-09 16:00:00,55448.019531,57149.48828,55448.019531,57116.011719
2024-09-09 20:00:00,57031.10938,57953.64062,56834.0,57048.0
2024-09-10 00:00:00,57013.98828,57029.98828,56558.0,56572.011719
2024-09-10 04:00:00,56550.011719,57286.0,56416.0,57209.98828
2024-09-10 08:00:00,57180.011719,57369.98828,56912.67969,57241.78906
2024-09-10 12:00:00,57226.0,57380.85938,56522.011719,56626.0
2024-09-10 16:00:00,56592.0,58021.98828,56592.0,57957.98828
2024-09-10 20:00:00,57905.69141,57905.69141,57463.42188,57634.0
2024-09-11 00:00:00,57665.98828,57741.46094,56720.0,56814.0
2024-09-11 04:00:00,56796.0,56796.0,56100.011719,56721.42188
2024-09-11 08:00:00,56704.011719,56857.98828,56365.98828,56786.30078
2024-09-11 12:00:00,56781.10938,57085.53125,55583.17969,56713.78125
2024-09-11 16:00:00,56648.0,57970.71875,56648.0,57631.98828
2024-09-11 20:00:00,57573.98828,57672.0,57250.0,57332.011719
2024-09-12 00:00:00,57324.011719,58444.011719,57324.011719,58239.98828
2024-09-12 04:00:00,58247.98828,58417.98828,57844.011719,58138.16016
2024-09-12 08:00:00,58103.64844,58338.0,57894.0,58052.011719
2024-09-12 12:00:00,58060.011719,58413.67188,57352.0,57518.0
2024-09-12 16:00:00,57527.76953,58445.98828,57527.76953,58388.10156
2024-09-12 20:00:00,58388.0,58388.0,57822.0,58132.0
2024-09-13 00:00:00,58141.089844,58238.011719,57841.98828,57845.96875
2024-09-13 04:00:00,57828.011719,58135.46875,57752.0,58109.30859
2024-09-13 08:00:00,58086.0,58342.019531,57826.058594,57826.058594
2024-09-13 12:00:00,57880.87891,59692.011719,57655.80078,59633.98828
2024-09-13 16:00:00,59699.98047,59976.89844,59333.98047,59751.089844
2024-09-13 20:00:00,59672.0,60621.91016,59644.011719,60497.5
2024-09-14 00:00:00,60532.0,60600.62109,60285.55859,60319.87109
2024-09-14 04:00:00,60329.37109,60334.30859,59900.0,60138.14844
2024-09-14 08:00:00,60155.98828,60155.98828,59616.019531,59706.39844
2024-09-14 12:00:00,59691.26953,60005.98828,59634.10156,59875.98828
2024-09-14 16:00:00,59864.80078,59981.089844,59468.011719,59810.011719
2024-09-14 20:00:00,59814.0,60115.98828,59774.0,59993.019531
2024-09-15 00:00:00,59993.03125,60266.011719,59992.28125,60155.92188
2024-09-15 04:00:00,60155.92188,60215.98828,60091.98828,60196.0
2024-09-15 08:00:00,60201.96094,60204.0,59896.011719,60000.5
2024-09-15 12:00:00,59986.011719,60379.98828,59899.78906,60335.42188
2024-09-15 16:00:00,60352.64844,60352.64844,59751.17188,59874.011719
2024-09-15 20:00:00,59856.011719,59915.98828,58711.10156,59140.0
2024-09-16 00:00:00,59122.23047,59200.058594,58130.0,58575.10156
2024-09-16 04:00:00,58566.0,58952.0,58337.78906,58914.0
2024-09-16 08:00:00,58878.51172,59154.0,58510.03125,58657.078125
2024-09-16 12:00:00,58657.070312,58784.03125,57579.82031,57905.96875
2024-09-16 16:00:00,57898.0,58244.96094,57528.011719,57926.011719
2024-09-16 20:00:00,57924.12109,58400.0,57608.011719,58213.98828
2024-09-17 00:00:00,58199.98828,58341.10156,57641.60156,58053.98828
2024-09-17 04:00:00,58060.011719,58752.011719,58044.64062,58695.39844
2024-09-17 08:00:00,58729.32031,59286.75,58659.82031,59101.19141
2024-09-17 12:00:00,59080.98828,61263.98047,58903.98828,61125.98828
2024-09-17 16:00:00,61174.85156,61252.0,59656.73828,59996.78125
2024-09-17 20:00:00,59934.03125,60411.070312,59771.10156,60298.46875
2024-09-18 00:00:00,60323.23828,60754.14062,59915.98828,60509.98828
2024-09-18 04:00:00,60513.98047,60682.011719,60203.98828,60438.64844
2024-09-18 08:00:00,60428.011719,60428.011719,59396.78125,59864.41016
2024-09-18 12:00:00,59843.51172,60158.16016,59360.98828,59446.0
2024-09-18 16:00:00,59407.5,61264.0,59211.91016,60074.23828
2024-09-18 20:00:00,60028.0,61740.011719,59541.71875,61740.011719
2024-09-19 00:00:00,61720.12891,62542.0,61620.011719,62110.71875
2024-09-19 04:00:00,62131.98828,62168.0,61821.98828,62085.80078
2024-09-19 08:00:00,62044.12109,62676.92188,61894.019531,62652.011719
2024-09-19 12:00:00,62684.011719,63498.85938,62624.011719,63149.28906
2024-09-19 16:00:00,63156.21875,63847.96094,62979.57812,63280.0
2024-09-19 20:00:00,63249.98828,63249.98828,62666.011719,62925.76953
2024-09-20 00:00:00,62971.71875,63696.011719,62628.17188,63696.011719
2024-09-20 04:00:00,63716.51172,64079.98828,63400.0,63505.98828
2024-09-20 08:00:00,63516.0,63696.011719,63116.85156,63450.0
2024-09-20 12:00:00,63440.0,63542.91016,62598.51953,63208.26953
2024-09-20 16:00:00,63219.98828,63256.23828,62373.98828,62902.011719
2024-09-20 20:00:00,62835.55078,63283.98828,62728.80859,63201.050781
2024-09-21 00:00:00,63196.0,63288.0,62829.82031,62889.57031
2024-09-21 04:00:00,62906.0,63133.98828,62790.10156,63091.019531
2024-09-21 08:00:00,63118.0,63136.0,62966.011719,63089.76953
2024-09-21 12:00:00,63090.0,63286.0,63036.92188,63167.98047
2024-09-21 16:00:00,63173.98828,63395.67969,63096.0,63203.58984
2024-09-21 20:00:00,63205.98828,63525.98828,63058.011719,63346.91016
2024-09-22 00:00:00,63389.53906,63438.26172,62837.98828,63105.98047
2024-09-22 04:00:00,63115.5,63193.42969,62848.12109,62935.94141
2024-09-22 08:00:00,62911.98828,63026.60938,62557.98828,62786.92969
2024-09-22 12:00:00,62777.98828,62919.48828,62471.33984,62664.0
2024-09-22 16:00:00,62640.0,63212.71094,62482.011719,63177.98047
2024-09-22 20:00:00,63171.60938,63993.96875,62378.21875,63564.42188
2024-09-23 00:00:00,63582.23828,64705.85938,62706.5,64358.85156
2024-09-23 04:00:00,64380.78125,64452.57031,63408.011719,63546.35938
2024-09-23 08:00:00,63555.42969,63694.011719,63320.0,63411.070312
2024-09-23 12:00:00,63428.0,63750.011719,63077.98047,63618.0
2024-09-23 16:00:00,63602.0,63800.0,63110.69141,63307.10938
2024-09-23 20:00:00,63272.71094,63481.26172,63095.75,63328.87891
2024-09-24 00:00:00,63349.98828,63389.98047,62750.96094,63123.98828
2024-09-24 04:00:00,63127.98047,63568.19922,62961.16016,63552.0
2024-09-24 08:00:00,63550.89844,63937.98828,63400.42188,63472.0
2024-09-24 12:00:00,63490.0,63752.5,62758.019531,63160.51953
2024-09-24 16:00:00,63198.0,64365.98828,63104.76172,64365.98828
2024-09-24 20:00:00,64288.82031,64665.96094,63966.67969,64256.0
2024-09-25 00:00:00,64279.0,64780.0,64045.28125,64444.0
2024-09-25 04:00:00,64456.0,64456.0,63676.26172,63843.33984
2024-09-25 08:00:00,63835.16016,63912.32031,63409.39062,63838.011719
2024-09-25 12:00:00,63819.89844,63983.96875,63356.011719,63490.98828
2024-09-25 16:00:00,63501.48828,63660.011719,63011.98828,63177.17969
2024-09-25 20:00:00,63239.92188,63551.80859,62960.011719,63161.39844
2024-09-26 00:00:00,63152.0,63533.82031,62681.98828,63488.98828
2024-09-26 04:00:00,63514.33984,63864.0,63345.98828,63852.070312
2024-09-26 08:00:00,63865.0,64494.16016,63599.96875,64391.14062
2024-09-26 12:00:00,64419.98828,65491.33984,64168.57031,65242.0
2024-09-26 16:00:00,65263.23047,65761.99219,64769.28906,64769.28906
2024-09-26 20:00:00,64759.57031,65236.51172,64663.16016,65173.98828
2024-09-27 00:00:00,65166.48828,65399.98828,64839.91016,65376.0
2024-09-27 04:00:00,65346.0,65541.99219,65108.011719,65469.26172
2024-09-27 08:00:00,65416.89844,65907.92188,65350.19922,65434.011719
2024-09-27 12:00:00,65425.30859,66439.99219,65337.51953,66006.0078125
2024-09-27 16:00:00,66046.0,66356.0,65556.023438,65696.0
2024-09-27 20:00:00,65676.0,65956.0,65631.42188,65775.78906
2024-09-28 00:00:00,65775.78906,66229.99219,65732.0078125,66052.63281
2024-09-28 04:00:00,66063.75,66082.0,65740.0,65824.0
2024-09-28 08:00:00,65790.0,65799.99219,65484.0,65798.0
2024-09-28 12:00:00,65763.99219,65803.77344,65440.011719,65619.13281
2024-09-28 16:00:00,65619.13281,65815.99219,65492.58984,65724.0078125
2024-09-28 20:00:00,65724.0078125,65973.32812,65436.94141,65869.070312
2024-09-29 00:00:00,65863.89062,65974.15625,65647.28906,65816.39844
2024-09-29 04:00:00,65815.92969,65815.92969,65446.0,65477.011719
2024-09-29 08:00:00,65473.98828,65720.0,65438.0,65691.90625
2024-09-29 12:00:00,65709.023438,65846.14844,65584.0,65751.34375
2024-09-29 16:00:00,65739.99219,65967.99219,65654.023438,65959.5
2024-09-29 20:00:00,65940.0,66056.0078125,65528.0,65615.17969
2024-09-30 00:00:00,65606.53125,65606.53125,64209.87109,64539.30859
2024-09-30 04:00:00,64547.12109,64704.37109,64346.0,64600.0
2024-09-30 08:00:00,64568.0,64568.0,63268.0,63851.64062
2024-09-30 12:00:00,63819.44141,64153.17188,63552.62109,63552.62109
2024-09-30 16:00:00,63554.0,63726.0,63068.0,63430.92969
2024-09-30 20:00:00,63466.85156,63859.98828,62892.94141,63348.0
2024-10-01 00:00:00,63327.58984,63743.98828,63016.66016,63728.03125
2024-10-01 04:00:00,63708.058594,64130.28125,63652.058594,64040.03125
2024-10-01 08:00:00,64048.53125,64112.011719,63732.0,63736.011719
2024-10-01 12:00:00,63690.0,63804.03125,61949.98828,62699.98828
2024-10-01 16:00:00,62620.011719,62752.011719,61175.96875,61698.011719
2024-10-01 20:00:00,61715.71875,61733.98828,60237.64062,60845.16016
2024-10-02 00:00:00,60796.0,61880.21875,60763.98828,61750.46094
2024-10-02 04:00:00,61750.44922,61930.0,61358.011719,61739.85938
2024-10-02 08:00:00,61748.0,61902.0,60916.0,61170.0
2024-10-02 12:00:00,61150.011719,61921.96875,60588.0,61860.46875
2024-10-02 16:00:00,61862.0,62314.0,60006.0,60168.0
2024-10-02 20:00:00,60279.98828,60984.37109,60140.0,60644.26172
2024-10-03 00:00:00,60635.98828,61464.0,60539.89844,61464.0
2024-10-03 04:00:00,61470.0,61470.0,60916.0,60956.011719
2024-10-03 08:00:00,60954.0,61064.0,60139.98828,60770.60156
2024-10-03 12:00:00,60726.91016,60869.98047,59950.46875,60635.98828
2024-10-03 16:00:00,60624.0,61018.53906,59974.60156,61018.53906
2024-10-03 20:00:00,60974.0,61091.98828,60616.011719,60750.011719
2024-10-04 00:00:00,60746.011719,61265.98828,60472.011719,60949.64062
2024-10-04 04:00:00,60950.0,61482.011719,60950.0,61443.64062
2024-10-04 08:00:00,61429.98828,61638.30078,61270.011719,61448.87109
2024-10-04 12:00:00,61458.85938,62004.46875,60817.92969,61850.0
2024-10-04 16:00:00,61866.0,62448.21875,61656.53906,62384.23828
2024-10-04 20:00:00,62368.67188,62468.82031,61971.83984,62079.98828
2024-10-05 00:00:00,62093.019531,62198.011719,61714.0,61856.98828
2024-10-05 04:00:00,61867.0,62268.26953,61824.011719,62076.19141
2024-10-05 08:00:00,62084.0,62324.03125,62084.0,62171.60156
2024-10-05 12:00:00,62191.76953,62363.64062,62110.0,62177.98828
2024-10-05 16:00:00,62167.64844,62180.0,61790.0,61848.48828
2024-10-05 20:00:00,61835.28125,62089.98828,61721.80859,62066.83984
2024-10-06 00:00:00,62079.96094,62149.98828,61878.64844,61878.64844
2024-10-06 04:00:00,61884.0,62010.0,61822.0,61949.011719
2024-10-06 08:00:00,61950.0,62147.66016,61922.0,62106.011719
2024-10-06 12:00:00,62106.019531,62771.75,62065.32031,62720.019531
2024-10-06 16:00:00,62746.019531,62914.98047,62550.03125,62628.12891
2024-10-06 20:00:00,62618.42969,62910.19922,62303.039062,62820.011719
2024-10-07 00:00:00,62821.98828,63949.98828,62682.0,63530.51953
2024-10-07 04:00:00,63559.98047,63723.44141,63353.58984,63525.0
2024-10-07 08:00:00,63547.75,63706.0,62659.98828,63069.98828
2024-10-07 12:00:00,63134.0,64452.0,62844.12891,63665.30078
2024-10-07 16:00:00,63685.78125,63896.0,62781.98828,63326.76172
2024-10-07 20:00:00,63396.0,63396.0,62178.85938,62224.0
2024-10-08 00:00:00,62255.98828,62787.73047,62185.078125,62628.28906
2024-10-08 04:00:00,62659.98828,62778.039062,62052.0,62306.55078
2024-10-08 08:00:00,62278.019531,62659.98828,62220.62109,62624.011719
2024-10-08 12:00:00,62630.10156,63199.69922,61939.98828,62303.76172
2024-10-08 16:00:00,62269.69922,62590.011719,61906.019531,62277.98828
2024-10-08 20:00:00,62264.73828,62565.94141,62026.13,62160.49
2024-10-09 00:00:00,62160.5,62494.0,62002.5,62394.07
2024-10-09 04:00:00,62394.07,62543.75,62200.0,62276.78
2024-10-09 08:00:00,62276.79,62287.07,62046.69,62200.0
2024-10-09 12:00:00,62199.99,62412.09,61634.61,62316.0
2024-10-09 16:00:00,62316.0,62350.0,60835.0,61031.98
2024-10-09 20:00:00,61031.99,61122.53,60301.0,60636.02
2024-10-10 00:00:00,60636.01,60956.0,60355.0,60865.29
2024-10-10 04:00:00,60865.29,61149.58,60814.9,60900.0
2024-10-10 08:00:00,60900.01,61321.68,60630.71,61262.0
2024-10-10 12:00:00,61262.01,61320.0,60444.99,60789.36
2024-10-10 16:00:00,60789.36,61030.31,58946.0,59727.28
2024-10-10 20:00:00,59727.27,60329.27,59586.29,60326.39
2024-10-11 00:00:00,60326.4,60768.64,60087.64,60614.0
2024-10-11 04:00:00,60614.01,60925.16,60578.0,60674.69
2024-10-11 08:00:00,60674.68,61263.4,60650.44,61174.87
2024-10-11 12:00:00,61174.88,62450.0,61129.72,62259.05
2024-10-11 16:00:00,62259.04,63417.56,62123.0,63086.01
2024-10-11 20:00:00,63086.0,63160.0,62357.7,62540.0
2024-10-12 00:00:00,62539.99,63073.78,62487.23,62568.0
2024-10-12 04:00:00,62568.0,62800.0,62565.51,62767.57
2024-10-12 08:00:00,62767.57,63260.53,62672.34,62936.91
2024-10-12 12:00:00,62936.91,63480.0,62824.03,63157.49
2024-10-12 16:00:00,63157.5,63400.0,62911.0,63000.01
2024-10-12 20:00:00,63000.01,63388.0,63000.0,63206.22
2024-10-13 00:00:00,63206.23,63285.72,62654.91,62712.31
2024-10-13 04:00:00,62712.31,62990.0,62707.21,62843.48
2024-10-13 08:00:00,62843.48,62962.0,62520.18,62561.33
2024-10-13 12:00:00,62561.34,62818.0,62050.0,62229.31
2024-10-13 16:00:00,62229.32,62887.78,62177.67,62734.32
2024-10-13 20:00:00,62734.31,63125.0,62610.67,62870.02
2024-10-14 00:00:00,62870.02,64392.49,62457.81,64299.99
2024-10-14 04:00:00,64300.0,64686.0,63778.62,64620.87
2024-10-14 08:00:00,64620.87,65188.57,64340.98,64920.06
2024-10-14 12:00:00,64920.05,66299.93,64660.56,65870.0
2024-10-14 16:00:00,65870.0,66072.3,65459.0,65939.4
2024-10-14 20:00:00,65939.41,66500.0,65730.0,66083.99
2024-10-15 00:00:00,66084.0,66330.0,65324.4,65400.0
2024-10-15 04:00:00,65399.99,65846.0,65201.0,65638.74
2024-10-15 08:00:00,65638.74,65850.0,65280.0,65399.69
2024-10-15 12:00:00,65399.68,67950.0,64800.01,66022.0
2024-10-15 16:00:00,66022.01,67390.89,65982.55,66970.18
2024-10-15 20:00:00,66970.18,67156.47,66130.64,67074.14
2024-10-16 00:00:00,67074.14,67561.04,66750.49,67095.98
2024-10-16 04:00:00,67095.99,67361.41,66775.67,66972.53
2024-10-16 08:00:00,66972.53,68424.0,66917.52,67894.72
2024-10-16 12:00:00,67894.73,68308.91,67117.18,67749.99
2024-10-16 16:00:00,67750.0,68100.0,67482.0,67728.0
2024-10-16 20:00:00,67728.01,67954.03,67500.0,67620.01
2024-10-17 00:00:00,67620.0,67939.4,67406.99,67601.4
2024-10-17 04:00:00,67601.4,67601.4,67087.35,67303.18
2024-10-17 08:00:00,67303.18,67530.01,66741.09,66872.43
2024-10-17 12:00:00,66872.44,67680.0,66666.0,67590.66
2024-10-17 16:00:00,67590.67,67590.67,66720.0,66840.0
2024-10-17 20:00:00,66840.0,67480.0,66827.68,67421.78
2024-10-18 00:00:00,67421.78,68260.92,67192.36,67555.4
2024-10-18 04:00:00,67555.41,68378.95,67544.0,67969.7
2024-10-18 08:00:00,67969.69,68050.0,67674.98,67702.0
2024-10-18 12:00:00,67702.0,68870.68,67642.71,68735.35
2024-10-18 16:00:00,68735.34,69000.0,68360.0,68608.01
2024-10-18 20:00:00,68608.01,68690.0,68204.1,68428.0
2024-10-19 00:00:00,68427.99,68693.26,68303.03,68450.01
2024-10-19 04:00:00,68450.0,68560.0,68302.31,68346.54
2024-10-19 08:00:00,68346.54,68475.7,68090.3,68090.3
2024-10-19 12:00:00,68090.3,68350.0,68088.0,68226.93
2024-10-19 16:00:00,68226.94,68242.43,68010.0,68181.98
2024-10-19 20:00:00,68181.98,68413.96,68168.45,68378.0
2024-10-20 00:00:00,68377.99,68446.0,68100.0,68188.0
2024-10-20 04:00:00,68188.01,68433.5,68176.26,68378.0
2024-10-20 08:00:00,68378.01,68500.0,68355.0,68420.01
2024-10-20 12:00:00,68420.01,68772.7,68198.22,68625.99
2024-10-20 16:00:00,68625.99,68660.0,68422.0,68508.29
2024-10-20 20:00:00,68508.3,69400.0,68461.93,69031.99
2024-10-21 00:00:00,69032.0,69519.52,68588.51,68939.99
2024-10-21 04:00:00,68940.0,69185.18,68488.33,68514.0
2024-10-21 08:00:00,68513.99,68661.0,68119.01,68238.01
2024-10-21 12:00:00,68238.0,68328.68,66840.67,67341.02
2024-10-21 16:00:00,67341.02,67941.17,66894.0,67763.0
2024-10-21 20:00:00,67763.99,67933.79,67366.66,67377.5
2024-10-22 00:00:00,67377.5,67694.92,66571.42,67390.02
2024-10-22 04:00:00,67390.01,67800.0,67278.02,67402.0
2024-10-22 08:00:00,67402.0,67526.67,66740.0,67299.15
2024-10-22 12:00:00,67299.15,67693.34,66644.18,67282.27
2024-10-22 16:00:00,67282.27,67635.72,66920.0,67482.98
2024-10-22 20:00:00,67482.99,67836.01,67292.0,67426.0
2024-10-23 00:00:00,67426.01,67472.83,66890.0,67082.1
2024-10-23 04:00:00,67082.1,67302.83,66800.0,66852.34
2024-10-23 08:00:00,66852.33,67048.0,66200.0,66414.0
2024-10-23 12:00:00,66414.0,66910.15,65923.01,66223.44
2024-10-23 16:00:00,66223.45,66573.58,65260.0,66472.0
2024-10-23 20:00:00,66472.0,66807.37,66338.99,66668.65
2024-10-24 00:00:00,66668.65,67612.12,66510.0,67213.16
2024-10-24 04:00:00,67213.16,67479.55,67068.75,67123.08
2024-10-24 08:00:00,67123.09,67322.26,66700.0,67285.99
2024-10-24 12:00:00,67286.0,67998.0,67262.0,67701.22
2024-10-24 16:00:00,67701.21,68323.0,67350.01,68309.79
2024-10-24 20:00:00,68309.79,68850.0,67978.04,68198.28
2024-10-25 00:00:00,68198.27,68286.56,67836.0,68008.0
2024-10-25 04:00:00,68007.99,68045.36,67250.0,67531.97
2024-10-25 08:00:00,67531.96,68183.78,67286.28,68105.79
2024-10-25 12:00:00,68105.79,68771.49,67429.87,67690.01
2024-10-25 16:00:00,67690.01,67890.52,66006.6,66850.0
2024-10-25 20:00:00,66849.99,67392.52,65596.29,66698.33
2024-10-26 00:00:00,66698.32,67050.2,66439.9,66914.0
2024-10-26 04:00:00,66914.0,67240.02,66784.26,67007.99
2024-10-26 08:00:00,67007.99,67264.34,66953.02,67138.0
2024-10-26 12:00:00,67138.0,67180.0,66744.0,66886.49
2024-10-26 16:00:00,66886.49,67181.82,66788.0,67177.99
2024-10-26 20:00:00,67178.0,67454.55,67084.0,67092.76
2024-10-27 00:00:00,67092.76,67325.46,66913.73,67289.57
2024-10-27 04:00:00,67289.57,67317.78,67120.0,67204.01
2024-10-27 08:00:00,67204.0,67266.49,67036.85,67128.04
2024-10-27 12:00:00,67128.03,67858.0,67121.45,67791.99
2024-10-27 16:00:00,67792.0,68000.0,67540.88,67850.0
2024-10-27 20:00:00,67850.0,68332.05,67688.09,68021.7
2024-10-28 00:00:00,68021.69,68116.78,67677.77,67727.59
2024-10-28 04:00:00,67727.59,68680.0,67618.0,68415.52
2024-10-28 08:00:00,68415.52,68833.57,68238.81,68753.78
2024-10-28 12:00:00,68753.78,69280.0,68426.67,68494.2
2024-10-28 16:00:00,68494.2,69900.0,68452.54,69629.98
2024-10-28 20:00:00,69629.99,70270.0,69427.79,69962.21
2024-10-29 00:00:00,69962.21,71587.88,69760.0,70938.14
2024-10-29 04:00:00,70938.15,71370.0,70837.83,71017.97
2024-10-29 08:00:00,71017.96,71578.95,70974.0,71452.01
2024-10-29 12:00:00,71452.02,72429.99,70929.0,72402.01
2024-10-29 16:00:00,72402.0,73620.12,72350.7,72536.16
2024-10-29 20:00:00,72536.38,72978.9,71864.65,72736.42
2024-10-30 00:00:00,72736.41,72785.72,72000.01,72234.0
2024-10-30 04:00:00,72234.0,72610.0,72100.0,72227.99
2024-10-30 08:00:00,72227.99,72604.97,71926.82,71983.99
2024-10-30 12:00:00,71984.0,72470.0,71436.0,72061.34
2024-10-30 16:00:00,72061.34,72197.5,71641.77,71822.01
2024-10-30 20:00:00,71822.01,72961.0,71644.19,72344.74
2024-10-31 00:00:00,72344.75,72599.99,72030.08,72353.74
2024-10-31 04:00:00,72353.75,72478.0,72150.0,72417.19
2024-10-31 08:00:00,72417.19,72700.0,72149.79,72226.0
2024-10-31 12:00:00,72226.0,72276.0,70431.77,70620.0
2024-10-31 16:00:00,70620.01,70949.51,70036.0,70092.07
2024-10-31 20:00:00,70092.07,70654.76,69685.76,70292.01
2024-11-01 00:00:00,70292.01,70470.0,68830.0,69369.99
2024-11-01 04:00:00,69369.99,69699.14,69080.0,69273.7
2024-11-01 08:00:00,69273.7,70228.0,69237.26,70002.01
2024-11-01 12:00:00,70002.01,71632.95,69044.0,69387.77
2024-11-01 16:00:00,69387.78,70515.16,68820.14,69268.0
2024-11-01 20:00:00,69268.0,69627.0,68854.5,69496.01
2024-11-02 00:00:00,69496.0,69914.37,69479.91,69599.99
2024-11-02 04:00:00,69599.99,69823.94,69446.0,69813.91
2024-11-02 08:00:00,69813.91,69838.62,69417.88,69608.0
2024-11-02 12:00:00,69608.0,69711.59,69000.14,69393.17
2024-11-02 16:00:00,69393.18,69616.0,69215.0,69510.0
2024-11-02 20:00:00,69510.0,69571.99,69149.0,69374.74
2024-11-03 00:00:00,69374.74,69391.0,67864.16,68379.89
2024-11-03 04:00:00,68379.9,68771.58,68303.99,68397.42
2024-11-03 08:00:00,68397.42,68603.58,68200.01,68358.86
2024-11-03 12:00:00,68358.86,68560.0,67478.73,68090.9
2024-11-03 16:00:00,68090.91,68693.81,67667.21,68679.0
2024-11-03 20:00:00,68679.0,69358.0,68492.82,68775.99
2024-11-04 00:00:00,68775.99,69500.0,68240.61,69047.86
2024-11-04 04:00:00,69047.86,69401.55,68618.0,68618.0
2024-11-04 08:00:00,68618.0,69036.0,68470.0,68792.71
2024-11-04 12:00:00,68792.72,69264.52,68202.99,68646.01
2024-11-04 16:00:00,68646.01,68814.32,67251.5,67856.0
2024-11-04 20:00:00,67856.01,68106.07,66835.0,67850.01
2024-11-05 00:00:00,67850.01,68255.0,67476.63,68243.0
2024-11-05 04:00:00,68243.01,68976.0,68218.51,68893.99
2024-11-05 08:00:00,68894.0,69100.0,68615.11,68810.03
2024-11-05 12:00:00,68810.03,70325.06,68666.0,69639.99
2024-11-05 16:00:00,69640.0,70577.91,68732.77,68995.99
2024-11-05 20:00:00,68995.99,69898.02,68786.91,69372.01
2024-11-06 00:00:00,69372.01,75000.0,69298.0,74348.53
2024-11-06 04:00:00,74348.53,75407.1,72727.0,73370.89
2024-11-06 08:00:00,73370.89,74475.47,72656.31,74272.01
2024-11-06 12:00:00,74272.0,74757.58,73488.0,74298.0
2024-11-06 16:00:00,74297.99,75850.0,74150.0,75823.55
2024-11-06 20:00:00,75823.55,76400.0,75507.1,75571.99
2024-11-07 00:00:00,75571.99,76022.79,75003.83,75048.01
2024-11-07 04:00:00,75048.01,75048.01,74416.0,74757.58
2024-11-07 08:00:00,74757.58,75150.11,74649.54,74746.0
2024-11-07 12:00:00,74745.99,76059.69,74512.19,76059.69
2024-11-07 16:00:00,76059.68,76718.99,75555.17,76530.39
2024-11-07 20:00:00,76530.4,76849.99,75494.0,75857.89
2024-11-08 00:00:00,75857.89,76358.0,75555.0,75890.79
2024-11-08 04:00:00,75890.79,76220.0,75686.0,76148.49
2024-11-08 08:00:00,76148.49,76320.0,75760.0,75934.46
2024-11-08 12:00:00,75934.47,76584.6,75630.76,76427.72
2024-11-08 16:00:00,76427.72,77199.99,75822.07,76912.58
2024-11-08 20:00:00,76912.58,77097.0,76300.23,76509.78
2024-11-09 00:00:00,76509.78,76639.84,76136.0,76341.47
2024-11-09 04:00:00,76341.47,76795.69,76294.0,76529.08
2024-11-09 08:00:00,76529.07,76735.59,76358.91,76487.11
2024-11-09 12:00:00,76487.11,76541.53,76272.72,76319.9
2024-11-09 16:00:00,76319.91,76700.0,75714.66,76204.92
2024-11-09 20:00:00,76204.91,76900.0,76179.0,76677.46
2024-11-10 00:00:00,76677.46,77498.0,76492.0,77205.96
2024-11-10 04:00:00,77205.97,79788.96,77138.0,78832.37
2024-11-10 08:00:00,78832.36,80040.0,78832.36,79844.01
2024-11-10 12:00:00,79844.0,80080.0,79200.0,79694.03
2024-11-10 16:00:00,79694.03,81069.99,79324.59,79748.99
2024-11-10 20:00:00,79748.99,81500.0,78473.13,80370.01
2024-11-11 00:00:00,80370.01,81846.71,80216.01,81612.23
2024-11-11 04:00:00,81612.23,81727.47,80432.0,81109.1
2024-11-11 08:00:00,81109.11,82380.94,81023.29,82134.0
2024-11-11 12:00:00,82133.99,84263.51,81460.19,84059.54
2024-11-11 16:00:00,84059.53,86650.0,83831.84,86102.21
2024-11-11 20:00:00,86102.21,89530.54,86052.0,88647.99
2024-11-12 00:00:00,88648.0,89470.0,86561.35,88047.46
2024-11-12 04:00:00,88047.45,89940.0,87700.0,88983.35
2024-11-12 08:00:00,88983.35,89372.0,85229.0,87155.55
2024-11-12 12:00:00,87155.55,87860.0,85072.0,86632.0
2024-11-12 16:00:00,86632.0,89764.38,85730.35,88704.28
2024-11-12 20:00:00,88704.28,89876.94,87379.59,87952.01
2024-11-13 00:00:00,87952.0,88562.94,87004.0,87136.0
2024-11-13 04:00:00,87136.0,87692.69,86127.99,87356.0
2024-11-13 08:00:00,87356.01,88083.0,87082.42,87669.39
2024-11-13 12:00:00,87669.4,92690.0,87502.49,92540.01
2024-11-13 16:00:00,92540.0,93265.64,89969.87,90193.51
2024-11-13 20:00:00,90193.5,91184.02,87970.98,90375.2
2024-11-14 00:00:00,90375.21,90566.0,89458.13,89937.02
2024-11-14 04:00:00,89937.03,90850.0,89104.54,90769.42
2024-11-14 08:00:00,90769.42,91657.77,90329.8,91491.86
2024-11-14 12:00:00,91491.85,91790.0,87829.57,87947.99
2024-11-14 16:00:00,87947.99,89775.24,87526.74,89463.99
2024-11-14 20:00:00,89463.99,89464.0,86668.21,87325.59
2024-11-15 00:00:00,87325.59,88473.7,87252.0,88218.21
2024-11-15 04:00:00,88218.22,88391.99,87073.38,87612.0
2024-11-15 08:00:00,87612.01,89771.99,87368.0,89741.25
2024-11-15 12:00:00,89741.24,90709.74,87754.45,88445.41
2024-11-15 16:00:00,88445.4,90844.9,88386.99,90377.89
2024-11-15 20:00:00,90377.89,91850.0,90324.85,91032.07
2024-11-16 00:00:00,91032.08,91709.06,90850.0,91252.03
2024-11-16 04:00:00,91252.04,91779.66,91064.24,91117.53
2024-11-16 08:00:00,91117.52,91598.13,90993.15,91169.69
2024-11-16 12:00:00,91169.69,91320.0,90056.17,90521.2
2024-11-16 16:00:00,90521.2,91396.03,90186.64,91100.24
2024-11-16 20:00:00,91100.23,91181.82,90300.0,90586.92
2024-11-17 00:00:00,90587.98,90888.0,89364.0,90247.86
2024-11-17 04:00:00,90247.86,90888.0,90158.56,90550.8
2024-11-17 08:00:00,90550.8,91449.99,90478.99,90684.19
2024-11-17 12:00:00,90684.19,91189.88,89925.91,90260.01
2024-11-17 16:00:00,90260.01,90640.18,89664.34,90044.0
2024-11-17 20:00:00,90044.0,90212.13,88722.0,89855.99
2024-11-18 00:00:00,89855.98,90935.44,89617.96,90668.58
2024-11-18 04:00:00,90668.58,92300.0,90438.85,91719.9
2024-11-18 08:00:00,91719.9,92211.99,90051.1,90275.13
2024-11-18 12:00:00,90275.13,92594.0,89376.9,92309.51
2024-11-18 16:00:00,92309.51,92584.95,89667.66,90608.26
2024-11-18 20:00:00,90608.26,91980.0,90224.02,90464.08
2024-11-19 00:00:00,90464.07,91529.0,90357.0,91428.0
2024-11-19 04:00:00,91428.0,92000.0,91238.09,91620.01
2024-11-19 08:00:00,91620.0,91950.0,91200.0,91652.02
2024-11-19 12:00:00,91652.01,92788.0,90975.8,92391.99
2024-11-19 16:00:00,92391.99,93905.51,92147.12,93227.87
2024-11-19 20:00:00,93227.87,93571.08,91320.0,92310.79
2024-11-20 00:00:00,92310.8,92418.68,91500.0,92039.99
2024-11-20 04:00:00,92039.99,92851.09,91850.0,92850.38
2024-11-20 08:00:00,92850.38,93669.98,92720.0,93454.65
2024-11-20 12:00:00,93454.65,94807.62,93314.49,94739.97
2024-11-20 16:00:00,94739.98,94831.97,93138.0,94000.0
2024-11-20 20:00:00,94000.0,94599.98,93770.07,94286.56
2024-11-21 00:00:00,94286.56,95904.0,94040.0,95798.12
2024-11-21 04:00:00,95798.12,97852.0,95798.11,96912.01
2024-11-21 08:00:00,96912.01,98384.86,96723.96,97974.99
2024-11-21 12:00:00,97975.0,98250.0,95600.0,96672.0
2024-11-21 16:00:00,96672.0,98988.0,96276.69,97829.83
2024-11-21 20:00:00,97829.84,98723.65,97533.18,98317.12
2024-11-22 00:00:00,98317.12,99299.99,97840.0,98836.5
2024-11-22 04:00:00,98836.49,99419.99,98517.21,99173.7
2024-11-22 08:00:00,99173.7,99267.19,98219.84,98870.38
2024-11-22 12:00:00,98870.39,98949.0,97122.11,98664.0
2024-11-22 16:00:00,98663.99,99588.01,98220.0,99079.74
2024-11-22 20:00:00,99079.74,99449.0,98535.0,98892.0
2024-11-23 00:00:00,98892.0,98908.85,98300.0,98666.67
2024-11-23 04:00:00,98666.66,98800.0,98284.61,98560.85
2024-11-23 08:00:00,98560.84,98623.76,98300.0,98429.99
2024-11-23 12:00:00,98430.0,98847.68,98400.0,98400.0
2024-11-23 16:00:00,98400.01,98459.56,97336.06,97504.0
2024-11-23 20:00:00,97504.0,98015.82,97136.0,97672.4
2024-11-24 00:00:00,97672.4,98564.0,97620.74,98200.1
2024-11-24 04:00:00,98200.1,98431.06,97872.2,98431.05
2024-11-24 08:00:00,98431.05,98472.98,97239.29,97280.03
2024-11-24 12:00:00,97280.04,97606.52,95900.01,95901.51
2024-11-24 16:00:00,95901.52,96747.98,95734.77,96320.02
2024-11-24 20:00:00,96320.01,98369.46,96195.47,97900.04
2024-11-25 00:00:00,97900.05,98050.0,96888.0,97898.8
2024-11-25 04:00:00,97898.81,98376.99,97491.66,98047.34
2024-11-25 08:00:00,98047.34,98871.8,97850.0,98188.09
2024-11-25 12:00:00,98188.09,98313.08,94525.0,96000.56
2024-11-25 16:00:00,96000.57,96500.0,94400.0,94669.48
2024-11-25 20:00:00,94669.49,95300.0,92600.19,93010.01
2024-11-26 00:00:00,93010.01,94923.69,92727.9,94464.0
2024-11-26 04:00:00,94464.0,94973.37,93500.08,93785.71
2024-11-26 08:00:00,93785.72,93785.72,91466.52,92356.85
2024-11-26 12:00:00,92356.84,93559.0,91739.7,92813.0
2024-11-26 16:00:00,92812.99,94685.6,91554.11,91683.89
2024-11-26 20:00:00,91683.9,92364.0,90791.1,91965.16
2024-11-27 00:00:00,91965.16,93037.38,91792.14,92588.0
2024-11-27 04:00:00,92588.0,93648.0,92361.66,93597.16
2024-11-27 08:00:00,93597.16,93885.6,93109.12,93367.99
2024-11-27 12:00:00,93367.99,95850.0,92847.84,95556.01
2024-11-27 16:00:00,95556.0,96631.68,95184.79,96627.99
2024-11-27 20:00:00,96627.99,97208.21,95731.72,95863.11
2024-11-28 00:00:00,95863.11,96564.0,94822.54,95471.43
2024-11-28 04:00:00,95471.44,95922.39,95063.15,95299.66
2024-11-28 08:00:00,95299.66,95780.0,94640.0,95452.01
2024-11-28 12:00:00,95452.0,96221.8,94900.0,95007.14
2024-11-28 16:00:00,95007.15,95435.68,94817.0,95119.48
2024-11-28 20:00:00,95119.48,96023.48,94698.0,95643.98
2024-11-29 00:00:00,95643.99,96859.0,95364.99,96590.36
2024-11-29 04:00:00,96590.35,96630.09,95600.03,95625.05
2024-11-29 08:00:00,95625.05,97358.21,95616.0,97237.91
2024-11-29 12:00:00,97237.91,98619.99,96768.0,98019.47
2024-11-29 16:00:00,98019.46,98440.0,96853.82,97329.73
2024-11-29 20:00:00,97329.73,97624.62,96981.01,97460.0
2024-11-30 00:00:00,97460.0,97463.95,96309.85,96640.02
2024-11-30 04:00:00,96640.02,97234.02,96532.7,96783.38
2024-11-30 08:00:00,96783.38,96968.78,96092.01,96267.99
2024-11-30 12:00:00,96267.99,96732.15,96242.14,96645.41
2024-11-30 16:00:00,96645.42,97062.5,96531.35,97019.68
2024-11-30 20:00:00,97019.69,97040.0,96320.99,96407.99
2024-12-01 00:00:00,96407.99,96672.49,95693.88,96336.75
2024-12-01 04:00:00,96336.76,96515.52,96195.99,96472.97
2024-12-01 08:00:00,96472.97,97179.04,96424.99,97108.89
2024-12-01 12:00:00,97108.89,97388.78,96660.88,97028.02
2024-12-01 16:00:00,97028.02,97523.41,96958.48,97178.73
2024-12-01 20:00:00,97178.73,97836.0,96800.01,97185.18
2024-12-02 00:00:00,97185.17,98130.0,96350.0,96483.75
2024-12-02 04:00:00,96483.75,96924.0,95749.97,95999.99
2024-12-02 08:00:00,95999.99,96112.0,94820.41,95128.68
2024-12-02 12:00:00,95128.67,97214.77,94766.0,97048.0
2024-12-02 16:00:00,97048.01,97356.69,94395.0,95816.0
2024-12-02 20:00:00,95816.01,96327.87,95112.01,95840.62
2024-12-03 00:00:00,95840.61,96305.52,95400.0,96079.36
2024-12-03 04:00:00,96079.36,96238.1,95277.35,95550.0
2024-12-03 08:00:00,95550.0,95662.94,94595.38,94988.01
2024-12-03 12:00:00,94988.0,96250.0,93578.17,95682.54
2024-12-03 16:00:00,95682.54,96169.99,94860.0,95428.6
2024-12-03 20:00:00,95428.61,96140.01,95272.5,95849.69
2024-12-04 00:00:00,95849.69,96614.16,95224.17,95770.32
2024-12-04 04:00:00,95770.32,96714.41,95717.54,96588.81
2024-12-04 08:00:00,96588.81,96950.0,96172.0,96190.41
2024-12-04 12:00:00,96190.41,96560.0,95352.41,95742.81
2024-12-04 16:00:00,95742.8,97232.01,94587.83,97209.64
2024-12-04 20:00:00,97209.64,99000.0,97128.52,98587.32
2024-12-05 00:00:00,98587.32,104088.0,97888.89,102964.0
2024-12-05 04:00:00,102964.0,103544.71,101324.16,102236.1
2024-12-05 08:00:00,102236.1,103159.76,102236.1,102566.91
2024-12-05 12:00:00,102566.91,103550.0,100925.97,101292.01
2024-12-05 16:00:00,101292.0,101999.0,98599.36,99028.0
2024-12-05 20:00:00,99028.01,99479.72,90500.0,96945.63
2024-12-06 00:00:00,96945.63,98828.7,95981.72,97735.29
2024-12-06 04:00:00,97735.29,98288.0,97370.19,98138.54
2024-12-06 08:00:00,98138.53,98705.23,97622.86,98069.62
2024-12-06 12:00:00,98069.61,99483.81,97512.26,99309.99
2024-12-06 16:00:00,99310.0,101799.0,98762.6,101439.99
2024-12-06 20:00:00,101439.99,101898.99,99053.03,99740.84
2024-12-07 00:00:00,99740.84,100428.0,99285.71,99299.63
2024-12-07 04:00:00,99299.64,99666.31,98844.0,99405.2
2024-12-07 08:00:00,99405.2,99821.83,99260.0,99620.0
2024-12-07 12:00:00,99620.0,99800.0,99036.01,99756.01
2024-12-07 16:00:00,99756.0,100263.64,99460.37,100077.45
2024-12-07 20:00:00,100077.45,100439.18,99595.11,99831.99
2024-12-08 00:00:00,99831.99,100328.88,99632.28,99934.82
2024-12-08 04:00:00,99934.83,100030.0,99336.0,99675.11
2024-12-08 08:00:00,99675.11,99844.28,98657.7,99701.16
2024-12-08 12:00:00,99701.17,100500.0,99357.16,99912.01
2024-12-08 16:00:00,99912.01,100198.0,99480.0,100100.98
2024-12-08 20:00:00,100100.99,101351.0,99736.06,101109.59
2024-12-09 00:00:00,101109.6,101215.93,98432.18,99090.84
2024-12-09 04:00:00,99090.84,99729.88,98328.0,99576.51
2024-12-09 08:00:00,99576.51,99679.71,98035.57,98088.47
2024-12-09 12:00:00,98088.47,100421.8,97508.58,97812.0
2024-12-09 16:00:00,97812.0,98398.0,97000.0,97070.32
2024-12-09 20:00:00,97070.33,97572.52,94150.05,97276.47
2024-12-10 00:00:00,97276.48,98138.0,95565.41,96931.99
2024-12-10 04:00:00,96931.99,97519.2,95900.0,97196.44
2024-12-10 08:00:00,97196.44,97937.5,96938.19,97722.52
2024-12-10 12:00:00,97722.53,98270.0,95555.0,95658.79
2024-12-10 16:00:00,95658.79,96500.0,94256.54,95856.5
2024-12-10 20:00:00,95856.5,97200.7,95616.0,96593.0
2024-12-11 00:00:00,96593.0,97625.76,95658.24,97398.43
2024-12-11 04:00:00,97398.42,97790.36,97181.7,97334.6
2024-12-11 08:00:00,97334.59,98472.57,97316.78,98292.61
2024-12-11 12:00:00,98292.61,100800.0,98072.33,100361.64
2024-12-11 16:00:00,100361.64,101141.01,99608.23,101122.71
2024-12-11 20:00:00,101122.71,101888.0,100866.42,101125.0
2024-12-12 00:00:00,101125.0,101829.0,100331.61,101025.87
2024-12-12 04:00:00,101025.88,101191.85,100402.82,100499.99
2024-12-12 08:00:00,100499.99,101126.54,100178.32,100358.42
2024-12-12 12:00:00,100358.42,101861.6,100348.35,101797.14
2024-12-12 16:00:00,101797.14,102540.0,99311.64,99481.32
2024-12-12 20:00:00,99481.33,100476.19,99465.33,100004.29
2024-12-13 00:00:00,100004.29,100356.85,99205.0,99729.09
2024-12-13 04:00:00,99729.09,100225.52,99500.0,100130.0
2024-12-13 08:00:00,100130.01,100789.0,99896.0,100353.37
2024-12-13 12:00:00,100353.37,101375.26,99700.0,99873.16
2024-12-13 16:00:00,99873.16,101895.26,99800.0,101462.34
2024-12-13 20:00:00,101462.34,101879.98,101090.9,101424.25
2024-12-14 00:00:00,101424.24,102650.0,101148.35,102088.0
2024-12-14 04:00:00,102088.0,102138.0,101590.9,101824.0
2024-12-14 08:00:00,101824.0,101863.64,101321.0,101583.99
2024-12-14 12:00:00,101584.0,101742.43,100826.38,101625.12
2024-12-14 16:00:00,101625.12,101737.7,100831.63,101313.54
2024-12-14 20:00:00,101313.54,101499.08,100609.41,101420.0
2024-12-15 00:00:00,101420.0,102196.97,101237.14,101733.82
2024-12-15 04:00:00,101733.83,102850.0,101534.01,101732.09
2024-12-15 08:00:00,101732.09,102691.01,101581.07,102671.44
2024-12-15 12:00:00,102671.44,103359.97,102473.01,102704.01
2024-12-15 16:00:00,102704.0,103490.0,102583.65,103252.95
2024-12-15 20:00:00,103252.96,105250.0,102621.5,104463.99
2024-12-16 00:00:00,104463.99,106648.0,104259.48,104582.28
2024-12-16 04:00:00,104582.28,105420.76,104469.89,104992.79
2024-12-16 08:00:00,104992.79,105016.85,103625.78,103757.99
2024-12-16 12:00:00,103758.0,106499.99,103333.0,106332.01
2024-12-16 16:00:00,106332.0,107793.07,105797.41,106583.12
2024-12-16 20:00:00,106583.13,106648.48,105480.02,106058.66
2024-12-17 00:00:00,106058.65,107000.0,105657.34,106866.49
2024-12-17 04:00:00,106866.5,107143.29,106368.45,106805.75
2024-12-17 08:00:00,106805.75,107550.02,106708.86,106808.31
2024-12-17 12:00:00,106808.31,108353.0,105725.99,106478.47
2024-12-17 16:00:00,106478.48,107633.0,106148.0,106475.89
2024-12-17 20:00:00,106475.89,106903.99,105321.49,106133.74
2024-12-18 00:00:00,106133.74,106524.98,104581.58,104763.98
2024-12-18 04:00:00,104763.99,104763.99,103137.82,104250.75
2024-12-18 08:00:00,104250.75,105033.33,103729.18,105028.33
2024-12-18 12:00:00,105028.33,105350.0,103650.0,104428.54
2024-12-18 16:00:00,104428.54,104999.98,102817.82,102817.82
2024-12-18 20:00:00,102817.82,102997.77,100000.0,100204.01
2024-12-19 00:00:00,100204.01,101310.25,98802.0,101193.15
2024-12-19 04:00:00,101193.15,101727.28,100629.99,101656.57
2024-12-19 08:00:00,101656.57,102609.72,101380.1,102449.99
2024-12-19 12:00:00,102450.0,102800.11,99500.0,100679.86
2024-12-19 16:00:00,100679.86,101200.0,96251.32,97199.72
2024-12-19 20:00:00,97199.72,98500.0,95700.0,97461.86
2024-12-20 00:00:00,97461.86,97814.09,96000.0,97106.02
2024-12-20 04:00:00,97106.02,98233.0,96374.03,97832.53
2024-12-20 08:00:00,97832.52,97864.91,92612.1,92723.98
2024-12-20 12:00:00,92723.99,97572.0,92232.54,96991.62
2024-12-20 16:00:00,96991.63,97748.0,96300.0,97116.0
2024-12-20 20:00:00,97116.0,97816.44,95393.84,97805.44
2024-12-21 00:00:00,97805.44,97813.59,97188.09,97487.46
2024-12-21 04:00:00,97487.47,99540.61,97378.5,99040.0
2024-12-21 08:00:00,99040.0,99187.95,97800.0,98262.08
2024-12-21 12:00:00,98262.08,98283.95,96398.39,97527.97
2024-12-21 16:00:00,97527.96,97723.18,96819.36,97269.03
2024-12-21 20:00:00,97269.03,98057.51,96539.91,97291.99
2024-12-22 00:00:00,97292.0,97448.08,96549.37,96994.37
2024-12-22 04:00:00,96994.37,97071.97,95890.28,96210.24
2024-12-22 08:00:00,96210.25,97351.57,96196.85,97101.28
2024-12-22 12:00:00,97101.29,97300.0,95109.13,95377.72
2024-12-22 16:00:00,95377.71,96444.45,94700.0,94836.55
2024-12-22 20:00:00,94836.55,95824.0,94250.35,95186.27
2024-12-23 00:00:00,95186.28,96043.99,93700.42,96025.15
2024-12-23 04:00:00,96025.15,96509.98,94705.07,95404.01
2024-12-23 08:00:00,95404.01,96538.92,95036.77,95932.42
2024-12-23 12:00:00,95932.41,96423.0,93107.52,93250.37
2024-12-23 16:00:00,93250.38,94260.0,92690.0,93044.79
2024-12-23 20:00:00,93044.79,95509.09,92520.0,94881.47
2024-12-24 00:00:00,94881.47,94881.47,93569.02,94348.75
2024-12-24 04:00:00,94348.75,94653.45,93810.45,94233.19
2024-12-24 08:00:00,94233.2,94635.7,93840.0,94398.6
2024-12-24 12:00:00,94398.6,98300.0,94075.1,98300.0
2024-12-24 16:00:00,98299.99,99487.99,97546.57,97581.09
2024-12-24 20:00:00,97581.1,99068.9,97250.0,98663.58
2024-12-25 00:00:00,98663.58,98878.44,97725.27,98029.48
2024-12-25 04:00:00,98029.49,98581.9,97844.18,98084.33
2024-12-25 08:00:00,98084.33,99349.31,97773.83,97907.61
2024-12-25 12:00:00,97907.61,98832.89,97632.02,98519.98
2024-12-25 16:00:00,98519.99,99299.99,98134.4,99018.52
2024-12-25 20:00:00,99018.52,99569.15,98384.61,99429.6
2024-12-26 00:00:00,99429.61,99963.7,98468.26,98995.17
2024-12-26 04:00:00,98995.18,98995.18,97711.17,97719.99
2024-12-26 08:00:00,97719.99,97772.13,95199.14,95695.81
2024-12-26 12:00:00,95695.81,96280.25,95234.93,96042.88
2024-12-26 16:00:00,96042.89,96621.95,95444.44,96102.25
2024-12-26 20:00:00,96102.24,96114.46,95302.0,95791.6
2024-12-27 00:00:00,95791.6,96443.68,95401.03,96417.84
2024-12-27 04:00:00,96417.84,96604.24,94646.03,95104.76
2024-12-27 08:00:00,95104.76,97544.58,95104.76,96952.38
2024-12-27 12:00:00,96952.38,97035.8,94011.11,94573.75
2024-12-27 16:00:00,94573.75,94996.16,93500.01,94750.0
2024-12-27 20:00:00,94750.11,94823.09,94100.6,94299.03
2024-12-28 00:00:00,94299.03,94720.0,94135.66,94594.91
2024-12-28 04:00:00,94594.91,94800.0,94307.0,94381.99
2024-12-28 08:00:00,94381.98,94883.0,94312.67,94754.83
2024-12-28 12:00:00,94754.83,95340.36,94375.8,94447.29
2024-12-28 16:00:00,94447.28,95245.24,94389.45,95027.76
2024-12-28 20:00:00,95027.75,95733.99,94878.26,95300.0
2024-12-29 00:00:00,95300.0,95340.0,94808.0,95172.4
2024-12-29 04:00:00,95172.41,95283.99,94971.44,95272.04
2024-12-29 08:00:00,95272.05,95315.5,95010.0,95032.57
2024-12-29 12:00:00,95032.58,95231.58,94010.0,94511.12
2024-12-29 16:00:00,94511.11,94578.89,93367.52,93612.89
2024-12-29 20:00:00,93612.89,93949.52,93009.52,93738.2
2024-12-30 00:00:00,93738.19,94274.29,93368.93,93722.71
2024-12-30 04:00:00,93722.72,94060.35,93240.03,93731.65
2024-12-30 08:00:00,93731.66,94068.56,93469.56,93923.14
2024-12-30 12:00:00,93923.14,94277.23,91530.45,92130.21
2024-12-30 16:00:00,92130.21,94684.09,91800.0,94417.04
2024-12-30 20:00:00,94417.04,95024.5,91901.57,92792.05
2024-12-31 00:00:00,92792.05,92907.03,92033.73,92509.59
2024-12-31 04:00:00,92509.6,93040.1,92344.07,92860.75
2024-12-31 08:00:00,92860.75,94741.68,92842.88,94232.68
2024-12-31 12:00:00,94232.68,96250.0,94232.67,95412.0
2024-12-31 16:00:00,95412.0,95590.52,93189.59,94166.88
2024-12-31 20:00:00,94166.88,94222.5,93375.38,93576.0
2025-01-01 00:00:00,93576.0,94509.42,93489.03,93838.04
2025-01-01 04:00:00,93838.04,93937.19,93500.0,93684.1
2025-01-01 08:00:00,93684.11,93756.02,92888.0,93444.64
2025-01-01 12:00:00,93444.65,94500.0,93407.07,94432.94
2025-01-01 16:00:00,94432.94,94823.75,93760.93,94627.07
2025-01-01 20:00:00,94627.08,95151.15,94542.0,94591.79
2025-01-02 00:00:00,94591.78,95516.0,94392.0,95010.33
2025-01-02 04:00:00,95010.34,96000.0,94984.84,95822.0
2025-01-02 08:00:00,95822.01,96876.38,95640.05,96732.99
2025-01-02 12:00:00,96733.0,97440.91,95924.6,96455.01
2025-01-02 16:00:00,96455.01,97777.0,96040.04,97317.74
2025-01-02 20:00:00,97317.74,97839.5,96666.66,96984.79
2025-01-03 00:00:00,96984.79,97342.44,96650.0,97062.3
2025-01-03 04:00:00,97062.3,97066.18,96280.65,96304.0
2025-01-03 08:00:00,96304.0,96830.0,96100.01,96757.58
2025-01-03 12:00:00,96757.57,97660.0,96472.43,97521.35
2025-01-03 16:00:00,97521.36,98976.91,97406.54,98592.01
2025-01-03 20:00:00,98592.02,98748.0,98067.99,98174.18
2025-01-04 00:00:00,98174.17,98314.15,97800.0,98200.0
2025-01-04 04:00:00,98200.01,98350.04,97862.87,98271.88
2025-01-04 08:00:00,98271.87,98306.22,97532.58,97889.39
2025-01-04 12:00:00,97889.4,98152.02,97514.79,97657.94
2025-01-04 16:00:00,97657.95,98350.0,97549.99,98166.26
2025-01-04 20:00:00,98166.26,98778.43,98143.2,98220.5
2025-01-05 00:00:00,98220.51,98391.59,98050.0,98187.96
2025-01-05 04:00:00,98187.97,98522.76,98187.96,98268.77
2025-01-05 08:00:00,98268.77,98268.78,97600.0,97641.63
2025-01-05 12:00:00,97641.62,98281.89,97276.79,98028.98
2025-01-05 16:00:00,98028.98,98332.54,97577.46,98079.63
2025-01-05 20:00:00,98079.64,98836.85,98024.0,98363.61
2025-01-06 00:00:00,98363.61,99333.0,97920.0,99037.57
2025-01-06 04:00:00,99037.57,99892.0,99037.57,99318.7
2025-01-06 08:00:00,99318.7,99625.69,98709.28,99259.99
2025-01-06 12:00:00,99259.99,102468.92,98711.94,102147.95
2025-01-06 16:00:00,102147.95,102480.0,101250.0,101817.22
2025-01-06 20:00:00,101817.22,102329.98,101600.05,102235.6
2025-01-07 00:00:00,102235.6,102724.38,101512.91,101708.08
2025-01-07 04:00:00,101708.09,102015.01,101582.79,101664.81
2025-01-07 08:00:00,101664.81,101995.64,100472.45,100830.86
2025-01-07 12:00:00,100830.86,100960.06,97153.5,97952.26
2025-01-07 16:00:00,97952.26,98347.81,96323.67,96451.98
2025-01-07 20:00:00,96451.99,97220.76,96181.81,96954.61
2025-01-08 00:00:00,96954.6,97268.65,96216.83,96525.2
2025-01-08 04:00:00,96525.2,96654.61,95250.76,95657.09
2025-01-08 08:00:00,95657.09,96132.47,94543.86,95134.92
2025-01-08 12:00:00,95134.92,96079.32,94624.43,95493.77
2025-01-08 16:00:00,95493.77,95555.25,92500.9,94243.89
2025-01-08 20:00:00,94243.89,95310.94,93600.0,95060.61
2025-01-09 00:00:00,95060.61,95382.32,93422.89,94027.9
2025-01-09 04:00:00,94027.91,94618.63,93186.38,93221.59
2025-01-09 08:00:00,93221.59,93877.46,92750.0,93465.23
2025-01-09 12:00:00,93465.23,94588.23,91800.0,94244.02
2025-01-09 16:00:00,94244.02,94685.25,91900.01,91909.59
2025-01-09 20:00:00,91909.59,92720.67,91203.67,92552.49
2025-01-10 00:00:00,92552.49,93727.83,92431.73,93696.13
2025-01-10 04:00:00,93696.13,95000.0,93500.0,94492.63
2025-01-10 08:00:00,94492.62,95293.4,94388.5,95073.95
2025-01-10 12:00:00,95073.95,95117.26,92206.02,93730.92
2025-01-10 16:00:00,93730.93,95836.0,93177.4,95327.06
2025-01-10 20:00:00,95327.07,95442.15,94586.02,94726.11
2025-01-11 00:00:00,94726.1,94746.37,94106.49,94206.95
2025-01-11 04:00:00,94206.96,94441.87,93831.73,94246.36
2025-01-11 08:00:00,94246.36,94791.67,94031.22,94625.65
2025-01-11 12:00:00,94625.66,94655.2,94307.25,94410.26
2025-01-11 16:00:00,94410.26,94708.12,93984.55,94249.26
2025-01-11 20:00:00,94249.27,95050.94,94200.89,94599.99
2025-01-12 00:00:00,94599.99,94699.0,94296.99,94622.4
2025-01-12 04:00:00,94622.4,94650.0,94274.01,94323.85
2025-01-12 08:00:00,94323.85,94393.57,93711.19,94255.1
2025-01-12 12:00:00,94255.1,95450.1,94173.48,95071.9
2025-01-12 16:00:00,95071.91,95314.12,94578.54,94650.26
2025-01-12 20:00:00,94650.26,94800.0,93800.0,94545.06
2025-01-13 00:00:00,94545.07,95940.0,93899.99,94269.23
2025-01-13 04:00:00,94269.23,94913.03,93281.0,93590.24
2025-01-13 08:00:00,93590.24,93661.55,90833.12,90851.22
2025-01-13 12:00:00,90851.23,93100.0,89256.69,92123.75
2025-01-13 16:00:00,92123.75,92534.1,91250.0,92312.18
2025-01-13 20:00:00,92312.18,94727.15,91908.2,94536.1
2025-01-14 00:00:00,94536.11,95280.8,94346.22,94861.4
2025-01-14 04:00:00,94861.39,95464.71,94753.42,94864.0
2025-01-14 08:00:00,94863.99,97371.0,94860.11,96548.04
2025-01-14 12:00:00,96548.04,97265.48,95748.93,96471.65
2025-01-14 16:00:00,96471.65,97088.57,95351.76,96537.8
2025-01-14 20:00:00,96537.23,96921.13,96152.31,96560.86
2025-01-15 00:00:00,96560.85,97554.63,96500.0,97317.12
2025-01-15 04:00:00,97317.12,97724.96,96750.0,97301.35
2025-01-15 08:00:00,97301.35,97524.0,96521.0,96762.18
2025-01-15 12:00:00,96762.19,99799.98,96539.77,98992.42
2025-01-15 16:00:00,98992.42,99990.0,98602.05,99844.9
2025-01-15 20:00:00,99844.91,100681.94,99460.8,100497.35
2025-01-16 00:00:00,100497.35,100866.66,99170.0,99478.03
2025-01-16 04:00:00,99478.04,99921.86,99322.19,99799.99
2025-01-16 08:00:00,99800.0,99820.0,98617.55,99158.71
2025-01-16 12:00:00,99158.7,99517.93,97335.13,99296.17
2025-01-16 16:00:00,99296.17,100448.72,99079.05,100417.2
2025-01-16 20:00:00,100417.2,100641.99,99377.0,99987.3
2025-01-17 00:00:00,99987.3,102148.13,99950.77,101051.73
2025-01-17 04:00:00,101051.73,101899.49,100952.1,101440.5
2025-01-17 08:00:00,101440.51,102581.45,101439.77,102237.6
2025-01-17 12:00:00,102237.6,104254.19,102195.9,104000.0
2025-01-17 16:00:00,104000.0,105865.22,103841.18,105834.93
2025-01-17 20:00:00,105834.93,105847.02,104065.25,104077.48
2025-01-18 00:00:00,104077.47,104656.87,103000.25,103559.82
2025-01-18 04:00:00,103559.82,103771.21,102602.48,102821.75
2025-01-18 08:00:00,102821.75,103883.01,102277.55,103589.29
2025-01-18 12:00:00,103589.29,104988.88,103107.65,104568.96
2025-01-18 16:00:00,104568.96,104719.29,103156.02,104382.01
2025-01-18 20:00:00,104382.0,104750.0,103765.44,104556.23
2025-01-19 00:00:00,104556.23,105458.55,104013.51,104984.01
2025-01-19 04:00:00,104984.01,105634.78,104191.19,105167.12
2025-01-19 08:00:00,105167.11,105496.03,103450.69,104363.23
2025-01-19 12:00:00,104363.24,105706.48,104300.75,104936.35
2025-01-19 16:00:00,104936.35,106200.74,104520.01,106200.0
2025-01-19 20:00:00,106200.0,106422.43,99651.6,101331.57
2025-01-20 00:00:00,101331.57,102321.42,99550.0,101891.93
2025-01-20 04:00:00,101891.94,109588.0,101535.28,107120.65
2025-01-20 08:00:00,107120.65,109193.23,107093.33,108239.19
2025-01-20 12:00:00,108239.19,108700.01,104480.0,104957.99
2025-01-20 16:00:00,104957.99,107050.0,100333.0,103691.63
2025-01-20 20:00:00,103691.64,104331.0,101701.01,102260.01
2025-01-21 00:00:00,102260.0,103260.1,100119.04,102936.01
2025-01-21 04:00:00,102936.01,102974.14,101111.68,101989.05
2025-01-21 08:00:00,101989.06,103973.02,101740.82,103758.25
2025-01-21 12:00:00,103758.25,105320.0,102803.43,103943.0
2025-01-21 16:00:00,103942.99,107240.81,103822.02,107031.34
2025-01-21 20:00:00,107031.34,107199.99,105420.0,106143.82
2025-01-22 00:00:00,106143.82,106394.46,105448.99,105600.01
2025-01-22 04:00:00,105600.01,105952.0,105043.88,105084.77
2025-01-22 08:00:00,105084.77,105464.83,104647.75,105100.39
2025-01-22 12:00:00,105100.38,105584.23,103662.58,104180.01
2025-01-22 16:00:00,104180.01,104754.64,103339.12,104630.0
2025-01-22 20:00:00,104630.0,104830.12,103611.66,103706.66
2025-01-23 00:00:00,103706.66,103819.99,102100.0,102461.25
2025-01-23 04:00:00,102461.24,102968.31,101575.5,102710.27
2025-01-23 08:00:00,102710.28,102724.94,101262.28,101944.49
2025-01-23 12:00:00,101944.5,106050.86,101281.62,105263.52
2025-01-23 16:00:00,105263.52,106850.0,103399.98,103770.04
2025-01-23 20:00:00,103770.05,106421.03,102195.7,103910.34
2025-01-24 00:00:00,103910.35,104298.0,102750.0,103891.75
2025-01-24 04:00:00,103891.75,105355.0,103804.77,105046.8
2025-01-24 08:00:00,105046.79,105759.0,104922.41,105420.1
2025-01-24 12:00:00,105420.11,106321.66,104669.17,105859.98
2025-01-24 16:00:00,105859.99,107120.0,105589.0,105760.94
2025-01-24 20:00:00,105760.93,105781.0,104456.89,104870.5
2025-01-25 00:00:00,104870.51,105280.82,104361.89,105202.4
2025-01-25 04:00:00,105202.4,105202.4,104216.81,104385.98
2025-01-25 08:00:00,104385.99,104700.01,104106.09,104670.99
2025-01-25 12:00:00,104670.99,105111.11,104456.0,104897.79
2025-01-25 16:00:00,104897.79,105286.52,104449.75,105055.16
2025-01-25 20:00:00,105055.16,105250.0,104696.0,104746.85
2025-01-26 00:00:00,104746.86,105273.24,104503.7,105062.42
2025-01-26 04:00:00,105062.41,105500.0,104950.0,104998.35
2025-01-26 08:00:00,104998.36,105221.36,104444.01,104818.69
2025-01-26 12:00:00,104818.68,105126.11,104703.58,104967.01
2025-01-26 16:00:00,104967.02,105260.36,104896.0,105081.63
2025-01-26 20:00:00,105081.64,105200.0,102520.44,102620.0
2025-01-27 00:00:00,102620.01,103260.0,100720.53,101395.64
2025-01-27 04:00:00,101395.64,101399.99,97777.77,99048.02
2025-01-27 08:00:00,99048.01,99533.33,98263.49,98761.13
2025-01-27 12:00:00,98761.12,102317.94,98714.28,101112.03
2025-01-27 16:00:00,101112.03,101250.56,98864.0,99700.02
2025-01-27 20:00:00,99700.01,102405.0,99606.46,102082.83
2025-01-28 00:00:00,102082.83,102892.0,101334.55,102636.32
2025-01-28 04:00:00,102636.32,103371.24,102527.39,102789.72
2025-01-28 08:00:00,102789.72,103181.82,102393.94,102762.01
2025-01-28 12:00:00,102762.02,103800.0,101815.26,102777.99
2025-01-28 16:00:00,102777.99,103108.0,101820.15,102424.24
2025-01-28 20:00:00,102424.24,102538.0,100272.68,101335.52
2025-01-29 00:00:00,101335.52,102319.69,101328.01,102038.2
2025-01-29 04:00:00,102038.21,102853.53,101955.51,102755.82
2025-01-29 08:00:00,102755.81,103000.0,102180.65,102646.0
2025-01-29 12:00:00,102646.0,102842.04,101582.37,101980.78
2025-01-29 16:00:00,101980.78,103999.0,101400.01,103583.99
2025-01-29 20:00:00,103584.0,104782.68,102868.0,103733.24
2025-01-30 00:00:00,103733.25,105300.0,103278.54,105196.0
2025-01-30 04:00:00,105196.0,105595.81,104799.66,105132.07
2025-01-30 08:00:00,105132.07,105534.0,104925.26,105300.63
2025-01-30 12:00:00,105300.63,106457.44,104660.0,105564.0
2025-01-30 16:00:00,105563.99,106013.01,104762.59,105711.27
2025-01-30 20:00:00,105711.28,105821.62,104693.82,104722.94
2025-01-31 00:00:00,104722.94,105029.72,103930.09,104344.46
2025-01-31 04:00:00,104344.46,104814.46,103972.13,104188.56
2025-01-31 08:00:00,104188.57,104848.65,103936.54,104736.0
2025-01-31 12:00:00,104736.01,106012.0,104106.0,105464.01
2025-01-31 16:00:00,105464.0,105574.4,102122.0,102312.32
2025-01-31 20:00:00,102312.31,102482.94,101560.0,102429.56
2025-02-01 00:00:00,102429.56,102783.71,102198.52,102249.19
2025-02-01 04:00:00,102249.19,102588.57,102118.56,102166.49
2025-02-01 08:00:00,102166.49,102276.99,101412.0,102028.81
2025-02-01 12:00:00,102028.82,102329.01,101730.79,102073.89
2025-02-01 16:00:00,102073.89,102297.99,101448.0,101669.6
2025-02-01 20:00:00,101669.6,101669.6,100279.51,100635.65
2025-02-02 00:00:00,100635.66,101456.6,99148.91,99206.86
2025-02-02 04:00:00,99206.85,100515.99,99031.19,99643.3
2025-02-02 08:00:00,99643.3,100100.0,98645.0,98864.6
2025-02-02 12:00:00,98864.6,99439.05,98157.0,99346.87
2025-02-02 16:00:00,99346.87,99361.97,96821.54,98273.16
2025-02-02 20:00:00,98273.17,98628.74,96150.0,97700.59
2025-02-03 00:00:00,97700.59,97782.79,91231.0,94038.74
2025-02-03 04:00:00,94038.75,95426.63,92646.36,95333.01
2025-02-03 08:00:00,95333.01,95950.68,94799.29,95107.89
2025-02-03 12:00:00,95107.89,99500.0,94131.14,98842.0
2025-02-03 16:00:00,98842.0,101880.0,98038.58,101880.0
2025-02-03 20:00:00,101879.99,102500.01,100918.0,101328.52
2025-02-04 00:00:00,101328.51,101732.31,100534.03,100629.7
2025-02-04 04:00:00,100629.7,100764.11,98229.82,98448.02
2025-02-04 08:00:00,98448.01,99445.17,97860.0,98967.7
2025-02-04 12:00:00,98967.7,100415.0,98275.98,99347.19
2025-02-04 16:00:00,99347.18,100777.93,98778.58,98859.77
2025-02-04 20:00:00,98859.78,99444.02,96150.0,97763.13
2025-02-05 00:00:00,97763.14,98930.44,97131.43,98040.0
2025-02-05 04:00:00,98040.01,98332.41,97352.77,97864.43
2025-02-05 08:00:00,97864.43,98256.0,97257.05,98198.0
2025-02-05 12:00:00,98198.0,99149.0,97734.69,98116.24
2025-02-05 16:00:00,98116.24,98277.02,96500.0,97370.0
2025-02-05 20:00:00,97370.0,97706.37,96155.0,96612.43
2025-02-06 00:00:00,96612.44,97493.07,96430.78,97355.67
2025-02-06 04:00:00,97355.66,98436.61,97273.71,98195.61
2025-02-06 08:00:00,98195.6,99120.0,97910.01,98877.99
2025-02-06 12:00:00,98877.99,99040.09,96930.17,97333.09
2025-02-06 16:00:00,97333.09,97547.71,95676.64,95983.0
2025-02-06 20:00:00,95982.99,97093.5,95800.0,96554.35
2025-02-07 00:00:00,96554.35,97805.6,96409.65,97444.04
2025-02-07 04:00:00,97444.04,97883.12,96566.0,96757.05
2025-02-07 08:00:00,96757.04,97750.0,96613.24,97750.0
2025-02-07 12:00:00,97749.99,100137.99,97165.51,98283.98
2025-02-07 16:00:00,98283.98,98563.55,96856.78,96898.56
2025-02-07 20:00:00,96898.56,96944.1,95620.34,96506.8
2025-02-08 00:00:00,96506.8,96880.0,96335.42,96699.23
2025-02-08 04:00:00,96699.24,96699.24,95785.09,96209.92
2025-02-08 08:00:00,96209.92,96293.48,95865.71,96120.0
2025-02-08 12:00:00,96120.0,96517.52,95688.0,95843.74
2025-02-08 16:00:00,95843.74,96750.0,95749.88,96579.99
2025-02-08 20:00:00,96579.99,96712.0,96358.5,96444.74
2025-02-09 00:00:00,96444.75,97300.0,96360.14,97300.0
2025-02-09 04:00:00,97299.99,97323.09,96777.77,97057.83
2025-02-09 08:00:00,97057.83,97294.46,96509.96,96554.01
2025-02-09 12:00:00,96554.01,96703.99,95700.0,96488.15
2025-02-09 16:00:00,96488.14,96567.8,95888.88,96064.74
2025-02-09 20:00:00,96064.73,96760.0,94713.0,96462.75
2025-02-10 00:00:00,96462.75,97131.47,95256.0,96814.98
2025-02-10 04:00:00,96814.97,97640.02,96632.81,97429.83
2025-02-10 08:00:00,97429.83,97954.69,97358.79,97661.16
2025-02-10 12:00:00,97661.15,98345.0,96866.66,97218.69
2025-02-10 16:00:00,97218.68,97643.29,96866.39,97376.0
2025-02-10 20:00:00,97376.0,97490.71,97128.79,97430.82
2025-02-11 00:00:00,97430.82,98149.92,97416.62,97607.3
2025-02-11 04:00:00,97607.31,98478.42,97558.99,98268.97
2025-02-11 08:00:00,98268.98,98330.0,97885.62,98151.52
2025-02-11 12:00:00,98151.51,98158.89,96595.33,97007.53
2025-02-11 16:00:00,97007.54,97045.53,94876.88,95040.82
2025-02-11 20:00:00,95040.81,96512.7,94928.47,95778.2
2025-02-12 00:00:00,95778.21,96263.99,95100.0,95299.27
2025-02-12 04:00:00,95299.28,96188.68,95267.71,96069.58
2025-02-12 08:00:00,96069.58,96469.78,95913.49,96094.65
2025-02-12 12:00:00,96094.65,96631.66,94088.23,95816.18
2025-02-12 16:00:00,95816.18,97700.0,95120.3,97205.06
2025-02-12 20:00:00,97205.06,98119.99,96854.97,97869.99
2025-02-13 00:00:00,97870.0,98083.91,97367.45,97498.42
2025-02-13 04:00:00,97498.43,97564.83,95800.0,96070.23
2025-02-13 08:00:00,96070.23,96336.0,95599.57,95925.11
2025-02-13 12:00:00,95925.12,96480.06,95336.0,95998.0
2025-02-13 16:00:00,95998.0,96361.58,95217.36,95627.76
2025-02-13 20:00:00,95627.75,96774.71,95600.0,96608.14
2025-02-14 00:00:00,96608.13,97190.0,96356.41,97129.98
2025-02-14 04:00:00,97129.98,97248.6,96561.36,96944.09
2025-02-14 08:00:00,96944.09,97196.0,96799.99,96887.56
2025-02-14 12:00:00,96887.55,97568.28,96252.82,96924.39
2025-02-14 16:00:00,96924.57,98826.0,96494.17,97940.45
2025-02-14 20:00:00,97940.44,98264.85,96697.56,97500.48
2025-02-15 00:00:00,97500.47,97972.26,97223.58,97653.19
2025-02-15 04:00:00,97653.19,97780.73,97345.5,97346.26
2025-02-15 08:00:00,97346.27,97731.09,97301.77,97615.59
2025-02-15 12:00:00,97615.59,97962.51,97426.57,97633.22
2025-02-15 16:00:00,97633.21,97714.39,97304.38,97531.9
2025-02-15 20:00:00,97531.91,97741.35,97414.05,97569.66
2025-02-16 00:00:00,97569.67,97704.47,97411.11,97547.17
2025-02-16 04:00:00,97547.17,97682.04,97212.0,97248.98
2025-02-16 08:00:00,97248.98,97388.89,97061.58,97336.0
2025-02-16 12:00:00,97335.99,97336.0,96645.35,96911.01
2025-02-16 16:00:00,96911.01,97169.15,96609.05,97058.47
2025-02-16 20:00:00,97058.47,97282.38,96046.18,96118.12
2025-02-17 00:00:00,96118.12,96638.05,96023.17,96215.33
2025-02-17 04:00:00,96215.32,96463.2,95800.0,96068.22
2025-02-17 08:00:00,96068.21,96395.68,95937.05,96063.18
2025-02-17 12:00:00,96063.17,97046.59,95564.0,95659.46
2025-02-17 16:00:00,95659.45,95945.49,95205.0,95531.36
2025-02-17 20:00:00,95531.36,96413.43,95488.9,95780.0
2025-02-18 00:00:00,95780.01,96322.97,95538.01,96200.0
2025-02-18 04:00:00,96200.0,96300.73,95254.12,95456.93
2025-02-18 08:00:00,95456.92,95872.17,95050.0,95640.34
2025-02-18 12:00:00,95640.35,96753.91,95200.0,95546.48
2025-02-18 16:00:00,95546.49,95633.15,93388.09,94104.14
2025-02-18 20:00:00,94104.15,95685.0,93730.72,95671.74
2025-02-19 00:00:00,95671.74,95961.54,95055.0,95710.26
2025-02-19 04:00:00,95710.25,95846.15,95029.99,95687.71
2025-02-19 08:00:00,95687.71,96468.99,95616.6,96422.6
2025-02-19 12:00:00,96422.6,96700.0,95536.36,95943.74
2025-02-19 16:00:00,95943.74,96480.0,95407.41,96206.54
2025-02-19 20:00:00,96206.54,96899.99,96058.38,96644.37
2025-02-20 00:00:00,96644.37,97362.83,96415.09,97055.25
2025-02-20 04:00:00,97055.24,97339.11,96781.57,96867.92
2025-02-20 08:00:00,96867.92,97384.03,96801.61,97207.92
2025-02-20 12:00:00,97207.93,98062.15,96799.42,96903.77
2025-02-20 16:00:00,96903.76,98518.0,96888.0,98422.8
2025-02-20 20:00:00,98422.8,98711.36,98000.0,98305.0
2025-02-21 00:00:00,98305.01,98505.0,98084.06,98141.99
2025-02-21 04:00:00,98141.99,98610.17,98117.73,98179.76
2025-02-21 08:00:00,98179.77,98896.81,98111.11,98629.3
2025-02-21 12:00:00,98629.31,99475.0,97177.31,98104.04
2025-02-21 16:00:00,98104.04,98757.0,95247.15,95285.11
2025-02-21 20:00:00,95285.11,96202.68,94871.95,96181.98
2025-02-22 00:00:00,96181.99,96455.97,95770.49,96299.07
2025-02-22 04:00:00,96299.08,96578.99,96273.85,96288.09
2025-02-22 08:00:00,96288.09,96611.53,96151.0,96580.0
2025-02-22 12:00:00,96580.0,96980.0,96485.37,96592.0
2025-02-22 16:00:00,96592.01,96823.53,96345.49,96639.99
2025-02-22 20:00:00,96640.0,96700.0,96472.22,96551.01
2025-02-23 00:00:00,96551.01,96650.0,96355.17,96414.0
2025-02-23 04:00:00,96414.0,96558.01,96143.99,96508.85
2025-02-23 08:00:00,96508.85,96508.86,96083.33,96115.99
2025-02-23 12:00:00,96115.99,96158.5,95414.25,95436.18
2025-02-23 16:00:00,95436.19,95876.0,95227.94,95755.99
2025-02-23 20:00:00,95756.0,96332.44,95522.78,96258.0
2025-02-24 00:00:00,96258.0,96500.0,95311.0,95433.21
2025-02-24 04:00:00,95433.21,95945.0,95078.01,95872.02
2025-02-24 08:00:00,95872.02,96177.18,95355.0,95821.45
2025-02-24 12:00:00,95821.45,96095.32,93817.06,94323.95
2025-02-24 16:00:00,94323.95,95194.59,93666.22,93943.51
2025-02-24 20:00:00,93943.52,94571.43,91349.26,91552.88
2025-02-25 00:00:00,91552.88,92540.69,90912.01,92153.93
2025-02-25 04:00:00,92153.93,92327.88,88200.0,89320.01
2025-02-25 08:00:00,89320.01,90000.0,86888.1,89239.39
2025-02-25 12:00:00,89239.39,89544.4,86050.99,87231.26
2025-02-25 16:00:00,87231.63,88065.45,86157.69,87947.25
2025-02-25 20:00:00,87947.24,89460.17,87622.64,88680.4
2025-02-26 00:00:00,88680.39,89414.15,88148.48,88900.0
2025-02-26 04:00:00,88900.01,89245.29,88392.45,88720.02
2025-02-26 08:00:00,88720.01,89314.45,88138.0,88616.8
2025-02-26 12:00:00,88616.8,88674.0,85418.72,87567.53
2025-02-26 16:00:00,87567.53,87806.62,83418.0,83856.99
2025-02-26 20:00:00,83856.98,85400.0,82256.01,84250.09
2025-02-27 00:00:00,84250.09,85466.55,84026.96,85226.32
2025-02-27 04:00:00,85226.32,86737.0,84694.29,86272.01
2025-02-27 08:00:00,86272.01,87078.46,85846.87,86698.6
2025-02-27 12:00:00,86698.6,86795.9,84640.75,85500.84
2025-02-27 16:00:00,85500.84,85691.51,83614.75,84113.98
2025-02-27 20:00:00,84113.98,84927.84,82716.49,84708.58
2025-02-28 00:00:00,84708.57,84892.85,79532.0,80452.44
2025-02-28 04:00:00,80452.89,80969.69,78820.06,79204.59
2025-02-28 08:00:00,79204.6,80854.46,78258.52,80513.38
2025-02-28 12:00:00,80512.97,84425.89,80075.47,84005.05
2025-02-28 16:00:00,84005.05,85120.0,83196.71,84449.99
2025-02-28 20:00:00,84450.0,84795.03,83600.0,84349.94
2025-03-01 00:00:00,84349.95,85678.11,83824.78,85330.84
2025-03-01 04:00:00,85330.83,86558.0,84740.15,84740.15
2025-03-01 08:00:00,84740.16,85508.79,84382.62,84632.79
2025-03-01 12:00:00,84632.79,84943.08,84334.39,84800.0
2025-03-01 16:00:00,84800.01,85591.84,84700.0,85485.41
2025-03-01 20:00:00,85485.41,86262.74,85285.88,86064.53
2025-03-02 00:00:00,86064.54,86498.0,85611.79,85873.07
2025-03-02 04:00:00,85873.06,86589.97,85531.87,86232.42
2025-03-02 08:00:00,86232.42,86263.23,85633.13,86105.89
2025-03-02 12:00:00,86105.88,88673.09,85050.6,87427.99
2025-03-02 16:00:00,87428.0,95000.0,87278.51,93522.0
2025-03-02 20:00:00,93522.01,94883.51,93502.0,94270.0
2025-03-03 00:00:00,94269.99,94416.46,92433.5,92709.98
2025-03-03 04:00:00,92709.98,93361.46,91181.0,92363.58
2025-03-03 08:00:00,92363.58,92917.99,91142.0,92739.99
2025-03-03 12:00:00,92740.0,93721.37,89117.0,90035.37
2025-03-03 16:00:00,90035.38,91000.0,85555.45,85606.0
2025-03-03 20:00:00,85606.01,87038.46,85117.11,86220.61
2025-03-04 00:00:00,86221.16,86807.98,82464.84,83983.72
2025-03-04 04:00:00,83983.73,84581.6,83140.0,83186.4
2025-03-04 08:00:00,83186.4,84373.84,83040.29,83937.94
2025-03-04 12:00:00,83937.93,84977.65,81500.0,82985.06
2025-03-04 16:00:00,82985.05,88487.91,82013.11,88206.19
2025-03-04 20:00:00,88206.19,88967.52,86582.27,87281.98
2025-03-05 00:00:00,87281.98,87888.88,86334.53,86843.4
2025-03-05 04:00:00,86843.4,87727.27,86722.81,87619.49
2025-03-05 08:00:00,87619.49,90660.0,87600.0,89814.26
2025-03-05 12:00:00,89814.26,90933.82,87926.06,88344.25
2025-03-05 16:00:00,88344.25,90475.3,87600.0,89750.0
2025-03-05 20:00:00,89750.0,91000.0,89677.8,90606.01
2025-03-06 00:00:00,90606.0,92025.0,89986.73,91605.01
2025-03-06 04:00:00,91605.02,92810.64,91265.96,91346.48
2025-03-06 08:00:00,91346.49,91667.5,90613.17,91350.0
2025-03-06 12:00:00,91350.0,91457.03,89117.68,90820.69
2025-03-06 16:00:00,90820.69,91066.44,87836.0,88526.18
2025-03-06 20:00:00,88526.23,90781.2,88461.22,89931.89
2025-03-07 00:00:00,89931.88,91283.02,84667.03,86991.25
2025-03-07 04:00:00,86991.26,88612.96,86857.14,88365.18
2025-03-07 08:00:00,88365.19,89704.0,87985.3,88966.96
2025-03-07 12:00:00,88966.96,91100.0,88022.47,88457.99
2025-03-07 16:00:00,88457.99,89023.41,86554.77,87820.1
2025-03-07 20:00:00,87820.09,88511.0,85573.07,86801.75
2025-03-08 00:00:00,86801.74,86897.25,85218.47,85919.12
2025-03-08 04:00:00,85919.12,86662.0,85653.66,86197.14
2025-03-08 08:00:00,86197.14,86450.01,85762.72,85955.88
2025-03-08 12:00:00,85955.89,86627.51,85808.82,86400.0
2025-03-08 16:00:00,86400.0,86500.0,85661.76,86233.52
2025-03-08 20:00:00,86233.52,86500.0,85852.12,86222.45
2025-03-09 00:00:00,86222.46,86500.0,85939.85,86115.71
2025-03-09 04:00:00,86115.71,86158.83,85809.48,86004.61
2025-03-09 08:00:00,86004.61,86098.0,84625.01,85024.01
2025-03-09 12:00:00,85024.0,85058.34,82711.5,83080.41
2025-03-09 16:00:00,83080.4,83758.22,82223.0,82640.86
2025-03-09 20:00:00,82640.86,83539.66,80000.0,80734.37
2025-03-10 00:00:00,80734.48,82744.0,80037.62,82047.49
2025-03-10 04:00:00,82047.49,82797.95,81977.27,82318.77
2025-03-10 08:00:00,82318.78,84123.46,81151.0,83582.0
2025-03-10 12:00:00,83582.0,83771.94,79177.03,80043.85
2025-03-10 16:00:00,80043.84,80250.0,77459.91,79060.84
2025-03-10 20:00:00,79060.84,79886.03,78409.4,78595.86
2025-03-11 00:00:00,78595.86,79938.27,76606.0,79522.29
2025-03-11 04:00:00,79522.29,80614.89,79439.9,80424.95
2025-03-11 08:00:00,80424.94,82092.34,80325.22,81720.34
2025-03-11 12:00:00,81720.33,82225.21,79058.0,81232.24
2025-03-11 16:00:00,81232.23,83617.4,80609.96,83104.01
2025-03-11 20:00:00,83104.01,83306.87,82550.52,82932.99
2025-03-12 00:00:00,82932.99,83783.26,82100.61,82127.72
2025-03-12 04:00:00,82127.73,82541.47,81296.0,82447.79
2025-03-12 08:00:00,82447.78,83076.79,82000.29,83004.45
2025-03-12 12:00:00,83004.45,84539.85,80607.65,81738.97
2025-03-12 16:00:00,81738.97,83165.46,81626.64,82915.93
2025-03-12 20:00:00,82915.94,83887.26,82709.36,83680.12
2025-03-13 00:00:00,83680.12,84336.33,83312.92,83577.14
2025-03-13 04:00:00,83577.14,83709.03,82851.0,83151.99
2025-03-13 08:00:00,83152.0,83522.61,82400.04,82975.86
2025-03-13 12:00:00,82975.86,83900.0,80954.29,81044.72
2025-03-13 16:00:00,81044.72,81264.73,79939.9,80211.4
2025-03-13 20:00:00,80210.4,81484.23,80189.89,81115.78
2025-03-14 00:00:00,81115.78,82270.51,80818.84,81888.77
2025-03-14 04:00:00,81888.77,82454.5,81780.08,82170.85
2025-03-14 08:00:00,82170.84,83348.46,82170.84,83253.15
2025-03-14 12:00:00,83253.15,85309.71,82640.59,84724.58
2025-03-14 16:00:00,84724.58,84950.0,83949.19,84554.0
2025-03-14 20:00:00,84554.0,84554.01,83717.69,83983.2
2025-03-15 00:00:00,83983.19,84676.28,83964.57,84491.99
2025-03-15 04:00:00,84492.0,84559.0,83791.09,83827.31
2025-03-15 08:00:00,83827.32,84184.58,83618.0,84103.74
2025-03-15 12:00:00,84103.74,84499.74,84010.58,84346.02
2025-03-15 16:00:00,84346.03,84498.72,84076.92,84299.98
2025-03-15 20:00:00,84299.99,84467.7,84237.58,84338.44
2025-03-16 00:00:00,84338.44,84393.72,83733.86,84332.34
2025-03-16 04:00:00,84332.35,84418.0,83972.57,84273.96
2025-03-16 08:00:00,84273.95,84335.43,82381.46,82410.02
2025-03-16 12:00:00,82410.01,83508.95,82400.0,83320.83
2025-03-16 16:00:00,83320.83,85117.04,82562.36,83098.47
2025-03-16 20:00:00,83098.47,83453.01,81981.12,82574.53
2025-03-17 00:00:00,82574.52,83725.39,82523.0,83675.65
2025-03-17 04:00:00,83675.64,83869.77,82682.62,83567.87
2025-03-17 08:00:00,83567.88,83783.02,83220.11,83514.73
2025-03-17 12:00:00,83514.73,84000.0,82456.0,83531.06
2025-03-17 16:00:00,83531.07,84756.83,83103.6,84482.55
2025-03-17 20:00:00,84482.55,84506.8,83746.12,84010.03
2025-03-18 00:00:00,84010.02,84021.74,82960.0,83147.6
2025-03-18 04:00:00,83147.6,83280.0,82244.68,83163.81
2025-03-18 08:00:00,83163.81,83452.3,82500.0,82581.1
2025-03-18 12:00:00,82581.09,82821.6,81134.66,81610.21
2025-03-18 16:00:00,81610.22,82476.26,81245.65,82317.21
2025-03-18 20:00:00,82317.2,82810.95,81870.23,82715.03
2025-03-19 00:00:00,82715.03,83280.0,82547.16,83037.17
2025-03-19 04:00:00,83037.17,83364.16,82792.91,83190.0
2025-03-19 08:00:00,83190.0,84119.09,83178.74,83881.4
2025-03-19 12:00:00,83881.4,84888.0,83510.21,84733.05
2025-03-19 16:00:00,84733.05,85950.0,83578.32,85433.38
2025-03-19 20:00:00,85433.38,87000.0,85200.1,86845.94
2025-03-20 00:00:00,86845.93,87453.67,85619.56,85891.02
2025-03-20 04:00:00,85891.01,86013.05,85430.38,85816.39
2025-03-20 08:00:00,85816.39,86300.0,84755.14,85502.17
2025-03-20 12:00:00,85502.16,86532.04,84565.16,84691.76
2025-03-20 16:00:00,84691.27,84908.0,83655.23,84174.79
2025-03-20 20:00:00,84176.87,84609.21,83922.01,84223.39
2025-03-21 00:00:00,84223.38,84850.33,84180.09,84451.96
2025-03-21 04:00:00,84451.97,84798.93,83700.47,83937.98
2025-03-21 08:00:00,83937.99,84337.66,83732.09,84046.52
2025-03-21 12:00:00,84046.52,84358.51,83175.25,83565.48
2025-03-21 16:00:00,83565.47,84435.87,83379.0,83956.36
2025-03-21 20:00:00,83956.35,84584.0,83813.21,84088.79
2025-03-22 00:00:00,84088.79,84338.98,83989.58,84256.74
2025-03-22 04:00:00,84256.73,84429.09,84153.21,84274.72
2025-03-22 08:00:00,84274.71,84539.17,84109.0,84239.25
2025-03-22 12:00:00,84239.24,84296.39,83975.42,84109.09
2025-03-22 16:00:00,84109.08,84320.0,84063.53,84171.59
2025-03-22 20:00:00,84171.59,84204.19,83625.1,83840.59
2025-03-23 00:00:00,83840.59,84277.07,83809.75,84224.39
2025-03-23 04:00:00,84224.39,84328.24,84070.22,84279.82
2025-03-23 08:00:00,84279.82,85027.32,84263.05,84679.99
2025-03-23 12:00:00,84680.0,85254.17,84573.4,85189.41
2025-03-23 16:00:00,85189.41,85413.05,84800.0,85011.19
2025-03-23 20:00:00,85011.2,86129.64,84923.91,86082.5
2025-03-24 00:00:00,86082.5,86641.13,85519.09,86532.07
2025-03-24 04:00:00,86532.07,87300.0,86532.06,86874.52
2025-03-24 08:00:00,86874.52,87909.99,86838.76,87689.52
2025-03-24 12:00:00,87689.52,88765.43,87138.6,88350.01
2025-03-24 16:00:00,88350.01,88536.0,87690.59,88222.0
2025-03-24 20:00:00,88222.01,88481.14,87050.6,87498.16
2025-03-25 00:00:00,87498.16,87679.25,86330.66,86520.88
2025-03-25 04:00:00,86520.89,86879.77,86310.0,86436.82
2025-03-25 08:00:00,86436.82,87500.0,86406.49,87370.43
2025-03-25 12:00:00,87370.44,88258.8,86929.46,87774.37
2025-03-25 16:00:00,87774.37,88321.27,87588.59,88116.23
2025-03-25 20:00:00,88116.23,88539.63,87132.65,87392.87
2025-03-26 00:00:00,87392.88,87892.14,87030.56,87153.51
2025-03-26 04:00:00,87153.5,88275.0,87052.0,88140.45
2025-03-26 08:00:00,88140.45,88259.81,87837.49,87954.96
2025-03-26 12:00:00,87954.97,88000.0,86434.36,86752.52
2025-03-26 16:00:00,86752.52,87058.4,85860.0,86567.19
2025-03-26 20:00:00,86567.18,87404.34,86520.1,86909.17
2025-03-27 00:00:00,86909.17,87756.39,86796.26,87670.18
2025-03-27 04:00:00,87670.17,87691.34,87249.68,87399.99
2025-03-27 08:00:00,87399.99,87597.6,86787.0,86943.52
2025-03-27 12:00:00,86943.51,87575.0,85800.0,86974.07
2025-03-27 16:00:00,86974.07,87429.21,86796.0,87060.41
2025-03-27 20:00:00,87060.4,87728.27,86943.04,87232.01
2025-03-28 00:00:00,87232.01,87515.67,86750.0,86787.16
2025-03-28 04:00:00,86787.17,86832.64,85162.48,85212.99
2025-03-28 08:00:00,85212.98,85441.25,84800.0,85255.26
2025-03-28 12:00:00,85255.25,85609.74,83953.86,84051.16
2025-03-28 16:00:00,84051.15,84217.61,83585.0,83790.73
2025-03-28 20:00:00,83790.74,84538.69,83697.83,84424.38
2025-03-29 00:00:00,84424.38,84624.73,83709.67,84166.3
2025-03-29 04:00:00,84166.3,84258.45,83662.86,83731.82
2025-03-29 08:00:00,83731.83,83947.42,82007.0,82293.56
2025-03-29 12:00:00,82293.56,82882.01,82145.22,82414.23
2025-03-29 16:00:00,82414.22,82758.41,81644.81,82758.4
2025-03-29 20:00:00,82758.4,82787.29,82258.86,82648.54
2025-03-30 00:00:00,82648.53,83503.53,82500.0,83088.81
2025-03-30 04:00:00,83088.82,83321.16,82868.96,83076.59
2025-03-30 08:00:00,83076.58,83534.64,82975.36,83111.76
2025-03-30 12:00:00,83111.76,83268.05,82543.83,82729.57
2025-03-30 16:00:00,82729.57,82908.11,82050.4,82548.81
2025-03-30 20:00:00,82548.8,82757.7,81565.0,82389.99
2025-03-31 00:00:00,82390.0,82444.89,81278.52,81530.0
2025-03-31 04:00:00,81530.0,82305.57,81400.0,81933.51
2025-03-31 08:00:00,81933.51,82272.0,81290.88,82205.51
2025-03-31 12:00:00,82205.5,83943.08,81656.0,83418.78
2025-03-31 16:00:00,83418.78,83694.29,82400.0,82462.27
2025-03-31 20:00:00,82462.26,82886.8,82265.1,82550.01
2025-04-01 00:00:00,82550.0,83256.8,82432.74,82962.84
2025-04-01 04:00:00,82962.84,83597.07,82886.87,83445.5
2025-04-01 08:00:00,83445.5,84504.74,83410.0,83930.3
2025-04-01 12:00:00,83930.31,85499.55,82544.0,85280.87
2025-04-01 16:00:00,85280.88,85493.0,84720.0,84972.01
2025-04-01 20:00:00,84972.0,85579.46,84773.58,85158.34
2025-04-02 00:00:00,85158.35,85255.95,84504.21,84550.0
2025-04-02 04:00:00,84550.0,84726.42,83904.72,84426.33
2025-04-02 08:00:00,84426.32,85450.0,84262.73,84566.91
2025-04-02 12:00:00,84566.91,87333.0,84462.69,86757.67
2025-04-02 16:00:00,86757.67,87333.0,86186.19,86900.02
2025-04-02 20:00:00,86900.01,88500.0,82320.0,82516.29
2025-04-03 00:00:00,82516.28,83998.02,82175.98,83483.97
2025-04-03 04:00:00,83483.97,83735.85,83000.0,83456.75
2025-04-03 08:00:00,83456.76,83788.23,83047.0,83096.01
2025-04-03 12:00:00,83096.01,83147.95,81211.24,82039.31
2025-04-03 16:00:00,82039.32,82448.21,81540.0,82008.7
2025-04-03 20:00:00,82009.76,83332.2,81800.0,83213.09
2025-04-04 00:00:00,83213.09,83413.46,82577.63,82818.52
2025-04-04 04:00:00,82818.53,84000.0,82615.36,83992.85
2025-04-04 08:00:00,83992.85,84720.0,81659.0,82680.45
2025-04-04 12:00:00,82680.44,83716.0,81849.05,82860.0
2025-04-04 16:00:00,82860.0,84620.01,82736.0,84009.99
2025-04-04 20:00:00,84010.0,84450.0,83492.95,83889.87
2025-04-05 00:00:00,83889.87,84266.0,83395.46,83624.01
2025-04-05 04:00:00,83624.01,83868.0,83297.66,83525.34
2025-04-05 08:00:00,83525.33,83894.7,83359.64,83452.69
2025-04-05 12:00:00,83452.69,83550.68,82379.95,82618.26
2025-04-05 16:00:00,82618.25,83146.0,82607.05,82860.0
2025-04-05 20:00:00,82859.99,83688.0,82833.0,83537.99
2025-04-06 00:00:00,83537.99,83817.63,83163.45,83344.14
2025-04-06 04:00:00,83344.14,83533.01,83024.96,83024.96
2025-04-06 08:00:00,83024.97,83172.0,82666.0,82855.99
2025-04-06 12:00:00,82855.99,82981.14,82217.83,82548.36
2025-04-06 16:00:00,82548.36,82554.15,78694.99,79614.35
2025-04-06 20:00:00,79614.34,79890.16,77153.83,78430.0
2025-04-07 00:00:00,78430.0,79347.46,77354.0,77707.77
2025-04-07 04:00:00,77707.78,77984.0,74508.0,75126.01
2025-04-07 08:00:00,75126.01,77577.88,75085.74,76685.62
2025-04-07 12:00:00,76685.62,81243.58,75789.01,78479.9
2025-04-07 16:00:00,78479.91,79365.46,77313.2,78130.44
2025-04-07 20:00:00,78130.43,80218.88,78102.91,79163.24
2025-04-08 00:00:00,79163.24,80867.99,78772.14,79904.0
2025-04-08 04:00:00,79904.0,80413.49,79219.9,79496.0
2025-04-08 08:00:00,79496.01,80077.65,78819.65,79982.0
2025-04-08 12:00:00,79982.0,80375.0,78175.14,78497.99
2025-04-08 16:00:00,78498.0,78522.72,76334.65,76854.05
2025-04-08 20:00:00,76854.05,77285.5,76239.9,76322.42
2025-04-09 00:00:00,76322.42,76868.28,74620.0,75073.33
2025-04-09 04:00:00,75073.34,77979.3,75000.0,77694.12
2025-04-09 08:00:00,77694.12,77880.0,75756.86,76230.01
2025-04-09 12:00:00,76230.01,78318.46,76010.21,77258.0
2025-04-09 16:00:00,77258.01,82990.0,77136.0,82332.08
2025-04-09 20:00:00,82332.08,83588.0,81987.89,82615.22
2025-04-10 00:00:00,82615.22,82753.21,81472.84,81775.2
2025-04-10 04:00:00,81775.2,82344.3,81292.99,81595.81
2025-04-10 08:00:00,81595.81,82130.43,81349.0,81882.01
2025-04-10 12:00:00,81882.0,82466.35,78606.06,78757.0
2025-04-10 16:00:00,78757.24,80058.96,78464.36,79649.34
2025-04-10 20:00:00,79647.37,80035.54,79377.04,79607.3
2025-04-11 00:00:00,79607.3,80906.63,78969.58,80842.99
2025-04-11 04:00:00,80843.0,81440.73,80512.22,81266.76
2025-04-11 08:00:00,81266.76,82985.71,80782.43,82129.67
2025-04-11 12:00:00,82129.67,83333.0,81341.22,82521.74
2025-04-11 16:00:00,82521.74,84220.0,82015.08,83858.28
2025-04-11 20:00:00,83858.28,84300.0,83162.0,83423.84
2025-04-12 00:00:00,83423.83,83572.0,82792.95,82973.13
2025-04-12 04:00:00,82973.14,83830.62,82856.86,83724.92
2025-04-12 08:00:00,83724.92,84031.87,83305.91,83528.3
2025-04-12 12:00:00,83528.3,85402.9,83474.94,85008.4
2025-04-12 16:00:00,85008.4,85258.29,84421.95,84943.4
2025-04-12 20:00:00,84943.39,85905.0,84877.61,85276.9
2025-04-13 00:00:00,85276.91,86100.0,84724.91,85432.31
2025-04-13 04:00:00,85432.31,85436.68,84399.42,84413.1
2025-04-13 08:00:00,84413.1,84949.86,84216.15,84528.66
2025-04-13 12:00:00,84528.66,84700.0,83480.67,83849.66
2025-04-13 16:00:00,83849.66,84990.22,83050.0,83981.31
2025-04-13 20:00:00,83981.32,84446.31,83034.23,83760.0
2025-04-14 00:00:00,83760.0,85544.3,83678.0,84566.03
2025-04-14 04:00:00,84566.04,85110.0,84211.06,84580.76
2025-04-14 08:00:00,84580.77,84965.34,84250.0,84927.55
2025-04-14 12:00:00,84927.56,85799.99,83709.25,84101.16
2025-04-14 16:00:00,84101.16,85208.1,83863.63,84923.07
2025-04-14 20:00:00,84923.07,84971.7,84424.52,84591.58
2025-04-15 00:00:00,84591.58,85415.1,84347.97,85379.96
2025-04-15 04:00:00,85379.97,85879.1,85157.6,85716.77
2025-04-15 08:00:00,85716.77,86000.0,85351.0,85589.23
2025-04-15 12:00:00,85589.23,86496.42,84623.73,84918.14
2025-04-15 16:00:00,84918.15,85146.55,83921.19,83998.52
2025-04-15 20:00:00,83998.51,84235.85,83600.0,83643.99
2025-04-16 00:00:00,83643.99,83960.0,83111.64,83695.66
2025-04-16 04:00:00,83695.66,83814.0,83212.64,83363.17
2025-04-16 08:00:00,83363.17,84127.05,83140.89,84048.11
2025-04-16 12:00:00,84048.36,85270.27,83512.2,84846.58
2025-04-16 16:00:00,84846.58,85500.0,83275.0,84334.01
2025-04-16 20:00:00,84334.0,84679.53,84024.0,84030.38
2025-04-17 00:00:00,84030.38,84496.0,83814.48,83994.23
2025-04-17 04:00:00,83994.23,85053.38,83900.0,84669.98
2025-04-17 08:00:00,84669.98,84764.44,84191.17,84562.0
2025-04-17 12:00:00,84562.0,84862.93,83736.26,84531.71
2025-04-17 16:00:00,84531.72,85470.01,84393.59,84849.06
2025-04-17 20:00:00,84849.05,85140.0,84720.21,84947.91
2025-04-18 00:00:00,84947.92,85132.08,84724.6,84828.0
2025-04-18 04:00:00,84827.99,84838.52,84413.23,84654.68
2025-04-18 08:00:00,84654.68,84764.0,84472.25,84669.11
2025-04-18 12:00:00,84669.11,84769.95,84338.0,84374.59
2025-04-18 16:00:00,84374.6,84649.99,84303.96,84562.83
2025-04-18 20:00:00,84562.83,84684.49,84342.15,84474.69
2025-04-19 00:00:00,84474.7,84986.76,84364.45,84883.71
2025-04-19 04:00:00,84883.72,85300.0,84883.71,85217.39
2025-04-19 08:00:00,85217.38,85436.72,85115.45,85217.4
2025-04-19 12:00:00,85217.4,85677.99,85070.0,85191.19
2025-04-19 16:00:00,85191.18,85330.06,84694.49,85085.55
2025-04-19 20:00:00,85085.56,85367.93,85015.63,85077.01
2025-04-20 00:00:00,85077.0,85320.76,85050.27,85168.81
2025-04-20 04:00:00,85168.82,85248.0,84678.18,84784.01
2025-04-20 08:00:00,84784.01,84785.0,83949.52,84129.83
2025-04-20 12:00:00,84129.82,84664.0,84099.3,84344.66
2025-04-20 16:00:00,84344.65,84664.09,84272.74,84651.61
2025-04-20 20:00:00,84651.61,85298.0,84616.73,85179.24
2025-04-21 00:00:00,85179.24,87640.0,85144.76,87205.56
2025-04-21 04:00:00,87205.56,87738.0,87038.0,87434.78
2025-04-21 08:00:00,87434.79,87795.26,86644.29,86971.92
2025-04-21 12:00:00,86971.92,88465.99,86779.97,88044.8
2025-04-21 16:00:00,88044.81,88270.88,86389.78,87415.1
2025-04-21 20:00:00,87415.09,87625.68,86887.15,87516.23
2025-04-22 00:00:00,87516.22,88877.0,87076.03,88157.55
2025-04-22 04:00:00,88157.55,88486.0,87953.86,88476.83
2025-04-22 08:00:00,88476.82,88701.93,88241.33,88614.1
2025-04-22 12:00:00,88614.09,91439.46,88482.0,90934.61
2025-04-22 16:00:00,90934.61,91695.0,90624.03,91414.79
2025-04-22 20:00:00,91414.78,93888.0,91060.0,93442.99
2025-04-23 00:00:00,93442.99,93909.05,92580.18,93168.91
2025-04-23 04:00:00,93168.91,94264.0,93017.46,94133.82
2025-04-23 08:00:00,94133.82,94521.79,93324.45,93466.01
2025-04-23 12:00:00,93466.01,94696.05,91935.41,93195.28
2025-04-23 16:00:00,93195.28,94219.93,92913.04,93497.88
2025-04-23 20:00:00,93497.88,93917.53,93238.1,93691.08
2025-04-24 00:00:00,93691.07,93787.65,92650.0,92673.95
2025-04-24 04:00:00,92673.95,92903.94,92101.63,92203.55
2025-04-24 08:00:00,92203.54,92657.69,91660.01,92619.94
2025-04-24 12:00:00,92619.94,93450.0,92434.78,93202.51
2025-04-24 16:00:00,93202.52,93649.56,92666.62,93556.12
2025-04-24 20:00:00,93556.12,94005.0,93024.0,93980.47
2025-04-25 00:00:00,93980.47,94444.0,92855.96,93311.83
2025-04-25 04:00:00,93311.83,93860.0,93013.56,93772.26
2025-04-25 08:00:00,93772.27,94660.0,93539.82,94635.67
2025-04-25 12:00:00,94635.67,95758.04,93929.41,95061.22
2025-04-25 16:00:00,95061.21,95554.99,94370.35,95291.0
2025-04-25 20:00:00,95291.0,95345.45,94441.61,94638.68
2025-04-26 00:00:00,94638.68,95199.0,94527.84,94739.99
2025-04-26 04:00:00,94739.99,94830.93,94380.72,94570.31
2025-04-26 08:00:00,94570.31,94733.54,93990.6,94144.06
2025-04-26 12:00:00,94144.07,94394.0,93870.69,94373.24
2025-04-26 16:00:00,94373.24,94378.87,94041.0,94307.5
2025-04-26 20:00:00,94307.51,94888.0,94087.0,94628.0
2025-04-27 00:00:00,94628.0,95369.0,94041.6,94156.21
2025-04-27 04:00:00,94156.22,94288.65,93655.0,94065.98
2025-04-27 08:00:00,94065.99,94331.85,93883.81,93920.01
2025-04-27 12:00:00,93920.0,94173.91,93602.58,93901.08
2025-04-27 16:00:00,93901.09,94434.79,93727.08,94433.5
2025-04-27 20:00:00,94433.49,94545.45,93641.7,93749.3
2025-04-28 00:00:00,93749.29,93987.3,92800.01,93849.93
2025-04-28 04:00:00,93849.93,94800.0,93849.93,94692.49
2025-04-28 08:00:00,94692.49,95550.0,94339.48,95319.99
2025-04-28 12:00:00,95319.99,95630.0,93583.9,93833.51
2025-04-28 16:00:00,93833.5,94920.0,93444.0,94787.2
2025-04-28 20:00:00,94786.73,95180.0,94305.95,95011.18
2025-04-29 00:00:00,95011.18,95461.53,94443.7,94658.76
2025-04-29 04:00:00,94658.75,94960.0,94200.0,94917.61
2025-04-29 08:00:00,94917.61,95285.71,94743.01,95129.74
2025-04-29 12:00:00,95129.74,95300.0,94531.85,94843.1
2025-04-29 16:00:00,94843.1,95459.99,94658.99,95300.79
2025-04-29 20:00:00,95300.79,95408.0,93742.54,94256.82
2025-04-30 00:00:00,94256.82,95111.01,94136.48,95032.84
2025-04-30 04:00:00,95032.84,95180.0,94500.0,94620.99
2025-04-30 08:00:00,94620.99,95228.45,94527.58,95176.66
2025-04-30 12:00:00,95176.66,95214.9,92910.0,94004.63
2025-04-30 16:00:00,94004.63,94500.0,93528.71,94152.01
2025-04-30 20:00:00,94152.01,94784.1,94005.0,94172.0
2025-05-01 00:00:00,94172.0,95040.3,94130.43,94782.6
2025-05-01 04:00:00,94782.6,95180.0,94714.38,95025.84
2025-05-01 08:00:00,95025.84,96396.31,94913.04,96180.01
2025-05-01 12:00:00,96180.01,97424.02,95769.66,96854.3
2025-05-01 16:00:00,96854.31,97367.26,96424.44,96523.26
2025-05-01 20:00:00,96523.26,96885.77,96184.19,96489.91
2025-05-02 00:00:00,96489.9,97233.1,96466.21,97102.32
2025-05-02 04:00:00,97102.32,97309.78,96350.0,96350.0
2025-05-02 08:00:00,96350.01,97100.0,96350.0,96928.97
2025-05-02 12:00:00,96928.97,97895.68,96650.94,97330.19
2025-05-02 16:00:00,97330.19,97783.02,96769.84,96924.23
2025-05-02 20:00:00,96924.23,97136.0,96561.57,96887.14
2025-05-03 00:00:00,96887.13,96935.67,96300.02,96337.5
2025-05-03 04:00:00,96337.5,96593.0,96132.67,96322.68
2025-05-03 08:00:00,96322.68,96421.91,95852.29,95942.02
2025-05-03 12:00:00,95942.01,96509.44,95880.65,96418.68
2025-05-03 16:00:00,96418.68,96428.33,95869.68,96354.34
2025-05-03 20:00:00,96354.34,96441.49,95753.01,95856.42
2025-05-04 00:00:00,95856.42,96304.48,95588.0,95722.23
2025-05-04 04:00:00,95722.22,96142.86,95692.7,95879.99
2025-05-04 08:00:00,95879.99,95923.54,95286.78,95423.2
2025-05-04 12:00:00,95423.19,95690.48,95209.07,95467.6
2025-05-04 16:00:00,95467.6,95640.98,95239.33,95584.07
2025-05-04 20:00:00,95584.07,95758.08,94151.38,94277.62
2025-05-05 00:00:00,94277.61,94808.4,93514.1,94031.47
2025-05-05 04:00:00,94031.47,94825.46,94020.66,94761.91
2025-05-05 08:00:00,94761.91,94798.01,93888.0,94038.18
2025-05-05 12:00:00,94038.19,94531.74,93613.66,93770.31
2025-05-05 16:00:00,93770.32,94900.0,93759.63,94347.17
2025-05-05 20:00:00,94347.16,95199.0,93876.0,94733.68
2025-05-06 00:00:00,94733.68,94926.99,94012.78,94454.01
2025-05-06 04:00:00,94454.01,94638.01,94308.63,94400.99
2025-05-06 08:00:00,94400.98,94400.99,93720.63,93812.54
2025-05-06 12:00:00,93812.53,94733.38,93377.0,94558.95
2025-05-06 16:00:00,94558.94,95157.0,94216.0,94963.5
2025-05-06 20:00:00,94963.5,96920.65,94452.75,96834.02
2025-05-07 00:00:00,96834.02,97732.0,96208.1,96506.9
2025-05-07 04:00:00,96506.9,97013.53,96310.89,96994.82
2025-05-07 08:00:00,96994.82,97111.0,96833.33,97047.43
2025-05-07 12:00:00,97047.43,97478.27,96713.14,96923.91
2025-05-07 16:00:00,96923.91,96961.04,95784.61,96180.01
2025-05-07 20:00:00,96180.0,97390.0,96076.92,97030.5
2025-05-08 00:00:00,97030.5,99222.22,96876.29,99152.79
2025-05-08 04:00:00,99152.79,99419.0,98723.25,99252.34
2025-05-08 08:00:00,99252.34,99888.0,99209.04,99409.14
2025-05-08 12:00:00,99409.15,101525.03,99090.66,100758.08
2025-05-08 16:00:00,100758.08,101707.02,100596.0,101299.99
2025-05-08 20:00:00,101300.0,104145.76,101285.71,103261.6
2025-05-09 00:00:00,103261.61,103268.44,102364.0,102451.04
2025-05-09 04:00:00,102451.04,104361.3,102374.03,103628.77
2025-05-09 08:00:00,103628.76,103930.0,102421.0,102958.31
2025-05-09 12:00:00,102958.31,103793.66,102411.99,102895.99
2025-05-09 16:00:00,102895.99,103370.54,102315.14,103189.17
2025-05-09 20:00:00,103189.17,103408.0,102727.25,102971.99
2025-05-10 00:00:00,102971.99,103265.82,102818.76,103226.24
2025-05-10 04:00:00,103226.25,104100.0,103034.5,103759.71
2025-05-10 08:00:00,103759.71,104079.37,103366.0,103434.94
2025-05-10 12:00:00,103434.94,103825.4,103100.0,103138.77
2025-05-10 16:00:00,103138.76,103619.68,103005.33,103191.35
2025-05-10 20:00:00,103191.35,104984.57,103068.87,104809.53
2025-05-11 00:00:00,104809.53,104972.0,103466.05,104007.03
2025-05-11 04:00:00,104007.03,104400.0,103345.06,103385.47
2025-05-11 08:00:00,103385.46,104777.0,103380.95,104652.01
2025-05-11 12:00:00,104652.01,104888.0,103775.91,104150.0
2025-05-11 16:00:00,104150.0,104832.82,103750.0,104420.0
2025-05-11 20:00:00,104420.0,104578.62,103569.77,104118.0
2025-05-12 00:00:00,104118.0,105086.42,103702.15,104100.13
2025-05-12 04:00:00,104100.13,105819.45,103750.0,104467.99
2025-05-12 08:00:00,104467.99,104736.45,103625.0,103762.9
2025-05-12 12:00:00,103762.89,104629.96,102388.0,102527.26
2025-05-12 16:00:00,102527.27,103088.88,100718.37,101860.0
2025-05-12 20:00:00,101859.99,103127.92,101770.2,102791.32
2025-05-13 00:00:00,102791.32,102791.32,101429.7,101719.4
2025-05-13 04:00:00,101719.4,102943.28,101610.56,102665.5
2025-05-13 08:00:00,102665.5,103822.03,102540.18,103729.2
2025-05-13 12:00:00,103729.2,103966.0,102811.32,103682.55
2025-05-13 16:00:00,103682.54,104976.25,103532.18,104792.22
2025-05-13 20:00:00,104792.21,104928.0,103869.01,104103.72
2025-05-14 00:00:00,104103.72,104115.86,103453.26,103587.44
2025-05-14 04:00:00,103587.44,103971.0,103381.02,103716.55
2025-05-14 08:00:00,103716.55,104145.0,102875.22,103944.93
2025-05-14 12:00:00,103944.93,104356.95,102833.55,103514.24
2025-05-14 16:00:00,103514.24,103720.44,102602.05,103321.72
2025-05-14 20:00:00,103321.73,103667.52,103304.66,103507.82
2025-05-15 00:00:00,103507.83,103866.51,102720.0,102753.63
2025-05-15 04:00:00,102753.62,102962.38,101724.17,101779.99
2025-05-15 08:00:00,101779.99,102441.0,101500.0,102371.61
2025-05-15 12:00:00,102371.62,103291.99,101383.07,103251.35
2025-05-15 16:00:00,103251.36,104192.7,102552.35,103157.26
2025-05-15 20:00:00,103157.26,103980.84,102708.46,103763.71
2025-05-16 00:00:00,103763.71,104466.01,103467.91,104023.49
2025-05-16 04:00:00,104023.49,104190.48,103694.18,103710.17
2025-05-16 08:00:00,103710.17,103900.0,103100.49,103651.71
2025-05-16 12:00:00,103651.72,104286.0,103343.07,104183.33
2025-05-16 16:00:00,104183.32,104550.33,103587.0,104032.6
2025-05-16 20:00:00,104032.6,104032.6,103397.5,103463.9
2025-05-17 00:00:00,103463.9,103600.0,102612.5,103508.48
2025-05-17 04:00:00,103508.48,103709.86,103285.71,103451.14
2025-05-17 08:00:00,103451.13,103568.58,102753.67,102994.17
2025-05-17 12:00:00,102994.18,103180.0,102640.02,102939.53
2025-05-17 16:00:00,102939.52,103350.0,102761.9,103158.6
2025-05-17 20:00:00,103158.6,103477.87,102900.72,103126.65
2025-05-18 00:00:00,103126.65,103409.98,103105.09,103295.7
2025-05-18 04:00:00,103295.7,103988.0,103295.69,103919.39
2025-05-18 08:00:00,103919.39,104088.2,103800.0,103800.54
2025-05-18 12:00:00,103800.55,105680.0,103701.4,105518.0
2025-05-18 16:00:00,105518.0,105980.0,103851.01,103883.97
2025-05-18 20:00:00,103883.98,106660.0,103285.71,106454.26
2025-05-19 00:00:00,106454.27,107108.62,103534.47,103605.88
2025-05-19 04:00:00,103605.9,103779.99,102000.0,103226.29
2025-05-19 08:00:00,103226.29,103425.53,102782.6,102963.41
2025-05-19 12:00:00,102963.4,104968.75,102126.16,104786.41
2025-05-19 16:00:00,104786.42,105561.76,104491.53,105517.7
2025-05-19 20:00:00,105517.64,105829.99,105016.27,105573.74
2025-05-20 00:00:00,105573.73,106853.27,105533.01,105761.92
2025-05-20 04:00:00,105761.92,106399.0,104928.44,105021.71
2025-05-20 08:00:00,105021.7,105416.66,104847.16,105203.76
2025-05-20 12:00:00,105203.75,105391.27,104184.72,105333.68
2025-05-20 16:00:00,105333.67,107238.37,105090.9,107026.47
2025-05-20 20:00:00,107026.47,107320.0,105935.83,106849.99
2025-05-21 00:00:00,106850.0,107206.94,106186.79,106843.59
2025-05-21 04:00:00,106843.6,107985.05,106454.54,106527.16
2025-05-21 08:00:00,106527.17,106797.98,106100.01,106546.44
2025-05-21 12:00:00,106546.43,109458.0,106329.47,108973.35
2025-05-21 16:00:00,108973.34,109845.0,106117.67,108603.79
2025-05-21 20:00:00,108603.79,110797.38,107725.0,109643.99
2025-05-22 00:00:00,109643.99,111880.0,109177.37,111780.84
2025-05-22 04:00:00,111780.84,111795.04,110461.87,111045.45
2025-05-22 08:00:00,111045.45,111326.2,110272.72,110981.97
2025-05-22 12:00:00,110981.98,111626.43,110550.0,111290.86
2025-05-22 16:00:00,111290.85,111980.0,110916.4,111188.0
2025-05-22 20:00:00,111188.0,111717.34,110763.27,111696.21
2025-05-23 00:00:00,111696.22,111800.0,111000.13,111100.01
2025-05-23 04:00:00,111100.0,111181.82,110407.89,110715.42
2025-05-23 08:00:00,110715.41,111381.61,108888.0,109076.35
2025-05-23 12:00:00,109076.36,109992.75,107316.0,108940.0
2025-05-23 16:00:00,108940.0,109809.53,108001.0,108716.07
2025-05-23 20:00:00,108714.01,108727.28,106800.0,107318.3
2025-05-24 00:00:00,107318.3,108367.54,106875.41,108366.3
2025-05-24 04:00:00,108366.31,108582.33,107566.37,107587.75
2025-05-24 08:00:00,107587.75,109506.03,107587.74,109208.56
2025-05-24 12:00:00,109208.57,109282.81,108540.0,108929.7
2025-05-24 16:00:00,108929.71,109200.0,108682.36,108960.0
2025-05-24 20:00:00,108960.0,109125.0,107500.0,107761.91
2025-05-25 00:00:00,107761.9,108257.14,107206.0,108095.75
2025-05-25 04:00:00,108095.76,108288.69,107454.54,107681.81
2025-05-25 08:00:00,107681.82,107700.65,106708.98,107260.0
2025-05-25 12:00:00,107259.99,107743.34,106600.64,106967.97
2025-05-25 16:00:00,106967.97,107940.95,106640.52,107717.01
2025-05-25 20:00:00,107717.02,109299.99,107176.0,109004.19
2025-05-26 00:00:00,109004.2,109844.91,108670.58,109623.53
2025-05-26 04:00:00,109623.54,110228.11,109365.29,110094.62
2025-05-26 08:00:00,110094.62,110173.92,109556.69,109772.72
2025-05-26 12:00:00,109772.73,110420.74,109494.74,110009.82
2025-05-26 16:00:00,110009.83,110422.22,108858.28,109130.44
2025-05-26 20:00:00,109130.44,109888.89,108940.0,109434.79
2025-05-27 00:00:00,109434.78,109666.0,107516.57,108892.16
2025-05-27 04:00:00,108892.15,109636.37,108550.0,109547.16
2025-05-27 08:00:00,109540.0,109899.0,109428.98,109585.49
2025-05-27 12:00:00,109585.49,110718.0,108670.29,110140.11
2025-05-27 16:00:00,110140.11,110499.64,109574.46,109877.87
2025-05-27 20:00:00,109877.87,109897.49,108600.0,108938.17
2025-05-28 00:00:00,108938.17,109284.7,108400.0,108863.64
2025-05-28 04:00:00,108863.64,109089.68,108624.43,108816.44
2025-05-28 08:00:00,108816.44,109130.44,108258.01,108870.38
2025-05-28 12:00:00,108870.39,109053.39,107045.45,107107.31
2025-05-28 16:00:00,107107.31,107842.29,106938.24,106946.01
2025-05-28 20:00:00,106946.0,108043.95,106769.43,107781.78
2025-05-29 00:00:00,107781.78,108484.61,107421.12,108044.88
2025-05-29 04:00:00,108044.87,108106.94,106948.01,107880.72
2025-05-29 08:00:00,107880.73,108891.91,107681.81,108779.84
2025-05-29 12:00:00,108779.83,108797.25,106474.0,107019.89
2025-05-29 16:00:00,107019.9,107168.23,105639.3,105731.74
2025-05-29 20:00:00,105731.74,106470.69,105322.86,105589.75
2025-05-30 00:00:00,105589.75,106214.93,104600.5,106024.33
2025-05-30 04:00:00,106024.33,106313.12,104727.72,105028.02
2025-05-30 08:00:00,105028.03,105981.75,104606.01,105880.51
2025-05-30 12:00:00,105880.5,106000.0,105047.61,105543.0
2025-05-30 16:00:00,105543.0,105560.98,103706.71,104640.5
2025-05-30 20:00:00,104640.49,104878.05,103621.0,103985.48
2025-05-31 00:00:00,103985.47,104292.69,103068.55,103684.01
2025-05-31 04:00:00,103684.0,103911.1,103487.99,103747.02
2025-05-31 08:00:00,103747.03,103809.51,103285.71,103498.18
2025-05-31 12:00:00,103498.17,104846.15,103480.11,104556.08
2025-05-31 16:00:00,104556.08,104780.49,104261.39,104698.02
2025-05-31 20:00:00,104698.03,104900.0,104473.2,104591.88
2025-06-01 00:00:00,104591.88,104647.11,103924.52,104381.03
2025-06-01 04:00:00,104381.03,104729.99,104195.12,104275.95
2025-06-01 08:00:00,104275.95,104459.07,103752.49,104082.68
2025-06-01 12:00:00,104082.67,104809.53,103783.01,104715.1
2025-06-01 16:00:00,104715.1,105299.21,104319.79,105121.94
2025-06-01 20:00:00,105121.95,105866.91,104893.72,105642.93
2025-06-02 00:00:00,105642.93,105735.42,104571.42,104829.27
2025-06-02 04:00:00,104829.27,105438.87,104610.13,105387.67
2025-06-02 08:00:00,105387.67,105935.63,103941.0,104047.64
2025-06-02 12:00:00,104047.63,104679.25,103659.88,104438.79
2025-06-02 16:00:00,104438.79,104731.95,104030.01,104425.63
2025-06-02 20:00:00,104425.64,105931.44,104425.64,105857.99
2025-06-03 00:00:00,105858.0,106500.0,105340.18,105482.02
2025-06-03 04:00:00,105482.03,105513.02,105116.2,105170.75
2025-06-03 08:00:00,105170.76,105349.94,104872.5,105287.24
2025-06-03 12:00:00,105287.24,106794.67,105031.6,106610.66
2025-06-03 16:00:00,106610.66,106666.67,105592.17,106238.81
2025-06-03 20:00:00,106238.81,106254.92,105266.02,105376.89
2025-06-04 00:00:00,105376.9,105839.63,105132.27,105519.27
2025-06-04 04:00:00,105519.26,105611.96,105250.0,105320.75
2025-06-04 08:00:00,105320.75,106000.0,105080.26,105084.36
2025-06-04 12:00:00,105084.36,105542.0,104179.0,105298.27
2025-06-04 16:00:00,105298.26,105483.14,104865.25,104913.52
2025-06-04 20:00:00,104913.52,105045.79,104407.16,104696.86
2025-06-05 00:00:00,104696.86,105240.84,104651.16,105047.15
2025-06-05 04:00:00,105047.15,105226.14,104380.0,104518.05
2025-06-05 08:00:00,104518.05,104920.0,104424.52,104827.8
2025-06-05 12:00:00,104827.79,105909.71,103900.0,104531.49
2025-06-05 16:00:00,104531.5,104598.87,101596.62,101914.77
2025-06-05 20:00:00,101914.76,102171.44,100372.26,101508.68
2025-06-06 00:00:00,101508.69,102520.0,101095.8,102493.3
2025-06-06 04:00:00,102493.3,103468.66,102387.38,103150.44
2025-06-06 08:00:00,103150.44,103991.45,103150.43,103927.99
2025-06-06 12:00:00,103927.99,105333.0,103513.7,105092.28
2025-06-06 16:00:00,105092.28,105284.0,104013.21,104219.8
2025-06-06 20:00:00,104219.8,104617.56,104167.98,104288.44
2025-06-07 00:00:00,104288.43,104910.77,103871.09,104871.58
2025-06-07 04:00:00,104871.59,105319.13,104643.62,104867.04
2025-06-07 08:00:00,104867.03,105264.0,104689.81,105150.01
2025-06-07 12:00:00,105150.01,105800.0,105150.0,105558.11
2025-06-07 16:00:00,105558.11,105884.46,105279.06,105725.91
2025-06-07 20:00:00,105725.91,105900.0,105534.88,105552.15
2025-06-08 00:00:00,105552.15,105786.33,105394.03,105471.59
2025-06-08 04:00:00,105471.59,105653.13,105408.38,105426.45
2025-06-08 08:00:00,105426.46,105720.94,104964.14,105686.71
2025-06-08 12:00:00,105686.71,106160.19,105520.25,105984.52
2025-06-08 16:00:00,105984.53,106360.0,105943.91,106289.99
2025-06-08 20:00:00,106289.99,106488.14,105545.71,105734.0
2025-06-09 00:00:00,105734.01,105966.33,105318.37,105659.13
2025-06-09 04:00:00,105659.14,105717.3,105319.0,105560.71
2025-06-09 08:00:00,105560.71,107806.0,105473.57,107759.21
2025-06-09 12:00:00,107759.21,108020.0,106860.0,107635.91
2025-06-09 16:00:00,107635.91,108767.24,107635.91,108564.72
2025-06-09 20:00:00,108565.86,110530.17,108456.08,110263.02
2025-06-10 00:00:00,110263.02,110311.82,109381.24,109568.02
2025-06-10 04:00:00,109568.03,109737.68,109095.67,109205.14
2025-06-10 08:00:00,109205.14,109851.8,109056.9,109541.28
2025-06-10 12:00:00,109541.93,109900.81,108331.03,109015.42
2025-06-10 16:00:00,109015.41,110400.0,108518.86,109526.3
2025-06-10 20:00:00,109526.3,110299.73,109239.68,110274.39
2025-06-11 00:00:00,110274.39,110274.4,109533.97,109722.95
2025-06-11 04:00:00,109722.95,109745.29,109373.67,109446.74
2025-06-11 08:00:00,109446.74,109675.69,109193.89,109252.09
2025-06-11 12:00:00,109252.1,110392.01,109008.82,109735.7
2025-06-11 16:00:00,109735.7,109815.84,108412.01,108742.37
2025-06-11 20:00:00,108742.37,109219.51,108064.0,108645.12
2025-06-12 00:00:00,108645.13,108813.55,107730.0,107860.05
2025-06-12 04:00:00,107860.04,107993.58,107320.0,107633.53
2025-06-12 08:00:00,107633.53,107835.83,106874.47,106900.95
2025-06-12 12:00:00,106900.95,107822.5,106600.0,107020.95
2025-06-12 16:00:00,107020.96,108450.16,106680.0,106788.8
2025-06-12 20:00:00,106789.8,106960.77,105671.72,105671.73
2025-06-13 00:00:00,105671.74,105694.0,102664.31,104277.22
2025-06-13 04:00:00,104277.22,104970.12,103782.75,104895.0
2025-06-13 08:00:00,104895.01,105434.34,104425.79,105039.48
2025-06-13 12:00:00,105039.48,105747.47,104118.0,105436.87
2025-06-13 16:00:00,105436.87,105981.0,104668.73,105110.0
2025-06-13 20:00:00,105110.01,106179.53,105020.87,106066.59
2025-06-14 00:00:00,106066.59,106252.0,105197.96,105228.82
2025-06-14 04:00:00,105228.83,105397.06,104792.98,105076.59
2025-06-14 08:00:00,105076.59,105132.36,104836.06,105082.01
2025-06-14 12:00:00,105082.01,105131.25,104615.38,104841.3
2025-06-14 16:00:00,104841.29,105045.78,104359.08,104645.67
2025-06-14 20:00:00,104645.66,105480.0,104300.0,105414.64
2025-06-15 00:00:00,105414.63,105680.0,105264.75,105473.55
2025-06-15 04:00:00,105473.54,106128.57,105200.0,105428.0
2025-06-15 08:00:00,105428.0,105482.4,104867.64,104970.51
2025-06-15 12:00:00,104970.51,105838.24,104955.48,105564.0
2025-06-15 16:00:00,105563.99,105777.09,105082.97,105294.19
2025-06-15 20:00:00,105294.19,105617.82,104494.53,105594.01
2025-06-16 00:00:00,105594.02,105970.59,104980.37,105921.84
2025-06-16 04:00:00,105921.85,107262.31,105874.48,107061.8
2025-06-16 08:00:00,107061.8,107255.01,106582.25,106883.99
2025-06-16 12:00:00,106884.0,107784.26,106495.09,107424.96
2025-06-16 16:00:00,107424.96,108888.0,107309.15,108652.0
2025-06-16 20:00:00,108652.01,108952.38,106700.0,106794.53
2025-06-17 00:00:00,106794.53,107771.34,106115.35,107590.41
2025-06-17 04:00:00,107590.41,107711.06,106481.6,106758.52
2025-06-17 08:00:00,106758.52,106822.78,105508.23,105641.47
2025-06-17 12:00:00,105641.48,105862.03,104130.95,104241.63
2025-06-17 16:00:00,104241.62,105336.82,103371.02,104686.12
2025-06-17 20:00:00,104686.12,104898.81,104203.85,104551.17
2025-06-18 00:00:00,104551.17,105240.0,104379.52,105184.84
2025-06-18 04:00:00,105184.84,105550.27,104713.24,104973.24
2025-06-18 08:00:00,104973.24,105310.62,104175.87,104840.59
2025-06-18 12:00:00,104840.58,105325.83,103814.04,104801.01
2025-06-18 16:00:00,104801.01,104836.64,103500.0,103808.41
2025-06-18 20:00:00,103808.41,105139.87,103652.0,104886.78
2025-06-19 00:00:00,104886.79,105226.17,104457.12,105100.02
2025-06-19 04:00:00,105100.01,105220.0,104617.69,104642.85
2025-06-19 08:00:00,104642.85,105073.53,104631.26,104776.23
2025-06-19 12:00:00,104776.23,104917.05,104078.0,104096.93
2025-06-19 16:00:00,104096.94,104814.73,103929.27,104250.44
2025-06-19 20:00:00,104250.45,104898.31,104150.0,104658.59
2025-06-20 00:00:00,104658.59,104820.0,104391.38,104596.63
2025-06-20 04:00:00,104596.64,105825.66,104238.02,105811.74
2025-06-20 08:00:00,105811.74,106524.65,105757.48,105977.82
2025-06-20 12:00:00,105977.82,106149.17,103888.0,104217.99
2025-06-20 16:00:00,104218.0,104269.64,102345.0,103307.22
2025-06-20 20:00:00,103307.21,103828.0,102963.67,103297.99
2025-06-21 00:00:00,103297.98,103691.67,103127.48,103495.87
2025-06-21 04:00:00,103495.86,103599.04,103330.0,103458.5
2025-06-21 08:00:00,103458.5,103982.64,103458.49,103874.64
2025-06-21 12:00:00,103874.63,103946.47,103281.82,103560.9
2025-06-21 16:00:00,103560.9,103640.0,102210.43,102245.1
2025-06-21 20:00:00,102245.11,102888.88,100837.9,102120.01
2025-06-22 00:00:00,102120.02,103399.62,101839.96,102375.4
2025-06-22 04:00:00,102375.4,102946.47,102256.01,102424.61
2025-06-22 08:00:00,102424.61,102804.05,102080.0,102739.48
2025-06-22 12:00:00,102739.47,102831.0,98889.35,98906.21
2025-06-22 16:00:00,98906.21,100380.0,98673.66,98882.84
2025-06-22 20:00:00,98882.85,101034.65,98200.0,100963.87
2025-06-23 00:00:00,100963.87,101620.0,100494.25,101154.14
2025-06-23 04:00:00,101154.13,102137.0,100980.0,101931.04
2025-06-23 08:00:00,101931.04,102080.0,101102.76,101289.01
2025-06-23 12:00:00,101289.0,102613.09,100792.16,101420.7
2025-06-23 16:00:00,101420.71,103300.0,99613.33,103161.29
2025-06-23 20:00:00,103161.3,106074.2,102880.0,105333.93
2025-06-24 00:00:00,105333.94,105500.0,104720.82,104919.6
2025-06-24 04:00:00,104919.6,105811.0,104704.91,104933.74
2025-06-24 08:00:00,104933.74,105571.4,104622.02,105170.0
2025-06-24 12:00:00,105169.99,105731.92,104800.98,105244.73
2025-06-24 16:00:00,105244.72,106290.0,105172.64,105643.19
2025-06-24 20:00:00,105643.2,106119.11,105435.45,106083.0
2025-06-25 00:00:00,106083.0,106791.18,105808.03,106232.01
2025-06-25 04:00:00,106232.01,106702.0,106001.0,106600.01
2025-06-25 08:00:00,106600.0,107237.44,106343.13,107198.02
2025-06-25 12:00:00,107198.02,108135.3,106752.36,107028.0
2025-06-25 16:00:00,107027.99,107905.37,106931.0,107761.68
2025-06-25 20:00:00,107761.67,108000.0,107079.9,107340.58
2025-06-26 00:00:00,107340.59,108272.45,107105.43,107853.79
2025-06-26 04:00:00,107853.79,108085.92,107520.0,107813.99
2025-06-26 08:00:00,107813.99,108174.86,107117.65,107325.41
2025-06-26 12:00:00,107325.42,107765.55,106562.5,107313.6
2025-06-26 16:00:00,107313.61,107669.74,107009.28,107532.98
2025-06-26 20:00:00,107532.97,108000.0,106850.0,106947.06
2025-06-27 00:00:00,106947.06,107515.28,106438.33,107477.76
2025-06-27 04:00:00,107477.76,107735.34,106850.0,106869.71
2025-06-27 08:00:00,106869.72,107159.95,106679.98,106983.6
2025-06-27 12:00:00,106983.6,107407.14,106356.76,107308.25
2025-06-27 16:00:00,107308.25,107709.22,106446.45,106801.02
2025-06-27 20:00:00,106801.02,107277.99,106794.33,107047.59
2025-06-28 00:00:00,107047.58,107347.1,106811.51,107300.13
2025-06-28 04:00:00,107300.13,107496.12,107183.29,107485.0
2025-06-28 08:00:00,107485.01,107493.07,107252.6,107373.39
2025-06-28 12:00:00,107373.39,107577.75,107084.15,107449.28
2025-06-28 16:00:00,107449.28,107542.5,107225.74,107225.74
2025-06-28 20:00:00,107225.74,107378.37,107154.62,107296.79
2025-06-29 00:00:00,107296.79,107500.0,107172.52,107210.78
2025-06-29 04:00:00,107210.78,107402.18,107205.82,107402.18
2025-06-29 08:00:00,107402.17,108484.0,107402.17,108477.11
2025-06-29 12:00:00,108477.12,108528.5,107650.0,107750.72
2025-06-29 16:00:00,107750.72,107792.05,107316.46,107406.81
2025-06-29 20:00:00,107406.8,108436.47,107250.0,108356.93
2025-06-30 00:00:00,108356.93,108789.99,108255.81,108503.74
2025-06-30 04:00:00,108503.74,108538.76,107481.31,107614.08
2025-06-30 08:00:00,107614.07,107964.33,107400.0,107654.2
2025-06-30 12:00:00,107654.21,107858.79,106733.33,107580.46
2025-06-30 16:00:00,107580.47,107807.94,107116.4,107745.97
2025-06-30 20:00:00,107745.97,107764.73,106900.02,107146.5
2025-07-01 00:00:00,107146.51,107540.0,107026.93,107192.38
2025-07-01 04:00:00,107192.39,107203.11,106615.97,107178.99
2025-07-01 08:00:00,107178.99,107178.99,106301.86,106605.8
2025-07-01 12:00:00,106605.79,107179.99,105623.39,105955.18
2025-07-01 16:00:00,105955.19,106287.95,105387.68,105398.53
2025-07-01 20:00:00,105398.52,106100.0,105250.85,105681.14
2025-07-02 00:00:00,105681.13,106216.08,105100.19,106194.7
2025-07-02 04:00:00,106194.7,107186.78,106131.55,107080.0
2025-07-02 08:00:00,107080.0,107860.23,107080.0,107479.99
2025-07-02 12:00:00,107479.98,108759.2,107186.1,108737.74
2025-07-02 16:00:00,108737.75,109730.0,108650.97,109676.14
2025-07-02 20:00:00,109676.14,109676.14,108720.0,108849.6
2025-07-03 00:00:00,108849.59,109115.03,108530.4,108628.21
2025-07-03 04:00:00,108628.2,109548.0,108566.14,109280.0
2025-07-03 08:00:00,109279.99,110273.21,109279.99,109599.19
2025-07-03 12:00:00,109599.18,110529.18,108749.99,109127.84
2025-07-03 16:00:00,109127.85,109910.1,109020.8,109803.41
2025-07-03 20:00:00,109803.41,110000.0,109510.0,109584.78
2025-07-04 00:00:00,109584.77,109767.59,109103.71,109235.57
2025-07-04 04:00:00,109235.58,109329.6,108700.0,108700.0
2025-07-04 08:00:00,108700.0,109111.0,108518.83,108888.0
2025-07-04 12:00:00,108888.0,108978.64,107505.0,107573.29
2025-07-04 16:00:00,107573.29,107922.5,107245.0,107469.23
2025-07-04 20:00:00,107469.22,108279.33,107440.63,107984.24
2025-07-05 00:00:00,107984.25,108259.99,107756.31,108154.72
2025-07-05 04:00:00,108154.72,108420.56,108000.0,108053.46
2025-07-05 08:00:00,108053.46,108219.19,107870.42,108112.21
2025-07-05 12:00:00,108112.2,108232.29,107971.0,108058.0
2025-07-05 16:00:00,108058.0,108167.23,107864.75,108141.78
2025-07-05 20:00:00,108141.78,108250.0,107993.39,108198.12
2025-07-06 00:00:00,108198.12,108268.35,108025.97,108050.49
2025-07-06 04:00:00,108050.49,108218.0,107930.45,108040.31
2025-07-06 08:00:00,108040.31,108111.0,107800.01,108076.01
2025-07-06 12:00:00,108076.0,109127.03,108045.76,108905.99
2025-07-06 16:00:00,108906.0,108966.62,108266.67,108538.46
2025-07-06 20:00:00,108538.45,109700.0,108536.86,109203.84
2025-07-07 00:00:00,109203.85,109700.0,108679.75,109389.47
2025-07-07 04:00:00,109389.46,109447.54,108654.94,109061.08
2025-07-07 08:00:00,109061.07,109087.86,108572.52,108642.01
2025-07-07 12:00:00,108642.01,108660.0,107970.0,108292.59
2025-07-07 16:00:00,108292.59,108493.56,107513.2,108056.68
2025-07-07 20:00:00,108056.67,108300.0,107800.01,108262.94
2025-07-08 00:00:00,108262.94,108525.0,107429.57,107901.52
2025-07-08 04:00:00,107901.52,108499.0,107750.0,108484.61
2025-07-08 08:00:00,108484.61,109005.0,108229.15,108756.37
2025-07-08 12:00:00,108756.37,109216.56,108217.07,108268.35
2025-07-08 16:00:00,108268.35,109147.56,108096.55,108771.88
2025-07-08 20:00:00,108771.87,108974.0,108624.0,108922.98
2025-07-09 00:00:00,108922.99,109136.0,108348.0,108376.41
2025-07-09 04:00:00,108376.41,108942.2,108324.53,108714.39
2025-07-09 08:00:00,108714.39,109117.0,108553.18,109058.27
2025-07-09 12:00:00,109058.27,109769.39,108503.0,109071.32
2025-07-09 16:00:00,109071.32,111999.79,109047.49,111750.0
2025-07-09 20:00:00,111749.99,111952.33,110559.4,111233.99
2025-07-10 00:00:00,111234.0,111581.0,110880.0,111074.51
2025-07-10 04:00:00,111074.52,111432.46,110898.0,111230.0
2025-07-10 08:00:00,111229.99,111398.96,110870.33,111019.99
2025-07-10 12:00:00,111019.99,111408.41,110500.0,111408.4
2025-07-10 16:00:00,111408.4,113788.23,111322.32,113301.81
2025-07-10 20:00:00,113301.8,116868.0,113270.98,116010.0
2025-07-11 00:00:00,116010.01,116950.0,115222.22,116881.7
2025-07-11 04:00:00,116881.69,118404.22,116500.0,117526.88
2025-07-11 08:00:00,117526.88,118869.98,117526.88,117821.91
2025-07-11 12:00:00,117821.91,118259.24,116724.66,116902.59
2025-07-11 16:00:00,116902.58,118138.75,116604.87,118108.81
2025-07-11 20:00:00,118108.81,118108.81,117146.8,117527.66
2025-07-12 00:00:00,117527.66,117847.66,117141.13,117774.42
2025-07-12 04:00:00,117774.42,118054.79,117506.37,117731.99
2025-07-12 08:00:00,117731.99,118200.0,117625.0,117810.0
2025-07-12 12:00:00,117810.0,117861.19,116900.05,117100.01
2025-07-12 16:00:00,117100.0,117639.98,117045.86,117550.96
2025-07-12 20:00:00,117550.96,117563.75,117000.01,117420.0
2025-07-13 00:00:00,117420.0,117824.76,117224.79,117753.6
2025-07-13 04:00:00,117753.59,118054.79,117684.22,117999.0
2025-07-13 08:00:00,117998.99,118086.66,117689.63,118072.01
2025-07-13 12:00:00,118072.01,119376.0,117989.53,118672.24
2025-07-13 16:00:00,118672.23,119488.0,118382.56,118961.08
2025-07-13 20:00:00,118961.09,119367.37,118243.68,119086.64
2025-07-14 00:00:00,119086.65,121492.48,118905.18,120750.24
2025-07-14 04:00:00,120750.25,123218.0,120557.63,122736.04
2025-07-14 08:00:00,122736.04,122769.19,121355.55,121467.24
2025-07-14 12:00:00,121467.23,122120.0,119611.7,119878.23
2025-07-14 16:00:00,119878.22,120526.03,119202.0,119939.41
2025-07-14 20:00:00,119939.42,120447.0,119522.72,119841.18
2025-07-15 00:00:00,119841.17,119940.83,116840.01,117148.47
2025-07-15 04:00:00,117148.46,117765.4,116250.0,116779.12
2025-07-15 08:00:00,116779.13,117224.08,116300.0,117113.98
2025-07-15 12:00:00,117113.98,118490.71,115736.92,116391.43
2025-07-15 16:00:00,116391.43,117800.6,116019.05,116416.07
2025-07-15 20:00:00,116416.07,117972.86,116192.27,117758.09
2025-07-16 00:00:00,117758.08,118195.0,117017.29,117482.67
2025-07-16 04:00:00,117482.67,118300.0,117275.63,118189.25
2025-07-16 08:00:00,118189.24,119310.75,118113.82,118769.06
2025-07-16 12:00:00,118769.06,119794.8,118181.14,119095.76
2025-07-16 16:00:00,119095.76,119904.13,118471.38,119230.16
2025-07-16 20:00:00,119230.16,120063.84,118420.0,118630.43
2025-07-17 00:00:00,118630.44,119158.28,117683.53,118128.8
2025-07-17 04:00:00,118128.8,118772.0,117857.03,118311.75
2025-07-17 08:00:00,118311.75,119192.0,117974.99,117995.0
2025-07-17 12:00:00,117995.0,119073.46,117453.57,118881.99
2025-07-17 16:00:00,118881.99,119880.13,118333.6,118959.66
2025-07-17 20:00:00,118959.66,120998.71,118383.97,119177.56
2025-07-18 00:00:00,119177.56,120785.49,119020.48,120223.09
2025-07-18 04:00:00,120223.08,120820.71,119287.72,119339.51
2025-07-18 08:00:00,119339.51,119469.21,118395.0,119171.34
2025-07-18 12:00:00,119171.35,119531.48,117315.69,117860.25
2025-07-18 16:00:00,117860.24,118054.92,117120.53,117374.76
2025-07-18 20:00:00,117374.75,118021.62,116812.76,117924.84
2025-07-19 00:00:00,117924.84,118371.42,117613.35,118322.54
2025-07-19 04:00:00,118322.53,118364.0,118044.19,118163.06
2025-07-19 08:00:00,118163.07,118499.9,117943.25,118327.06
2025-07-19 12:00:00,118327.05,118327.06,117627.71,118058.11
2025-07-19 16:00:00,118058.1,118161.51,117605.26,118007.88
2025-07-19 20:00:00,118007.88,118141.0,117277.34,117840.0
2025-07-20 00:00:00,117840.01,118165.38,117650.0,117958.01
2025-07-20 04:00:00,117958.0,118218.0,117760.67,118029.49
2025-07-20 08:00:00,118029.49,118277.17,117819.88,117878.46
2025-07-20 12:00:00,117878.46,118799.8,117723.23,118671.11
2025-07-20 16:00:00,118671.12,118856.8,117960.0,118155.01
2025-07-20 20:00:00,118155.0,118263.0,116467.02,117265.12
2025-07-21 00:00:00,117265.11,118614.7,116515.0,118404.0
2025-07-21 04:00:00,118404.01,119676.73,118188.95,119362.67
2025-07-21 08:00:00,119364.18,119500.0,118070.16,118070.17
2025-07-21 12:00:00,118070.17,119233.71,117778.7,118313.16
2025-07-21 16:00:00,118313.16,118399.1,116666.0,116767.67
2025-07-21 20:00:00,116767.67,117633.66,116656.88,117380.36
2025-07-22 00:00:00,117380.36,117950.0,116128.0,117210.0
2025-07-22 04:00:00,117210.0,118594.55,116552.18,117983.68
2025-07-22 08:00:00,117983.69,119188.3,117488.19,119154.99
2025-07-22 12:00:00,119154.99,119573.53,117550.0,118912.04
2025-07-22 16:00:00,118912.04,120183.96,118368.19,119282.1
2025-07-22 20:00:00,119282.11,120247.8,119203.2,119954.42
2025-07-23 00:00:00,119954.43,120090.0,118532.96,118614.17
2025-07-23 04:00:00,118614.16,119006.05,118288.2,118350.35
2025-07-23 08:00:00,118350.35,118619.79,117844.24,118538.46
2025-07-23 12:00:00,118538.46,118708.24,117301.0,118567.39
2025-07-23 16:00:00,118567.39,118567.39,117331.63,118393.64
2025-07-23 20:00:00,118393.64,118756.0,117381.8,118755.99
2025-07-24 00:00:00,118756.0,119273.36,118466.71,118488.92
2025-07-24 04:00:00,118488.92,118610.25,117103.1,118416.21
2025-07-24 08:00:00,118416.21,118814.47,117955.59,118600.0
2025-07-24 12:00:00,118600.0,119450.0,117832.32,119092.65
2025-07-24 16:00:00,119092.65,119395.81,118350.0,118943.42
2025-07-24 20:00:00,118943.42,119010.64,118166.94,118340.99
2025-07-25 00:00:00,118340.98,118451.57,115330.86,115419.66
2025-07-25 04:00:00,115419.65,116144.63,114723.16,115320.01
2025-07-25 08:00:00,115320.01,116782.13,115008.85,116543.58
2025-07-25 12:00:00,116543.59,116656.99,114908.0,115727.08
2025-07-25 16:00:00,115727.07,116997.21,115455.46,116688.6
2025-07-25 20:00:00,116688.6,117630.0,116578.02,117614.31
2025-07-26 00:00:00,117614.31,117750.0,117138.38,117489.62
2025-07-26 04:00:00,117489.61,117547.92,117304.46,117304.47
2025-07-26 08:00:00,117304.47,118217.45,117304.46,117776.11
2025-07-26 12:00:00,117776.1,118220.0,117772.13,118130.1
2025-07-26 16:00:00,118130.1,118297.35,117941.96,118232.11
2025-07-26 20:00:00,118232.11,118276.66,117883.86,117919.99
2025-07-27 00:00:00,117919.99,118358.18,117825.5,118182.83
2025-07-27 04:00:00,118182.83,118438.83,118066.74,118095.95
2025-07-27 08:00:00,118095.95,118292.86,117859.98,118072.71
2025-07-27 12:00:00,118072.71,118588.0,117890.0,118585.74
2025-07-27 16:00:00,118585.75,119540.01,118585.75,118960.0
2025-07-27 20:00:00,118960.01,119766.65,118713.74,119415.55
2025-07-28 00:00:00,119415.56,119800.0,118960.5,119287.99
2025-07-28 04:00:00,119287.99,119701.07,118774.31,118900.0
2025-07-28 08:00:00,118900.01,119102.69,118475.47,118827.49
2025-07-28 12:00:00,118827.49,119093.68,117895.73,118174.9
2025-07-28 16:00:00,118174.89,118376.61,117427.5,118068.73
2025-07-28 20:00:00,118068.73,118350.01,117500.09,118062.32
2025-07-29 00:00:00,118062.32,118800.0,117450.0,118764.85
2025-07-29 04:00:00,118764.85,119273.36,118416.66,118882.37
2025-07-29 08:00:00,118882.37,119051.0,118160.87,118592.38
2025-07-29 12:00:00,118592.38,119080.81,117272.0,117400.01
2025-07-29 16:00:00,117400.02,118057.05,116950.75,117525.29
2025-07-29 20:00:00,117525.28,118000.0,117094.96,117950.76
2025-07-30 00:00:00,117950.75,118250.0,117412.53,118161.87
2025-07-30 04:00:00,118161.86,118412.11,117667.33,118123.01
2025-07-30 08:00:00,118123.0,118481.81,117358.84,117579.99
2025-07-30 12:00:00,117579.99,118792.0,117358.84,118000.01
2025-07-30 16:00:00,118000.01,118037.18,115796.23,116916.73
2025-07-30 20:00:00,116916.73,117908.4,116880.64,117840.3
2025-07-31 00:00:00,117840.29,118600.0,117781.87,118466.14
2025-07-31 04:00:00,118466.15,118922.45,118287.63,118665.97
2025-07-31 08:00:00,118665.98,118770.07,118278.91,118371.25
2025-07-31 12:00:00,118371.25,118702.1,117807.35,118306.18
2025-07-31 16:00:00,118306.18,118879.14,116763.43,116785.79
2025-07-31 20:00:00,116785.78,116990.04,115500.0,115764.08
2025-08-01 00:00:00,115764.07,116052.0,114313.13,115648.03
2025-08-01 04:00:00,115648.03,115916.43,114633.18,115081.77
2025-08-01 08:00:00,115081.76,115340.0,114116.0,115305.65
2025-08-01 12:00:00,115305.64,116019.3,113988.47,115357.82
2025-08-01 16:00:00,115357.82,115695.52,113221.93,113328.68
2025-08-01 20:00:00,113328.67,114094.08,112722.58,113297.93
2025-08-02 00:00:00,113297.92,113921.94,113198.63,113909.86
2025-08-02 04:00:00,113909.87,114063.49,113469.43,113982.49
2025-08-02 08:00:00,113982.49,114040.29,113425.58,113787.12
2025-08-02 12:00:00,113787.11,113787.12,112802.31,112840.71
2025-08-02 16:00:00,112840.7,113420.0,112003.0,112229.42
2025-08-02 20:00:00,112229.42,113058.82,112069.86,112546.35
2025-08-03 00:00:00,112546.35,113740.69,111920.0,113604.2
2025-08-03 04:00:00,113604.2,113720.16,113341.06,113700.0
2025-08-03 08:00:00,113700.0,114260.31,113551.0,113862.18
2025-08-03 12:00:00,113862.19,114098.45,113579.69,113959.06
2025-08-03 16:00:00,113959.06,114799.97,113775.55,114313.19
2025-08-03 20:00:00,114313.19,114612.24,114066.56,114208.8
2025-08-04 00:00:00,114208.81,115000.0,114107.6,114570.61
2025-08-04 04:00:00,114570.61,114778.5,114148.58,114652.97
2025-08-04 08:00:00,114652.98,114750.0,114217.97,114493.09
2025-08-04 12:00:00,114493.09,115466.0,114121.0,114826.0
2025-08-04 16:00:00,114826.01,115720.0,114732.65,114777.62
2025-08-04 20:00:00,114777.62,115340.0,114616.33,115055.03
2025-08-05 00:00:00,115055.03,115127.81,114256.85,114256.85
2025-08-05 04:00:00,114256.85,114500.66,113725.72,113969.7
2025-08-05 08:00:00,113969.7,115096.73,113928.87,114827.07
2025-08-05 12:00:00,114827.07,114893.13,112650.0,112934.0
2025-08-05 16:00:00,112934.0,113763.27,112815.68,113616.52
2025-08-05 20:00:00,113616.51,114228.88,113304.0,114129.75
2025-08-06 00:00:00,114129.75,114139.38,113400.0,113509.97
2025-08-06 04:00:00,113509.98,114417.02,113355.13,114227.91
2025-08-06 08:00:00,114227.9,114404.23,113727.57,114226.69
2025-08-06 12:00:00,114226.68,115515.09,113579.9,115413.87
2025-08-06 16:00:00,115413.87,115716.0,114942.18,115259.99
2025-08-06 20:00:00,115260.0,115260.0,114793.01,114992.27
2025-08-07 00:00:00,114992.27,115185.58,114404.22,114546.03
2025-08-07 04:00:00,114546.03,114876.79,114259.0,114787.99
2025-08-07 08:00:00,114787.99,116828.93,114787.98,116519.53
2025-08-07 12:00:00,116519.54,116791.11,116035.84,116689.81
2025-08-07 16:00:00,116689.8,117520.0,115632.31,117461.98
2025-08-07 20:00:00,117461.99,117621.0,117012.0,117472.01
2025-08-08 00:00:00,117472.02,117630.0,116694.28,116737.35
2025-08-08 04:00:00,116737.34,116973.3,116401.0,116817.19
2025-08-08 08:00:00,116817.2,116914.6,116317.08,116891.51
2025-08-08 12:00:00,116891.51,117271.73,115878.71,116207.69
2025-08-08 16:00:00,116207.7,116900.0,116006.14,116453.41
2025-08-08 20:00:00,116453.41,116980.0,116319.06,116674.74
2025-08-09 00:00:00,116674.74,116750.0,116299.13,116384.01
2025-08-09 04:00:00,116384.01,116980.0,116339.45,116756.01
2025-08-09 08:00:00,116756.0,117944.05,116756.0,117110.0
2025-08-09 12:00:00,117110.0,117238.04,116700.01,116892.47
2025-08-09 16:00:00,116892.48,116947.16,116500.0,116535.69
2025-08-09 20:00:00,116535.68,117021.16,116359.89,116462.25
2025-08-10 00:00:00,116462.25,118500.0,116460.63,118500.0
2025-08-10 04:00:00,118500.0,118741.77,117466.34,117808.3
2025-08-10 08:00:00,117808.29,118500.0,117608.01,118330.58
2025-08-10 12:00:00,118330.58,119113.94,118232.0,118815.0
2025-08-10 16:00:00,118815.0,118944.24,118433.8,118663.08
2025-08-10 20:00:00,118663.09,119311.11,118074.99,119294.01
2025-08-11 00:00:00,119294.27,122164.07,118972.59,121728.99
2025-08-11 04:00:00,121729.0,122335.16,121466.08,121537.15
2025-08-11 08:00:00,121537.14,121823.0,120286.4,120561.54
2025-08-11 12:00:00,120561.53,120667.54,119382.91,120314.4
2025-08-11 16:00:00,120314.4,120794.05,118604.17,119089.3
2025-08-11 20:00:00,119089.3,119172.63,118050.11,118686.0
2025-08-12 00:00:00,118686.0,119275.46,118593.39,118857.7
2025-08-12 04:00:00,118857.7,119158.06,118424.86,118986.72
2025-08-12 08:00:00,118986.73,119058.43,118207.47,118522.22
2025-08-12 12:00:00,118522.22,119960.0,118285.0,119933.0
2025-08-12 16:00:00,119933.0,120192.1,119172.62,119665.27
2025-08-12 20:00:00,119665.27,120324.43,119485.84,120134.08
2025-08-13 00:00:00,120134.09,120192.1,119094.28,119482.01
2025-08-13 04:00:00,119482.01,119820.18,118920.92,119580.4
2025-08-13 08:00:00,119580.4,120732.94,119446.22,120570.41
2025-08-13 12:00:00,120570.41,122200.0,120106.02,120920.62
2025-08-13 16:00:00,120920.61,122839.47,120920.61,122744.21
2025-08-13 20:00:00,122744.22,123667.79,122298.2,123306.43
2025-08-14 00:00:00,123306.44,124474.0,123250.5,123337.14
2025-08-14 04:00:00,123337.14,123428.6,121313.86,121725.31
2025-08-14 08:00:00,121725.31,122045.9,120694.0,120949.67
2025-08-14 12:00:00,120949.66,121183.06,117632.0,118257.25
2025-08-14 16:00:00,118257.26,118535.0,117180.0,117945.92
2025-08-14 20:00:00,117945.92,118516.81,117302.33,118295.09
2025-08-15 00:00:00,118295.09,119077.71,118032.32,118968.91
2025-08-15 04:00:00,118968.91,119216.82,118629.58,118956.45
2025-08-15 08:00:00,118956.45,119144.5,118600.0,119006.01
2025-08-15 12:00:00,119006.01,119130.77,116827.29,117275.22
2025-08-15 16:00:00,117275.23,117882.35,116803.99,116936.27
2025-08-15 20:00:00,116936.28,117761.88,116862.5,117342.05
2025-08-16 00:00:00,117342.04,117898.99,117231.14,117429.63
2025-08-16 04:00:00,117429.63,117884.0,117278.0,117596.07
2025-08-16 08:00:00,117596.07,117703.92,117143.98,117378.52
2025-08-16 12:00:00,117378.52,117825.0,117327.63,117676.7
2025-08-16 16:00:00,117676.7,117817.65,117629.94,117672.12
2025-08-16 20:00:00,117672.13,117713.51,117219.34,117380.66
2025-08-17 00:00:00,117380.66,117771.37,117172.21,117684.95
2025-08-17 04:00:00,117684.96,118230.82,117684.95,118005.98
2025-08-17 08:00:00,118005.98,118484.0,117922.0,118308.01
2025-08-17 12:00:00,118308.0,118575.0,118059.12,118246.16
2025-08-17 16:00:00,118246.15,118316.01,117321.53,117570.07
2025-08-17 20:00:00,117570.07,117995.37,117371.65,117405.01
2025-08-18 00:00:00,117405.01,117543.75,115000.0,115319.0
2025-08-18 04:00:00,115319.0,115712.49,114878.71,115205.98
2025-08-18 08:00:00,115205.99,115402.51,114640.14,114947.27
2025-08-18 12:00:00,114947.27,116186.97,114825.0,116145.34
2025-08-18 16:00:00,116145.34,116800.0,115818.86,116313.99
2025-08-18 20:00:00,116314.0,116980.0,115980.32,116227.05
2025-08-19 00:00:00,116227.05,116725.69,114787.23,114810.0
2025-08-19 04:00:00,114810.01,115483.24,114366.0,114978.14
2025-08-19 08:00:00,114978.15,115650.0,114804.0,115508.71
2025-08-19 12:00:00,115508.71,115875.84,113587.68,113786.38
2025-08-19 16:00:00,113786.39,113897.58,112767.06,113132.48
2025-08-19 20:00:00,113132.49,113589.48,112732.58,112872.94
2025-08-20 00:00:00,112872.95,113636.13,112566.01,113525.91
2025-08-20 04:00:00,113525.9,113837.93,113432.0,113490.13
2025-08-20 08:00:00,113490.14,114016.77,113060.08,113666.68
2025-08-20 12:00:00,113666.69,114326.35,112380.0,113353.94
2025-08-20 16:00:00,113353.94,114444.0,113264.01,114276.66
2025-08-20 20:00:00,114276.66,114615.38,114000.0,114271.24
2025-08-21 00:00:00,114271.23,114821.76,113906.01,113954.62
2025-08-21 04:00:00,113954.62,114033.84,113582.43,113896.03
2025-08-21 08:00:00,113896.03,113990.0,113000.0,113148.66
2025-08-21 12:00:00,113148.65,113995.11,112608.64,112792.08
2025-08-21 16:00:00,112792.08,112969.47,112015.67,112193.71
2025-08-21 20:00:00,112193.71,112870.94,112067.46,112500.0
2025-08-22 00:00:00,112500.0,113525.0,112335.6,112929.24
2025-08-22 04:00:00,112929.24,113394.76,112708.81,113094.83
2025-08-22 08:00:00,113094.83,113319.3,112177.27,112320.0
2025-08-22 12:00:00,112320.01,117296.12,111684.79,116370.75
2025-08-22 16:00:00,116370.75,117429.05,116116.0,116655.79
2025-08-22 20:00:00,116655.79,117174.43,116550.96,116935.99
2025-08-23 00:00:00,116936.0,117030.0,115458.2,115568.77
2025-08-23 04:00:00,115568.77,116034.53,115551.2,115799.47
2025-08-23 08:00:00,115799.46,115861.8,115223.43,115310.13
2025-08-23 12:00:00,115310.13,115486.97,114560.0,114812.87
2025-08-23 16:00:00,114812.88,115190.74,114684.11,115133.91
2025-08-23 20:00:00,115133.92,115454.12,115001.88,115438.05
2025-08-24 00:00:00,115438.06,115666.68,114934.21,115036.0
2025-08-24 04:00:00,115036.01,115283.21,114846.14,114888.19
2025-08-24 08:00:00,114888.19,115060.99,114600.0,114730.22
2025-08-24 12:00:00,114730.22,114869.41,114350.57,114400.0
2025-08-24 16:00:00,114400.01,114917.1,110680.0,112600.0
2025-08-24 20:00:00,112600.0,113692.97,111632.85,113493.59
2025-08-25 00:00:00,113493.59,113667.28,112159.0,112916.84
2025-08-25 04:00:00,112916.84,113059.52,111284.05,111511.55
2025-08-25 08:00:00,111511.56,111850.13,110929.48,111214.97
2025-08-25 12:00:00,111214.97,112580.0,110588.0,112200.64
2025-08-25 16:00:00,112200.65,112937.26,110655.01,110716.13
2025-08-25 20:00:00,110716.13,111092.54,109274.1,110111.98
2025-08-26 00:00:00,110111.98,110111.98,108666.66,109879.56
2025-08-26 04:00:00,109879.57,110547.31,109765.93,110303.2
2025-08-26 08:00:00,110303.2,110455.13,109570.34,109876.52
2025-08-26 12:00:00,109876.53,110818.6,109393.93,109666.33
2025-08-26 16:00:00,109666.34,111162.59,109450.0,111116.03
2025-08-26 20:00:00,111116.03,112371.0,110918.26,111763.22
2025-08-27 00:00:00,111763.22,111825.16,110918.26,111418.15
2025-08-27 04:00:00,111418.15,111737.26,110622.5,110725.18
2025-08-27 08:00:00,110725.19,111374.45,110345.42,111322.07
2025-08-27 12:00:00,111322.07,112625.0,111019.02,112000.0
2025-08-27 16:00:00,111999.99,112600.0,111541.23,112080.69
2025-08-27 20:00:00,112080.68,112452.05,110921.79,111262.01
2025-08-28 00:00:00,111262.01,112042.04,110862.42,112000.01
2025-08-28 04:00:00,112000.0,113360.0,111945.07,113114.11
2025-08-28 08:00:00,113114.11,113351.51,112826.22,112909.18
2025-08-28 12:00:00,112909.18,113485.9,112391.56,112678.53
2025-08-28 16:00:00,112678.53,113186.56,111901.35,111901.36
2025-08-28 20:00:00,111901.36,112575.98,111872.06,112566.9
2025-08-29 00:00:00,112566.9,112638.64,111302.27,111704.23
2025-08-29 04:00:00,111704.24,111850.56,109899.99,110019.38
2025-08-29 08:00:00,110019.38,110270.3,109414.18,110098.81
2025-08-29 12:00:00,110098.81,111517.07,108103.0,108386.23
2025-08-29 16:00:00,108386.23,108832.0,107934.24,108212.01
2025-08-29 20:00:00,108212.01,108549.99,107463.9,108377.4
2025-08-30 00:00:00,108377.4,108436.21,107350.1,108436.2
2025-08-30 04:00:00,108436.21,108697.28,108120.0,108524.26
2025-08-30 08:00:00,108524.26,108777.43,108400.0,108680.01
2025-08-30 12:00:00,108680.01,108926.15,108190.52,108869.98
2025-08-30 16:00:00,108869.98,108900.0,108625.46,108828.33
2025-08-30 20:00:00,108828.32,108838.27,108468.77,108816.33
2025-08-31 00:00:00,108816.33,109480.02,108801.35,109223.84
2025-08-31 04:00:00,109223.84,109231.41,108523.49,108708.26
2025-08-31 08:00:00,108708.25,109100.0,108303.21,108389.76
2025-08-31 12:00:00,108389.77,108858.43,108191.29,108818.69
2025-08-31 16:00:00,108818.69,109237.51,108555.0,108930.0
2025-08-31 20:00:00,108930.0,109230.0,108076.93,108246.35
2025-09-01 00:00:00,108246.36,108482.98,107393.0,107660.01
2025-09-01 04:00:00,107660.0,109432.99,107255.0,109432.99
2025-09-01 08:00:00,109432.99,109912.4,108186.41,108782.88
2025-09-01 12:00:00,108782.89,109520.0,108566.0,108784.33
2025-09-01 16:00:00,108784.33,109329.65,108391.3,109217.64
2025-09-01 20:00:00,109217.65,109442.95,107459.49,109237.42
2025-09-02 00:00:00,109237.43,110623.97,108883.8,110322.18
2025-09-02 04:00:00,110322.19,110610.5,110000.0,110233.92
2025-09-02 08:00:00,110233.91,110711.1,109563.87,109733.34
2025-09-02 12:00:00,109733.33,111771.52,108393.39,110829.17
2025-09-02 16:00:00,110829.16,111119.58,110200.0,110806.0
2025-09-02 20:00:00,110806.01,111538.17,110716.77,111240.01
2025-09-03 00:00:00,111240.01,111782.21,110892.14,111054.01
2025-09-03 04:00:00,111054.0,111151.99,110528.71,111099.88
2025-09-03 08:00:00,111099.87,111708.0,110889.29,111437.77
2025-09-03 12:00:00,111437.77,112500.0,111031.61,112222.74
2025-09-03 16:00:00,112222.73,112575.27,111686.24,112193.74
2025-09-03 20:00:00,112193.74,112250.0,111613.98,111705.71
2025-09-04 00:00:00,111705.72,112180.0,111136.0,111148.97
2025-09-04 04:00:00,111148.97,111318.84,110279.68,110463.36
2025-09-04 08:00:00,110463.36,111154.93,110415.72,110810.0
2025-09-04 12:00:00,110810.0,111123.99,109329.12,109510.31
2025-09-04 16:00:00,109510.32,110218.39,109363.26,109799.99
2025-09-04 20:00:00,109800.0,111765.31,109755.59,110730.87
2025-09-05 00:00:00,110730.87,111482.09,110435.75,111311.77
2025-09-05 04:00:00,111311.78,112999.0,111144.51,112954.32
2025-09-05 08:00:00,112954.32,112985.0,112131.02,112354.0
2025-09-05 12:00:00,112354.0,113384.62,110286.91,110716.82
2025-09-05 16:00:00,110716.82,111627.51,110206.96,111614.54
2025-09-05 20:00:00,111614.54,111700.0,110375.6,110659.99
2025-09-06 00:00:00,110660.0,111307.7,110552.56,111082.22
2025-09-06 04:00:00,111082.23,111082.23,110687.69,110825.6
2025-09-06 08:00:00,110825.59,110968.0,110675.58,110781.02
2025-09-06 12:00:00,110781.03,110999.83,110358.11,110384.15
2025-09-06 16:00:00,110384.16,110402.0,109977.0,110038.41
2025-09-06 20:00:00,110038.42,110282.82,110034.44,110187.97
2025-09-07 00:00:00,110187.98,110733.12,110180.0,110629.15
2025-09-07 04:00:00,110629.15,110911.42,110463.1,110753.42
2025-09-07 08:00:00,110753.41,111377.19,110720.01,111292.13
2025-09-07 12:00:00,111292.12,111412.0,111042.6,111329.99
2025-09-07 16:00:00,111329.99,111371.35,110861.2,111259.99
2025-09-07 20:00:00,111259.99,111600.0,111001.45,111137.34
2025-09-08 00:00:00,111137.35,111372.0,110621.78,111052.11
2025-09-08 04:00:00,111052.11,111609.04,110899.69,111280.39
2025-09-08 08:00:00,111280.4,112186.98,111252.9,112052.43
2025-09-08 12:00:00,112052.43,112924.37,111877.64,112631.75
2025-09-08 16:00:00,112631.74,112670.06,111978.67,112097.31
2025-09-08 20:00:00,112097.31,112512.71,111896.0,112065.23
2025-09-09 00:00:00,112065.23,112104.41,111111.0,111708.0
2025-09-09 04:00:00,111708.01,113293.29,111624.12,112991.11
2025-09-09 08:00:00,112991.11,113176.51,112403.91,112433.59
2025-09-09 12:00:00,112433.59,112950.0,110766.66,110880.76
2025-09-09 16:00:00,110880.76,111388.04,110788.0,111301.53
2025-09-09 20:00:00,111301.53,111745.69,111090.07,111546.39
2025-09-10 00:00:00,111546.38,111586.26,110917.45,111545.88
2025-09-10 04:00:00,111545.88,112602.35,111372.42,112553.65
2025-09-10 08:00:00,112553.65,112859.8,112097.2,112299.99
2025-09-10 12:00:00,112300.0,114313.13,112299.99,113853.99
2025-09-10 16:00:00,113853.99,114074.46,113155.03,113574.52
2025-09-10 20:00:00,113574.53,114025.78,113528.01,113960.0
2025-09-11 00:00:00,113960.0,114434.23,113669.82,114400.01
2025-09-11 04:00:00,114400.01,114459.65,113957.2,114083.58
2025-09-11 08:00:00,114083.58,114200.0,113776.0,113999.99
2025-09-11 12:00:00,113999.99,114715.02,113430.0,114180.31
2025-09-11 16:00:00,114180.32,114605.54,114102.0,114419.99
2025-09-11 20:00:00,114420.0,115488.09,114246.04,115482.69
2025-09-12 00:00:00,115482.69,116331.81,115045.45,115194.14
2025-09-12 04:00:00,115194.14,115656.87,115086.7,115086.7
2025-09-12 08:00:00,115086.7,115273.12,114888.01,114913.45
2025-09-12 12:00:00,114913.45,115500.95,114740.99,115121.18
2025-09-12 16:00:00,115121.18,116665.63,115030.3,116632.51
2025-09-12 20:00:00,116632.51,116632.51,115752.68,116029.42
2025-09-13 00:00:00,116029.41,116298.78,115576.26,115957.0
2025-09-13 04:00:00,115957.0,115957.01,115657.81,115778.71
2025-09-13 08:00:00,115778.72,116166.71,115767.33,115974.11
2025-09-13 12:00:00,115974.11,116060.0,115603.98,115768.68
2025-09-13 16:00:00,115768.68,115817.37,115127.27,115797.12
2025-09-13 20:00:00,115797.12,115991.29,115797.11,115918.29
2025-09-14 00:00:00,115918.29,116109.0,115651.99,115679.98
2025-09-14 04:00:00,115679.99,115936.0,115449.59,115805.39
2025-09-14 08:00:00,115805.39,116165.19,115748.78,115794.91
2025-09-14 12:00:00,115794.92,115878.49,115141.8,115224.01
2025-09-14 16:00:00,115224.01,115657.5,115193.9,115634.99
2025-09-14 20:00:00,115634.99,116087.35,115135.0,115268.01
2025-09-15 00:00:00,115268.01,115594.9,114825.0,115445.45
2025-09-15 04:00:00,115445.46,116757.99,115400.0,115806.62
2025-09-15 08:00:00,115806.62,115806.62,114625.87,115070.0
2025-09-15 12:00:00,115070.01,115099.0,114384.0,114842.9
2025-09-15 16:00:00,114842.9,115570.0,114600.0,115307.78
2025-09-15 20:00:00,115307.78,115605.07,115200.07,115349.71
2025-09-16 00:00:00,115349.71,115520.0,114945.01,115307.25
2025-09-16 04:00:00,115307.26,116009.62,114930.0,115840.0
2025-09-16 08:00:00,115839.99,115981.17,115206.15,115287.83
2025-09-16 12:00:00,115287.84,115905.89,114737.11,115905.88
2025-09-16 16:00:00,115905.88,116870.76,115608.28,116800.12
2025-09-16 20:00:00,116800.13,116964.27,116584.45,116788.96
2025-09-17 00:00:00,116788.96,117077.16,116371.81,116372.04
2025-09-17 04:00:00,116372.05,117286.73,116160.22,117162.48
2025-09-17 08:00:00,117162.48,117189.86,116253.27,116258.13
2025-09-17 12:00:00,116258.12,116516.93,115432.0,115875.32
2025-09-17 16:00:00,115875.33,116333.33,114720.81,115652.02
2025-09-17 20:00:00,115652.02,116990.68,115307.33,116447.59
2025-09-18 00:00:00,116447.6,117896.0,116092.76,117581.66
2025-09-18 04:00:00,117581.67,117750.0,116888.02,117086.01
2025-09-18 08:00:00,117086.01,117413.04,117010.59,117063.4
2025-09-18 12:00:00,117063.41,117843.83,116977.59,117583.56
2025-09-18 16:00:00,117583.56,117900.0,117196.33,117450.21
2025-09-18 20:00:00,117450.21,117657.17,116612.03,117073.53
2025-09-19 00:00:00,117073.53,117459.99,116871.61,116977.58
2025-09-19 04:00:00,116977.58,117100.0,116633.86,116909.97
2025-09-19 08:00:00,116909.98,117090.36,116300.0,116394.72
2025-09-19 12:00:00,116394.72,116529.08,115464.19,115884.03
2025-09-19 16:00:00,115884.03,116136.0,115112.58,115125.12
2025-09-19 20:00:00,115125.13,115657.28,115100.0,115632.38
2025-09-20 00:00:00,115632.39,115730.41,115408.47,115445.0
2025-09-20 04:00:00,115445.0,115985.2,115409.08,115968.56
2025-09-20 08:00:00,115968.56,115968.57,115664.11,115894.06
2025-09-20 12:00:00,115894.05,116121.81,115804.47,115986.69
2025-09-20 16:00:00,115986.7,116079.46,115698.08,115702.0
2025-09-20 20:00:00,115702.0,115944.7,115603.42,115685.63
2025-09-21 00:00:00,115685.63,115732.94,115441.83,115669.41
2025-09-21 04:00:00,115669.42,115815.98,115487.56,115815.97
2025-09-21 08:00:00,115815.98,115819.06,115329.03,115603.45
2025-09-21 12:00:00,115603.45,115747.23,115473.19,115531.61
2025-09-21 16:00:00,115531.62,115665.52,115209.02,115480.05
2025-09-21 20:00:00,115480.05,115545.43,115188.0,115232.29
2025-09-22 00:00:00,115232.29,115379.25,114150.0,114649.89
2025-09-22 04:00:00,114649.89,114649.9,111800.0,112519.99
2025-09-22 08:00:00,112520.0,112976.02,112173.52,112876.97
2025-09-22 12:00:00,112876.97,113432.76,112380.0,112815.5
2025-09-22 16:00:00,112815.5,112888.0,111936.4,112122.9
2025-09-22 20:00:00,112122.9,112977.41,111975.28,112650.99
2025-09-23 00:00:00,112650.99,112833.09,111478.0,112339.99
2025-09-23 04:00:00,112339.99,113114.01,111876.15,113090.13
2025-09-23 08:00:00,113090.13,113281.5,112683.33,112975.99
2025-09-23 12:00:00,112975.99,113290.5,112496.61,112882.19
2025-09-23 16:00:00,112882.2,112958.58,111540.2,111655.29
2025-09-23 20:00:00,111655.29,112220.54,111458.73,111998.8
2025-09-24 00:00:00,111998.8,112500.0,111683.09,111683.09
2025-09-24 04:00:00,111683.1,112779.37,111042.66,112583.54
2025-09-24 08:00:00,112583.54,113162.17,112405.62,113029.46
2025-09-24 12:00:00,113029.45,113890.0,112808.0,113346.41
2025-09-24 16:00:00,113346.4,113940.0,113163.21,113420.01
2025-09-24 20:00:00,113420.0,113647.58,113204.71,113307.0
2025-09-25 00:00:00,113307.01,113510.23,112214.74,112546.21
2025-09-25 04:00:00,112546.22,112614.43,111450.42,111766.72
2025-09-25 08:00:00,111766.73,112246.46,111283.63,111348.0
2025-09-25 12:00:00,111347.99,111729.52,110629.99,111580.77
2025-09-25 16:00:00,111580.77,111672.58,108631.51,109360.0
2025-09-25 20:00:00,109360.0,109685.72,108765.0,108994.49
2025-09-26 00:00:00,108994.49,109798.84,108809.24,109580.01
2025-09-26 04:00:00,109580.0,109625.94,108913.0,109320.02
2025-09-26 08:00:00,109320.02,109690.98,108620.07,109133.5
2025-09-26 12:00:00,109133.5,109779.73,108764.76,109027.78
2025-09-26 16:00:00,109027.79,110300.0,109027.78,109172.2
2025-09-26 20:00:00,109172.21,109687.69,109087.57,109643.46
2025-09-27 00:00:00,109643.46,109743.91,109324.42,109553.77
2025-09-27 04:00:00,109553.77,109742.27,109332.02,109411.2
2025-09-27 08:00:00,109411.19,109477.69,109064.4,109310.21
2025-09-27 12:00:00,109310.22,109477.59,109193.0,109402.24
2025-09-27 16:00:00,109402.25,109440.0,109243.89,109424.2
2025-09-27 20:00:00,109424.21,109699.98,109362.72,109635.85
2025-09-28 00:00:00,109635.85,109787.75,109325.05,109436.0
2025-09-28 04:00:00,109436.0,109537.8,109260.0,109513.06
2025-09-28 08:00:00,109513.06,109585.39,109250.0,109369.02
2025-09-28 12:00:00,109369.02,110037.93,109189.99,110037.93
2025-09-28 16:00:00,110037.92,110393.63,110008.54,110337.6
2025-09-28 20:00:00,110337.61,112350.0,110294.78,112163.95
2025-09-29 00:00:00,112163.96,112310.0,111588.07,111857.51
2025-09-29 04:00:00,111857.51,111904.34,111560.65,111865.95
2025-09-29 08:00:00,111865.96,112421.99,111865.95,112100.0
2025-09-29 12:00:00,112100.0,114231.56,111901.26,113815.57
2025-09-29 16:00:00,113815.57,114390.93,113449.74,114265.55
2025-09-29 20:00:00,114265.56,114400.0,114020.0,114311.96
2025-09-30 00:00:00,114311.97,114792.0,114040.35,114376.39
2025-09-30 04:00:00,114376.39,114376.4,113585.0,113699.23
2025-09-30 08:00:00,113699.24,113741.37,112656.27,113055.01
2025-09-30 12:00:00,113055.0,113677.23,112866.11,113106.16
2025-09-30 16:00:00,113106.15,114563.46,112800.0,114359.99
2025-09-30 20:00:00,114359.99,114754.87,113765.42,114048.93
2025-10-01 00:00:00,114048.94,114551.76,113966.67,114176.92
2025-10-01 04:00:00,114176.93,114740.0,114151.0,114539.02
2025-10-01 08:00:00,114539.02,116795.85,114484.43,116789.58
2025-10-01 12:00:00,116789.57,117649.99,116363.38,117423.73
2025-10-01 16:00:00,117423.73,118199.0,116724.56,117439.53
2025-10-01 20:00:00,117439.53,118649.1,117163.25,118594.99
2025-10-02 00:00:00,118594.99,119456.92,118368.05,118733.99
2025-10-02 04:00:00,118733.99,118930.29,118279.31,118489.76
2025-10-02 08:00:00,118489.76,118926.49,118354.61,118765.73
2025-10-02 12:00:00,118765.72,119910.79,118516.39,119910.78
2025-10-02 16:00:00,119910.78,121022.07,119359.63,120836.49
2025-10-02 20:00:00,120836.49,120914.0,120072.46,120529.35
2025-10-03 00:00:00,120529.35,120550.9,119820.0,120225.89
2025-10-03 04:00:00,120225.88,120324.53,119610.59,119640.21
2025-10-03 08:00:00,119640.22,120515.89,119248.3,120334.5
2025-10-03 12:00:00,120334.51,122366.0,119881.24,122258.05
2025-10-03 16:00:00,122258.04,123894.99,121466.25,122660.99
2025-10-03 20:00:00,122661.0,122734.92,121999.33,122232.0
2025-10-04 00:00:00,122232.21,122325.6,121684.97,122243.99
2025-10-04 04:00:00,122243.99,122800.0,122219.3,122324.08
2025-10-04 08:00:00,122324.08,122539.83,121962.81,121973.26
2025-10-04 12:00:00,121973.26,122509.52,121698.88,121791.31
2025-10-04 16:00:00,121791.31,121964.95,121510.0,121959.25
2025-10-04 20:00:00,121959.25,122410.0,121871.01,122391.0
2025-10-05 00:00:00,122390.99,124362.28,122136.0,123776.22
2025-10-05 04:00:00,123776.23,125708.42,123734.0,124713.63
2025-10-05 08:00:00,124713.63,124838.37,122520.24,123464.64
2025-10-05 12:00:00,123464.64,123464.65,122675.0,122803.17
2025-10-05 16:00:00,122803.17,123464.0,122301.63,122591.79
2025-10-05 20:00:00,122591.8,123548.83,122473.62,123482.31
2025-10-06 00:00:00,123482.32,124358.46,123084.0,123839.09
2025-10-06 04:00:00,123839.09,124165.56,123280.49,123390.47
2025-10-06 08:00:00,123390.47,124531.66,123390.46,124215.0
2025-10-06 12:00:00,124215.0,125408.29,124178.0,125000.0
2025-10-06 16:00:00,125000.0,126199.63,124800.0,125410.81
2025-10-06 20:00:00,125410.8,125534.0,124511.15,124658.54
2025-10-07 00:00:00,124658.54,125082.27,124101.26,124329.74
2025-10-07 04:00:00,124329.74,124654.47,123567.6,123667.99
2025-10-07 08:00:00,123668.0,124509.6,123322.9,124453.38
2025-10-07 12:00:00,124453.37,125126.0,121172.89,121846.01
2025-10-07 16:00:00,121846.01,122084.14,120574.94,121637.17
2025-10-07 20:00:00,121637.18,122292.62,121258.08,121332.95
2025-10-08 00:00:00,121332.96,122229.66,121200.0,121374.75
2025-10-08 04:00:00,121374.76,121910.24,121066.14,121597.06
2025-10-08 08:00:00,121597.05,123200.0,121524.01,122884.14
2025-10-08 12:00:00,122884.14,123350.0,121649.68,122189.72
2025-10-08 16:00:00,122189.72,124197.25,122110.08,123450.0
2025-10-08 20:00:00,123450.01,123737.0,122794.4,123306.0
2025-10-09 00:00:00,123306.01,123348.32,121475.98,122038.01
2025-10-09 04:00:00,122038.01,122264.0,121724.71,121906.1
2025-10-09 08:00:00,121906.09,122833.02,121145.49,122737.57
2025-10-09 12:00:00,122737.56,123762.94,120673.99,121147.14
2025-10-09 16:00:00,121147.15,121481.9,119651.47,120951.72
2025-10-09 20:00:00,120951.72,121900.0,120838.0,121662.4
2025-10-10 00:00:00,121662.41,121874.13,120900.0,121026.01
2025-10-10 04:00:00,121026.0,121754.34,120855.41,120932.05
2025-10-10 08:00:00,120932.05,121777.07,120916.44,121554.55
2025-10-10 12:00:00,121554.55,122550.0,118500.0,119018.98
2025-10-10 16:00:00,119018.99,119456.28,115952.47,116661.5
2025-10-10 20:00:00,116661.5,117214.64,102000.0,112774.5
2025-10-11 00:00:00,112774.49,113322.39,111019.43,112300.01
2025-10-11 04:00:00,112300.0,112991.16,110090.29,110384.61
2025-10-11 08:00:00,110384.6,112359.67,110162.23,112280.0
2025-10-11 12:00:00,112280.01,112500.0,111793.2,111793.2
2025-10-11 16:00:00,111793.21,112185.53,110865.82,111178.31
2025-10-11 20:00:00,111178.3,111368.29,109561.59,110644.4
2025-10-12 00:00:00,110644.4,111368.14,109565.06,110676.0
2025-10-12 04:00:00,110676.0,112125.51,110617.1,111525.2
2025-10-12 08:00:00,111525.19,112133.33,111139.87,111848.36
2025-10-12 12:00:00,111848.35,113745.84,111177.75,113198.2
2025-10-12 16:00:00,113198.2,114700.0,113198.2,114342.28
2025-10-12 20:00:00,114342.28,115770.0,114217.75,114958.8
2025-10-13 00:00:00,114958.81,115963.81,114619.45,114821.12
2025-10-13 04:00:00,114821.13,115554.83,114398.24,115399.67
2025-10-13 08:00:00,115399.66,115438.17,113616.5,114180.0
2025-10-13 12:00:00,114180.0,115530.0,113800.01,114312.1
2025-10-13 16:00:00,114312.09,115891.3,114215.79,115792.84
2025-10-13 20:00:00,115792.84,115868.0,115005.44,115166.0
2025-10-14 00:00:00,115166.0,115409.96,113279.76,113500.0
2025-10-14 04:00:00,113500.0,113691.0,111355.01,111724.41
2025-10-14 08:00:00,111724.41,112140.0,110012.24,111313.98
2025-10-14 12:00:00,111313.98,112943.82,109866.0,112900.43
2025-10-14 16:00:00,112900.44,113544.53,111692.31,112613.7
2025-10-14 20:00:00,112613.69,113577.0,112230.46,113028.14
2025-10-15 00:00:00,113028.13,113612.35,111825.93,112024.29
2025-10-15 04:00:00,112024.3,112680.0,111746.76,112584.5
2025-10-15 08:00:00,112584.49,113520.88,111693.26,111905.73
2025-10-15 12:00:00,111905.72,112238.41,110400.0,110798.01
2025-10-15 16:00:00,110798.01,111557.7,110164.0,111271.73
2025-10-15 20:00:00,111271.73,111556.27,110500.0,110763.28
2025-10-16 00:00:00,110763.28,111867.17,110361.0,111329.48
2025-10-16 04:00:00,111329.48,111773.7,110553.19,110584.2
2025-10-16 08:00:00,110584.21,111728.7,109635.15,111404.72
2025-10-16 12:00:00,111404.73,111982.45,108361.69,108549.21
2025-10-16 16:00:00,108549.21,109254.0,107577.57,108197.66
2025-10-16 20:00:00,108197.67,108500.0,107427.0,108194.28
2025-10-17 00:00:00,108194.27,109240.0,107934.4,109176.74
2025-10-17 04:00:00,109176.74,109236.01,105542.09,105633.75
2025-10-17 08:00:00,105633.75,106651.22,103528.23,105683.72
2025-10-17 12:00:00,105683.71,106852.14,104533.21,106803.53
2025-10-17 16:00:00,106803.52,107575.6,106071.42,106454.72
2025-10-17 20:00:00,106457.24,107440.02,106342.47,106431.68
2025-10-18 00:00:00,106431.68,107306.06,106322.2,107070.4
2025-10-18 04:00:00,107070.41,107499.0,106439.38,106665.0
2025-10-18 08:00:00,106665.01,107222.0,106605.93,107208.6
2025-10-18 12:00:00,107208.61,107300.0,106739.33,106948.75
2025-10-18 16:00:00,106948.75,107091.87,106484.0,107080.14
2025-10-18 20:00:00,107080.14,107339.03,106851.84,107185.01
2025-10-19 00:00:00,107185.0,107367.16,106734.17,107275.78
2025-10-19 04:00:00,107275.79,107290.0,106558.61,106786.0
2025-10-19 08:00:00,106786.0,108260.5,106103.36,107783.47
2025-10-19 12:00:00,107783.47,108621.68,107355.02,108486.7
2025-10-19 16:00:00,108486.71,109450.07,108240.0,108908.43
2025-10-19 20:00:00,108908.43,109370.99,108471.1,108642.78
2025-10-20 00:00:00,108642.77,110427.86,107402.52,110145.44
2025-10-20 04:00:00,110145.45,111445.67,109951.96,111169.92
2025-10-20 08:00:00,111169.91,111679.25,110608.27,111016.75
2025-10-20 12:00:00,111016.75,111705.56,110588.23,111144.55
2025-10-20 16:00:00,111144.55,111303.05,109855.83,110803.22
2025-10-20 20:00:00,110803.22,111272.0,110418.25,110532.09
2025-10-21 00:00:00,110532.09,110532.09,109052.09,109059.22
2025-10-21 04:00:00,109059.23,109059.23,107473.72,108086.37
2025-10-21 08:00:00,108086.38,108811.47,107484.22,108580.01
2025-10-21 12:00:00,108580.0,113557.62,107922.06,113422.61
2025-10-21 16:00:00,113422.6,114000.0,111324.29,111780.39
2025-10-21 20:00:00,111780.4,111801.41,108045.81,108297.67
2025-10-22 00:00:00,108297.66,108678.21,107841.2,108216.02
2025-10-22 04:00:00,108216.03,108638.99,107610.0,108321.63
2025-10-22 08:00:00,108321.64,108358.76,106708.18,107555.05
2025-10-22 12:00:00,107555.04,109163.88,107443.01,108416.5
2025-10-22 16:00:00,108416.5,108796.42,107463.29,107870.35
2025-10-22 20:00:00,107870.35,108069.93,106666.69,107567.44
2025-10-23 00:00:00,107567.45,108720.39,107500.0,108377.96
2025-10-23 04:00:00,108377.96,110298.29,108350.36,109269.9
2025-10-23 08:00:00,109269.9,109903.83,109100.4,109253.89
2025-10-23 12:00:00,109253.88,110109.99,108685.72,109908.28
2025-10-23 16:00:00,109908.29,111293.61,109647.34,110200.0
2025-10-23 20:00:00,110200.01,110200.01,109341.28,110078.18
2025-10-24 00:00:00,110078.19,110829.67,109983.93,110441.46
2025-10-24 04:00:00,110441.46,111522.3,110332.0,111054.61
2025-10-24 08:00:00,111054.61,111482.99,110600.0,111066.29
2025-10-24 12:00:00,111066.29,112104.98,109700.01,110046.91
2025-10-24 16:00:00,110046.92,110945.39,109797.13,110615.07
2025-10-24 20:00:00,110615.07,111138.62,110478.0,111004.89
2025-10-25 00:00:00,111004.9,111226.67,110672.86,111029.99
2025-10-25 04:00:00,111029.99,111820.87,111029.99,111489.6
2025-10-25 08:00:00,111489.59,111850.13,111375.81,111563.81
2025-10-25 12:00:00,111563.81,111943.19,111311.19,111385.18
2025-10-25 16:00:00,111385.18,111731.78,111164.39,111623.45
2025-10-25 20:00:00,111623.46,111683.64,111342.25,111646.27
2025-10-26 00:00:00,111646.27,111899.56,111260.45,111260.46
2025-10-26 04:00:00,111260.46,111724.96,111260.46,111723.98
2025-10-26 08:00:00,111723.98,113466.23,111708.63,113286.09
2025-10-26 12:00:00,113286.09,114000.0,113279.85,113694.97
2025-10-26 16:00:00,113694.97,113793.93,113290.62,113585.99
2025-10-26 20:00:00,113585.98,115466.8,112901.0,114559.4
2025-10-27 00:00:00,114559.41,115445.39,114362.26,114958.51
2025-10-27 04:00:00,114958.52,116400.0,114938.01,115554.6
2025-10-27 08:00:00,115554.59,115607.48,114814.69,115362.02
2025-10-27 12:00:00,115362.02,115437.48,114503.99,114969.68
2025-10-27 16:00:00,114969.68,115790.0,114790.81,114942.64
2025-10-27 20:00:00,114942.64,114942.64,113830.01,114107.65
2025-10-28 00:00:00,114107.65,114547.2,113569.91,113908.24
2025-10-28 04:00:00,113908.25,114364.99,113483.3,114188.37
2025-10-28 08:00:00,114188.38,114673.68,114113.3,114357.73
2025-10-28 12:00:00,114357.72,116086.0,114138.06,114641.38
2025-10-28 16:00:00,114641.38,115591.41,113566.44,113689.99
2025-10-28 20:00:00,113689.0,113703.32,112211.0,112898.45
2025-10-29 00:00:00,112898.44,112975.75,112100.0,112523.49
2025-10-29 04:00:00,112523.49,113577.9,112505.58,113577.9
2025-10-29 08:00:00,113577.9,113624.12,112732.91,113132.36
2025-10-29 12:00:00,113132.35,113643.73,111401.5,111509.74
2025-10-29 16:00:00,111509.74,112030.23,109200.0,110640.0
2025-10-29 20:00:00,110640.0,111800.0,109733.22,110021.29
2025-10-30 00:00:00,110021.3,111011.99,109703.43,110751.47
2025-10-30 04:00:00,110751.48,111592.0,107925.06,111366.72
2025-10-30 08:00:00,111366.72,111467.01,109692.3,109717.29
2025-10-30 12:00:00,109717.19,109777.93,107328.0,107711.56
2025-10-30 16:00:00,107711.56,108214.85,106304.34,106536.39
2025-10-30 20:00:00,106536.39,108334.53,106316.17,108322.88
2025-10-31 00:00:00,108322.87,110042.16,108275.28,109227.86
2025-10-31 04:00:00,109227.87,110215.0,109114.88,109449.31
2025-10-31 08:00:00,109449.32,110550.0,109214.13,110415.61
2025-10-31 12:00:00,110415.62,111190.0,109366.91,110202.9
2025-10-31 16:00:00,110202.9,110300.0,108635.0,109828.78
2025-10-31 20:00:00,109828.78,109828.79,109329.15,109608.01
2025-11-01 00:00:00,109608.01,110315.54,109394.81,110226.37
2025-11-01 04:00:00,110226.38,110564.49,109933.86,110071.4
2025-11-01 08:00:00,110071.4,110270.9,109854.72,110137.59
2025-11-01 12:00:00,110137.59,110348.0,109702.66,110310.65
2025-11-01 16:00:00,110310.65,110529.99,110192.0,110299.99
2025-11-01 20:00:00,110300.0,110516.17,109858.44,110098.1
2025-11-02 00:00:00,110098.1,110263.91,109879.39,110053.23
2025-11-02 04:00:00,110053.22,111045.09,110030.06,110895.53
2025-11-02 08:00:00,110895.53,111229.78,110346.15,111196.99
2025-11-02 12:00:00,111196.99,111250.01,110096.32,110117.48
2025-11-02 16:00:00,110117.49,110331.0,109735.59,110180.84
2025-11-02 20:00:00,110180.85,110742.26,109471.34,110540.68
2025-11-03 00:00:00,110540.69,110750.0,107907.44,107937.45
2025-11-03 04:00:00,107937.45,108075.0,107006.05,107468.23
2025-11-03 08:00:00,107468.23,107920.92,106726.63,107787.42
2025-11-03 12:00:00,107787.42,108333.0,105511.0,105745.71
2025-11-03 16:00:00,105745.71,107783.2,105306.56,107090.0
2025-11-03 20:00:00,107090.0,107169.68,105755.59,106583.04
2025-11-04 00:00:00,106583.05,107298.74,105852.37,107158.79
2025-11-04 04:00:00,107158.79,107299.0,104200.0,104490.72
2025-11-04 08:00:00,104490.73,104699.07,103605.0,104584.76
2025-11-04 12:00:00,104584.75,104842.63,102915.05,103197.01
2025-11-04 16:00:00,103197.02,103500.05,100010.73,100542.64
2025-11-04 20:00:00,100542.64,101893.09,98944.36,101497.22
2025-11-05 00:00:00,101497.23,102272.23,98966.8,102130.0
2025-11-05 04:00:00,102130.0,102370.0,101500.0,101993.02
2025-11-05 08:00:00,101993.03,102203.48,101176.47,102070.61
2025-11-05 12:00:00,102070.62,103798.37,101916.77,103728.3
2025-11-05 16:00:00,103728.3,104529.41,103057.56,104008.09
2025-11-05 20:00:00,104008.09,104534.74,103305.05,103885.16
2025-11-06 00:00:00,103885.16,103933.33,102716.26,103636.03
2025-11-06 04:00:00,103636.92,104200.0,102910.66,103185.48
2025-11-06 08:00:00,103184.75,103440.0,102651.63,103227.58
2025-11-06 12:00:00,103227.59,103626.46,101630.0,102014.48
2025-11-06 16:00:00,102014.49,102393.51,100300.95,101388.81
2025-11-06 20:00:00,101388.82,101643.28,100541.17,101346.04
2025-11-07 00:00:00,101346.04,102500.0,100749.94,101916.29
2025-11-07 04:00:00,101916.3,102527.0,101582.92,102010.0
2025-11-07 08:00:00,102009.99,102050.0,99803.58,100411.89
2025-11-07 12:00:00,100411.89,101253.99,99260.86,100797.95
2025-11-07 16:00:00,100797.95,103395.25,100517.06,103395.25
2025-11-07 20:00:00,103395.92,104096.36,102958.0,103339.08
2025-11-08 00:00:00,103339.09,103406.22,102539.49,102592.76
2025-11-08 04:00:00,102592.76,102836.0,101902.64,102352.96
2025-11-08 08:00:00,102352.96,102687.72,101715.76,101857.1
2025-11-08 12:00:00,101857.1,102186.99,101454.0,101711.45
2025-11-08 16:00:00,101711.46,102219.39,101522.08,101989.65
2025-11-08 20:00:00,101989.65,102482.2,101957.94,102312.94
2025-11-09 00:00:00,102312.95,102337.89,101400.0,101662.05
2025-11-09 04:00:00,101662.05,102130.61,101635.96,101944.59
2025-11-09 08:00:00,101944.6,102307.68,101500.0,102239.41
2025-11-09 12:00:00,102239.41,104168.0,102050.64,103762.17
2025-11-09 16:00:00,103762.18,104805.57,103316.23,104805.57
2025-11-09 20:00:00,104805.57,105495.62,104058.59,104722.96
2025-11-10 00:00:00,104722.95,106670.11,104265.02,106027.97
2025-11-10 04:00:00,106027.97,106539.4,105846.26,106461.45
2025-11-10 08:00:00,106461.46,106599.47,105836.0,106176.5
2025-11-10 12:00:00,106176.5,106589.89,104667.0,105079.99
2025-11-10 16:00:00,105079.99,106094.31,104784.36,105817.99
2025-11-10 20:00:00,105818.0,106299.22,105280.0,106011.13
2025-11-11 00:00:00,106011.13,107500.0,105500.0,106456.0
2025-11-11 04:00:00,106456.0,106546.0,104741.2,104783.98
2025-11-11 08:00:00,104783.99,105497.99,104762.23,105311.9
2025-11-11 12:00:00,105311.9,105500.0,103170.33,103455.99
2025-11-11 16:00:00,103455.99,103730.0,102840.22,103126.39
2025-11-11 20:00:00,103126.39,103224.29,102476.09,103058.99
2025-11-12 00:00:00,103059.0,103440.96,102687.72,103310.0
2025-11-12 04:00:00,103310.0,103654.38,103011.0,103112.66
2025-11-12 08:00:00,103112.65,105200.0,103112.24,105020.83
2025-11-12 12:00:00,105020.82,105333.33,101961.97,102173.51
2025-11-12 16:00:00,102173.51,102285.18,100813.59,101297.31
2025-11-12 20:00:00,101297.31,101999.35,101141.03,101654.37
2025-11-13 00:00:00,101654.37,102604.0,100922.55,102130.21
2025-11-13 04:00:00,102130.21,104085.01,101665.59,103475.66
2025-11-13 08:00:00,103475.66,103811.49,102553.63,102936.5
2025-11-13 12:00:00,102936.49,103483.83,101184.14,101382.64
2025-11-13 16:00:00,101382.63,101540.93,98147.4,98682.14
2025-11-13 20:00:00,98682.13,100501.31,98000.4,99692.02
2025-11-14 00:00:00,99692.03,99866.02,98700.0,99139.38
2025-11-14 04:00:00,99139.38,99178.58,95933.75,97151.98
2025-11-14 08:00:00,97151.97,97553.7,95711.0,96167.44
2025-11-14 12:00:00,96167.45,97322.35,94560.48,96796.14
2025-11-14 16:00:00,96796.14,97411.11,94800.55,95778.29
2025-11-14 20:00:00,95778.3,95940.0,94012.45,94594.0
2025-11-15 00:00:00,94594.0,96846.68,94558.49,96417.12
2025-11-15 04:00:00,96417.12,96570.65,95921.21,96333.86
2025-11-15 08:00:00,96333.87,96350.52,95630.0,95696.87
2025-11-15 12:00:00,95696.86,96471.22,95565.17,96260.0
2025-11-15 16:00:00,96259.99,96419.65,95731.32,96012.01
2025-11-15 20:00:00,96012.01,96012.01,95119.94,95596.24
2025-11-16 00:00:00,95596.23,95979.79,94841.62,95825.02
2025-11-16 04:00:00,95825.02,96192.0,95650.72,96099.99
2025-11-16 08:00:00,96099.98,96635.11,95500.0,95627.13
2025-11-16 12:00:00,95627.13,95900.0,94368.24,94573.46
2025-11-16 16:00:00,94573.46,95567.79,93770.48,94020.0
2025-11-16 20:00:00,94020.49,94739.74,93005.55,94261.44
2025-11-17 00:00:00,94261.45,95559.99,93767.27,95496.77
2025-11-17 04:00:00,95496.77,95880.0,94849.37,95653.77
2025-11-17 08:00:00,95653.78,96026.71,95309.68,95565.38
2025-11-17 12:00:00,95565.38,96043.0,93571.3,93959.67
2025-11-17 16:00:00,93959.68,94419.88,91588.0,91678.93
2025-11-17 20:00:00,91678.93,92399.48,91220.0,92215.14
2025-11-18 00:00:00,92215.14,92357.51,89700.0,90842.72
2025-11-18 04:00:00,90842.72,90851.66,89253.78,90512.1
2025-11-18 08:00:00,90512.1,91617.17,90509.79,91517.82
2025-11-18 12:00:00,91517.83,93049.91,90905.7,92910.1
2025-11-18 16:00:00,92910.1,93836.01,92579.23,93195.61
2025-11-18 20:00:00,93195.61,93423.74,92462.72,92960.83
2025-11-19 00:00:00,92960.83,92980.22,91660.49,91874.52
2025-11-19 04:00:00,91874.51,92028.92,90025.06,91863.64
2025-11-19 08:00:00,91863.64,91950.0,91072.41,91410.22
2025-11-19 12:00:00,91410.23,92384.61,89880.0,89951.7
2025-11-19 16:00:00,89951.7,90232.56,88630.71,88884.56
2025-11-19 20:00:00,88884.56,91594.0,88608.0,91554.96
2025-11-20 00:00:00,91554.96,92798.14,91185.26,92440.32
2025-11-20 04:00:00,92440.33,93160.0,91687.07,92320.18
2025-11-20 08:00:00,92320.18,92400.94,91440.55,91934.0
2025-11-20 12:00:00,91934.01,92541.92,89835.34,89869.88
2025-11-20 16:00:00,89869.88,89911.73,86100.0,86921.28
2025-11-20 20:00:00,86921.27,88250.0,86325.23,86637.23
2025-11-21 00:00:00,86637.22,87498.94,85360.0,85821.34
2025-11-21 04:00:00,85821.35,86459.53,82000.0,84049.39
2025-11-21 08:00:00,84049.38,84709.89,81648.0,82309.66
2025-11-21 12:00:00,82309.67,85496.0,80600.0,82932.47
2025-11-21 16:00:00,82932.46,85572.82,82333.0,84209.3
2025-11-21 20:00:00,84209.3,85416.66,83464.96,85129.43
2025-11-22 00:00:00,85129.42,85620.0,84212.39,84440.47
2025-11-22 04:00:00,84440.48,84799.54,83832.91,84580.06
2025-11-22 08:00:00,84580.06,84586.62,83500.0,84098.94
2025-11-22 12:00:00,84098.94,84755.83,83620.16,84284.01
2025-11-22 16:00:00,84284.01,84899.0,84219.62,84609.76
2025-11-22 20:00:00,84609.77,85260.0,84237.7,84739.74
2025-11-23 00:00:00,84739.75,86349.84,84667.57,86308.54
2025-11-23 04:00:00,86308.54,86860.0,85420.0,85782.19
2025-11-23 08:00:00,85782.18,86465.24,85768.22,86331.28
2025-11-23 12:00:00,86331.28,87244.51,86271.1,87087.44
2025-11-23 16:00:00,87087.44,87689.47,86502.47,87325.01
2025-11-23 20:00:00,87325.01,88127.64,86701.54,86830.0
2025-11-24 00:00:00,86830.0,88059.44,85946.65,87460.02
2025-11-24 04:00:00,87460.03,87837.57,86450.0,87050.39
2025-11-24 08:00:00,87050.39,87050.39,85696.56,86264.72
2025-11-24 12:00:00,86264.71,86741.5,85272.0,86616.44
2025-11-24 16:00:00,86616.44,88834.62,86616.43,88327.29
2025-11-24 20:00:00,88327.29,89228.0,88252.5,88300.01
2025-11-25 00:00:00,88300.01,88300.01,87457.53,87822.12
2025-11-25 04:00:00,87822.12,88519.99,87300.0,87384.81
2025-11-25 08:00:00,87384.81,87606.57,86666.0,87361.71
2025-11-25 12:00:00,87361.71,87792.2,86116.0,86988.94
2025-11-25 16:00:00,86988.93,88155.65,86182.49,86882.85
2025-11-25 20:00:00,86882.84,87889.38,86565.48,87369.96
2025-11-26 00:00:00,87369.97,88224.0,87069.97,87119.92
2025-11-26 04:00:00,87119.93,87970.0,86909.99,87935.05
2025-11-26 08:00:00,87935.05,87941.58,86670.36,87095.79
2025-11-26 12:00:00,87095.78,87693.21,86306.77,86978.0
2025-11-26 16:00:00,86977.99,90418.39,86956.61,89957.36
2025-11-26 20:00:00,89957.37,90656.08,89508.85,90484.02
2025-11-27 00:00:00,90484.01,91950.0,90089.91,91091.68
2025-11-27 04:00:00,91091.68,91554.49,90889.11,91408.34
2025-11-27 08:00:00,91408.34,91940.18,91221.17,91371.88
2025-11-27 12:00:00,91371.87,91457.36,90438.43,90958.3
2025-11-27 16:00:00,90958.29,91843.59,90850.77,91528.21
2025-11-27 20:00:00,91528.22,91600.0,91114.52,91333.95
2025-11-28 00:00:00,91333.94,91417.99,90652.55,91208.85
2025-11-28 04:00:00,91208.85,91707.79,90867.43,90910.87
2025-11-28 08:00:00,90910.87,92030.0,90907.98,91437.64
2025-11-28 12:00:00,91437.64,93092.0,91380.94,92362.49
2025-11-28 16:00:00,92362.5,92376.0,90180.63,91157.44
2025-11-28 20:00:00,91157.44,91247.16,90705.57,90890.7
2025-11-29 00:00:00,90890.71,91119.99,90546.36,90680.26
2025-11-29 04:00:00,90680.26,90931.56,90311.92,90567.67
2025-11-29 08:00:00,90567.66,90738.17,90376.37,90673.19
2025-11-29 12:00:00,90673.2,91110.36,90530.93,91063.5
2025-11-29 16:00:00,91063.5,91165.65,90155.47,90640.78
2025-11-29 20:00:00,90640.77,91051.87,90400.21,90802.44
2025-11-30 00:00:00,90802.44,91055.5,90471.0,90909.35
2025-11-30 04:00:00,90909.35,91037.72,90670.4,90968.16
2025-11-30 08:00:00,90968.16,91632.0,90927.16,91048.78
2025-11-30 12:00:00,91048.79,92000.01,91009.0,91435.31
2025-11-30 16:00:00,91435.31,91850.0,91159.42,91460.79
2025-11-30 20:00:00,91460.79,91626.75,90336.9,90360.0
2025-12-01 00:00:00,90360.01,90417.0,86161.61,86346.13
2025-12-01 04:00:00,86346.13,86578.06,85604.0,86550.3
2025-12-01 08:00:00,86550.3,86938.01,86131.01,86149.15
2025-12-01 12:00:00,86146.59,86674.0,83822.76,84677.87
2025-12-01 16:00:00,84677.87,85555.0,84030.95,85024.5
2025-12-01 20:00:00,85024.5,86860.0,85007.69,86286.01
2025-12-02 00:00:00,86286.01,87350.0,86184.39,86976.99
2025-12-02 04:00:00,86977.0,87288.48,86818.14,87012.65
2025-12-02 08:00:00,87012.64,87628.78,86296.21,87368.92
2025-12-02 12:00:00,87368.92,91200.0,87032.75,90850.01
2025-12-02 16:00:00,90850.01,92307.65,90201.0,91903.39
2025-12-02 20:00:00,91903.38,92000.0,90720.87,91277.88
2025-12-03 00:00:00,91277.88,93087.09,90990.23,92628.91
2025-12-03 04:00:00,92628.91,93958.58,92625.0,92999.99
2025-12-03 08:00:00,93000.0,93389.62,92666.0,93005.68
2025-12-03 12:00:00,93005.68,93700.0,91697.0,92373.3
2025-12-03 16:00:00,92373.3,93500.0,91786.99,93024.99
2025-12-03 20:00:00,93025.0,94150.0,92825.56,93429.95
2025-12-04 00:00:00,93429.95,94080.0,92669.82,93543.04
2025-12-04 04:00:00,93543.03,93588.48,92775.0,93397.67
2025-12-04 08:00:00,93397.67,93621.31,92736.9,92948.31
2025-12-04 12:00:00,92948.32,93257.0,91801.0,92971.49
2025-12-04 16:00:00,92971.49,93174.55,90889.0,91975.44
2025-12-04 20:00:00,91975.43,92718.53,91688.92,92078.06
2025-12-05 00:00:00,92078.06,92692.36,91959.92,92142.75
2025-12-05 04:00:00,92142.75,92497.51,91813.37,92258.65
2025-12-05 08:00:00,92258.64,92258.65,90956.25,91351.43
2025-12-05 12:00:00,91351.44,91478.67,89874.7,90459.35
2025-12-05 16:00:00,90459.34,90498.59,88056.0,89629.26
2025-12-05 20:00:00,89629.27,89745.37,88901.6,89330.04
2025-12-06 00:00:00,89330.04,89806.43,89030.67,89688.35
2025-12-06 04:00:00,89688.35,89764.19,89459.19,89597.13
2025-12-06 08:00:00,89597.14,89750.01,89217.59,89631.28
2025-12-06 12:00:00,89631.29,90289.97,89490.98,89758.77
2025-12-06 16:00:00,89758.77,89981.2,89077.6,89405.64
2025-12-06 20:00:00,89405.65,89615.34,88908.01,89236.79
2025-12-07 00:00:00,89236.8,89749.59,89176.52,89722.37
2025-12-07 04:00:00,89722.37,89799.96,89200.0,89379.72
2025-12-07 08:00:00,89379.73,89538.7,89050.01,89149.18
2025-12-07 12:00:00,89149.18,89707.54,87719.28,89554.52
2025-12-07 16:00:00,89554.52,91760.0,89115.85,91425.52
2025-12-07 20:00:00,91425.51,91510.4,88995.33,90395.31
2025-12-08 00:00:00,90395.32,91700.0,89860.0,91068.29
2025-12-08 04:00:00,91068.3,91868.76,91023.06,91565.46
2025-12-08 08:00:00,91565.46,92287.15,91486.46,91968.29
2025-12-08 12:00:00,91968.29,92122.08,89612.0,89961.37
2025-12-08 16:00:00,89961.36,90527.3,89679.79,90124.48
2025-12-08 20:00:00,90124.49,91374.0,90124.49,90634.34
2025-12-09 00:00:00,90634.35,90846.26,89795.84,90405.01
2025-12-09 04:00:00,90405.02,90528.67,89500.0,90496.8
2025-12-09 08:00:00,90496.8,90600.0,89912.48,90384.55
2025-12-09 12:00:00,90384.54,92876.92,90004.73,92707.51
2025-12-09 16:00:00,92707.5,94588.99,92693.5,93800.83
2025-12-09 20:00:00,93800.83,93857.47,92254.92,92678.8
2025-12-10 00:00:00,92678.81,92786.35,91976.0,92410.62
2025-12-10 04:00:00,92410.62,92782.92,92386.83,92782.91
2025-12-10 08:00:00,92782.91,93291.5,91763.69,92120.45
2025-12-10 12:00:00,92120.45,92226.0,91563.15,92063.69
2025-12-10 16:00:00,92063.69,93243.59,91684.39,92957.67
2025-12-10 20:00:00,92957.67,94476.0,91878.0,92015.37
2025-12-11 00:00:00,92015.38,92080.32,89389.63,89880.01
2025-12-11 04:00:00,89880.0,90480.14,89694.81,90272.75
2025-12-11 08:00:00,90272.76,90504.19,89971.11,90242.35
2025-12-11 12:00:00,90242.36,90653.33,89260.63,89872.51
2025-12-11 16:00:00,89872.51,91538.26,89333.0,90839.81
2025-12-11 20:00:00,90839.81,93555.0,90797.76,92513.38
2025-12-12 00:00:00,92513.38,92754.0,91448.31,92283.4
2025-12-12 04:00:00,92283.4,92720.0,92078.91,92425.34
2025-12-12 08:00:00,92425.33,92650.01,92044.8,92418.19
2025-12-12 12:00:00,92418.19,92660.74,89780.0,89935.14
2025-12-12 16:00:00,89935.13,90666.0,89480.0,90198.22
2025-12-12 20:00:00,90198.23,90404.13,89898.61,90268.42
2025-12-13 00:00:00,90268.43,90469.71,90120.0,90345.54
2025-12-13 04:00:00,90345.55,90410.5,90268.91,90329.97
2025-12-13 08:00:00,90329.98,90634.55,90290.0,90330.36
2025-12-13 12:00:00,90330.36,90470.3,89932.99,90092.16
2025-12-13 16:00:00,90092.17,90268.13,89981.0,90178.16
2025-12-13 20:00:00,90178.17,90280.76,89766.39,90240.01
2025-12-14 00:00:00,90240.0,90472.4,90117.05,90258.98
2025-12-14 04:00:00,90258.99,90329.24,90050.74,90245.6
2025-12-14 08:00:00,90245.6,90280.01,88687.27,89360.0
2025-12-14 12:00:00,89360.01,89666.0,88882.66,89022.91
2025-12-14 16:00:00,89022.92,89398.71,88497.02,88644.88
2025-12-14 20:00:00,88644.88,88827.71,87577.36,88172.17
2025-12-15 00:00:00,88172.16,90052.64,88074.37,89282.6
2025-12-15 04:00:00,89282.6,89918.48,89272.88,89753.42
2025-12-15 08:00:00,89753.43,89986.68,89572.05,89641.28
2025-12-15 12:00:00,89641.28,89876.42,86621.91,87033.22
2025-12-15 16:00:00,87033.21,87220.0,85146.64,86149.96
2025-12-15 20:00:00,86149.96,86472.7,85530.01,86432.08
2025-12-16 00:00:00,86432.08,86535.22,85386.0,85875.92
2025-12-16 04:00:00,85875.91,86615.38,85266.0,86021.51
2025-12-16 08:00:00,86021.51,87330.0,85930.97,87261.45
2025-12-16 12:00:00,87261.46,88175.98,86107.43,87977.43
2025-12-16 16:00:00,87977.44,88050.17,87061.23,87585.77
2025-12-16 20:00:00,87585.76,87931.48,87343.75,87863.42
2025-12-17 00:00:00,87863.43,87950.0,87150.01,87213.59
2025-12-17 04:00:00,87213.6,87398.54,86209.11,87045.59
2025-12-17 08:00:00,87045.59,87137.42,86238.91,86983.26
2025-12-17 12:00:00,86983.26,90365.85,86817.27,87233.44
2025-12-17 16:00:00,87233.44,87769.23,85314.0,86018.53
2025-12-17 20:00:00,86018.53,86431.14,85644.09,86243.22
2025-12-18 00:00:00,86243.23,86863.75,85863.93,86618.34
2025-12-18 04:00:00,86618.35,86901.4,86384.61,86833.84
2025-12-18 08:00:00,86833.83,87453.63,86685.14,87300.74
2025-12-18 12:00:00,87300.5,89477.61,87109.76,88513.44
2025-12-18 16:00:00,88513.43,88533.61,84481.31,84483.79
2025-12-18 20:00:00,84483.8,85835.9,84450.01,85516.41
2025-12-19 00:00:00,85516.41,87568.99,85110.24,86891.39
2025-12-19 04:00:00,86891.39,88449.06,86647.51,87953.4
2025-12-19 08:00:00,87953.39,88385.06,87742.6,88198.7
2025-12-19 12:00:00,88198.7,89399.97,87514.59,87951.87
2025-12-19 16:00:00,87951.86,88882.55,86846.16,87845.92
2025-12-19 20:00:00,87845.92,88426.85,87614.79,88136.94
2025-12-20 00:00:00,88136.95,88339.27,87961.6,88214.98
2025-12-20 04:00:00,88214.98,88573.07,88123.07,88275.41
2025-12-20 08:00:00,88275.41,88428.0,88107.35,88277.66
2025-12-20 12:00:00,88277.66,88343.73,87795.76,88178.71
2025-12-20 16:00:00,88178.72,88418.73,88103.54,88232.92
2025-12-20 20:00:00,88232.92,88443.44,88154.06,88360.9
2025-12-21 00:00:00,88360.91,88433.64,87869.35,88070.64
2025-12-21 04:00:00,88070.64,88201.59,88050.0,88174.79
2025-12-21 08:00:00,88174.79,89081.77,88141.87,88601.57
2025-12-21 12:00:00,88601.57,88920.01,87600.04,88067.95
2025-12-21 16:00:00,88067.96,88600.0,87950.0,88484.01
2025-12-21 20:00:00,88484.01,88823.52,88091.96,88658.86
2025-12-22 00:00:00,88658.87,89627.24,87900.0,88774.12
2025-12-22 04:00:00,88774.13,89200.0,88712.11,89170.1
2025-12-22 08:00:00,89170.1,90118.0,89093.44,89945.43
2025-12-22 12:00:00,89945.43,90588.23,89196.42,89726.92
2025-12-22 16:00:00,89726.93,90127.0,87965.76,88052.43
2025-12-22 20:00:00,88052.42,88833.33,87911.79,88620.79
2025-12-23 00:00:00,88620.79,88940.0,87800.0,88170.0
2025-12-23 04:00:00,88170.0,88368.1,87051.52,87574.79
2025-12-23 08:00:00,87574.78,87890.0,87297.69,87856.65
2025-12-23 12:00:00,87856.66,87963.03,86601.9,87443.45
2025-12-23 16:00:00,87443.45,88275.4,87162.39,87752.87
2025-12-23 20:00:00,87752.88,88372.35,87180.0,87486.0
2025-12-24 00:00:00,87486.0,87839.66,86863.88,87336.23
2025-12-24 04:00:00,87336.23,87458.54,86796.65,86911.53
2025-12-24 08:00:00,86911.53,87359.59,86724.05,87203.94
2025-12-24 12:00:00,87203.94,87478.59,86420.0,87049.99
2025-12-24 16:00:00,87050.0,87670.0,86917.25,87566.06
2025-12-24 20:00:00,87566.07,88049.89,87516.77,87669.45
2025-12-25 00:00:00,87669.44,87967.5,87508.52,87840.42
2025-12-25 04:00:00,87840.42,87862.2,87661.17,87837.59
2025-12-25 08:00:00,87837.59,87888.0,87251.6,87519.44
2025-12-25 12:00:00,87519.45,88592.74,87398.78,88371.27
2025-12-25 16:00:00,88371.27,88478.0,87993.21,88151.18
2025-12-25 20:00:00,88151.19,88167.65,86934.72,87225.27
2025-12-26 00:00:00,87225.27,89440.0,86891.7,88844.87
2025-12-26 04:00:00,88844.88,89567.75,88347.45,88470.75
2025-12-26 08:00:00,88470.75,88918.59,88414.81,88533.42
2025-12-26 12:00:00,88533.43,89050.0,86655.08,87137.81
2025-12-26 16:00:00,87137.81,87580.29,86818.18,87501.83
2025-12-26 20:00:00,87501.83,87792.7,87321.4,87369.56
2025-12-27 00:00:00,87369.56,87532.0,87253.05,87514.22
2025-12-27 04:00:00,87514.23,87702.0,87417.93,87539.26
2025-12-27 08:00:00,87539.26,87677.0,87370.73,87475.98
2025-12-27 12:00:00,87475.99,87589.99,87308.05,87551.25
2025-12-27 16:00:00,87551.26,87591.0,87442.08,87569.39
2025-12-27 20:00:00,87569.39,87984.0,87499.99,87877.01
2025-12-28 00:00:00,87877.0,87961.37,87705.97,87740.01
2025-12-28 04:00:00,87740.0,87837.99,87614.79,87730.85
2025-12-28 08:00:00,87730.86,88010.0,87720.0,87883.25
2025-12-28 12:00:00,87883.25,88088.75,87794.86,87836.27
2025-12-28 16:00:00,87836.27,87931.59,87500.26,87520.75
2025-12-28 20:00:00,87520.75,88049.53,87435.0,87952.71
2025-12-29 00:00:00,87952.71,90169.06,87813.17,90123.55
2025-12-29 04:00:00,90123.55,90406.08,89507.03,89617.71
2025-12-29 08:00:00,89617.71,89825.01,87567.65,87567.66
2025-12-29 12:00:00,87567.65,88190.71,86806.5,87691.62
2025-12-29 16:00:00,87691.62,87996.22,87312.34,87366.23
2025-12-29 20:00:00,87366.23,87597.59,87071.49,87237.13
2025-12-30 00:00:00,87237.13,87423.65,86845.66,87379.0
2025-12-30 04:00:00,87378.99,87600.0,87157.07,87502.85
2025-12-30 08:00:00,87502.85,88224.76,87502.84,87903.89
2025-12-30 12:00:00,87903.89,89159.52,87834.01,89016.35
2025-12-30 16:00:00,89016.36,89400.0,87960.2,88226.16
2025-12-30 20:00:00,88226.15,88573.65,87886.46,88485.49
2025-12-31 00:00:00,88485.5,88819.8,88172.15,88453.04
2025-12-31 04:00:00,88453.04,88638.76,88325.06,88613.12
2025-12-31 08:00:00,88613.11,89046.6,88393.52,89011.52
2025-12-31 12:00:00,89011.51,89200.0,87766.59,87953.97
2025-12-31 16:00:00,87953.97,88053.49,87400.41,87541.85
2025-12-31 20:00:00,87541.85,87879.04,87250.0,87648.22
2026-01-01 00:00:00,87648.21,88088.1,87632.74,87846.02
2026-01-01 04:00:00,87846.01,87854.81,87550.43,87631.88
2026-01-01 08:00:00,87631.88,88024.64,87631.87,88024.64
2026-01-01 12:00:00,88024.64,88113.45,87810.66,88032.18
2026-01-01 16:00:00,88032.17,88500.0,87879.03,88391.15
2026-01-01 20:00:00,88391.16,88919.45,88240.0,88839.04
2026-01-02 00:00:00,88839.05,89120.01,88379.88,88950.65
2026-01-02 04:00:00,88950.64,89079.44,88576.56,88857.61
2026-01-02 08:00:00,88857.6,89942.44,88758.94,89502.95
2026-01-02 12:00:00,89502.94,90135.0,88459.96,89418.11
2026-01-02 16:00:00,89418.1,90961.81,89205.92,89897.23
2026-01-02 20:00:00,89897.23,90400.0,89636.77,89995.13
2026-01-03 00:00:00,89995.14,90418.32,89966.48,90321.22
2026-01-03 04:00:00,90321.23,90480.62,89314.01,89577.13
2026-01-03 08:00:00,89577.13,89982.11,89420.75,89752.74
2026-01-03 12:00:00,89752.75,90249.99,89664.93,89969.31
2026-01-03 16:00:00,89969.31,90219.67,89918.59,90123.77
2026-01-03 20:00:00,90123.76,90741.16,90017.23,90628.01
2026-01-04 00:00:00,90628.01,91610.17,90628.0,91236.78
2026-01-04 04:00:00,91236.78,91810.0,91183.15,91532.0
2026-01-04 08:00:00,91532.0,91620.5,91174.46,91300.0
2026-01-04 12:00:00,91300.01,91419.22,91014.1,91334.94
2026-01-04 16:00:00,91334.94,91455.9,90863.47,91138.07
2026-01-04 20:00:00,91138.06,91590.0,91132.0,91529.73
2026-01-05 00:00:00,91529.74,93388.0,91514.81,92878.22
2026-01-05 04:00:00,92878.22,92947.87,92155.0,92520.63
2026-01-05 08:00:00,92520.63,93151.0,92320.17,93134.26
2026-01-05 12:00:00,93134.25,94000.0,92407.13,93957.73
2026-01-05 16:00:00,93957.74,94500.0,93250.0,94303.4
2026-01-05 20:00:00,94303.4,94789.08,93800.0,93859.71
2026-01-06 00:00:00,93859.71,94161.86,93529.18,93769.24
2026-01-06 04:00:00,93769.25,94000.0,93137.98,93255.08
2026-01-06 08:00:00,93255.08,93895.0,93167.29,93840.0
2026-01-06 12:00:00,93839.99,94444.44,93352.01,93648.99
2026-01-06 16:00:00,93649.0,93775.6,91262.94,92104.5
2026-01-06 20:00:00,92104.49,93845.03,92098.29,93747.97
2026-01-07 00:00:00,93747.97,93747.97,92236.07,92815.83
2026-01-07 04:00:00,92815.83,92930.35,92500.0,92879.13
2026-01-07 08:00:00,92879.14,92961.53,91600.0,92087.21
2026-01-07 12:00:00,92087.21,92299.4,91024.0,91349.96
2026-01-07 16:00:00,91349.95,91790.0,90675.52,91186.07
2026-01-07 20:00:00,91186.07,91489.6,90778.32,91364.16
2026-01-08 00:00:00,91364.16,91687.99,90616.36,90813.4
2026-01-08 04:00:00,90813.4,91188.0,89641.84,90548.02
2026-01-08 08:00:00,90548.02,90917.22,89777.25,90226.77
2026-01-08 12:00:00,90226.77,90847.52,89311.0,90781.57
2026-01-08 16:00:00,90781.57,91469.0,90312.89,90937.41
2026-01-08 20:00:00,90937.42,91493.0,90568.11,91099.99
2026-01-09 00:00:00,91100.0,91632.1,90850.0,91220.23
2026-01-09 04:00:00,91220.24,91236.72,90738.34,90741.84
2026-01-09 08:00:00,90741.85,90843.77,89694.66,90463.11
2026-01-09 12:00:00,90463.12,92082.55,89850.0,91176.47
2026-01-09 16:00:00,91176.48,91783.32,90190.0,90332.15
2026-01-09 20:00:00,90332.14,90732.01,90113.87,90641.28
2026-01-10 00:00:00,90641.27,90782.23,90527.99,90626.14
2026-01-10 04:00:00,90626.15,90682.7,90408.23,90678.5
2026-01-10 08:00:00,90678.5,90832.0,90618.28,90723.86
2026-01-10 12:00:00,90723.87,90788.78,90538.46,90665.75
2026-01-10 16:00:00,90665.76,90746.0,90504.55,90626.54
2026-01-10 20:00:00,90626.54,90659.03,90404.0,90504.7
2026-01-11 00:00:00,90504.7,90737.95,90451.1,90733.5
2026-01-11 04:00:00,90733.49,90850.0,90585.34,90710.79
2026-01-11 08:00:00,90710.8,90816.0,90610.27,90754.99
2026-01-11 12:00:00,90754.99,91191.5,90708.25,90875.79
2026-01-11 16:00:00,90875.79,91283.89,90673.3,90690.8
2026-01-11 20:00:00,90690.81,91041.79,90236.0,91013.65
2026-01-12 00:00:00,91013.66,92519.95,90700.29,91808.12
2026-01-12 04:00:00,91808.12,92290.81,91381.36,91408.09
2026-01-12 08:00:00,91408.09,91630.13,90370.0,90620.96
2026-01-12 12:00:00,90620.95,91665.0,90128.44,91665.0
2026-01-12 16:00:00,91664.99,92332.0,91000.53,91861.27
2026-01-12 20:00:00,91861.27,92046.23,90938.2,91296.2
2026-01-13 00:00:00,91296.2,91546.08,91042.66,91408.91
2026-01-13 04:00:00,91408.9,92275.38,91350.71,91942.0
2026-01-13 08:00:00,91941.99,92672.11,91924.27,92000.74
2026-01-13 12:00:00,92000.73,93450.0,91787.61,93449.99
2026-01-13 16:00:00,93449.99,94231.82,93078.31,94226.84
2026-01-13 20:00:00,94226.85,96495.0,94062.0,95414.0
2026-01-14 00:00:00,95413.99,95722.01,95116.03,95720.99
2026-01-14 04:00:00,95720.99,95799.22,94559.28,95205.1
2026-01-14 08:00:00,95205.11,95315.15,94737.95,94792.99
2026-01-14 12:00:00,94793.0,97084.68,94680.67,96764.57
2026-01-14 16:00:00,96764.57,97777.0,96246.56,97267.42
2026-01-14 20:00:00,97267.42,97924.49,96772.02,96951.78
2026-01-15 00:00:00,96951.78,97000.0,95777.0,95985.1
2026-01-15 04:00:00,95985.11,96760.15,95952.89,96630.48
2026-01-15 08:00:00,96630.47,97193.34,96289.98,96581.08
2026-01-15 12:00:00,96581.07,97165.03,95435.91,96737.04
2026-01-15 16:00:00,96737.04,97163.0,95183.13,95516.01
2026-01-15 20:00:00,95516.01,95871.0,95134.48,95604.8
2026-01-16 00:00:00,95604.81,95855.12,95321.58,95354.69
2026-01-16 04:00:00,95354.69,95816.83,95133.03,95653.16
2026-01-16 08:00:00,95653.16,95871.47,95261.43,95429.09
2026-01-16 12:00:00,95429.09,95809.08,94293.46,94585.98
2026-01-16 16:00:00,94585.99,95215.74,94508.0,95002.09
2026-01-16 20:00:00,95002.09,95600.0,94682.0,95550.94
2026-01-17 00:00:00,95550.94,95578.2,95200.0,95372.95
2026-01-17 04:00:00,95372.94,95373.64,95041.7,95101.67
2026-01-17 08:00:00,95101.67,95323.86,95021.67,95323.86
2026-01-17 12:00:00,95323.85,95639.45,95198.81,95573.64
2026-01-17 16:00:00,95573.65,95576.14,95212.25,95291.38
2026-01-17 20:00:00,95291.37,95412.86,95050.0,95147.77
2026-01-18 00:00:00,95147.77,95250.0,94876.33,95200.29
2026-01-18 04:00:00,95200.29,95260.0,95028.27,95028.27
2026-01-18 08:00:00,95028.27,95295.39,95021.44,95168.06
2026-01-18 12:00:00,95168.06,95376.24,94910.0,95119.28
2026-01-18 16:00:00,95119.27,95521.71,95073.02,95380.99
2026-01-18 20:00:00,95380.99,95531.12,93615.4,93673.14
2026-01-19 00:00:00,93673.14,93673.14,91910.2,92690.09
2026-01-19 04:00:00,92690.08,92861.41,92385.07,92841.62
2026-01-19 08:00:00,92841.62,93368.44,92702.56,93191.96
2026-01-19 12:00:00,93191.96,93226.44,92700.0,93068.62
2026-01-19 16:00:00,93068.62,93420.0,92930.0,93105.85
2026-01-19 20:00:00,93105.85,93342.36,92158.48,92631.0
2026-01-20 00:00:00,92630.99,92870.0,92264.7,92434.92
2026-01-20 04:00:00,92434.93,92470.37,90771.78,91177.98
2026-01-20 08:00:00,91177.99,91442.88,90693.0,91218.99
2026-01-20 12:00:00,91218.99,91371.11,89859.06,90684.95
2026-01-20 16:00:00,90684.95,90974.49,89292.48,89725.76
2026-01-20 20:00:00,89725.77,89854.2,87895.98,88427.66
2026-01-21 00:00:00,88427.66,89598.8,88250.0,89432.33
2026-01-21 04:00:00,89432.33,90120.44,89093.28,89213.95
2026-01-21 08:00:00,89213.96,89493.46,88700.0,88789.99
2026-01-21 12:00:00,88789.99,90574.0,88196.72,90288.04
2026-01-21 16:00:00,90288.04,90450.0,87263.53,90355.56
2026-01-21 20:00:00,90355.56,90377.0,89344.98,89454.73
2026-01-22 00:00:00,89454.73,90359.99,89454.72,89899.51
2026-01-22 04:00:00,89899.51,90215.79,89802.0,89818.79
2026-01-22 08:00:00,89818.79,90150.0,89760.0,89941.26
2026-01-22 12:00:00,89941.26,90340.0,88515.37,89000.01
2026-01-22 16:00:00,89000.0,89924.46,88676.95,89777.9
2026-01-22 20:00:00,89777.89,89946.13,89140.13,89559.67
2026-01-23 00:00:00,89559.68,89979.97,89450.48,89924.78
2026-01-23 04:00:00,89924.78,90088.94,89400.0,89549.45
2026-01-23 08:00:00,89549.45,89632.18,88860.44,89202.48
2026-01-23 12:00:00,89202.47,89865.53,88578.36,89761.61
2026-01-23 16:00:00,89761.61,91224.99,89489.0,89982.79
2026-01-23 20:00:00,89982.79,90156.06,89200.68,89600.26
2026-01-24 00:00:00,89600.26,89957.39,89424.39,89770.02
2026-01-24 04:00:00,89770.03,89853.38,89572.81,89620.1
2026-01-24 08:00:00,89620.11,89686.43,89577.97,89595.4
2026-01-24 12:00:00,89595.41,89595.41,89171.75,89275.77
2026-01-24 16:00:00,89275.77,89461.4,89162.08,89331.36
2026-01-24 20:00:00,89331.36,89489.84,89215.59,89225.34
2026-01-25 00:00:00,89225.34,89319.13,88838.72,88960.35
2026-01-25 04:00:00,88960.36,89090.13,88635.84,88659.99
2026-01-25 08:00:00,88659.99,88760.0,88136.0,88570.17
2026-01-25 12:00:00,88570.17,88971.89,88340.75,88446.5
2026-01-25 16:00:00,88446.51,88448.85,86194.85,86495.16
2026-01-25 20:00:00,86495.17,87013.79,86074.72,86670.36
2026-01-26 00:00:00,86670.36,87973.11,86509.63,87282.05
2026-01-26 04:00:00,87282.04,88074.48,87244.27,88000.64
2026-01-26 08:00:00,88000.64,88424.45,87600.69,87855.0
2026-01-26 12:00:00,87855.01,88860.0,87325.03,87641.41
2026-01-26 16:00:00,87641.41,88537.95,87035.51,88013.19
2026-01-26 20:00:00,88013.19,88659.09,87542.05,88347.08
2026-01-27 00:00:00,88347.08,88898.0,88194.82,88788.0
2026-01-27 04:00:00,88787.99,89010.0,88278.03,88320.41
2026-01-27 08:00:00,88320.41,88397.85,87743.52,87992.74
2026-01-27 12:00:00,87992.74,88474.23,87578.67,88047.46
2026-01-27 16:00:00,88047.46,88819.89,87304.33,88408.77
2026-01-27 20:00:00,88408.78,89523.16,88373.49,89250.0
2026-01-28 00:00:00,89249.99,89497.96,88985.0,89126.67
2026-01-28 04:00:00,89126.68,89400.0,88840.0,89134.35
2026-01-28 08:00:00,89134.35,90156.72,88833.65,90080.0
2026-01-28 12:00:00,90079.99,90488.0,88904.61,89479.66
2026-01-28 16:00:00,89479.66,90600.0,89006.36,89402.58
2026-01-28 20:00:00,89402.57,89896.0,88878.01,89299.99
2026-01-29 00:00:00,89300.0,89348.0,87704.0,88053.71
2026-01-29 04:00:00,88053.71,88430.05,87901.23,88352.97
2026-01-29 08:00:00,88352.96,88500.0,87750.01,87846.5
2026-01-29 12:00:00,87846.5,88182.29,84366.56,84934.02
2026-01-29 16:00:00,84934.02,85638.3,83383.33,84012.11
2026-01-29 20:00:00,84012.11,84737.69,83824.9,84650.16
2026-01-30 00:00:00,84650.16,84735.75,81118.0,82676.43
2026-01-30 04:00:00,82676.42,83332.2,82056.08,82816.98
2026-01-30 08:00:00,82816.98,83314.85,82160.0,83151.36
2026-01-30 12:00:00,83151.36,83797.99,82382.01,82883.94
2026-01-30 16:00:00,82882.84,84621.16,81871.37,84242.99
2026-01-30 20:00:00,84243.0,84523.11,83539.2,84260.49
2026-01-31 00:00:00,84260.5,84270.02,83815.02,84022.69
2026-01-31 04:00:00,84022.7,84146.22,83404.67,83546.81
2026-01-31 08:00:00,83546.82,83629.08,82560.75,83020.0
2026-01-31 12:00:00,83020.0,83140.0,80825.76,81302.15
2026-01-31 16:00:00,81302.16,82200.0,75719.9,77750.01
2026-01-31 20:00:00,77750.01,79240.0,77092.34,78741.09
2026-02-01 00:00:00,78741.1,79424.0,78284.0,78868.28
2026-02-01 04:00:00,78868.29,79119.3,77967.69,78343.0
2026-02-01 08:00:00,78343.0,79220.72,78148.1,78743.56
2026-02-01 12:00:00,78743.57,78768.68,76761.98,77593.4
2026-02-01 16:00:00,77593.4,78443.1,77000.01,77174.78
2026-02-01 20:00:00,77174.77,77779.63,75700.0,76968.21
2026-02-02 00:00:00,76968.22,78231.26,74604.0,76292.98
2026-02-02 04:00:00,76292.98,76958.0,74911.14,76660.79
2026-02-02 08:00:00,76660.78,77970.62,76628.28,77759.99
2026-02-02 12:00:00,77760.0,79360.0,77564.62,78850.06
2026-02-02 16:00:00,78850.06,79288.28,78283.27,78341.5
2026-02-02 20:00:00,78341.5,78962.78,77888.0,78738.61
2026-02-03 00:00:00,78738.6,79186.81,77644.09,78753.32
2026-02-03 04:00:00,78753.32,78999.99,77950.0,78794.67
2026-02-03 08:00:00,78794.67,79084.29,77950.0,78079.5
2026-02-03 12:00:00,78079.5,78458.89,77055.54,78132.33
2026-02-03 16:00:00,78132.34,78134.53,72945.5,74935.0
2026-02-03 20:00:00,74935.0,76960.0,74586.54,75770.21
2026-02-04 00:00:00,75770.21,76971.52,75467.22,76698.17
2026-02-04 04:00:00,76698.17,76830.69,76105.3,76514.3
2026-02-04 08:00:00,76514.3,76607.69,75666.0,76017.25
2026-02-04 12:00:00,76017.25,76260.85,73794.11,74136.36
2026-02-04 16:00:00,74136.48,74249.83,72169.0,73923.29
2026-02-04 20:00:00,73923.3,74144.0,71888.0,73165.83
2026-02-05 00:00:00,73165.84,73341.18,71152.78,71223.25
2026-02-05 04:00:00,71223.25,71622.82,70140.0,70756.85
2026-02-05 08:00:00,70756.86,71978.58,69922.0,70318.35
2026-02-05 12:00:00,70318.35,70872.04,66720.15,67489.07
2026-02-05 16:00:00,67489.08,68681.81,65200.0,65265.65
2026-02-05 20:00:00,65265.66,65700.0,62345.0,62909.86
2026-02-06 00:00:00,62909.87,66010.0,60000.0,64168.33
2026-02-06 04:00:00,64168.33,66826.5,63914.62,64856.0
2026-02-06 08:00:00,64856.0,66755.13,64500.0,66631.32
2026-02-06 12:00:00,66631.32,69192.0,66114.49,68626.0
2026-02-06 16:00:00,68625.99,71500.0,68428.19,70731.46
2026-02-06 20:00:00,70731.45,71751.33,69837.35,70580.26
2026-02-07 00:00:00,70580.26,70928.75,69718.0,70918.99
2026-02-07 04:00:00,70918.99,71690.07,67300.0,68087.14
2026-02-07 08:00:00,68087.13,68790.0,67582.48,67972.65
2026-02-07 12:00:00,67972.65,69999.99,67901.89,69151.5
2026-02-07 16:00:00,69151.5,69898.0,68531.5,69373.61
2026-02-07 20:00:00,69373.61,69728.83,68787.34,69289.38
2026-02-08 00:00:00,69289.37,69696.57,68888.0,69099.99
2026-02-08 04:00:00,69100.0,69719.07,68952.01,69710.69
2026-02-08 08:00:00,69710.69,71220.0,69514.15,70999.98
2026-02-08 12:00:00,70999.99,71554.95,70707.39,71188.99
2026-02-08 16:00:00,71188.99,71538.05,70251.33,71422.97
2026-02-08 20:00:00,71422.96,72271.41,70000.0,70330.38
2026-02-09 00:00:00,70330.38,71453.53,70068.18,71307.56
2026-02-09 04:00:00,71307.56,71359.37,70311.7,70422.59
2026-02-09 08:00:00,70422.59,70608.83,68420.58,68928.72
2026-02-09 12:00:00,68928.71,69884.82,68308.0,69563.37
2026-02-09 16:00:00,69563.37,71075.31,69100.0,70957.01
2026-02-09 20:00:00,70957.01,71126.0,69823.52,70138.0
2026-02-10 00:00:00,70138.0,70527.59,69208.61,69511.83
2026-02-10 04:00:00,69511.83,69906.5,68682.0,68919.66
2026-02-10 08:00:00,68919.66,69417.7,68459.89,68535.01
2026-02-10 12:00:00,68535.02,69591.2,67800.0,69293.37
2026-02-10 16:00:00,69293.37,69993.65,68604.63,69062.01
2026-02-10 20:00:00,69062.0,69136.91,68362.0,68841.29
2026-02-11 00:00:00,68841.28,69292.88,68011.11,68187.99
2026-02-11 04:00:00,68188.0,68325.0,66557.99,67032.72
2026-02-11 08:00:00,67032.71,67134.42,66369.49,67053.03
2026-02-11 12:00:00,67053.03,68834.34,65756.0,66519.73
2026-02-11 16:00:00,66519.72,67860.44,65876.0,67586.67
2026-02-11 20:00:00,67586.66,68369.77,66787.7,67082.52
2026-02-12 00:00:00,67082.52,68047.48,67055.53,67580.99
2026-02-12 04:00:00,67581.0,67682.69,66670.45,67217.72
2026-02-12 08:00:00,67217.71,68299.0,66891.6,68076.01
2026-02-12 12:00:00,68076.01,68410.52,67014.98,67134.74
2026-02-12 16:00:00,67134.74,67232.04,65118.0,65788.36
2026-02-12 20:00:00,65788.36,66488.9,65215.06,66272.17
2026-02-13 00:00:00,66272.17,66814.0,65872.46,66553.08
2026-02-13 04:00:00,66553.09,66671.62,66002.98,66208.96
2026-02-13 08:00:00,66208.96,67226.66,66191.52,67171.42
2026-02-13 12:00:00,67171.41,69309.8,66867.47,68692.12
2026-02-13 16:00:00,68692.12,69482.97,68540.83,68938.91
2026-02-13 20:00:00,68938.91,69079.4,68683.32,68853.96
2026-02-14 00:00:00,68853.97,69137.5,68768.56,68981.99
2026-02-14 04:00:00,68982.0,69343.0,68730.13,69219.26
2026-02-14 08:00:00,69219.27,70560.01,69218.71,70505.74
2026-02-14 12:00:00,70505.74,70533.67,69064.6,69778.28
2026-02-14 16:00:00,69778.28,69930.9,69283.02,69873.99
2026-02-14 20:00:00,69873.99,70250.46,69668.05,69822.95
2026-02-15 00:00:00,69822.94,69990.02,69251.5,69954.5
2026-02-15 04:00:00,69954.5,70926.42,69459.35,70828.42
2026-02-15 08:00:00,70828.43,70983.0,70182.31,70295.22
2026-02-15 12:00:00,70295.22,70418.48,68772.2,69099.99
2026-02-15 16:00:00,69100.0,69100.0,68000.0,68286.63
2026-02-15 20:00:00,68286.64,69078.49,68120.0,68832.58
2026-02-16 00:00:00,68832.59,69065.5,68143.22,68424.82
2026-02-16 04:00:00,68424.82,68900.0,68228.76,68587.9
2026-02-16 08:00:00,68587.89,69060.77,68338.9,68812.83
2026-02-16 12:00:00,68812.84,70126.67,67294.11,67539.52
2026-02-16 16:00:00,67539.53,68245.34,67513.94,67913.43
2026-02-16 20:00:00,67913.44,68978.88,67827.11,68892.43
2026-02-17 00:00:00,68892.43,69241.5,68387.2,68474.9
2026-02-17 04:00:00,68474.9,68707.49,67892.0,68388.12
2026-02-17 08:00:00,68388.12,68479.17,67690.0,67854.6
2026-02-17 12:00:00,67854.6,68360.5,66621.06,67392.05
2026-02-17 16:00:00,67392.06,68235.39,66881.08,67793.32
2026-02-17 20:00:00,67793.32,67928.08,67394.0,67503.52
2026-02-18 00:00:00,67503.52,67705.65,66892.03,67629.11
2026-02-18 04:00:00,67629.1,68219.81,67500.1,68106.44
2026-02-18 08:00:00,68106.44,68476.22,67076.9,67369.75
2026-02-18 12:00:00,67369.75,68347.72,66717.3,67694.01
2026-02-18 16:00:00,67694.01,67706.94,65870.0,66177.14
2026-02-18 20:00:00,66177.15,66550.0,66053.6,66461.0
2026-02-19 00:00:00,66461.0,66997.07,66345.0,66980.91
2026-02-19 04:00:00,66980.91,67320.0,66679.76,67206.45
2026-02-19 08:00:00,67206.45,67206.45,66478.02,66496.02
2026-02-19 12:00:00,66496.03,66755.39,65631.83,66398.0
2026-02-19 16:00:00,66398.01,67198.1,65899.25,67050.0
2026-02-19 20:00:00,67050.0,67168.86,66652.34,67003.73
2026-02-20 00:00:00,67003.73,67488.67,66949.41,67366.25
2026-02-20 04:00:00,67366.25,68006.0,67115.38,67825.91
2026-02-20 08:00:00,67825.91,68318.39,67280.6,67318.41
2026-02-20 12:00:00,67318.41,68083.98,66280.2,67582.95
2026-02-20 16:00:00,67582.95,68000.0,66952.11,67646.03
2026-02-20 20:00:00,67646.03,68233.99,67520.3,68020.01
2026-02-21 00:00:00,68020.0,68099.54,67534.69,67667.77
2026-02-21 04:00:00,67667.77,67924.39,67593.99,67856.01
2026-02-21 08:00:00,67856.01,68314.54,67807.3,68092.45
2026-02-21 12:00:00,68092.45,68698.7,67915.0,68615.0
2026-02-21 16:00:00,68615.01,68658.5,68101.78,68543.51
2026-02-21 20:00:00,68543.51,68605.63,67900.0,67975.93
2026-02-22 00:00:00,67975.93,68222.16,67809.78,68041.43
2026-02-22 04:00:00,68041.42,68178.79,67881.81,68005.3
2026-02-22 08:00:00,68005.3,68245.0,67912.02,68219.97
2026-02-22 12:00:00,68219.97,68232.4,67303.5,67684.14
2026-02-22 16:00:00,67684.15,67718.13,67190.0,67428.32
2026-02-22 20:00:00,67428.32,67751.44,67350.0,67643.4
2026-02-23 00:00:00,67643.39,67684.86,64290.71,64934.17
2026-02-23 04:00:00,64934.18,66015.22,64685.64,65958.94
2026-02-23 08:00:00,65958.94,66600.0,65565.78,66207.23
2026-02-23 12:00:00,66207.23,66511.51,65529.73,65660.1
2026-02-23 16:00:00,65660.1,65724.28,64048.71,64295.1
2026-02-23 20:00:00,64295.11,65035.98,63888.79,64656.02
2026-02-24 00:00:00,64656.01,65026.75,63342.9,63595.51
2026-02-24 04:00:00,63595.51,63628.52,62700.8,63192.96
2026-02-24 08:00:00,63192.79,63444.66,62908.92,63227.1
2026-02-24 12:00:00,63227.11,64031.76,62510.28,63973.97
2026-02-24 16:00:00,63973.98,64743.11,63689.54,64435.03
2026-02-24 20:00:00,64435.03,64591.99,63820.5,64058.15
2026-02-25 00:00:00,64058.15,66310.0,63913.27,65391.73
2026-02-25 04:00:00,65391.74,65650.0,64755.26,65028.3
2026-02-25 08:00:00,65028.3,65692.62,64955.79,65430.04
2026-02-25 12:00:00,65430.04,67578.0,65324.62,67412.33
2026-02-25 16:00:00,67412.32,69550.0,67404.0,69038.26
2026-02-25 20:00:00,69038.26,69988.83,67600.0,67988.04
2026-02-26 00:00:00,67988.04,68700.0,67727.52,68216.86
2026-02-26 04:00:00,68216.87,68860.0,67817.87,67825.04
2026-02-26 08:00:00,67825.05,68722.64,67792.0,68051.31
2026-02-26 12:00:00,68051.3,68303.83,66761.16,67382.0
2026-02-26 16:00:00,67382.0,67903.12,66500.0,67589.22
2026-02-26 20:00:00,67589.21,67831.11,67150.14,67485.18
2026-02-27 00:00:00,67485.19,67712.16,66885.0,67600.84
2026-02-27 04:00:00,67600.84,68216.8,67459.3,67690.6
2026-02-27 08:00:00,67690.6,68149.93,65960.01,66126.99
2026-02-27 12:00:00,66126.99,66344.9,65649.34,66095.4
2026-02-27 16:00:00,66095.4,66121.03,65113.72,65392.18
2026-02-27 20:00:00,65392.18,65953.2,64914.46,65872.1
2026-02-28 00:00:00,65872.09,66025.52,65721.13,65797.42
2026-02-28 04:00:00,65797.42,65818.44,63030.0,63826.0
2026-02-28 08:00:00,63825.99,64307.44,63372.1,63844.2
2026-02-28 12:00:00,63844.2,65360.51,63827.2,64841.18
2026-02-28 16:00:00,64841.17,66666.65,64681.81,66362.01
2026-02-28 20:00:00,66362.01,67760.0,66190.61,66973.26
2026-03-01 00:00:00,66973.26,68199.99,66042.72,67502.16
2026-03-01 04:00:00,67502.16,67612.14,66749.35,67141.39
2026-03-01 08:00:00,67141.4,67292.3,66215.71,66468.03
2026-03-01 12:00:00,66468.04,67360.57,66132.27,66842.42
2026-03-01 16:00:00,66842.42,67112.37,65699.98,65962.17
2026-03-01 20:00:00,65962.16,66491.43,65056.0,65776.47
2026-03-02 00:00:00,65776.48,67079.0,65761.04,66820.03
2026-03-02 04:00:00,66820.03,66995.64,65542.6,66007.52
2026-03-02 08:00:00,66007.8,66720.84,65654.54,66359.68
2026-03-02 12:00:00,66359.67,69617.74,65259.21,69130.2
2026-03-02 16:00:00,69130.2,70096.0,68576.18,68966.53
2026-03-02 20:00:00,68966.52,69539.77,68584.9,68830.06
2026-03-03 00:00:00,68830.06,69258.08,68210.71,68377.94
2026-03-03 04:00:00,68377.94,68617.42,67800.0,68172.8
2026-03-03 08:00:00,68172.79,68311.83,66340.14,67026.61
2026-03-03 12:00:00,67026.6,67973.2,66158.0,67725.81
2026-03-03 16:00:00,67725.82,68999.0,67473.09,68435.0
2026-03-03 20:00:00,68435.0,68860.0,67832.3,68338.0
2026-03-04 00:00:00,68338.01,68909.34,67400.0,67732.2
2026-03-04 04:00:00,67732.19,69668.0,67467.6,69493.13
2026-03-04 08:00:00,69493.14,71893.0,69098.91,71111.4
2026-03-04 12:00:00,71111.4,73479.75,70588.0,73396.88
2026-03-04 16:00:00,73396.87,74050.0,72541.69,73611.1
2026-03-04 20:00:00,73611.67,73716.0,72313.04,72666.77
2026-03-05 00:00:00,72666.77,73306.82,72336.76,72497.89
2026-03-05 04:00:00,72497.89,73081.08,71759.95,72055.5
2026-03-05 08:00:00,72055.5,73558.15,71757.17,72915.79
2026-03-05 12:00:00,72915.8,73063.38,71168.65,71652.77
2026-03-05 16:00:00,71652.77,71654.65,70645.47,70918.07
2026-03-05 20:00:00,70918.08,71572.3,70777.0,70890.72
2026-03-06 00:00:00,70891.02,71419.98,70344.03,71080.38
2026-03-06 04:00:00,71080.37,71192.76,70143.19,71056.44
2026-03-06 08:00:00,71056.44,71067.58,70184.01,70212.95
2026-03-06 12:00:00,70212.94,70341.76,68176.47,68504.71
2026-03-06 16:00:00,68504.71,68795.44,67744.78,68131.79
2026-03-06 20:00:00,68131.79,68440.92,67777.0,68114.02
2026-03-07 00:00:00,68114.02,68551.04,68060.6,68095.5
2026-03-07 04:00:00,68095.5,68147.73,67446.41,67842.67
2026-03-07 08:00:00,67842.67,68232.27,67720.98,68010.01
2026-03-07 12:00:00,68010.0,68085.41,67609.44,67877.45
2026-03-07 16:00:00,67877.45,67935.01,66915.26,67080.34
2026-03-07 20:00:00,67080.33,67483.05,67068.01,67262.91
2026-03-08 00:00:00,67262.91,67481.96,66833.58,67000.26
2026-03-08 04:00:00,67000.26,67465.11,66547.15,67319.91
2026-03-08 08:00:00,67319.9,68200.0,67156.93,67515.0
2026-03-08 12:00:00,67515.0,67650.94,66761.68,67218.23
2026-03-08 16:00:00,67218.23,67485.24,66745.54,67337.42
2026-03-08 20:00:00,67337.41,67609.08,65618.49,65971.2
2026-03-09 00:00:00,65971.2,67668.64,65821.97,67205.05
2026-03-09 04:00:00,67205.06,68069.29,66853.48,67555.13
2026-03-09 08:00:00,67555.13,68460.09,67344.45,67764.98
2026-03-09 12:00:00,67764.99,69480.0,67759.57,68863.66
2026-03-09 16:00:00,68863.67,69516.65,68179.12,68991.93
2026-03-09 20:00:00,68991.93,69145.28,68384.69,68432.16
2026-03-10 00:00:00,68432.16,70578.29,68391.41,69429.85
2026-03-10 04:00:00,69429.85,70546.74,69429.85,70406.01
2026-03-10 08:00:00,70406.01,71300.0,70369.0,70580.94
2026-03-10 12:00:00,70580.95,71777.0,69266.06,71346.16
2026-03-10 16:00:00,71346.17,71700.0,69739.0,70043.63
2026-03-10 20:00:00,70043.63,70417.3,69452.42,69948.63
2026-03-11 00:00:00,69948.64,70173.25,69488.7,69551.91
2026-03-11 04:00:00,69551.91,70281.87,69420.0,69648.29
2026-03-11 08:00:00,69648.28,69786.32,69150.28,69173.0
2026-03-11 12:00:00,69172.99,71091.18,68977.91,70227.91
2026-03-11 16:00:00,70227.92,71321.0,70161.78,70641.82
2026-03-11 20:00:00,70641.81,70950.0,70125.83,70191.86
2026-03-12 00:00:00,70191.86,70353.87,69226.52,69446.61
2026-03-12 04:00:00,69446.61,69865.98,69205.91,69826.19
2026-03-12 08:00:00,69826.19,70800.0,69580.0,70427.91
2026-03-12 12:00:00,70427.9,70660.69,69355.34,70334.88
2026-03-12 16:00:00,70334.89,70569.15,69770.85,70432.32
2026-03-12 20:00:00,70432.33,70734.25,70013.17,70541.34
2026-03-13 00:00:00,70541.34,72000.0,70386.01,71405.75
2026-03-13 04:00:00,71405.76,71672.76,71180.19,71612.22
2026-03-13 08:00:00,71612.23,72575.98,71385.28,72228.82
2026-03-13 12:00:00,72228.81,73913.74,71736.34,71831.46
2026-03-13 16:00:00,71831.46,72249.99,70841.23,71189.95
2026-03-13 20:00:00,71189.96,71491.03,70559.02,70930.0
2026-03-14 00:00:00,70930.01,71185.23,70481.7,71081.3
2026-03-14 04:00:00,71081.31,71307.92,70317.0,70596.68
2026-03-14 08:00:00,70596.68,70784.38,70389.08,70751.42
2026-03-14 12:00:00,70751.42,70941.17,70501.0,70580.09
2026-03-14 16:00:00,70580.09,70740.34,70500.0,70700.0
2026-03-14 20:00:00,70699.99,71253.17,70650.09,71211.95
2026-03-15 00:00:00,71211.95,71634.08,70858.82,71363.14
2026-03-15 04:00:00,71363.13,71800.68,71330.66,71453.59
2026-03-15 08:00:00,71453.59,71940.49,71453.59,71839.42
2026-03-15 12:00:00,71839.41,71839.42,71263.99,71481.24
2026-03-15 16:00:00,71481.24,71989.93,71320.08,71549.94
2026-03-15 20:00:00,71549.94,73199.0,71433.75,72815.24
2026-03-16 00:00:00,72815.25,74330.34,72270.41,73573.32
2026-03-16 04:00:00,73573.31,74451.03,73385.18,73456.68
2026-03-16 08:00:00,73456.69,73838.76,72888.8,73552.77
2026-03-16 12:00:00,73552.78,74509.52,72990.52,73274.76
2026-03-16 16:00:00,73274.75,74418.6,73160.66,73963.0
2026-03-16 20:00:00,73963.0,74909.08,73863.2,74884.67
2026-03-17 00:00:00,74884.67,76000.0,74268.73,74463.98
2026-03-17 04:00:00,74463.98,74712.89,73784.0,74249.32
2026-03-17 08:00:00,74249.32,74452.97,73560.98,74033.11
2026-03-17 12:00:00,74033.1,74893.94,73399.19,73914.39
2026-03-17 16:00:00,73914.4,74800.0,73855.24,74512.17
2026-03-17 20:00:00,74511.21,74799.0,73871.74,73909.36
2026-03-18 00:00:00,73909.37,74672.34,73535.36,74446.14
2026-03-18 04:00:00,74446.14,74486.3,73700.01,73883.8
2026-03-18 08:00:00,73883.8,74281.33,72800.0,72952.85
2026-03-18 12:00:00,72952.85,72981.79,70857.21,71467.82
2026-03-18 16:00:00,71467.82,72000.5,70933.85,71072.38
2026-03-18 20:00:00,71072.38,71451.22,70500.0,71246.54
2026-03-19 00:00:00,71246.55,71613.79,70902.37,71215.39
2026-03-19 04:00:00,71215.39,71215.39,69478.51,70191.17
2026-03-19 08:00:00,70191.16,70560.91,69900.0,69952.75
2026-03-19 12:00:00,69952.75,70179.53,68793.35,69412.51
2026-03-19 16:00:00,69412.52,70596.42,69122.03,70271.99
2026-03-19 20:00:00,70272.0,70695.6,69718.23,69930.0
2026-03-20 00:00:00,69930.01,70809.43,69837.1,70729.92
2026-03-20 04:00:00,70729.93,70969.71,70160.06,70854.66
2026-03-20 08:00:00,70854.66,71367.0,70218.68,70478.71
2026-03-20 12:00:00,70478.71,70685.63,69480.0,69860.09
2026-03-20 16:00:00,69860.09,70190.18,69388.0,70177.86
2026-03-20 20:00:00,70177.85,70923.75,69754.71,70510.73
2026-03-21 00:00:00,70510.73,70826.0,70431.67,70657.35
2026-03-21 04:00:00,70657.35,70879.76,70617.05,70727.33
2026-03-21 08:00:00,70727.33,70753.79,70492.02,70652.72
2026-03-21 12:00:00,70652.73,71100.94,70453.09,70630.02
2026-03-21 16:00:00,70630.02,70652.64,70210.0,70396.0
2026-03-21 20:00:00,70396.01,70516.82,68571.42,68918.12
2026-03-22 00:00:00,68918.12,69588.79,68228.5,69339.99
2026-03-22 04:00:00,69340.0,69526.85,68892.93,68919.38
2026-03-22 08:00:00,68919.37,68990.67,68110.55,68217.95
2026-03-22 12:00:00,68217.94,69005.71,68199.04,68847.96
2026-03-22 16:00:00,68847.97,68885.53,68145.01,68199.93
2026-03-22 20:00:00,68199.93,68498.4,67360.66,67859.0
2026-03-23 00:00:00,67859.0,68585.12,67445.18,68074.6
2026-03-23 04:00:00,68074.6,68915.4,67502.48,68333.16
2026-03-23 08:00:00,68333.16,71499.0,67916.14,70122.15
2026-03-23 12:00:00,70122.15,71817.09,69671.95,70131.48
2026-03-23 16:00:00,70131.48,71246.01,70131.47,70679.05
2026-03-23 20:00:00,70679.04,70998.0,70404.39,70906.45
2026-03-24 00:00:00,70906.45,71099.96,70278.46,70542.9
2026-03-24 04:00:00,70542.9,71400.0,70119.06,71291.7
2026-03-24 08:00:00,71291.7,71368.61,70850.11,71157.77
2026-03-24 12:00:00,71157.77,71177.66,69507.34,69873.04
2026-03-24 16:00:00,69873.04,70001.92,68923.07,69377.33
2026-03-24 20:00:00,69377.33,70832.54,69296.15,70556.74
2026-03-25 00:00:00,70556.74,71100.28,70408.0,70716.7
2026-03-25 04:00:00,70716.7,71345.0,70703.83,70926.88
2026-03-25 08:00:00,70926.88,72026.09,70800.0,71678.97
2026-03-25 12:00:00,71678.97,71963.71,70530.47,70832.99
2026-03-25 16:00:00,70832.99,71752.88,70681.07,70883.31
2026-03-25 20:00:00,70883.32,71594.11,70646.34,71336.53
2026-03-26 00:00:00,71336.53,71436.82,70672.37,70921.47
2026-03-26 04:00:00,70921.47,70921.47,69805.0,70087.44
2026-03-26 08:00:00,70087.44,70144.44,69192.96,69276.01
2026-03-26 12:00:00,69276.01,69877.45,68632.4,69082.64
2026-03-26 16:00:00,69082.64,69162.0,68153.0,68534.36
2026-03-26 20:00:00,68534.37,69478.42,68436.74,68820.31
2026-03-27 00:00:00,68820.31,69179.05,68531.37,68767.51
2026-03-27 04:00:00,68767.5,68955.53,68304.14,68540.48
2026-03-27 08:00:00,68540.49,68635.07,66231.96,66702.78
2026-03-27 12:00:00,66702.78,66773.25,65730.17,66112.82
2026-03-27 16:00:00,66112.82,66290.0,65548.25,66040.66
2026-03-27 20:00:00,66040.65,66420.75,65817.44,66407.28
2026-03-28 00:00:00,66407.28,66520.46,65932.09,66240.0
2026-03-28 04:00:00,66240.0,66573.61,66110.0,66561.48
2026-03-28 08:00:00,66561.49,66570.09,66124.4,66319.47
2026-03-28 12:00:00,66319.46,67288.94,66240.87,67014.91
2026-03-28 16:00:00,67014.92,67096.77,66704.0,66916.52
2026-03-28 20:00:00,66916.52,67010.0,66283.38,66377.03
2026-03-29 00:00:00,66377.04,67130.5,66281.4,66912.0
2026-03-29 04:00:00,66912.0,66936.6,66556.78,66671.0
2026-03-29 08:00:00,66671.0,66988.01,66418.0,66816.28
2026-03-29 12:00:00,66816.29,66875.24,66334.37,66523.0
2026-03-29 16:00:00,66523.01,66665.05,66158.26,66348.62
2026-03-29 20:00:00,66348.61,66793.83,65000.0,66010.93
2026-03-30 00:00:00,66010.93,67450.0,65800.59,67173.8
2026-03-30 04:00:00,67173.8,67800.0,67167.92,67624.39
2026-03-30 08:00:00,67624.39,68042.3,67360.41,67680.45
2026-03-30 12:00:00,67680.44,68169.65,67088.73,67629.4
2026-03-30 16:00:00,67629.4,67641.65,66233.13,66550.05
2026-03-30 20:00:00,66550.06,66994.17,66419.79,66797.37
2026-03-31 00:00:00,66797.38,68408.37,66544.51,67704.74
2026-03-31 04:00:00,67704.74,67979.38,67103.32,67367.69
2026-03-31 08:00:00,67367.7,67496.0,65998.05,66685.69
2026-03-31 12:00:00,66685.69,67767.87,66427.53,66736.8
2026-03-31 16:00:00,66736.79,68589.49,66729.28,67838.8
2026-03-31 20:00:00,67838.79,68410.3,67831.7,68284.48
2026-04-01 00:00:00,68284.49,68378.64,67578.75,68170.67
2026-04-01 04:00:00,68170.67,69310.0,68005.33,68692.0
2026-04-01 08:00:00,68692.0,68851.35,68389.21,68712.52
2026-04-01 12:00:00,68712.52,68965.0,67918.83,68918.52
2026-04-01 16:00:00,68918.52,69171.77,67939.28,68176.84
2026-04-01 20:00:00,68176.84,68534.0,67964.48,68113.92
2026-04-02 00:00:00,68113.92,68653.38,66500.0,66576.25
2026-04-02 04:00:00,66576.25,66961.26,66217.07,66930.79
2026-04-02 08:00:00,66930.79,66930.79,66167.1,66220.28
2026-04-02 12:00:00,66220.28,67104.86,65712.12,66852.91
2026-04-02 16:00:00,66852.91,67430.99,66596.8,66975.99
2026-04-02 20:00:00,66976.0,67100.0,66731.08,66901.99
2026-04-03 00:00:00,66901.99,67000.0,66282.0,66579.97
2026-04-03 04:00:00,66579.98,67247.38,66416.68,67042.08
2026-04-03 08:00:00,67042.08,67288.0,66674.72,67017.44
2026-04-03 12:00:00,67017.43,67370.42,66508.1,66827.15
2026-04-03 16:00:00,66827.15,67069.0,66751.86,66885.74
2026-04-03 20:00:00,66885.73,66970.18,66826.13,66964.3
2026-04-04 00:00:00,66964.29,66968.28,66814.0,66832.18
2026-04-04 04:00:00,66832.18,67052.99,66775.91,67014.96
2026-04-04 08:00:00,67014.95,67232.72,66918.0,67156.93
2026-04-04 12:00:00,67156.93,67562.93,67029.07,67383.66
2026-04-04 16:00:00,67383.66,67543.6,67265.0,67288.42
2026-04-04 20:00:00,67288.42,67504.54,67186.62,67300.42
2026-04-05 00:00:00,67300.42,67307.28,66955.72,67145.98
2026-04-05 04:00:00,67145.98,67188.51,66611.66,66820.64
2026-04-05 08:00:00,66820.64,67150.0,66819.42,66999.0
2026-04-05 12:00:00,66998.99,67856.16,66680.57,67306.64
2026-04-05 16:00:00,67306.65,67560.45,67173.4,67361.01
2026-04-05 20:00:00,67361.01,69136.2,67332.66,69034.18
2026-04-06 00:00:00,69034.18,69588.0,68776.61,69123.69
2026-04-06 04:00:00,69123.69,69354.26,68806.53,69115.91
2026-04-06 08:00:00,69115.91,70283.32,69081.88,69614.91
2026-04-06 12:00:00,69614.91,69973.25,69163.86,69968.87
2026-04-06 16:00:00,69968.87,70351.46,69282.02,69739.53
2026-04-06 20:00:00,69739.52,69974.08,68300.0,68853.66
2026-04-07 00:00:00,68853.66,69128.2,68273.34,68779.21
2026-04-07 04:00:00,68779.2,68981.83,68443.0,68624.61
2026-04-07 08:00:00,68624.6,69247.9,68071.96,68345.75
2026-04-07 12:00:00,68345.75,68633.87,67732.01,68168.1
2026-04-07 16:00:00,68168.11,69098.44,68085.01,69011.29
2026-04-07 20:00:00,69011.29,72761.0,69011.29,71924.22
2026-04-08 00:00:00,71924.22,72110.65,71240.99,71287.39
2026-04-08 04:00:00,71287.39,71941.42,71287.38,71627.59
2026-04-08 08:00:00,71627.59,71955.0,71407.77,71675.12
2026-04-08 12:00:00,71675.12,72857.0,70707.23,71310.0
2026-04-08 16:00:00,71309.99,71963.94,71019.0,71318.48
2026-04-08 20:00:00,71318.47,71748.0,70901.89,71069.93
2026-04-09 00:00:00,71069.93,71198.8,70466.0,70992.39
2026-04-09 04:00:00,70992.37,71116.0,70689.38,70982.01
2026-04-09 08:00:00,70982.01,71575.0,70865.42,71150.17
2026-04-09 12:00:00,71150.17,72358.0,70522.77,72141.99
2026-04-09 16:00:00,72142.0,72550.0,71729.66,72096.32
2026-04-09 20:00:00,72096.33,73145.0,71585.25,71787.97
2026-04-10 00:00:00,71787.98,72387.0,71573.35,71868.67
2026-04-10 04:00:00,71868.67,72267.89,71428.0,71481.85
2026-04-10 08:00:00,71481.85,72261.93,71426.15,72127.59
2026-04-10 12:00:00,72127.59,73289.96,71899.51,72460.51
2026-04-10 16:00:00,72460.52,73264.76,72387.41,73236.11
2026-04-10 20:00:00,73236.11,73434.0,72700.6,72962.7
2026-04-11 00:00:00,72962.71,73094.89,72670.0,72866.63
2026-04-11 04:00:00,72866.62,72954.28,72612.16,72745.38
2026-04-11 08:00:00,72745.38,72915.95,72617.75,72907.05
2026-04-11 12:00:00,72907.05,72982.4,72513.09,72858.17
2026-04-11 16:00:00,72858.18,73790.0,72812.94,73687.15
2026-04-11 20:00:00,73687.16,73689.97,72907.4,73043.16
2026-04-12 00:00:00,73043.16,73137.24,71310.0,71593.19
2026-04-12 04:00:00,71593.18,71781.0,71417.22,71665.0
2026-04-12 08:00:00,71664.99,71805.85,71357.76,71468.55
2026-04-12 12:00:00,71468.54,71500.0,70604.07,70892.03
2026-04-12 16:00:00,70892.04,71222.58,70821.05,71084.18
2026-04-12 20:00:00,71084.18,71452.0,70505.88,70740.98
2026-04-13 00:00:00,70741.56,71271.78,70615.3,70976.0
2026-04-13 04:00:00,70975.99,71144.0,70672.72,70813.88
2026-04-13 08:00:00,70813.88,70997.12,70566.99,70929.68
2026-04-13 12:00:00,70929.68,72464.28,70758.5,71866.59
2026-04-13 16:00:00,71866.59,73480.0,71679.8,73322.82
2026-04-13 20:00:00,73322.0,74900.0,73007.08,74417.99
2026-04-14 00:00:00,74418.0,74579.32,73954.86,74444.43
2026-04-14 04:00:00,74444.44,74924.64,74150.6,74546.0
2026-04-14 08:00:00,74545.99,74910.0,74307.35,74376.52
2026-04-14 12:00:00,74376.52,76038.0,74277.19,75317.07
2026-04-14 16:00:00,75317.06,75688.0,73795.47,74223.18
2026-04-14 20:00:00,74223.3,74434.33,73806.09,74131.55
2026-04-15 00:00:00,74131.55,74786.72,74126.32,74345.97
2026-04-15 04:00:00,74345.98,74434.51,73514.0,73730.43
2026-04-15 08:00:00,73730.43,74256.44,73675.96,74201.78
2026-04-15 12:00:00,74201.78,74506.84,73580.85,73844.08
2026-04-15 16:00:00,73844.07,75281.0,73762.89,75002.6
2026-04-15 20:00:00,75002.6,75425.0,74512.06,74809.99
2026-04-16 00:00:00,74809.99,75267.85,74451.49,74888.21
2026-04-16 04:00:00,74888.21,75174.38,74636.0,74707.03
2026-04-16 08:00:00,74707.02,74901.5,74277.34,74574.79
2026-04-16 12:00:00,74574.8,75030.39,73309.85,74697.19
2026-04-16 16:00:00,74697.2,75410.71,73912.23,75342.99
2026-04-16 20:00:00,75343.0,75534.76,74789.5,75154.29
2026-04-17 00:00:00,75154.28,75154.77,74529.4,74615.82
2026-04-17 04:00:00,74615.82,75089.51,74555.12,75074.77
2026-04-17 08:00:00,75074.76,76370.25,74993.24,75589.7
2026-04-17 12:00:00,75589.7,78052.49,75531.97,77785.02
2026-04-17 16:00:00,77785.03,78333.0,77000.0,77393.58
2026-04-17 20:00:00,77393.58,77611.68,76911.0,77072.0
2026-04-18 00:00:00,77072.01,77420.08,76962.67,77005.47
2026-04-18 04:00:00,77005.47,77278.58,76884.1,76997.8
2026-04-18 08:00:00,76997.79,77048.0,75763.76,76039.05
2026-04-18 12:00:00,76039.06,76363.75,75797.53,76167.34
2026-04-18 16:00:00,76167.33,76211.57,75445.16,75649.85
2026-04-18 20:00:00,75649.86,75891.64,75599.64,75691.76
2026-04-19 00:00:00,75691.76,75847.42,75357.0,75515.77
2026-04-19 04:00:00,75515.76,75782.63,74867.72,75252.34
2026-04-19 08:00:00,75252.33,75641.99,74921.74,75604.11
2026-04-19 12:00:00,75604.11,76240.66,75401.44,75846.63
2026-04-19 16:00:00,75846.63,75853.26,74608.0,74965.47
2026-04-19 20:00:00,74965.46,74965.47,73762.9,73801.79
2026-04-20 00:00:00,73801.8,74746.93,73724.31,74634.0
2026-04-20 04:00:00,74634.01,75572.0,74095.18,74837.17
2026-04-20 08:00:00,74837.18,75404.63,74619.41,75192.71
2026-04-20 12:00:00,75192.72,75772.72,74702.0,75716.77
2026-04-20 16:00:00,75716.78,76486.67,75289.92,76296.96
2026-04-20 20:00:00,76296.97,76558.62,75617.6,75840.97
2026-04-21 00:00:00,75840.97,76263.4,75474.77,75710.3
2026-04-21 04:00:00,75710.31,76300.0,75600.0,76084.34
2026-04-21 08:00:00,76084.34,76927.57,76063.98,76452.94
2026-04-21 12:00:00,76452.94,76595.3,75430.62,75834.65
2026-04-21 16:00:00,75834.66,76190.72,74821.57,75023.43
2026-04-21 20:00:00,75023.43,76425.37,74967.58,76336.15
2026-04-22 00:00:00,76336.14,77733.11,76132.95,77521.48
2026-04-22 04:00:00,77521.47,78452.18,77364.25,78012.79
2026-04-22 08:00:00,78012.78,78399.0,77941.59,78300.0
2026-04-22 12:00:00,78300.0,79400.0,78114.04,79272.9
2026-04-22 16:00:00,79272.91,79472.82,78632.37,78846.62
2026-04-22 20:00:00,78846.62,78915.84,78155.83,78178.23
2026-04-23 00:00:00,78178.22,78574.44,77453.43,77746.46
2026-04-23 04:00:00,77746.47,78339.35,77675.8,78048.62
2026-04-23 08:00:00,78048.61,78175.52,77174.01,77704.62
2026-04-23 12:00:00,77704.61,78662.5,77379.92,78376.76
2026-04-23 16:00:00,78376.77,78509.82,76960.0,77727.26
2026-04-23 20:00:00,77727.25,78331.0,77637.5,78257.48
2026-04-24 00:00:00,78257.48,78581.93,77555.0,77737.85
2026-04-24 04:00:00,77737.84,78057.65,77457.0,77644.6
2026-04-24 08:00:00,77644.59,78372.58,77402.01,78240.26
2026-04-24 12:00:00,78240.27,78479.37,77577.22,78038.62
2026-04-24 16:00:00,78038.63,78060.29,77363.63,77628.85
2026-04-24 20:00:00,77628.84,77757.14,77264.08,77437.13
2026-04-25 00:00:00,77437.13,77711.87,77309.92,77679.07
2026-04-25 04:00:00,77679.08,77691.23,77450.0,77501.19
2026-04-25 08:00:00,77501.19,77885.35,77491.36,77682.3
2026-04-25 12:00:00,77682.29,77752.54,77299.89,77330.26
2026-04-25 16:00:00,77330.25,77454.31,77140.23,77330.01
2026-04-25 20:00:00,77330.0,77650.0,77311.05,77625.0
2026-04-26 00:00:00,77625.0,77642.43,77326.51,77400.21
2026-04-26 04:00:00,77400.21,78200.0,77383.46,78102.53
2026-04-26 08:00:00,78102.53,78210.0,77926.59,78101.44
2026-04-26 12:00:00,78101.43,78173.15,77770.0,78049.0
2026-04-26 16:00:00,78049.0,78500.0,77850.0,78221.16
2026-04-26 20:00:00,78221.17,78961.0,77843.75,78657.55
2026-04-27 00:00:00,78657.55,79485.66,78400.03,79105.49
2026-04-27 04:00:00,79105.5,79160.0,77465.05,77606.6
2026-04-27 08:00:00,77606.59,77980.0,77553.23,77844.26
2026-04-27 12:00:00,77844.25,78265.34,76564.33,76793.09
2026-04-27 16:00:00,76793.1,76990.43,76459.64,76878.07
2026-04-27 20:00:00,76878.23,77450.0,76763.71,77371.32
2026-04-28 00:00:00,77371.32,77478.0,76672.0,76815.18
2026-04-28 04:00:00,76815.18,77154.0,76424.9,76879.28
2026-04-28 08:00:00,76879.28,77013.63,76130.1,76229.0
2026-04-28 12:00:00,76228.99,76421.94,75666.6,76066.38
2026-04-28 16:00:00,76066.37,76380.83,75881.28,76330.97
2026-04-28 20:00:00,76330.97,76481.3,76197.02,76342.77
2026-04-29 00:00:00,76342.78,77127.62,76187.75,76994.78
2026-04-29 04:00:00,76994.77,77455.71,76880.0,77053.64
2026-04-29 08:00:00,77053.65,77904.93,76972.32,77590.03
2026-04-29 12:00:00,77590.04,77596.39,75705.32,75924.25
2026-04-29 16:00:00,75924.24,76274.8,74937.52,75563.86
2026-04-29 20:00:00,75563.87,76088.9,75497.43,75780.0
2026-04-30 00:00:00,75780.0,76473.26,75494.7,75928.1
2026-04-30 04:00:00,75928.09,76179.91,75323.65,76161.67
2026-04-30 08:00:00,76161.67,76339.38,75876.29,76059.43
2026-04-30 12:00:00,76059.42,76669.14,76042.75,76473.6
2026-04-30 16:00:00,76473.6,76514.8,76111.0,76412.8
2026-04-30 20:00:00,76412.8,76568.9,76206.02,76346.57
2026-05-01 00:00:00,76346.58,77453.74,76320.42,77131.08
2026-05-01 04:00:00,77131.08,77206.38,76653.6,77130.54
2026-05-01 08:00:00,77130.54,77600.0,77048.0,77463.98
2026-05-01 12:00:00,77463.98,78914.12,77408.73,78445.89
2026-05-01 16:00:00,78445.88,78683.23,78131.02,78360.0
2026-05-01 20:00:00,78360.01,78422.81,77752.0,78231.13
2026-05-02 00:00:00,78231.13,78514.82,78166.48,78400.0
2026-05-02 04:00:00,78399.99,78448.99,78040.0,78220.0
2026-05-02 08:00:00,78220.0,78394.0,78094.43,78143.08
2026-05-02 12:00:00,78143.09,78487.68,78108.41,78487.67
2026-05-02 16:00:00,78487.67,78596.61,78310.54,78486.0
2026-05-02 20:00:00,78486.23,79199.48,78418.32,78686.85
2026-05-03 00:00:00,78686.84,78754.55,78108.75,78203.08
2026-05-03 04:00:00,78203.07,78483.67,78084.08,78363.25
2026-05-03 08:00:00,78363.24,78849.22,78354.53,78656.01
2026-05-03 12:00:00,78656.01,78878.77,78586.99,78668.36
2026-05-03 16:00:00,78668.36,78853.32,78558.65,78760.32
2026-05-03 20:00:00,78760.32,79447.0,78484.42,78568.57
2026-05-04 00:00:00,78568.58,80458.0,78288.88,80316.31
2026-05-04 04:00:00,80316.3,80635.51,79500.0,79696.75
2026-05-04 08:00:00,79696.75,79930.0,78202.0,78793.67
2026-05-04 12:00:00,78793.67,80545.17,78500.0,80028.85
2026-05-04 16:00:00,80028.85,80776.99,79619.33,80053.31
2026-05-04 20:00:00,80053.31,80397.19,79744.91,79861.01
2026-05-05 00:00:00,79861.01,81083.98,79808.72,80893.08
2026-05-05 04:00:00,80893.08,81323.52,80725.0,80855.59
2026-05-05 08:00:00,80855.59,81095.48,80527.76,81014.05
2026-05-05 12:00:00,81014.05,81712.32,80932.54,81525.19
2026-05-05 16:00:00,81525.19,81680.0,81050.04,81606.35
2026-05-05 20:00:00,81606.35,81791.48,80790.0,80905.52
2026-05-06 00:00:00,80905.53,81760.84,80731.14,81581.69
2026-05-06 04:00:00,81581.7,81649.99,81060.0,81359.82
2026-05-06 08:00:00,81359.82,82850.0,81328.68,82522.89
2026-05-06 12:00:00,82522.88,82539.33,81136.0,81704.25
2026-05-06 16:00:00,81704.25,81907.51,81200.0,81464.87
2026-05-06 20:00:00,81464.86,81700.0,81000.0,81447.01
2026-05-07 00:00:00,81447.01,81490.03,80830.23,80834.91
2026-05-07 04:00:00,80834.92,81708.32,80725.09,81518.58
2026-05-07 08:00:00,81518.57,81590.0,80572.4,80866.65
2026-05-07 12:00:00,80866.65,81180.0,79699.52,79890.63
2026-05-07 16:00:00,79890.0,80269.06,79500.0,80146.11
2026-05-07 20:00:00,80146.77,80371.23,79582.95,80006.0
2026-05-08 00:00:00,80006.0,80142.84,79181.48,79578.85
2026-05-08 04:00:00,79578.84,79778.95,79248.58,79682.4
2026-05-08 08:00:00,79682.4,80340.94,79666.05,80231.22
2026-05-08 12:00:00,80231.22,80500.0,79549.54,80142.14
2026-05-08 16:00:00,80142.13,80299.99,79738.75,80179.94
2026-05-08 20:00:00,80180.0,80409.09,80089.76,80193.17
2026-05-09 00:00:00,80193.18,80550.67,80129.85,80383.95
2026-05-09 04:00:00,80383.96,80666.66,80135.0,80228.89
2026-05-09 08:00:00,80228.88,80452.44,80166.26,80345.46
2026-05-09 12:00:00,80345.47,80600.0,80234.0,80527.92
2026-05-09 16:00:00,80527.92,81080.0,80487.4,80938.53
2026-05-09 20:00:00,80938.53,80938.53,80621.88,80678.4
2026-05-10 00:00:00,80678.41,80887.15,80572.77,80775.0
2026-05-10 04:00:00,80774.99,80840.0,80658.97,80736.03
2026-05-10 08:00:00,80736.03,80975.4,80691.0,80821.21
2026-05-10 12:00:00,80821.21,81442.81,80784.2,81418.01
2026-05-10 16:00:00,81418.01,81583.11,81148.0,81437.83
2026-05-10 20:00:00,81437.83,82479.32,80279.77,82210.07
2026-05-11 00:00:00,82210.07,82380.0,80525.0,80736.01
2026-05-11 04:00:00,80736.0,81049.51,80639.99,80740.4
2026-05-11 08:00:00,80740.4,81200.0,80621.87,81196.94
2026-05-11 12:00:00,81196.95,81458.0,80462.97,81445.9
2026-05-11 16:00:00,81445.89,82137.26,81344.72,81961.99
2026-05-11 20:00:00,81961.99,82078.91,81596.31,81745.65
2026-05-12 00:00:00,81745.66,81788.0,80714.28,81058.8
2026-05-12 04:00:00,81058.79,81305.24,80800.77,80865.4
2026-05-12 08:00:00,80865.4,80964.13,80496.57,80784.87
2026-05-12 12:00:00,80784.86,80999.0,80188.65,80336.01
2026-05-12 16:00:00,80336.01,80874.42,79843.59,80834.64
2026-05-12 20:00:00,80835.3,80896.25,80439.91,80504.47
2026-05-13 00:00:00,80504.47,81299.99,80412.15,81249.99
2026-05-13 04:00:00,81249.99,81281.07,80889.12,81026.92
2026-05-13 08:00:00,81026.92,81324.64,80494.98,80501.22
2026-05-13 12:00:00,80501.22,80592.65,78807.22,78827.21
2026-05-13 16:00:00,78827.21,79800.0,78754.65,79642.41
2026-05-13 20:00:00,79642.41,79760.0,79228.0,79313.61
2026-05-14 00:00:00,79313.61,79681.73,78922.0,79044.85
2026-05-14 04:00:00,79044.86,79998.0,78982.06,79745.98
2026-05-14 08:00:00,79745.99,79936.98,79234.0,79258.27
2026-05-14 12:00:00,79258.27,81332.23,79230.31,81301.23
2026-05-14 16:00:00,81301.22,82048.13,81080.25,81419.74
2026-05-14 20:00:00,81419.75,81590.19,81059.93,81089.99
2026-05-15 00:00:00,81090.0,81664.45,80750.0,81059.15
2026-05-15 04:00:00,81059.15,81100.0,80314.0,80814.88
2026-05-15 08:00:00,80814.88,80822.95,80369.0,80628.53
2026-05-15 12:00:00,80628.52,80635.44,78659.0,79150.27
2026-05-15 16:00:00,79150.26,79561.94,79051.0,79146.5
2026-05-15 20:00:00,79146.5,79217.07,78911.42,79113.21
2026-05-16 00:00:00,79113.2,79227.77,79010.0,79083.18
2026-05-16 04:00:00,79083.19,79129.71,78066.0,78369.77
2026-05-16 08:00:00,78369.78,78530.52,77640.0,78081.71
2026-05-16 12:00:00,78080.46,78346.0,77833.4,78238.67
2026-05-16 16:00:00,78238.68,78364.65,78119.72,78259.66
2026-05-16 20:00:00,78259.67,78318.94,78125.32,78148.05
2026-05-17 00:00:00,78148.05,78243.19,77721.19,78028.88
2026-05-17 04:00:00,78028.88,78323.96,78003.35,78180.01
2026-05-17 08:00:00,78180.0,78599.99,78033.01,78415.99
2026-05-17 12:00:00,78415.99,78550.0,77850.0,78051.41
2026-05-17 16:00:00,78051.42,78468.46,77856.69,78415.3
2026-05-17 20:00:00,78415.29,78485.36,76735.16,77457.67
2026-05-18 00:00:00,77457.67,77477.99,76707.61,76924.65
2026-05-18 04:00:00,76924.66,77089.29,76583.33,77073.69
2026-05-18 08:00:00,77073.69,77403.48,76668.58,77285.83
2026-05-18 12:00:00,77285.83,77800.0,76051.0,76409.46
2026-05-18 16:00:00,76409.46,76995.0,76144.24,76928.0
2026-05-18 20:00:00,76928.0,77222.79,76800.0,77001.87
2026-05-19 00:00:00,77001.88,77414.62,76487.83,76787.11
2026-05-19 04:00:00,76787.1,77278.57,76644.98,77233.69
2026-05-19 08:00:00,77233.68,77317.02,76633.83,76714.62
2026-05-19 12:00:00,76714.61,77048.72,76144.71,76521.23
2026-05-19 16:00:00,76521.24,77065.8,76407.72,76818.74
2026-05-19 20:00:00,76818.73,77040.83,76642.95,76834.36
2026-05-20 00:00:00,76834.36,76922.46,76516.74,76723.54
2026-05-20 04:00:00,76723.55,77472.21,76692.0,77282.64
2026-05-20 08:00:00,77282.65,77663.0,77210.33,77382.49
2026-05-20 12:00:00,77382.5,77853.04,76891.61,77455.46
2026-05-20 16:00:00,77455.45,77713.66,77018.38,77667.49
2026-05-20 20:00:00,77667.49,77766.6,77226.61,77552.23
2026-05-21 00:00:00,77552.24,78173.15,77525.0,78078.72
2026-05-21 04:00:00,78078.72,78180.01,77521.0,77889.01
2026-05-21 08:00:00,77889.01,78200.0,77147.15,77189.1
2026-05-21 12:00:00,77189.1,77402.12,76719.47,77259.46
2026-05-21 16:00:00,77259.45,78098.16,77008.75,77690.56
2026-05-21 20:00:00,77690.56,77813.35,77534.43,77615.52
2026-05-22 00:00:00,77615.52,77817.8,77327.28,77779.98
2026-05-22 04:00:00,77779.98,77900.0,77288.77,77408.06
2026-05-22 08:00:00,77408.07,77535.0,77184.45,77428.84
2026-05-22 12:00:00,77428.83,77584.94,76570.0,76790.59
2026-05-22 16:00:00,76790.6,77093.72,75668.76,75860.44
2026-05-22 20:00:00,75860.44,76087.85,75359.18,75539.5
2026-05-23 00:00:00,75539.5,75664.62,75220.0,75635.22
2026-05-23 04:00:00,75635.22,75650.63,74289.6,74609.36
2026-05-23 08:00:00,74609.37,74873.55,74303.56,74789.99
2026-05-23 12:00:00,74789.99,75726.3,74660.05,75520.0
2026-05-23 16:00:00,75519.99,76012.22,75371.72,75983.45
2026-05-23 20:00:00,75983.45,77404.18,75953.94,76752.01
2026-05-24 00:00:00,76752.0,77011.62,76629.02,76750.0
2026-05-24 04:00:00,76750.01,77065.94,76651.59,76799.99
2026-05-24 08:00:00,76799.99,77543.15,76734.42,77320.06
2026-05-24 12:00:00,77320.06,77325.72,76195.36,76371.59
2026-05-24 16:00:00,76371.59,76799.99,76371.59,76773.34
2026-05-24 20:00:00,76773.33,77225.97,76108.0,77064.96
2026-05-25 00:00:00,77064.96,77485.0,76914.25,77026.67
2026-05-25 04:00:00,77026.68,77650.0,76990.78,77401.12
2026-05-25 08:00:00,77401.11,77699.97,77280.32,77357.5
2026-05-25 12:00:00,77357.5,77905.52,77286.5,77628.82
2026-05-25 16:00:00,77628.82,77807.29,77343.61,77441.86
2026-05-25 20:00:00,77441.85,77500.0,77019.82,77322.01
2026-05-26 00:00:00,77322.01,77345.0,76475.59,76664.01
2026-05-26 04:00:00,76664.0,77059.74,76603.73,76730.84
2026-05-26 08:00:00,76730.84,77621.75,76586.94,77183.55
2026-05-26 12:00:00,77183.56,78080.0,76272.63,76518.1
2026-05-26 16:00:00,76518.1,76710.01,75779.3,76052.0
2026-05-26 20:00:00,76052.0,76180.0,75677.97,75930.01
2026-05-27 00:00:00,75930.01,76104.02,75607.62,75683.0
2026-05-27 04:00:00,75683.0,75980.0,75310.9,75977.17
2026-05-27 08:00:00,75977.16,76071.41,75710.76,75769.18
2026-05-27 12:00:00,75769.18,76174.15,74758.33,75326.01
2026-05-27 16:00:00,75326.02,75408.01,74663.45,75066.08
2026-05-27 20:00:00,75066.09,75415.81,74243.99,74449.3
2026-05-28 00:00:00,74449.31,74590.77,73060.59,73258.01
2026-05-28 04:00:00,73258.0,73512.14,72728.85,73498.0
2026-05-28 08:00:00,73498.0,73616.0,73193.13,73505.66
2026-05-28 12:00:00,73505.65,73580.75,72582.82,72928.73
2026-05-28 16:00:00,72928.73,73749.69,72741.4,73419.32
2026-05-28 20:00:00,73419.31,73949.22,73241.48,73617.51
2026-05-29 00:00:00,73617.52,73868.33,73189.11,73301.52
2026-05-29 04:00:00,73301.53,73939.19,73210.21,73528.56
2026-05-29 08:00:00,73528.55,73902.85,73341.85,73487.98
2026-05-29 12:00:00,73487.98,74200.0,72512.49,73808.26
2026-05-29 16:00:00,73808.25,74514.1,73187.25,73520.28
2026-05-29 20:00:00,73520.29,73844.0,73320.0,73460.78
2026-05-30 00:00:00,73460.78,73796.43,73408.62,73524.01
2026-05-30 04:00:00,73524.01,73709.91,73216.0,73548.6
2026-05-30 08:00:00,73548.6,73680.75,73500.02,73602.02
2026-05-30 12:00:00,73602.01,74100.0,73594.4,73930.14
2026-05-30 16:00:00,73930.13,74143.76,73811.3,74016.65
2026-05-30 20:00:00,74016.64,74054.0,73781.3,73884.38
2026-05-31 00:00:00,73884.38,74275.66,73858.56,74150.64
2026-05-31 04:00:00,74150.64,74221.33,73836.0,73871.24
2026-05-31 08:00:00,73871.25,74024.0,73699.2,73937.79
2026-05-31 12:00:00,73937.63,74023.99,73483.05,73655.21
2026-05-31 16:00:00,73655.2,73734.0,73400.0,73563.42
2026-05-31 20:00:00,73563.41,74198.0,73500.0,73674.39
2026-06-01 00:00:00,73674.39,74092.0,73222.0,73769.06
2026-06-01 04:00:00,73769.06,73841.37,72704.0,72818.0
2026-06-01 08:00:00,72818.0,73095.64,72290.0,72479.99
2026-06-01 12:00:00,72480.0,72610.0,71066.33,71129.62
2026-06-01 16:00:00,71129.62,71800.73,70686.68,71595.24
2026-06-01 20:00:00,71595.24,71690.0,70840.9,71408.9
2026-06-02 00:00:00,71408.9,71408.9,70111.0,70953.69
2026-06-02 04:00:00,70953.7,71048.0,69733.0,70118.42
2026-06-02 08:00:00,70118.42,70172.0,69324.65,69461.72
2026-06-02 12:00:00,69461.73,69548.13,67076.0,67304.28
2026-06-02 16:00:00,67304.29,68146.3,66432.0,67315.14
2026-06-02 20:00:00,67315.14,67923.24,66193.0,66760.83
2026-06-03 00:00:00,66760.84,67204.15,65426.34,65849.9
2026-06-03 04:00:00,65849.9,67516.0,65834.0,67220.03
2026-06-03 08:00:00,67220.03,67476.69,66656.48,67067.37
2026-06-03 12:00:00,67067.37,67244.62,66076.0,66076.01
2026-06-03 16:00:00,66076.01,66373.18,65251.0,65462.0
2026-06-03 20:00:00,65461.99,65860.0,64092.49,64142.75
2026-06-04 00:00:00,64142.75,64540.3,61383.56,64363.49
2026-06-04 04:00:00,64363.49,64764.32,63492.89,63603.15
2026-06-04 08:00:00,63603.15,63904.63,62205.0,62545.99
2026-06-04 12:00:00,62546.0,64494.92,62392.0,63896.17
2026-06-04 16:00:00,63896.16,64163.93,62944.91,63629.38
2026-06-04 20:00:00,63629.38,63918.0,63106.04,63885.99
2026-06-05 00:00:00,63885.99,63978.0,62339.0,62730.0
2026-06-05 04:00:00,62730.0,63688.0,61126.01,63115.99
2026-06-05 08:00:00,63115.99,63259.9,61964.98,61964.99
2026-06-05 12:00:00,61964.99,62457.86,60000.0,60438.01
2026-06-05 16:00:00,60438.0,61547.24,59130.91,60300.24
2026-06-05 20:00:00,60300.24,62000.0,59940.01,61056.47
2026-06-06 00:00:00,61056.47,61530.05,60520.0,60687.04
2026-06-06 04:00:00,60687.05,61276.95,59500.0,61004.95
2026-06-06 08:00:00,61004.95,61500.0,60198.0,60802.91
2026-06-06 12:00:00,60802.9,61185.26,60396.0,60784.0
2026-06-06 16:00:00,60784.01,60971.24,60393.96,60600.01
2026-06-06 20:00:00,60600.0,61000.0,60429.09,60884.62
2026-06-07 00:00:00,60884.62,61778.33,60746.0,61701.07
2026-06-07 04:00:00,61701.06,62416.26,61482.46,62404.73
2026-06-07 08:00:00,62404.72,62960.0,62259.37,62621.96
2026-06-07 12:00:00,62621.97,62643.97,61577.12,62093.99
2026-06-07 16:00:00,62093.99,62332.0,61184.0,61328.0
2026-06-07 20:00:00,61327.99,64234.68,61217.17,63332.01
2026-06-08 00:00:00,63332.01,63863.06,62720.86,63130.12
2026-06-08 04:00:00,63130.12,63350.0,62408.0,63283.99
2026-06-08 08:00:00,63284.0,63873.08,62992.01,63479.61
2026-06-08 12:00:00,63479.62,64200.0,62718.3,63774.48
2026-06-08 16:00:00,63774.48,64046.86,63268.01,63372.01
2026-06-08 20:00:00,63372.01,63850.0,62978.66,63085.99
2026-06-09 00:00:00,63086.0,63184.0,62423.07,62875.17
2026-06-09 04:00:00,62875.18,63526.01,62748.0,63198.44
2026-06-09 08:00:00,63198.44,63208.86,62498.75,62711.12
2026-06-09 12:00:00,62711.12,62895.18,61037.0,61131.84
2026-06-09 16:00:00,61131.85,62103.39,60780.0,62098.09
2026-06-09 20:00:00,62098.09,62272.0,61556.0,61730.0
2026-06-10 00:00:00,61730.0,61974.7,61235.29,61549.64
2026-06-10 04:00:00,61549.64,61813.34,61080.0,61687.56
2026-06-10 08:00:00,61687.56,61736.0,60755.0,61034.04
2026-06-10 12:00:00,61034.04,62857.99,60960.0,62639.23
2026-06-10 16:00:00,62639.23,62646.0,61588.8,61942.44
2026-06-10 20:00:00,61942.45,61949.21,61104.24,61510.99
2026-06-11 00:00:00,61510.99,62848.0,61510.99,62689.48
2026-06-11 04:00:00,62689.47,62997.53,62544.89,62719.39
2026-06-11 08:00:00,62719.39,63257.21,62719.38,63108.0
2026-06-11 12:00:00,63108.01,63239.43,62500.0,62749.44
2026-06-11 16:00:00,62749.44,63933.02,62348.0,63605.68
2026-06-11 20:00:00,63605.69,63700.0,63270.0,63625.99
2026-06-12 00:00:00,63626.0,63810.01,63301.53,63524.82
2026-06-12 04:00:00,63524.81,63863.98,62829.81,63100.8
2026-06-12 08:00:00,63100.8,63953.84,63100.8,63766.01
2026-06-12 12:00:00,63766.01,64394.44,63045.29,63593.02
2026-06-12 16:00:00,63593.02,64111.1,63510.16,63589.27
2026-06-12 20:00:00,63589.28,63696.41,63400.0,63580.01
2026-06-13 00:00:00,63580.0,63840.0,63418.66,63532.0
2026-06-13 04:00:00,63532.0,63883.47,63484.0,63846.0
2026-06-13 08:00:00,63845.99,63984.53,63726.57,63971.28
2026-06-13 12:00:00,63971.28,64350.0,63921.33,64296.15
2026-06-13 16:00:00,64296.15,64333.62,63920.05,64296.59
2026-06-13 20:00:00,64296.59,64762.77,64226.38,64458.01
2026-06-14 00:00:00,64458.01,64710.0,64380.7,64545.3
2026-06-14 04:00:00,64545.3,64563.48,64214.0,64429.39
2026-06-14 08:00:00,64429.39,64664.0,64321.18,64546.0
2026-06-14 12:00:00,64546.01,64560.66,63866.66,64025.07
2026-06-14 16:00:00,64025.06,64208.92,63678.83,63802.0
2026-06-14 20:00:00,63801.99,65800.0,63794.09,65746.45
2026-06-15 00:00:00,65746.45,65995.0,65354.0,65927.1
2026-06-15 04:00:00,65927.11,66000.0,65611.01,65674.76
2026-06-15 08:00:00,65674.76,66385.12,65512.0,66233.9
2026-06-15 12:00:00,66233.89,67292.15,66106.0,67292.14
2026-06-15 16:00:00,67292.15,67292.15,66348.0,66614.35
2026-06-15 20:00:00,66615.98,66681.3,66076.56,66328.74
2026-06-16 00:00:00,66328.74,66463.26,65650.0,66165.21
2026-06-16 04:00:00,66165.21,66572.99,65802.0,66372.0
2026-06-16 08:00:00,66372.0,66992.0,66345.06,66481.73
2026-06-16 12:00:00,66481.73,66818.0,65360.92,65859.76
2026-06-16 16:00:00,65859.76,66248.69,65560.0,65675.88
2026-06-16 20:00:00,65675.89,65938.0,65592.0,65675.01
2026-06-17 00:00:00,65675.02,66200.0,65477.5,65851.99
2026-06-17 04:00:00,65852.0,66048.19,65251.0,65539.5
2026-06-17 08:00:00,65539.51,65574.0,64565.0,64810.01
2026-06-17 12:00:00,64810.01,65855.66,64590.53,65752.0
2026-06-17 16:00:00,65751.99,66445.93,63998.35,64301.85
2026-06-17 20:00:00,64301.85,64529.2,63915.77,64509.4
2026-06-18 00:00:00,64509.4,64806.0,64267.86,64282.82
2026-06-18 04:00:00,64282.82,64510.5,63696.29,64510.44
2026-06-18 08:00:00,64510.45,64646.75,63878.14,63974.4
2026-06-18 12:00:00,63974.4,64445.19,62293.76,62369.44
2026-06-18 16:00:00,62369.43,63008.33,62272.07,62950.79
2026-06-18 20:00:00,62950.79,63274.19,62742.0,62958.01
2026-06-19 00:00:00,62958.01,63110.29,62386.9,62773.51
2026-06-19 04:00:00,62773.52,62917.32,62409.55,62629.99
2026-06-19 08:00:00,62630.0,62782.0,62316.44,62626.0
2026-06-19 12:00:00,62626.0,63419.27,62353.0,63214.01
2026-06-19 16:00:00,63214.01,63387.8,62866.99,63021.6
2026-06-19 20:00:00,63021.6,63666.0,62958.59,63543.91
2026-06-20 00:00:00,63543.9,63777.0,63320.14,63476.79
2026-06-20 04:00:00,63476.79,63907.07,63402.0,63655.21
2026-06-20 08:00:00,63655.21,63798.76,63392.41,63688.0
2026-06-20 12:00:00,63688.0,64388.0,63184.21,64160.04
2026-06-20 16:00:00,64160.04,64167.26,63730.21,63936.0
2026-06-20 20:00:00,63935.99,64350.0,63853.31,64298.01
2026-06-21 00:00:00,64298.01,64472.99,64206.17,64426.0
2026-06-21 04:00:00,64426.0,64588.0,64173.08,64191.07
2026-06-21 08:00:00,64191.06,64483.95,63900.17,64176.0
2026-06-21 12:00:00,64176.0,64355.88,63952.0,64224.0
2026-06-21 16:00:00,64224.0,64298.84,63933.47,64207.12
2026-06-21 20:00:00,64207.13,64271.21,63270.0,63311.99
2026-06-22 00:00:00,63312.0,64823.52,63312.0,63974.01
2026-06-22 04:00:00,63974.01,64397.57,63868.41,64211.19
2026-06-22 08:00:00,64211.2,64768.46,64044.0,64657.22
2026-06-22 12:00:00,64657.22,65622.83,64579.08,64836.95
2026-06-22 16:00:00,64836.95,64862.0,64276.0,64472.0
2026-06-22 20:00:00,64472.51,64659.43,63804.59,64020.01
2026-06-23 00:00:00,64020.01,64275.38,63828.93,64065.35
2026-06-23 04:00:00,64065.34,64095.55,62568.9,62886.03
2026-06-23 08:00:00,62886.04,62945.08,61938.0,62507.06
2026-06-23 12:00:00,62507.05,62855.98,61960.0,62487.79
2026-06-23 16:00:00,62487.79,62846.0,62104.7,62388.49
2026-06-23 20:00:00,62388.49,62799.99,62380.25,62734.57
2026-06-24 00:00:00,62734.57,63119.45,62461.87,62729.78
2026-06-24 04:00:00,62729.78,63073.44,62525.49,62657.99
2026-06-24 08:00:00,62658.0,63239.06,62318.88,62921.19
2026-06-24 12:00:00,62921.19,62973.2,60249.82,60250.0
2026-06-24 16:00:00,60250.0,60678.1,59102.7,59958.3
2026-06-24 20:00:00,59958.3,61276.0,59854.0,61077.99
2026-06-25 00:00:00,61078.0,61163.16,60684.94,60883.65
2026-06-25 04:00:00,60883.66,61962.4,60792.0,61911.04
2026-06-25 08:00:00,61911.03,61920.0,61066.0,61282.01
2026-06-25 12:00:00,61282.0,61761.35,58115.01,59557.99
2026-06-25 16:00:00,59557.99,60067.0,59139.96,59320.0
2026-06-25 20:00:00,59319.99,60273.81,59319.99,59794.0
2026-06-26 00:00:00,59794.64,60131.37,58337.0,60036.01
2026-06-26 04:00:00,60036.0,60759.99,59702.0,60532.0
2026-06-26 08:00:00,60532.0,60580.0,59239.78,59413.24
2026-06-26 12:00:00,59413.24,60500.0,58500.1,60328.32
2026-06-26 16:00:00,60328.18,60583.0,59556.0,59751.97
2026-06-26 20:00:00,59751.96,60117.64,59571.31,60097.27
2026-06-27 00:00:00,60097.27,60412.0,59876.22,60305.73
2026-06-27 04:00:00,60305.73,60574.0,60093.33,60548.07
2026-06-27 08:00:00,60548.06,60548.74,60198.94,60363.65
2026-06-27 12:00:00,60363.65,60941.17,60257.03,60840.06
2026-06-27 16:00:00,60840.06,60855.03,60085.88,60175.95
2026-06-27 20:00:00,60175.95,60482.18,59855.16,60029.0
2026-06-28 00:00:00,60029.01,60339.99,59986.0,60197.04
2026-06-28 04:00:00,60197.03,60259.68,59753.48,60219.99
2026-06-28 08:00:00,60220.0,60545.01,60068.0,60342.0
2026-06-28 12:00:00,60341.99,60457.02,59817.28,59890.0
2026-06-28 16:00:00,59890.35,59943.9,59270.26,59481.79
2026-06-28 20:00:00,59481.78,59906.0,58905.0,59577.01
2026-06-29 00:00:00,59577.01,60233.0,58900.01,60049.46
2026-06-29 04:00:00,60049.45,60346.27,59392.02,60026.0
2026-06-29 08:00:00,60026.01,60311.95,59745.46,59956.05
2026-06-29 12:00:00,59956.05,60780.57,59011.0,59824.01
2026-06-29 16:00:00,59824.01,60683.84,59584.48,60433.49
2026-06-29 20:00:00,60433.5,60585.99,60194.01,60260.21
2026-06-30 00:00:00,60260.2,60276.54,59600.0,59627.48
2026-06-30 04:00:00,59627.47,59712.88,59360.0,59524.01
2026-06-30 08:00:00,59524.01,59551.03,59123.01,59192.7
2026-06-30 12:00:00,59192.71,59276.6,58201.0,58381.99
2026-06-30 16:00:00,58382.0,58839.16,58241.79,58818.05
2026-06-30 20:00:00,58818.0,58874.99,58509.99,58624.71
2026-07-01 00:00:00,58624.71,59318.0,57800.19,59197.13
2026-07-01 04:00:00,59197.12,59457.0,58534.31,58768.65
2026-07-01 08:00:00,58768.64,59091.99,58500.0,58622.03
2026-07-01 12:00:00,58622.02,60536.55,58326.0,60147.15
2026-07-01 16:00:00,60147.15,60352.93,59787.35,60028.67
2026-07-01 20:00:00,60029.39,61334.0,59876.0,60024.0
2026-07-02 00:00:00,60024.0,61121.78,59588.0,61058.0
2026-07-02 04:00:00,61057.99,61058.0,60104.0,60149.99
2026-07-02 08:00:00,60149.99,61437.49,60132.51,61358.01
2026-07-02 12:00:00,61358.0,62200.0,61147.23,61612.93
2026-07-02 16:00:00,61612.93,61962.43,61108.99,61479.6
2026-07-02 20:00:00,61479.59,61653.43,61342.0,61560.0
2026-07-03 00:00:00,61560.0,61733.11,61248.86,61434.0
2026-07-03 04:00:00,61434.0,61864.99,61332.76,61750.47
2026-07-03 08:00:00,61750.47,62103.1,61510.01,62024.02
2026-07-03 12:00:00,62024.01,62400.0,61700.0,61922.72
2026-07-03 16:00:00,61922.71,62317.64,61911.65,62210.0
2026-07-03 20:00:00,62210.0,62979.86,62186.01,62583.26
2026-07-04 00:00:00,62583.26,62946.0,62404.25,62627.29
2026-07-04 04:00:00,62627.28,62749.97,62328.24,62576.0
2026-07-04 08:00:00,62576.0,62674.47,62415.87,62482.01
2026-07-04 12:00:00,62482.0,63075.46,62482.0,62943.29
2026-07-04 16:00:00,62943.29,63461.99,62786.0,63294.72
2026-07-04 20:00:00,63294.72,63448.0,62927.98,63144.01
2026-07-05 00:00:00,63144.01,63144.01,62596.08,62769.04
2026-07-05 04:00:00,62769.03,63059.99,62659.65,63020.21
2026-07-05 08:00:00,63020.21,63104.0,62436.59,62658.92
2026-07-05 12:00:00,62658.92,62943.59,62569.37,62740.01
2026-07-05 16:00:00,62740.01,62888.14,62590.02,62768.88
2026-07-05 20:00:00,62768.87,63999.0,62609.47,63650.0
2026-07-06 00:00:00,63650.01,63920.0,63136.01,63294.0
2026-07-06 04:00:00,63294.0,63402.77,62890.0,63089.42
2026-07-06 08:00:00,63089.42,63244.0,62483.83,62483.84
2026-07-06 12:00:00,62483.84,63550.0,61306.84,63545.98
2026-07-06 16:00:00,63545.98,63976.16,63386.01,63738.52
2026-07-06 20:00:00,63738.52,64700.0,63589.41,64042.02
2026-07-07 00:00:00,64042.93,64314.0,63150.0,63191.01
2026-07-07 04:00:00,63191.01,63445.7,62800.0,63083.18
2026-07-07 08:00:00,63083.19,63467.15,62984.58,63406.0
2026-07-07 12:00:00,63405.99,64105.0,62671.39,63930.51
2026-07-07 16:00:00,63930.5,64243.75,63379.69,63817.99
2026-07-07 20:00:00,63818.0,63901.75,63218.0,63363.99
2026-07-08 00:00:00,63364.0,63761.99,62525.47,62766.0
2026-07-08 04:00:00,62766.0,62901.49,62477.04,62888.35
2026-07-08 08:00:00,62888.34,62941.46,61743.83,62299.99
2026-07-08 12:00:00,62300.0,62451.08,61544.56,61704.01
2026-07-08 16:00:00,61704.01,62394.32,61692.0,62277.98
2026-07-08 20:00:00,62277.98,62350.63,61956.0,62290.0
2026-07-09 00:00:00,62290.01,62642.0,61705.29,61974.34
2026-07-09 04:00:00,61974.34,63283.26,61956.46,63000.0
2026-07-09 08:00:00,62999.99,63100.1,62614.66,62786.34
2026-07-09 12:00:00,62786.33,63261.0,62465.39,62868.05
2026-07-09 16:00:00,62868.06,63500.0,62559.59,63248.1
2026-07-09 20:00:00,63248.09,63418.0,63060.91,63230.0
2026-07-10 00:00:00,63230.01,64050.23,62926.01,63947.2
2026-07-10 04:00:00,63947.2,64200.0,63802.02,63963.0
2026-07-10 08:00:00,63963.0,64494.84,63962.99,64425.18
2026-07-10 12:00:00,64425.18,64692.83,63793.43,64040.0
2026-07-10 16:00:00,64039.99,64220.0,63732.66,63917.88
2026-07-10 20:00:00,63917.88,64222.61,63656.0,64161.72
2026-07-11 00:00:00,64161.72,64310.0,63984.07,64150.42
2026-07-11 04:00:00,64150.42,64278.0,64080.26,64162.18
2026-07-11 08:00:00,64162.18,64300.0,64129.99,64198.0
2026-07-11 12:00:00,64197.99,64504.11,63896.18,64175.75
2026-07-11 16:00:00,64175.75,64402.0,64084.0,64286.0
2026-07-11 20:00:00,64286.0,64463.83,63819.0,63819.0
2026-07-12 00:00:00,63819.01,64223.74,63702.16,64223.73
2026-07-12 04:00:00,64223.73,64245.87,63640.83,63885.27
2026-07-12 08:00:00,63885.28,64100.32,63764.0,64018.01
2026-07-12 12:00:00,64018.0,64290.11,63958.71,64176.0
2026-07-12 16:00:00,64176.0,64270.0,64018.69,64228.59
2026-07-12 20:00:00,64228.59,64254.0,63668.0,63780.0
2026-07-13 00:00:00,63780.0,64425.0,62741.04,62806.41
2026-07-13 04:00:00,62806.41,63070.01,62500.76,62985.52
2026-07-13 08:00:00,62985.53,63302.88,62862.28,62901.99
2026-07-13 12:00:00,62901.99,62990.04,62101.0,62618.01
2026-07-13 16:00:00,62618.0,62629.35,61824.97,62288.23
2026-07-13 20:00:00,62288.23,62347.46,61882.88,62334.52
2026-07-14 00:00:00,62334.52,62666.66,62272.2,62572.89
2026-07-14 04:00:00,62572.88,62872.0,62516.93,62560.92
2026-07-14 08:00:00,62560.92,62923.06,62500.0,62844.99
2026-07-14 12:00:00,62844.99,64966.43,62780.84,64743.99
2026-07-14 16:00:00,64744.0,64896.86,64231.77,64569.59
2026-07-14 20:00:00,64569.59,65100.0,64419.99,65043.98
2026-07-15 00:00:00,65043.99,65065.01,64488.0,64792.01
2026-07-15 04:00:00,64792.0,65277.37,64485.0,64549.34
2026-07-15 08:00:00,64549.33,64917.94,64549.33,64732.15
2026-07-15 12:00:00,64732.15,65600.0,64606.0,65427.61
2026-07-15 16:00:00,65427.6,65470.0,64738.49,64977.34
2026-07-15 20:00:00,64977.34,65055.39,64691.89,64756.28
2026-07-16 00:00:00,64756.28,64845.5,64392.01,64619.95
2026-07-16 04:00:00,64619.96,64997.52,64086.12,64238.0
2026-07-16 08:00:00,64238.0,64380.0,63888.0,64256.53
2026-07-16 12:00:00,64256.52,64896.0,63838.28,64704.73
2026-07-16 16:00:00,64704.73,64712.0,63984.09,64271.84
2026-07-16 20:00:00,64271.85,64276.0,63748.74,63830.2
2026-07-17 00:00:00,63830.2,64067.69,63380.28,63570.0
2026-07-17 04:00:00,63570.0,63576.0,62710.0,62828.11
2026-07-17 08:00:00,62828.11,63361.7,62666.0,63298.01
2026-07-17 12:00:00,63298.0,63518.0,62537.56,63452.0
2026-07-17 16:00:00,63452.0,64387.99,63312.01,64160.8
2026-07-17 20:00:00,64160.8,64216.61,63884.35,63931.67
2026-07-18 00:00:00,63931.67,64032.6,63886.65,64017.84
2026-07-18 04:00:00,64017.84,64026.03,63926.39,64002.75
2026-07-18 08:00:00,64002.75,64097.22,63887.73,64069.89
2026-07-18 12:00:00,64069.89,64274.47,63963.0,64123.12
2026-07-18 16:00:00,64123.13,64669.5,64091.48,64552.79
2026-07-18 20:00:00,64552.8,64865.0,64528.69,64834.22
2026-07-19 00:00:00,64834.21,64967.25,64620.44,64706.18
2026-07-19 04:00:00,64706.18,64815.65,64610.89,64711.05
2026-07-19 08:00:00,64711.04,64743.0,64445.0,64467.64
2026-07-19 12:00:00,64467.65,64663.04,64285.24,64585.32
2026-07-19 16:00:00,64585.33,64752.0,64280.0,64462.58
2026-07-19 20:00:00,64462.58,64900.0,64347.89,64722.54
2026-07-20 00:00:00,64722.55,65107.99,64416.0,64869.8
2026-07-20 04:00:00,64869.79,64869.99,63765.83,64280.01
2026-07-20 08:00:00,64280.01,65068.0,63100.0,65002.01
2026-07-20 12:00:00,65002.0,65666.8,64077.76,65598.75
2026-07-20 16:00:00,65598.75,65799.0,65041.05,65142.0
2026-07-20 20:00:00,65142.0,65445.27,65061.92,65255.51
2026-07-21 00:00:00,65255.51,65658.78,65148.75,65566.78
2026-07-21 04:00:00,65566.77,66245.64,65471.69,66186.86
2026-07-21 08:00:00,66186.86,66420.65,66129.19,66345.59
2026-07-21 12:00:00,66345.59,66956.15,66255.73,66676.54
2026-07-21 16:00:00,66676.53,66764.0,66052.63,66444.76
2026-07-21 20:00:00,66444.76,66576.0,66204.0,66556.16
2026-07-22 00:00:00,66556.15,66739.89,66176.0,66210.0
2026-07-22 04:00:00,66209.99,66424.0,65701.0,65843.48
2026-07-22 08:00:00,65843.48,66164.57,65843.47,66013.36
2026-07-22 12:00:00,66013.36,66204.98,65553.67,66047.39
2026-07-22 16:00:00,66047.38,66384.0,65691.93,65923.19
2026-07-22 20:00:00,65923.19,66138.24,65791.79,66114.49
2026-07-23 00:00:00,66114.5,66313.14,65585.11,65662.53
2026-07-23 04:00:00,65662.53,65821.17,65351.02,65442.13
2026-07-23 08:00:00,65442.12,65792.09,65419.75,65555.21
2026-07-23 12:00:00,65555.21,65589.41,64728.0,64958.36
2026-07-23 16:00:00,64958.37,64961.15,64650.0,64846.94
2026-07-23 20:00:00,64846.93,65235.43,64834.52,65098.97
2026-07-24 00:00:00,65098.98,65464.35,64762.18,65456.7
2026-07-24 04:00:00,65456.7,65808.59,65248.0,65499.95
2026-07-24 08:00:00,65499.94,65508.17,64857.14,65083.43
2026-07-24 12:00:00,65083.42,65133.99,63739.75,64093.85
2026-07-24 16:00:00,64093.86,64292.44,63881.46,64225.32
2026-07-24 20:00:00,64225.32,64288.02,64121.86,64139.99
2026-07-25 00:00:00,64140.0,64179.03,64006.55,64085.36
2026-07-25 04:00:00,64085.36,64205.67,63964.57,64003.2
2026-07-25 08:00:00,64003.2,64113.0,63810.0,64064.01
2026-07-25 12:00:00,64064.01,64272.0,64043.0,64182.0
2026-07-25 16:00:00,64182.01,64475.28,64123.0,64388.38
2026-07-25 20:00:00,64388.39,64430.0,64263.03,64375.0
2026-07-26 00:00:00,64375.01,64582.0,64350.0,64557.0
2026-07-26 04:00:00,64557.0,64599.95,64293.81,64370.0
