datetime,open,high,low,close
2023-07-27 16:00:00,1868.65,1869.22,1855.0,1860.86
2023-07-27 20:00:00,1860.85,1862.31,1854.84,1861.28
2023-07-28 00:00:00,1861.29,1864.99,1860.0,1862.84
2023-07-28 04:00:00,1862.85,1864.72,1856.52,1859.22
2023-07-28 08:00:00,1859.23,1869.04,1858.88,1866.64
2023-07-28 12:00:00,1866.63,1883.39,1866.6,1875.89
2023-07-28 16:00:00,1869.91,1876.97,1869.91,1874.08
2023-07-28 20:00:00,1874.09,1877.7,1872.51,1874.19
2023-07-29 00:00:00,1874.2,1877.0,1873.06,1873.61
2023-07-29 04:00:00,1873.62,1877.09,1871.19,1872.19
2023-07-29 08:00:00,1872.2,1873.68,1869.54,1870.47
2023-07-29 12:00:00,1870.47,1875.79,1870.47,1872.72
2023-07-29 16:00:00,1872.72,1879.34,1871.25,1877.96
2023-07-29 20:00:00,1877.96,1886.58,1877.96,1880.46
2023-07-30 00:00:00,1880.45,1881.52,1877.47,1878.5
2023-07-30 04:00:00,1878.5,1879.44,1873.44,1875.29
2023-07-30 08:00:00,1875.29,1876.88,1872.44,1876.18
2023-07-30 12:00:00,1876.18,1885.3,1871.37,1876.43
2023-07-30 16:00:00,1876.43,1879.21,1857.99,1862.51
2023-07-30 20:00:00,1862.52,1865.78,1848.17,1861.79
2023-07-31 00:00:00,1861.79,1877.4,1861.12,1869.14
2023-07-31 04:00:00,1869.15,1870.01,1862.42,1865.33
2023-07-31 08:00:00,1865.34,1870.0,1864.73,1867.8
2023-07-31 12:00:00,1867.8,1873.21,1856.67,1857.37
2023-07-31 16:00:00,1857.37,1863.12,1854.16,1856.49
2023-07-31 20:00:00,1856.5,1860.81,1851.02,1856.14
2023-08-01 00:00:00,1856.13,1864.7,1815.98,1826.49
2023-08-01 04:00:00,1826.49,1836.23,1821.28,1834.19
2023-08-01 08:00:00,1834.18,1837.37,1830.2,1830.7
2023-08-01 12:00:00,1830.7,1836.39,1813.8,1834.58
2023-08-01 16:00:00,1834.59,1857.46,1829.81,1850.96
2023-08-01 20:00:00,1850.95,1875.62,1846.71,1873.47
2023-08-02 00:00:00,1873.48,1879.74,1863.04,1863.28
2023-08-02 04:00:00,1863.29,1865.0,1856.16,1857.08
2023-08-02 08:00:00,1857.08,1861.01,1853.66,1859.9
2023-08-02 12:00:00,1859.89,1861.0,1834.44,1842.42
2023-08-02 16:00:00,1842.42,1847.53,1821.21,1841.84
2023-08-02 20:00:00,1841.85,1845.58,1837.6,1839.9
2023-08-03 00:00:00,1839.9,1846.07,1837.2,1840.73
2023-08-03 04:00:00,1840.72,1840.98,1832.0,1832.16
2023-08-03 08:00:00,1832.16,1838.78,1826.0,1837.62
2023-08-03 12:00:00,1837.63,1850.0,1833.7,1840.5
2023-08-03 16:00:00,1840.49,1859.12,1839.31,1845.48
2023-08-03 20:00:00,1845.47,1853.7,1831.11,1835.81
2023-08-04 00:00:00,1835.81,1839.07,1828.35,1834.3
2023-08-04 04:00:00,1834.3,1838.27,1831.21,1837.8
2023-08-04 08:00:00,1837.81,1840.58,1833.38,1834.6
2023-08-04 12:00:00,1834.6,1851.31,1831.5,1847.26
2023-08-04 16:00:00,1847.26,1848.57,1827.16,1831.33
2023-08-04 20:00:00,1831.34,1834.2,1815.74,1830.23
2023-08-05 00:00:00,1830.24,1834.02,1827.5,1832.49
2023-08-05 04:00:00,1832.48,1833.97,1828.69,1831.08
2023-08-05 08:00:00,1831.07,1835.0,1830.2,1832.74
2023-08-05 12:00:00,1832.74,1837.09,1830.51,1833.79
2023-08-05 16:00:00,1833.78,1839.0,1830.86,1835.49
2023-08-05 20:00:00,1835.5,1838.35,1834.28,1836.48
2023-08-06 00:00:00,1836.48,1838.58,1833.34,1834.77
2023-08-06 04:00:00,1834.78,1836.81,1832.36,1835.15
2023-08-06 08:00:00,1835.15,1837.86,1828.51,1832.39
2023-08-06 12:00:00,1832.39,1833.01,1825.86,1829.29
2023-08-06 16:00:00,1829.29,1836.06,1828.49,1832.0
2023-08-06 20:00:00,1832.01,1838.05,1828.0,1830.28
2023-08-07 00:00:00,1830.28,1847.0,1826.41,1838.71
2023-08-07 04:00:00,1838.7,1842.39,1832.02,1836.87
2023-08-07 08:00:00,1836.87,1837.39,1832.55,1834.22
2023-08-07 12:00:00,1834.21,1837.3,1813.86,1818.18
2023-08-07 16:00:00,1818.18,1831.33,1802.0,1825.28
2023-08-07 20:00:00,1825.27,1830.68,1823.2,1829.1
2023-08-08 00:00:00,1829.1,1835.41,1826.33,1830.0
2023-08-08 04:00:00,1830.0,1839.2,1829.86,1830.56
2023-08-08 08:00:00,1830.56,1839.31,1830.09,1839.09
2023-08-08 12:00:00,1839.08,1848.96,1835.48,1843.58
2023-08-08 16:00:00,1843.58,1871.43,1843.4,1859.07
2023-08-08 20:00:00,1859.07,1876.51,1854.75,1856.3
2023-08-09 00:00:00,1856.3,1861.02,1852.18,1854.9
2023-08-09 04:00:00,1854.9,1863.25,1853.64,1861.5
2023-08-09 08:00:00,1861.11,1866.25,1858.06,1862.79
2023-08-09 12:00:00,1862.79,1871.99,1851.12,1852.8
2023-08-09 16:00:00,1853.2,1855.0,1846.28,1848.79
2023-08-09 20:00:00,1848.41,1858.75,1847.28,1855.35
2023-08-10 00:00:00,1855.36,1858.02,1852.54,1852.84
2023-08-10 04:00:00,1852.85,1855.48,1849.75,1851.06
2023-08-10 08:00:00,1851.05,1854.66,1849.78,1850.92
2023-08-10 12:00:00,1850.91,1865.95,1848.1,1853.76
2023-08-10 16:00:00,1853.77,1854.27,1845.38,1849.89
2023-08-10 20:00:00,1849.89,1853.25,1849.0,1852.47
2023-08-11 00:00:00,1852.47,1854.8,1842.81,1846.66
2023-08-11 04:00:00,1846.65,1851.17,1846.41,1849.38
2023-08-11 08:00:00,1849.38,1851.72,1845.85,1851.33
2023-08-11 12:00:00,1851.32,1857.26,1843.83,1845.8
2023-08-11 16:00:00,1845.8,1848.92,1838.05,1843.93
2023-08-11 20:00:00,1844.55,1850.99,1843.96,1848.84
2023-08-12 00:00:00,1848.84,1854.01,1847.66,1847.8
2023-08-12 04:00:00,1847.79,1851.46,1847.06,1850.69
2023-08-12 08:00:00,1850.69,1851.49,1848.63,1850.85
2023-08-12 12:00:00,1850.85,1853.67,1850.4,1850.83
2023-08-12 16:00:00,1850.84,1852.68,1847.2,1847.43
2023-08-12 20:00:00,1847.42,1849.94,1846.08,1849.93
2023-08-13 00:00:00,1849.94,1851.55,1849.1,1849.9
2023-08-13 04:00:00,1849.9,1850.01,1846.68,1850.0
2023-08-13 08:00:00,1850.0,1851.28,1849.0,1849.4
2023-08-13 12:00:00,1849.4,1851.85,1847.3,1848.01
2023-08-13 16:00:00,1848.01,1862.0,1846.0,1858.59
2023-08-13 20:00:00,1858.6,1860.19,1834.51,1840.73
2023-08-14 00:00:00,1840.73,1849.01,1835.0,1846.79
2023-08-14 04:00:00,1846.78,1852.2,1846.78,1849.51
2023-08-14 08:00:00,1849.8,1852.25,1846.4,1847.95
2023-08-14 12:00:00,1847.99,1856.5,1844.33,1853.41
2023-08-14 16:00:00,1853.4,1855.68,1841.31,1842.63
2023-08-14 20:00:00,1842.64,1846.4,1841.31,1845.5
2023-08-15 00:00:00,1845.5,1847.36,1843.4,1844.69
2023-08-15 04:00:00,1844.69,1844.91,1840.39,1843.63
2023-08-15 08:00:00,1843.7,1845.16,1839.0,1840.27
2023-08-15 12:00:00,1840.28,1845.71,1838.0,1840.29
2023-08-15 16:00:00,1840.4,1842.02,1814.0,1828.81
2023-08-15 20:00:00,1827.68,1832.0,1825.0,1828.98
2023-08-16 00:00:00,1828.98,1831.52,1827.82,1828.78
2023-08-16 04:00:00,1828.78,1828.97,1818.97,1827.26
2023-08-16 08:00:00,1827.25,1827.51,1819.85,1825.3
2023-08-16 12:00:00,1825.31,1828.31,1818.8,1820.6
2023-08-16 16:00:00,1820.59,1829.22,1816.13,1820.95
2023-08-16 20:00:00,1820.95,1823.08,1798.17,1807.81
2023-08-17 00:00:00,1807.81,1809.99,1780.04,1798.52
2023-08-17 04:00:00,1798.53,1803.52,1797.47,1799.96
2023-08-17 08:00:00,1799.95,1800.04,1784.49,1787.91
2023-08-17 12:00:00,1787.91,1793.0,1726.0,1739.61
2023-08-17 16:00:00,1739.62,1749.0,1726.0,1738.26
2023-08-17 20:00:00,1738.26,1739.6,1550.0,1681.49
2023-08-18 00:00:00,1681.49,1699.4,1672.86,1677.0
2023-08-18 04:00:00,1677.0,1697.28,1662.06,1690.6
2023-08-18 08:00:00,1690.6,1697.0,1678.48,1685.9
2023-08-18 12:00:00,1685.9,1687.19,1653.74,1660.71
2023-08-18 16:00:00,1660.72,1678.57,1641.02,1657.61
2023-08-18 20:00:00,1657.61,1670.0,1656.41,1661.59
2023-08-19 00:00:00,1661.6,1671.64,1656.3,1659.59
2023-08-19 04:00:00,1659.6,1663.55,1654.31,1661.29
2023-08-19 08:00:00,1661.29,1665.92,1659.22,1660.01
2023-08-19 12:00:00,1660.0,1683.92,1658.05,1683.38
2023-08-19 16:00:00,1683.37,1696.72,1674.93,1677.38
2023-08-19 20:00:00,1677.38,1678.2,1663.6,1669.67
2023-08-20 00:00:00,1669.68,1675.19,1665.11,1668.22
2023-08-20 04:00:00,1668.22,1670.33,1662.03,1665.93
2023-08-20 08:00:00,1665.92,1675.85,1663.4,1674.92
2023-08-20 12:00:00,1674.93,1679.76,1664.44,1671.14
2023-08-20 16:00:00,1671.14,1679.79,1665.71,1678.24
2023-08-20 20:00:00,1678.25,1694.75,1678.2,1685.24
2023-08-21 00:00:00,1685.23,1685.66,1675.41,1677.13
2023-08-21 04:00:00,1677.12,1688.59,1669.61,1671.92
2023-08-21 08:00:00,1671.92,1675.19,1660.21,1672.77
2023-08-21 12:00:00,1672.78,1683.95,1649.4,1657.69
2023-08-21 16:00:00,1657.68,1675.2,1656.91,1672.36
2023-08-21 20:00:00,1672.36,1676.94,1666.5,1667.55
2023-08-22 00:00:00,1667.56,1669.38,1661.57,1664.19
2023-08-22 04:00:00,1664.18,1666.97,1661.05,1666.64
2023-08-22 08:00:00,1666.63,1668.03,1660.17,1662.58
2023-08-22 12:00:00,1662.58,1667.37,1645.81,1649.88
2023-08-22 16:00:00,1649.88,1651.29,1619.0,1625.21
2023-08-22 20:00:00,1625.22,1639.83,1580.0,1634.99
2023-08-23 00:00:00,1635.0,1642.47,1629.05,1632.01
2023-08-23 04:00:00,1632.0,1658.09,1630.85,1645.3
2023-08-23 08:00:00,1645.3,1648.95,1639.89,1642.39
2023-08-23 12:00:00,1642.39,1660.0,1634.46,1657.37
2023-08-23 16:00:00,1657.37,1702.11,1655.8,1687.2
2023-08-23 20:00:00,1687.2,1692.78,1660.0,1679.61
2023-08-24 00:00:00,1679.61,1683.37,1672.36,1675.54
2023-08-24 04:00:00,1675.53,1679.0,1672.5,1674.69
2023-08-24 08:00:00,1674.69,1677.86,1666.2,1667.68
2023-08-24 12:00:00,1667.68,1669.79,1642.02,1643.4
2023-08-24 16:00:00,1643.4,1656.53,1635.28,1649.99
2023-08-24 20:00:00,1649.99,1665.28,1643.52,1661.16
2023-08-25 00:00:00,1661.16,1664.28,1645.66,1655.29
2023-08-25 04:00:00,1655.29,1655.8,1646.81,1651.3
2023-08-25 08:00:00,1651.3,1658.96,1651.16,1654.1
2023-08-25 12:00:00,1654.11,1677.22,1636.22,1646.26
2023-08-25 16:00:00,1646.27,1655.65,1635.51,1647.01
2023-08-25 20:00:00,1647.0,1655.0,1645.81,1653.8
2023-08-26 00:00:00,1653.79,1655.59,1651.62,1654.62
2023-08-26 04:00:00,1654.61,1654.77,1650.83,1652.83
2023-08-26 08:00:00,1652.82,1654.01,1646.66,1650.5
2023-08-26 12:00:00,1650.5,1653.0,1646.91,1651.5
2023-08-26 16:00:00,1651.51,1652.0,1644.0,1646.22
2023-08-26 20:00:00,1646.21,1650.5,1645.26,1647.04
2023-08-27 00:00:00,1647.03,1650.5,1646.32,1647.28
2023-08-27 04:00:00,1647.27,1655.28,1647.27,1648.45
2023-08-27 08:00:00,1648.45,1652.69,1647.38,1649.31
2023-08-27 12:00:00,1649.31,1659.85,1648.43,1655.44
2023-08-27 16:00:00,1655.44,1660.24,1650.05,1655.89
2023-08-27 20:00:00,1655.9,1659.0,1651.19,1658.33
2023-08-28 00:00:00,1658.33,1658.33,1648.06,1649.9
2023-08-28 04:00:00,1649.89,1651.76,1636.09,1641.47
2023-08-28 08:00:00,1641.47,1643.5,1621.75,1640.31
2023-08-28 12:00:00,1640.32,1664.34,1640.03,1648.91
2023-08-28 16:00:00,1648.92,1654.96,1637.88,1646.72
2023-08-28 20:00:00,1646.73,1657.26,1644.26,1653.08
2023-08-29 00:00:00,1653.08,1662.32,1650.75,1652.45
2023-08-29 04:00:00,1652.46,1653.62,1644.98,1647.48
2023-08-29 08:00:00,1647.48,1647.95,1640.0,1642.21
2023-08-29 12:00:00,1642.2,1736.5,1640.27,1714.99
2023-08-29 16:00:00,1715.0,1745.84,1708.91,1735.28
2023-08-29 20:00:00,1735.28,1742.29,1721.82,1729.42
2023-08-30 00:00:00,1729.41,1730.93,1712.76,1718.62
2023-08-30 04:00:00,1718.62,1722.2,1716.13,1717.61
2023-08-30 08:00:00,1717.6,1720.55,1711.19,1716.2
2023-08-30 12:00:00,1716.2,1722.23,1694.34,1703.61
2023-08-30 16:00:00,1703.61,1705.21,1695.93,1701.55
2023-08-30 20:00:00,1701.56,1708.34,1701.27,1705.23
2023-08-31 00:00:00,1705.23,1705.23,1697.29,1699.16
2023-08-31 04:00:00,1699.17,1707.32,1699.16,1706.41
2023-08-31 08:00:00,1706.42,1729.0,1703.75,1713.7
2023-08-31 12:00:00,1713.69,1714.08,1677.51,1689.0
2023-08-31 16:00:00,1689.0,1689.01,1643.12,1657.12
2023-08-31 20:00:00,1657.12,1657.36,1630.0,1645.76
2023-09-01 00:00:00,1645.77,1654.53,1645.23,1652.2
2023-09-01 04:00:00,1652.21,1653.21,1643.45,1646.26
2023-09-01 08:00:00,1646.27,1648.51,1641.15,1646.89
2023-09-01 12:00:00,1646.88,1652.3,1622.01,1634.86
2023-09-01 16:00:00,1634.87,1637.48,1602.33,1619.23
2023-09-01 20:00:00,1619.23,1638.09,1616.24,1629.12
2023-09-02 00:00:00,1629.13,1634.42,1628.03,1632.46
2023-09-02 04:00:00,1632.45,1636.56,1630.22,1631.7
2023-09-02 08:00:00,1631.7,1636.95,1630.18,1634.66
2023-09-02 12:00:00,1634.67,1645.0,1633.33,1638.79
2023-09-02 16:00:00,1638.8,1640.81,1628.21,1633.61
2023-09-02 20:00:00,1633.61,1639.67,1632.94,1637.03
2023-09-03 00:00:00,1637.02,1637.38,1631.72,1636.18
2023-09-03 04:00:00,1636.19,1639.2,1634.01,1635.59
2023-09-03 08:00:00,1635.58,1636.09,1631.06,1634.39
2023-09-03 12:00:00,1634.38,1641.08,1628.17,1633.15
2023-09-03 16:00:00,1633.14,1643.36,1625.14,1639.01
2023-09-03 20:00:00,1639.0,1647.5,1633.38,1635.84
2023-09-04 00:00:00,1635.84,1644.82,1632.3,1637.68
2023-09-04 04:00:00,1637.69,1640.41,1634.41,1638.97
2023-09-04 08:00:00,1638.97,1640.69,1631.14,1632.15
2023-09-04 12:00:00,1632.15,1635.0,1618.6,1626.21
2023-09-04 16:00:00,1626.21,1635.91,1625.51,1631.34
2023-09-04 20:00:00,1631.35,1632.8,1616.32,1630.51
2023-09-05 00:00:00,1630.52,1631.32,1609.69,1618.18
2023-09-05 04:00:00,1618.19,1627.94,1618.17,1625.01
2023-09-05 08:00:00,1625.02,1638.74,1620.84,1635.55
2023-09-05 12:00:00,1635.56,1648.02,1625.96,1636.62
2023-09-05 16:00:00,1636.62,1643.45,1632.22,1632.37
2023-09-05 20:00:00,1632.36,1634.46,1626.91,1634.45
2023-09-06 00:00:00,1634.46,1640.31,1631.68,1633.49
2023-09-06 04:00:00,1633.49,1633.8,1627.92,1629.41
2023-09-06 08:00:00,1629.41,1636.36,1628.63,1632.71
2023-09-06 12:00:00,1632.71,1635.65,1619.56,1623.44
2023-09-06 16:00:00,1623.44,1670.0,1609.2,1631.26
2023-09-06 20:00:00,1631.27,1635.04,1627.61,1633.15
2023-09-07 00:00:00,1633.15,1640.11,1631.8,1640.1
2023-09-07 04:00:00,1640.1,1642.47,1635.33,1635.84
2023-09-07 08:00:00,1635.83,1635.84,1626.1,1627.32
2023-09-07 12:00:00,1627.32,1633.89,1623.4,1630.52
2023-09-07 16:00:00,1630.52,1641.18,1629.74,1637.3
2023-09-07 20:00:00,1637.29,1660.0,1635.72,1648.11
2023-09-08 00:00:00,1648.11,1658.93,1643.88,1646.52
2023-09-08 04:00:00,1646.52,1654.04,1643.16,1646.88
2023-09-08 08:00:00,1646.88,1647.59,1616.21,1626.02
2023-09-08 12:00:00,1626.02,1634.72,1624.44,1628.62
2023-09-08 16:00:00,1628.61,1635.17,1624.65,1634.6
2023-09-08 20:00:00,1634.61,1639.0,1633.16,1636.44
2023-09-09 00:00:00,1636.43,1636.98,1633.52,1634.47
2023-09-09 04:00:00,1634.48,1635.8,1631.97,1634.54
2023-09-09 08:00:00,1634.54,1636.05,1633.46,1635.24
2023-09-09 12:00:00,1635.25,1637.45,1629.74,1635.17
2023-09-09 16:00:00,1635.18,1637.52,1632.32,1633.99
2023-09-09 20:00:00,1634.0,1636.91,1633.66,1635.54
2023-09-10 00:00:00,1635.53,1635.7,1626.8,1631.25
2023-09-10 04:00:00,1631.25,1631.25,1618.23,1624.87
2023-09-10 08:00:00,1624.87,1626.48,1619.25,1624.43
2023-09-10 12:00:00,1624.44,1628.35,1611.19,1619.8
2023-09-10 16:00:00,1619.8,1620.09,1600.0,1616.84
2023-09-10 20:00:00,1616.84,1628.23,1614.52,1617.42
2023-09-11 00:00:00,1617.42,1619.0,1603.22,1612.41
2023-09-11 04:00:00,1612.4,1617.96,1608.0,1612.23
2023-09-11 08:00:00,1612.22,1612.6,1575.53,1586.53
2023-09-11 12:00:00,1586.54,1598.34,1550.0,1562.65
2023-09-11 16:00:00,1562.64,1568.06,1536.83,1539.37
2023-09-11 20:00:00,1539.36,1552.03,1531.01,1551.85
2023-09-12 00:00:00,1551.84,1594.82,1549.67,1584.81
2023-09-12 04:00:00,1584.8,1593.5,1574.44,1580.05
2023-09-12 08:00:00,1580.04,1626.0,1576.38,1609.48
2023-09-12 12:00:00,1609.48,1613.55,1594.95,1603.85
2023-09-12 16:00:00,1603.84,1622.0,1584.57,1598.51
2023-09-12 20:00:00,1598.51,1604.31,1590.02,1592.97
2023-09-13 00:00:00,1592.97,1601.29,1586.81,1589.77
2023-09-13 04:00:00,1589.77,1603.6,1581.88,1584.51
2023-09-13 08:00:00,1584.51,1607.05,1583.25,1604.59
2023-09-13 12:00:00,1604.58,1619.3,1592.2,1608.17
2023-09-13 16:00:00,1608.17,1615.76,1595.43,1599.31
2023-09-13 20:00:00,1599.31,1609.85,1599.31,1607.62
2023-09-14 00:00:00,1607.61,1638.0,1607.05,1620.0
2023-09-14 04:00:00,1620.0,1625.74,1612.39,1621.35
2023-09-14 08:00:00,1621.35,1627.01,1617.32,1624.79
2023-09-14 12:00:00,1624.78,1644.13,1617.07,1634.62
2023-09-14 16:00:00,1634.62,1644.29,1626.71,1635.99
2023-09-14 20:00:00,1635.98,1638.07,1624.27,1626.47
2023-09-15 00:00:00,1626.48,1635.8,1622.36,1634.61
2023-09-15 04:00:00,1634.6,1635.88,1627.0,1627.85
2023-09-15 08:00:00,1627.85,1632.07,1617.75,1620.66
2023-09-15 12:00:00,1620.67,1625.69,1611.42,1619.47
2023-09-15 16:00:00,1619.47,1623.48,1617.47,1621.21
2023-09-15 20:00:00,1621.22,1654.08,1619.09,1641.29
2023-09-16 00:00:00,1641.3,1653.17,1638.68,1641.58
2023-09-16 04:00:00,1641.57,1642.28,1634.29,1636.8
2023-09-16 08:00:00,1636.8,1638.6,1631.31,1635.75
2023-09-16 12:00:00,1635.74,1639.37,1631.41,1634.46
2023-09-16 16:00:00,1634.45,1639.42,1631.74,1633.4
2023-09-16 20:00:00,1633.4,1638.1,1632.76,1634.4
2023-09-17 00:00:00,1634.4,1634.4,1619.54,1628.98
2023-09-17 04:00:00,1628.97,1631.69,1627.38,1627.76
2023-09-17 08:00:00,1627.76,1635.0,1627.24,1629.3
2023-09-17 12:00:00,1629.3,1632.13,1627.33,1629.48
2023-09-17 16:00:00,1629.49,1629.49,1617.76,1625.71
2023-09-17 20:00:00,1625.71,1626.83,1612.0,1622.48
2023-09-18 00:00:00,1622.48,1636.54,1603.88,1630.29
2023-09-18 04:00:00,1630.29,1638.48,1626.92,1634.01
2023-09-18 08:00:00,1634.01,1658.52,1630.82,1655.88
2023-09-18 12:00:00,1655.88,1669.5,1650.56,1655.36
2023-09-18 16:00:00,1655.35,1658.67,1632.97,1640.72
2023-09-18 20:00:00,1640.73,1642.09,1635.28,1636.66
2023-09-19 00:00:00,1636.66,1639.88,1626.32,1634.62
2023-09-19 04:00:00,1634.62,1638.56,1632.7,1636.16
2023-09-19 08:00:00,1636.16,1661.04,1636.15,1647.8
2023-09-19 12:00:00,1647.8,1659.25,1634.44,1656.81
2023-09-19 16:00:00,1656.8,1659.52,1640.17,1644.08
2023-09-19 20:00:00,1644.09,1644.57,1637.11,1643.12
2023-09-20 00:00:00,1643.13,1649.34,1635.54,1637.76
2023-09-20 04:00:00,1637.76,1639.29,1630.42,1634.52
2023-09-20 08:00:00,1634.53,1638.42,1618.48,1629.69
2023-09-20 12:00:00,1629.7,1634.39,1620.68,1629.29
2023-09-20 16:00:00,1629.29,1640.79,1604.51,1616.16
2023-09-20 20:00:00,1616.16,1629.82,1615.0,1622.26
2023-09-21 00:00:00,1622.27,1625.3,1613.68,1623.34
2023-09-21 04:00:00,1623.33,1624.57,1616.85,1618.26
2023-09-21 08:00:00,1618.25,1622.5,1588.72,1594.95
2023-09-21 12:00:00,1594.95,1597.1,1567.77,1583.63
2023-09-21 16:00:00,1583.64,1592.98,1582.03,1589.75
2023-09-21 20:00:00,1589.74,1590.39,1583.03,1583.94
2023-09-22 00:00:00,1583.94,1596.32,1576.58,1594.52
2023-09-22 04:00:00,1594.52,1597.37,1587.66,1595.65
2023-09-22 08:00:00,1595.64,1602.68,1593.05,1596.94
2023-09-22 12:00:00,1596.94,1600.58,1593.01,1593.43
2023-09-22 16:00:00,1593.44,1599.2,1586.83,1592.48
2023-09-22 20:00:00,1592.47,1594.99,1589.22,1593.08
2023-09-23 00:00:00,1593.07,1598.24,1590.26,1591.01
2023-09-23 04:00:00,1591.0,1595.39,1589.91,1594.45
2023-09-23 08:00:00,1594.45,1594.78,1591.06,1593.3
2023-09-23 12:00:00,1593.3,1595.0,1587.45,1590.47
2023-09-23 16:00:00,1590.48,1595.31,1588.85,1594.79
2023-09-23 20:00:00,1594.79,1595.46,1590.01,1593.86
2023-09-24 00:00:00,1593.85,1594.82,1590.9,1592.31
2023-09-24 04:00:00,1592.31,1593.18,1591.35,1591.91
2023-09-24 08:00:00,1591.9,1596.27,1591.9,1593.9
2023-09-24 12:00:00,1593.91,1596.47,1588.2,1590.64
2023-09-24 16:00:00,1590.64,1601.12,1578.17,1586.38
2023-09-24 20:00:00,1586.37,1591.23,1570.01,1580.71
2023-09-25 00:00:00,1580.71,1588.2,1563.01,1577.72
2023-09-25 04:00:00,1577.71,1581.84,1572.52,1581.25
2023-09-25 08:00:00,1581.26,1583.12,1565.81,1569.01
2023-09-25 12:00:00,1569.0,1589.74,1564.35,1584.64
2023-09-25 16:00:00,1584.64,1597.5,1584.63,1591.47
2023-09-25 20:00:00,1591.48,1596.68,1584.45,1588.33
2023-09-26 00:00:00,1588.34,1594.53,1586.17,1591.95
2023-09-26 04:00:00,1591.95,1595.11,1587.29,1588.9
2023-09-26 08:00:00,1588.9,1599.78,1585.8,1591.47
2023-09-26 12:00:00,1591.46,1593.74,1580.05,1582.99
2023-09-26 16:00:00,1582.99,1592.85,1582.09,1589.42
2023-09-26 20:00:00,1589.42,1595.67,1584.0,1594.01
2023-09-27 00:00:00,1594.02,1597.97,1589.65,1595.74
2023-09-27 04:00:00,1595.74,1597.57,1589.99,1592.47
2023-09-27 08:00:00,1592.47,1634.1,1590.24,1629.64
2023-09-27 12:00:00,1629.63,1631.5,1592.56,1601.63
2023-09-27 16:00:00,1601.64,1603.12,1583.5,1597.67
2023-09-27 20:00:00,1597.68,1599.75,1593.28,1598.64
2023-09-28 00:00:00,1598.63,1615.59,1598.14,1606.35
2023-09-28 04:00:00,1606.36,1621.93,1604.61,1619.35
2023-09-28 08:00:00,1619.35,1637.37,1614.47,1623.7
2023-09-28 12:00:00,1623.71,1654.37,1621.31,1652.58
2023-09-28 16:00:00,1652.57,1668.21,1645.24,1658.3
2023-09-28 20:00:00,1658.31,1661.23,1643.51,1652.99
2023-09-29 00:00:00,1653.0,1658.7,1648.37,1651.62
2023-09-29 04:00:00,1651.61,1688.0,1648.89,1686.2
2023-09-29 08:00:00,1686.19,1686.6,1666.54,1668.79
2023-09-29 12:00:00,1668.78,1684.29,1655.0,1672.25
2023-09-29 16:00:00,1672.25,1673.21,1657.0,1665.19
2023-09-29 20:00:00,1665.19,1670.8,1663.64,1667.45
2023-09-30 00:00:00,1667.45,1672.56,1666.19,1670.3
2023-09-30 04:00:00,1670.29,1675.57,1670.01,1671.94
2023-09-30 08:00:00,1671.95,1679.24,1671.63,1675.96
2023-09-30 12:00:00,1675.95,1694.32,1673.02,1683.33
2023-09-30 16:00:00,1683.32,1686.22,1673.6,1679.13
2023-09-30 20:00:00,1679.14,1683.4,1666.33,1670.89
2023-10-01 00:00:00,1670.89,1677.8,1670.42,1674.49
2023-10-01 04:00:00,1674.5,1680.59,1673.49,1678.44
2023-10-01 08:00:00,1678.45,1692.08,1676.71,1688.84
2023-10-01 12:00:00,1688.84,1691.1,1678.36,1684.03
2023-10-01 16:00:00,1684.02,1684.43,1671.0,1676.25
2023-10-01 20:00:00,1676.25,1751.0,1668.0,1733.79
2023-10-02 00:00:00,1733.8,1735.53,1718.21,1729.37
2023-10-02 04:00:00,1729.37,1734.13,1712.27,1730.42
2023-10-02 08:00:00,1730.43,1744.0,1724.91,1725.07
2023-10-02 12:00:00,1725.07,1734.04,1687.41,1691.6
2023-10-02 16:00:00,1691.61,1693.95,1640.0,1674.33
2023-10-02 20:00:00,1674.32,1674.33,1636.79,1662.4
2023-10-03 00:00:00,1662.41,1668.4,1659.91,1665.74
2023-10-03 04:00:00,1665.75,1670.65,1662.0,1662.42
2023-10-03 08:00:00,1662.42,1667.68,1650.15,1656.33
2023-10-03 12:00:00,1656.34,1663.24,1643.0,1648.46
2023-10-03 16:00:00,1648.45,1658.6,1646.0,1650.28
2023-10-03 20:00:00,1650.27,1659.84,1645.68,1656.88
2023-10-04 00:00:00,1656.88,1657.66,1625.0,1641.85
2023-10-04 04:00:00,1641.85,1644.77,1636.06,1644.77
2023-10-04 08:00:00,1644.77,1652.57,1643.65,1646.6
2023-10-04 12:00:00,1646.6,1650.28,1627.39,1632.63
2023-10-04 16:00:00,1632.64,1654.81,1631.7,1643.01
2023-10-04 20:00:00,1643.02,1652.79,1640.6,1646.58
2023-10-05 00:00:00,1646.58,1655.47,1642.01,1642.23
2023-10-05 04:00:00,1642.22,1646.03,1631.88,1636.07
2023-10-05 08:00:00,1636.07,1642.0,1634.73,1636.66
2023-10-05 12:00:00,1636.67,1649.53,1606.73,1618.3
2023-10-05 16:00:00,1618.3,1621.5,1608.4,1616.51
2023-10-05 20:00:00,1616.51,1619.77,1610.29,1611.79
2023-10-06 00:00:00,1611.79,1625.35,1611.79,1624.28
2023-10-06 04:00:00,1624.27,1632.75,1618.75,1630.89
2023-10-06 08:00:00,1630.88,1639.5,1628.81,1634.69
2023-10-06 12:00:00,1634.7,1649.71,1611.68,1642.86
2023-10-06 16:00:00,1642.87,1654.67,1634.43,1646.24
2023-10-06 20:00:00,1646.24,1662.0,1643.0,1645.03
2023-10-07 00:00:00,1645.03,1647.71,1640.0,1641.2
2023-10-07 04:00:00,1641.2,1643.19,1636.12,1636.78
2023-10-07 08:00:00,1636.78,1643.29,1636.13,1638.67
2023-10-07 12:00:00,1638.68,1643.0,1635.0,1638.55
2023-10-07 16:00:00,1638.54,1639.37,1630.03,1630.59
2023-10-07 20:00:00,1630.59,1636.0,1630.33,1633.57
2023-10-08 00:00:00,1633.56,1641.4,1633.56,1639.0
2023-10-08 04:00:00,1639.0,1639.85,1625.0,1628.88
2023-10-08 08:00:00,1628.88,1629.59,1616.17,1617.84
2023-10-08 12:00:00,1617.85,1637.45,1617.19,1631.2
2023-10-08 16:00:00,1631.2,1638.95,1629.21,1635.71
2023-10-08 20:00:00,1635.72,1638.32,1627.46,1632.84
2023-10-09 00:00:00,1632.85,1636.0,1623.37,1633.65
2023-10-09 04:00:00,1633.65,1634.92,1617.11,1620.73
2023-10-09 08:00:00,1620.73,1621.81,1583.32,1590.65
2023-10-09 12:00:00,1590.65,1597.66,1583.32,1586.29
2023-10-09 16:00:00,1586.28,1586.88,1546.0,1581.45
2023-10-09 20:00:00,1581.45,1583.91,1573.76,1580.13
2023-10-10 00:00:00,1580.13,1592.91,1576.03,1584.86
2023-10-10 04:00:00,1584.87,1594.09,1582.79,1590.23
2023-10-10 08:00:00,1590.22,1594.9,1577.2,1579.58
2023-10-10 12:00:00,1579.58,1587.54004,1563.77,1567.84
2023-10-10 16:00:00,1567.85,1572.89,1557.57,1566.01
2023-10-10 20:00:00,1566.0,1570.45,1550.55,1567.63
2023-10-11 00:00:00,1567.62,1575.75,1544.26,1556.55
2023-10-11 04:00:00,1556.56,1561.64,1548.24,1557.01
2023-10-11 08:00:00,1557.02,1578.43,1556.47,1572.8
2023-10-11 12:00:00,1572.8,1576.64,1553.99,1559.44
2023-10-11 16:00:00,1559.45,1566.66,1548.92,1563.26
2023-10-11 20:00:00,1563.25,1569.37,1561.13,1566.87
2023-10-12 00:00:00,1566.86,1568.56,1556.27,1561.81
2023-10-12 04:00:00,1561.82,1567.03,1557.8,1559.32
2023-10-12 08:00:00,1559.32,1561.04,1534.55,1552.06
2023-10-12 12:00:00,1552.06,1553.96,1539.0,1541.67
2023-10-12 16:00:00,1541.66,1545.19,1521.0,1531.51
2023-10-12 20:00:00,1531.52,1540.42,1530.61,1539.61
2023-10-13 00:00:00,1539.61,1547.58,1538.12,1539.1
2023-10-13 04:00:00,1539.1,1554.79,1538.63,1549.55
2023-10-13 08:00:00,1549.55,1552.39,1543.02,1546.52
2023-10-13 12:00:00,1546.52,1553.87,1537.76,1539.64
2023-10-13 16:00:00,1539.63,1549.04,1539.33,1545.94
2023-10-13 20:00:00,1545.94,1575.36,1543.62,1552.16
2023-10-14 00:00:00,1552.16,1556.48,1549.43,1553.72
2023-10-14 04:00:00,1553.72,1554.92,1545.12,1547.78
2023-10-14 08:00:00,1547.78,1549.51,1544.55,1547.12
2023-10-14 12:00:00,1547.12,1557.94,1546.19,1556.23
2023-10-14 16:00:00,1556.22,1558.62,1552.73,1555.33
2023-10-14 20:00:00,1555.33,1561.72,1553.41,1554.94
2023-10-15 00:00:00,1554.94,1557.84,1549.6,1554.44
2023-10-15 04:00:00,1554.44,1554.98,1552.46,1554.95
2023-10-15 08:00:00,1554.95,1560.17,1553.95,1555.55
2023-10-15 12:00:00,1555.55,1560.45,1547.44,1553.89
2023-10-15 16:00:00,1553.88,1565.38,1550.35,1560.41
2023-10-15 20:00:00,1560.42,1567.62,1552.74,1557.77
2023-10-16 00:00:00,1557.78,1567.0,1555.06,1563.0
2023-10-16 04:00:00,1563.0,1588.97,1560.65,1578.73
2023-10-16 08:00:00,1578.73,1587.13,1575.0,1582.72
2023-10-16 12:00:00,1582.71,1639.43,1566.0,1577.6
2023-10-16 16:00:00,1577.61,1602.47,1573.33,1589.8
2023-10-16 20:00:00,1589.79,1604.85,1577.74,1599.42
2023-10-17 00:00:00,1599.41,1600.53,1588.3,1589.3
2023-10-17 04:00:00,1589.31,1592.07,1582.66,1590.38
2023-10-17 08:00:00,1590.37,1594.05,1582.89,1584.42
2023-10-17 12:00:00,1584.41,1586.01,1565.0,1575.51
2023-10-17 16:00:00,1575.5,1580.26,1551.08,1564.15
2023-10-17 20:00:00,1564.14,1565.84,1557.46,1565.01
2023-10-18 00:00:00,1565.01,1571.94,1562.4,1568.23
2023-10-18 04:00:00,1568.23,1582.13,1566.66,1572.47
2023-10-18 08:00:00,1572.47,1585.42,1568.94,1578.76
2023-10-18 12:00:00,1578.77,1581.76,1568.56,1570.1
2023-10-18 16:00:00,1570.11,1574.86,1562.82,1562.95
2023-10-18 20:00:00,1562.96,1565.87,1555.88,1563.44
2023-10-19 00:00:00,1563.45,1567.12,1541.61,1549.07
2023-10-19 04:00:00,1549.06,1553.71,1545.8,1551.91
2023-10-19 08:00:00,1551.91,1555.36,1541.76,1553.86
2023-10-19 12:00:00,1553.86,1565.31,1551.0,1561.2
2023-10-19 16:00:00,1561.2,1574.45,1559.86,1568.0
2023-10-19 20:00:00,1568.0,1573.15,1563.39,1566.57
2023-10-20 00:00:00,1566.57,1594.99,1561.19,1586.72
2023-10-20 04:00:00,1586.72,1589.38,1579.06,1583.5
2023-10-20 08:00:00,1583.49,1630.4,1583.11,1613.15
2023-10-20 12:00:00,1613.15,1616.49,1597.71,1605.46
2023-10-20 16:00:00,1605.45,1609.85,1597.15,1606.73
2023-10-20 20:00:00,1606.73,1610.0,1602.39,1603.89
2023-10-21 00:00:00,1603.88,1606.45,1592.36,1597.69
2023-10-21 04:00:00,1597.69,1607.15,1597.21,1606.59
2023-10-21 08:00:00,1606.58,1609.85,1602.95,1608.68
2023-10-21 12:00:00,1608.68,1629.64,1602.5,1628.7
2023-10-21 16:00:00,1628.7,1644.53,1620.16,1635.19
2023-10-21 20:00:00,1635.18,1636.09,1625.74,1628.94
2023-10-22 00:00:00,1628.94,1641.25,1623.26,1629.73
2023-10-22 04:00:00,1629.74,1648.0,1624.29,1630.3
2023-10-22 08:00:00,1630.31,1635.98,1624.5,1628.56
2023-10-22 12:00:00,1628.57,1637.41,1621.1,1625.75
2023-10-22 16:00:00,1625.74,1640.95,1624.23,1635.0
2023-10-22 20:00:00,1634.99,1667.8,1634.21,1663.7
2023-10-23 00:00:00,1663.69,1701.43,1657.07,1694.54
2023-10-23 04:00:00,1694.54,1705.79,1671.39,1676.15
2023-10-23 08:00:00,1676.14,1684.29,1662.34,1676.78
2023-10-23 12:00:00,1676.77,1684.36,1663.44,1676.49
2023-10-23 16:00:00,1676.49,1712.62,1671.09,1708.68
2023-10-23 20:00:00,1708.68,1800.0,1703.7,1765.46
2023-10-24 00:00:00,1765.47,1850.0,1757.64,1809.26
2023-10-24 04:00:00,1809.26,1837.36,1800.38,1808.99
2023-10-24 08:00:00,1808.98,1845.69,1806.24,1845.68
2023-10-24 12:00:00,1845.69,1854.38,1762.13,1778.19
2023-10-24 16:00:00,1778.18,1799.97,1756.21,1777.52
2023-10-24 20:00:00,1777.52,1796.38,1763.54,1784.98
2023-10-25 00:00:00,1784.98,1807.01,1777.21,1788.67
2023-10-25 04:00:00,1788.67,1795.0,1761.17,1769.23
2023-10-25 08:00:00,1769.24,1793.32,1760.0,1785.57
2023-10-25 12:00:00,1785.58,1817.69,1779.24,1806.24
2023-10-25 16:00:00,1806.23,1814.99,1779.29,1789.91
2023-10-25 20:00:00,1789.91,1796.42,1776.04,1787.15
2023-10-26 00:00:00,1787.15,1817.0,1779.42,1816.31
2023-10-26 04:00:00,1816.31,1857.87,1790.76,1849.34
2023-10-26 08:00:00,1849.35,1865.54,1803.77,1812.32
2023-10-26 12:00:00,1812.32,1825.06,1767.0,1778.24
2023-10-26 16:00:00,1778.23,1794.25,1762.21,1792.54
2023-10-26 20:00:00,1792.54,1811.55,1790.48,1803.38
2023-10-27 00:00:00,1803.39,1803.91,1772.83,1791.22
2023-10-27 04:00:00,1791.22,1796.67,1776.07,1776.77
2023-10-27 08:00:00,1776.78,1791.37,1775.44,1781.33
2023-10-27 12:00:00,1781.34,1796.84,1770.25,1782.8
2023-10-27 16:00:00,1782.8,1784.76,1744.66,1774.34
2023-10-27 20:00:00,1774.33,1784.35,1773.75,1779.4
2023-10-28 00:00:00,1779.41,1793.46,1778.87,1789.95
2023-10-28 04:00:00,1789.95,1795.41,1785.51,1787.55
2023-10-28 08:00:00,1787.55,1803.23,1785.29,1787.86
2023-10-28 12:00:00,1787.87,1791.71,1775.58,1790.78
2023-10-28 16:00:00,1790.78,1790.96,1776.75,1777.08
2023-10-28 20:00:00,1777.08,1783.3,1770.0,1776.2
2023-10-29 00:00:00,1776.21,1781.9,1762.66,1774.98
2023-10-29 04:00:00,1774.98,1784.1,1772.34,1783.11
2023-10-29 08:00:00,1783.11,1793.01,1783.02,1788.66
2023-10-29 12:00:00,1788.65,1800.92,1787.9,1792.19
2023-10-29 16:00:00,1792.2,1806.77,1786.01,1793.07
2023-10-29 20:00:00,1793.07,1811.3,1790.82,1795.14
2023-10-30 00:00:00,1795.14,1798.1,1778.43,1782.9
2023-10-30 04:00:00,1782.91,1792.0,1777.77,1787.15
2023-10-30 08:00:00,1787.16,1827.45,1784.4,1814.92
2023-10-30 12:00:00,1814.93,1829.84,1805.4,1819.54
2023-10-30 16:00:00,1819.54,1819.54,1777.77,1801.51
2023-10-30 20:00:00,1801.51,1816.33,1796.63,1809.04
2023-10-31 00:00:00,1809.03,1819.41,1793.74,1795.15
2023-10-31 04:00:00,1795.15,1804.83,1787.0,1790.58
2023-10-31 08:00:00,1790.58,1813.99,1780.99,1809.41
2023-10-31 12:00:00,1809.42,1812.72,1781.36,1791.46
2023-10-31 16:00:00,1791.46,1814.86,1787.73,1811.47
2023-10-31 20:00:00,1811.47,1817.67,1801.97,1814.67
2023-11-01 00:00:00,1814.67,1829.0,1807.68,1809.73
2023-11-01 04:00:00,1809.73,1810.11,1797.57,1804.64
2023-11-01 08:00:00,1804.65,1808.27,1792.46,1799.79
2023-11-01 12:00:00,1799.79,1827.58,1783.19,1792.3
2023-11-01 16:00:00,1792.29,1850.59,1791.9,1835.9
2023-11-01 20:00:00,1835.89,1857.66,1835.73,1846.99
2023-11-02 00:00:00,1846.99,1875.0,1840.29,1858.29
2023-11-02 04:00:00,1858.28,1859.84,1828.01,1834.85
2023-11-02 08:00:00,1834.86,1840.0,1820.53,1835.97
2023-11-02 12:00:00,1835.97,1842.45,1800.6,1803.2
2023-11-02 16:00:00,1803.2,1812.37,1785.01,1812.36
2023-11-02 20:00:00,1812.37,1813.44,1792.05,1800.8
2023-11-03 00:00:00,1800.79,1802.87,1777.11,1798.34
2023-11-03 04:00:00,1798.34,1801.64,1787.46,1798.65
2023-11-03 08:00:00,1798.66,1804.46,1780.61,1789.65
2023-11-03 12:00:00,1789.65,1813.71,1784.78,1813.01
2023-11-03 16:00:00,1813.0,1823.93,1799.72,1816.98
2023-11-03 20:00:00,1816.98,1834.58,1814.69,1832.71
2023-11-04 00:00:00,1832.7,1839.77,1824.03,1834.73
2023-11-04 04:00:00,1834.73,1839.95,1825.59,1833.94
2023-11-04 08:00:00,1833.94,1847.58,1830.76,1837.49
2023-11-04 12:00:00,1837.49,1841.03,1828.06,1831.77
2023-11-04 16:00:00,1831.77,1840.46,1831.16,1835.57
2023-11-04 20:00:00,1835.57,1869.9,1834.35,1855.54
2023-11-05 00:00:00,1855.54,1894.0,1846.11,1888.58
2023-11-05 04:00:00,1888.59,1894.18,1875.15,1884.66
2023-11-05 08:00:00,1884.66,1896.55,1877.5,1887.88
2023-11-05 12:00:00,1887.88,1900.0,1864.41,1874.35
2023-11-05 16:00:00,1874.36,1912.67,1872.08,1888.3
2023-11-05 20:00:00,1888.29,1910.55,1855.45,1891.71
2023-11-06 00:00:00,1891.71,1899.98,1880.46,1887.21
2023-11-06 04:00:00,1887.2,1889.84,1868.48,1878.34
2023-11-06 08:00:00,1878.35,1898.99,1873.12,1898.71
2023-11-06 12:00:00,1898.72,1914.23,1887.98,1901.26
2023-11-06 16:00:00,1901.25,1904.0,1885.45,1901.73
2023-11-06 20:00:00,1901.73,1907.23,1881.72,1900.95
2023-11-07 00:00:00,1900.95,1903.84,1878.0,1890.11
2023-11-07 04:00:00,1890.11,1896.52,1885.54,1891.84
2023-11-07 08:00:00,1891.85,1894.98,1867.01,1873.39
2023-11-07 12:00:00,1873.4,1880.09,1858.0,1863.1
2023-11-07 16:00:00,1863.09,1900.0,1850.32,1894.22
2023-11-07 20:00:00,1894.22,1906.99,1872.72,1885.27
2023-11-08 00:00:00,1885.26,1893.0,1879.61,1881.98
2023-11-08 04:00:00,1881.97,1886.43,1872.51,1875.01
2023-11-08 08:00:00,1875.02,1889.08,1873.52,1880.89
2023-11-08 12:00:00,1880.88,1892.49,1880.0,1889.12
2023-11-08 16:00:00,1889.12,1904.69,1886.7,1899.07
2023-11-08 20:00:00,1899.07,1904.59,1883.01,1888.12
2023-11-09 00:00:00,1888.11,1925.89,1882.07,1919.33
2023-11-09 04:00:00,1919.32,1929.27,1908.84,1911.38
2023-11-09 08:00:00,1911.38,1919.57,1904.39,1913.09
2023-11-09 12:00:00,1913.09,2050.86,1907.15,2035.02
2023-11-09 16:00:00,2035.01,2048.0,1975.0,2018.55
2023-11-09 20:00:00,2018.55,2132.0,2010.95,2121.32
2023-11-10 00:00:00,2121.33,2128.88,2094.35,2120.99
2023-11-10 04:00:00,2120.99,2136.99,2100.77,2101.44
2023-11-10 08:00:00,2101.43,2108.99,2082.27,2097.07
2023-11-10 12:00:00,2097.07,2099.46,2064.61,2089.93
2023-11-10 16:00:00,2089.94,2103.57,2085.78,2087.98
2023-11-10 20:00:00,2087.99,2099.45,2070.24,2077.72
2023-11-11 00:00:00,2077.72,2084.95,2030.3,2046.49
2023-11-11 04:00:00,2046.5,2060.0,2034.66,2054.94
2023-11-11 08:00:00,2054.94,2066.19,2046.23,2057.51
2023-11-11 12:00:00,2057.51,2088.73,2052.54,2068.0
2023-11-11 16:00:00,2068.0,2089.6,2066.72,2075.75
2023-11-11 20:00:00,2075.75,2076.02,2032.37,2053.17
2023-11-12 00:00:00,2053.16,2054.94,2012.1,2051.42
2023-11-12 04:00:00,2051.41,2060.0,2043.64,2057.74
2023-11-12 08:00:00,2057.73,2058.76,2046.13,2047.52
2023-11-12 12:00:00,2047.52,2066.5,2035.75,2057.12
2023-11-12 16:00:00,2057.12,2059.87,2045.0,2049.12
2023-11-12 20:00:00,2049.11,2065.87,2030.0,2044.68
2023-11-13 00:00:00,2044.69,2074.4,2035.99,2039.74
2023-11-13 04:00:00,2039.75,2057.37,2028.49,2048.15
2023-11-13 08:00:00,2048.15,2061.42,2038.8,2046.73
2023-11-13 12:00:00,2046.73,2107.42,2039.16,2105.24
2023-11-13 16:00:00,2105.23,2118.0,1.795,2100.0
2023-11-13 20:00:00,2100.01,2102.72,2043.47,2053.65
2023-11-14 00:00:00,2053.65,2058.47,2031.55,2055.54
2023-11-14 04:00:00,2055.55,2064.96,2047.61,2060.34
2023-11-14 08:00:00,2060.34,2064.8,2026.41,2031.84
2023-11-14 12:00:00,2031.85,2055.9,2020.0,2038.09
2023-11-14 16:00:00,2038.1,2053.8,1936.6,1978.99
2023-11-14 20:00:00,1978.99,1994.65,1968.8,1979.39
2023-11-15 00:00:00,1979.4,1991.77,1967.01,1967.76
2023-11-15 04:00:00,1967.76,1987.88,1967.5,1982.88
2023-11-15 08:00:00,1982.87,2014.46,1980.65,2013.15
2023-11-15 12:00:00,2013.16,2023.21,2005.2,2021.26
2023-11-15 16:00:00,2021.27,2053.0,2001.83,2051.27
2023-11-15 20:00:00,2051.26,2062.4,2036.05,2058.48
2023-11-16 00:00:00,2058.49,2080.97,2050.95,2053.01
2023-11-16 04:00:00,2053.0,2065.0,2048.02,2053.31
2023-11-16 08:00:00,2053.31,2090.4,2036.07,2068.61
2023-11-16 12:00:00,2068.61,2069.2,1980.1,1995.67
2023-11-16 16:00:00,1995.67,2014.4,1939.1,1964.99
2023-11-16 20:00:00,1965.0,1970.43,1945.52,1961.77
2023-11-17 00:00:00,1961.77,1991.5,1959.4,1983.97
2023-11-17 04:00:00,1983.97,1987.2,1967.71,1970.0
2023-11-17 08:00:00,1970.0,1982.02,1954.64,1965.68
2023-11-17 12:00:00,1965.69,1970.86,1912.72,1918.35
2023-11-17 16:00:00,1918.34,1948.97,1904.0,1938.88
2023-11-17 20:00:00,1938.87,1967.92,1937.36,1960.82
2023-11-18 00:00:00,1960.82,1961.39,1939.62,1940.8
2023-11-18 04:00:00,1940.79,1945.47,1916.0,1935.69
2023-11-18 08:00:00,1935.69,1944.91,1930.81,1934.92
2023-11-18 12:00:00,1934.93,1955.31,1930.67,1952.8
2023-11-18 16:00:00,1952.8,1971.22,1952.62,1964.04
2023-11-18 20:00:00,1964.04,1966.4,1950.25,1962.6
2023-11-19 00:00:00,1962.59,1962.99,1942.89,1955.76
2023-11-19 04:00:00,1955.76,1966.72,1952.64,1961.93
2023-11-19 08:00:00,1961.93,1966.51,1946.0,1952.03
2023-11-19 12:00:00,1952.03,1969.0,1945.21,1966.8
2023-11-19 16:00:00,1966.81,1985.32,1966.06,1983.55
2023-11-19 20:00:00,1983.55,2015.75,1976.11,2011.47
2023-11-20 00:00:00,2011.47,2013.02,1995.4,1999.52
2023-11-20 04:00:00,1999.51,2024.5,1993.55,2019.11
2023-11-20 08:00:00,2019.1,2042.15,2008.55,2024.41
2023-11-20 12:00:00,2024.41,2050.0,1990.0,2042.22
2023-11-20 16:00:00,2042.21,2066.4,2011.3,2036.21
2023-11-20 20:00:00,2036.21,2039.28,2015.0,2021.4
2023-11-21 00:00:00,2021.41,2034.6,2007.38,2018.55
2023-11-21 04:00:00,2018.56,2019.26,2003.06,2003.77
2023-11-21 08:00:00,2003.78,2017.59,2001.71,2004.01
2023-11-21 12:00:00,2004.0,2015.23,1952.01,1988.33
2023-11-21 16:00:00,1988.34,2020.63,1960.33,1985.6
2023-11-21 20:00:00,1985.59,2006.0,1931.43,1933.01
2023-11-22 00:00:00,1933.01,1980.0,1928.41,1978.31
2023-11-22 04:00:00,1978.31,2001.8,1977.24,1993.73
2023-11-22 08:00:00,1993.73,2029.4,1992.27,2015.13
2023-11-22 12:00:00,2015.13,2042.0,2011.28,2033.58
2023-11-22 16:00:00,2033.58,2082.78,2027.8,2076.97
2023-11-22 20:00:00,2076.98,2092.46,2058.0,2063.21
2023-11-23 00:00:00,2063.22,2071.52,2052.07,2059.53
2023-11-23 04:00:00,2059.52,2069.97,2057.4,2065.69
2023-11-23 08:00:00,2065.7,2088.94,2041.5,2062.61
2023-11-23 12:00:00,2062.6,2070.44,2040.35,2042.27
2023-11-23 16:00:00,2042.28,2067.17,2040.36,2062.19
2023-11-23 20:00:00,2062.19,2077.31,2059.88,2062.2
2023-11-24 00:00:00,2062.21,2077.88,2059.37,2064.0
2023-11-24 04:00:00,2064.0,2082.77,2062.04,2080.02
2023-11-24 08:00:00,2080.02,2127.29,2075.0,2097.01
2023-11-24 12:00:00,2097.01,2133.02,2096.22,2116.43
2023-11-24 16:00:00,2116.44,2125.6,2079.48,2087.51
2023-11-24 20:00:00,2087.52,2096.0,2060.0,2080.84
2023-11-25 00:00:00,2080.84,2089.58,2073.22,2086.77
2023-11-25 04:00:00,2086.76,2089.8,2080.0,2088.08
2023-11-25 08:00:00,2088.09,2090.54,2065.3,2070.6
2023-11-25 12:00:00,2070.59,2079.51,2067.47,2078.03
2023-11-25 16:00:00,2078.04,2084.07,2074.04,2082.51
2023-11-25 20:00:00,2082.5,2086.43,2080.35,2083.09
2023-11-26 00:00:00,2083.1,2083.63,2067.38,2075.95
2023-11-26 04:00:00,2075.95,2092.2,2070.83,2088.9
2023-11-26 08:00:00,2088.89,2094.99,2081.89,2084.66
2023-11-26 12:00:00,2084.65,2090.0,2060.41,2064.66
2023-11-26 16:00:00,2064.66,2068.99,2036.42,2057.05
2023-11-26 20:00:00,2057.04,2081.92,2055.73,2062.33
2023-11-27 00:00:00,2062.34,2071.24,2038.79,2048.54
2023-11-27 04:00:00,2048.54,2054.89,2030.0,2045.56
2023-11-27 08:00:00,2045.57,2052.86,2016.84,2024.99
2023-11-27 12:00:00,2024.99,2029.47,2000.24,2003.09
2023-11-27 16:00:00,2003.08,2024.44,1985.78,1994.79
2023-11-27 20:00:00,1994.78,2029.99,1986.85,2027.5
2023-11-28 00:00:00,2027.5,2040.39,2020.22,2027.22
2023-11-28 04:00:00,2027.22,2029.74,1995.15,2014.62
2023-11-28 08:00:00,2014.62,2028.93,2005.62,2028.07
2023-11-28 12:00:00,2028.07,2042.4,2019.37,2036.39
2023-11-28 16:00:00,2036.39,2075.0,2035.2,2059.0
2023-11-28 20:00:00,2059.0,2065.0,2043.1,2048.14
2023-11-29 00:00:00,2048.14,2057.8,2038.79,2053.27
2023-11-29 04:00:00,2053.26,2063.64,2047.69,2057.61
2023-11-29 08:00:00,2057.62,2075.7,2045.0,2052.95
2023-11-29 12:00:00,2052.95,2061.8,2019.97,2031.72
2023-11-29 16:00:00,2031.72,2042.56,2019.31,2038.9
2023-11-29 20:00:00,2038.89,2040.17,2020.01,2028.81
2023-11-30 00:00:00,2028.8,2040.85,2022.5,2040.71
2023-11-30 04:00:00,2040.71,2044.19,2031.75,2035.76
2023-11-30 08:00:00,2035.76,2046.82,2020.85,2045.48
2023-11-30 12:00:00,2045.47,2052.32,2025.02,2033.05
2023-11-30 16:00:00,2033.04,2044.0,2028.66,2041.43
2023-11-30 20:00:00,2041.43,2054.75,2039.66,2051.96
2023-12-01 00:00:00,2051.95,2093.76,2045.04,2092.2
2023-12-01 04:00:00,2092.2,2107.26,2087.2,2092.75
2023-12-01 08:00:00,2092.74,2110.87,2086.99,2093.01
2023-12-01 12:00:00,2093.02,2094.79,2071.0,2080.16
2023-12-01 16:00:00,2080.16,2110.0,2078.2,2090.2
2023-12-01 20:00:00,2090.2,2095.95,2082.44,2087.24
2023-12-02 00:00:00,2087.24,2097.0,2086.25,2092.93
2023-12-02 04:00:00,2092.92,2106.63,2090.17,2095.99
2023-12-02 08:00:00,2095.98,2107.0,2095.98,2099.15
2023-12-02 12:00:00,2099.15,2109.12,2093.39,2104.17
2023-12-02 16:00:00,2104.18,2186.6,2097.43,2158.77
2023-12-02 20:00:00,2158.76,2175.8,2152.94,2164.74
2023-12-03 00:00:00,2164.75,2177.41,2155.7,2161.74
2023-12-03 04:00:00,2161.75,2165.44,2152.92,2164.73
2023-12-03 08:00:00,2164.72,2168.42,2156.47,2159.31
2023-12-03 12:00:00,2159.3,2165.71,2149.0,2160.48
2023-12-03 16:00:00,2160.48,2168.84,2150.46,2167.57
2023-12-03 20:00:00,2167.57,2217.27,2165.16,2192.95
2023-12-04 00:00:00,2192.96,2228.59,2191.0,2210.51
2023-12-04 04:00:00,2210.5,2265.0,2210.35,2246.3
2023-12-04 08:00:00,2246.31,2274.28,2213.66,2237.52
2023-12-04 12:00:00,2237.53,2255.86,2201.77,2211.75
2023-12-04 16:00:00,2211.74,2235.65,2209.83,2234.46
2023-12-04 20:00:00,2234.47,2254.0,2220.06,2243.37
2023-12-05 00:00:00,2243.36,2253.52,2222.77,2230.78
2023-12-05 04:00:00,2230.78,2237.99,2188.33,2200.27
2023-12-05 08:00:00,2200.26,2210.0,2190.47,2204.86
2023-12-05 12:00:00,2204.86,2234.18,2199.58,2228.45
2023-12-05 16:00:00,2228.45,2309.72,2220.0,2272.72
2023-12-05 20:00:00,2272.73,2298.63,2252.0,2293.33
2023-12-06 00:00:00,2293.33,2312.23,2273.94,2281.8
2023-12-06 04:00:00,2281.8,2284.75,2258.38,2265.82
2023-12-06 08:00:00,2265.82,2287.78,2233.72,2253.15
2023-12-06 12:00:00,2253.15,2269.0,2247.45,2252.25
2023-12-06 16:00:00,2252.26,2284.6,2250.34,2262.8
2023-12-06 20:00:00,2262.79,2265.11,2220.0,2232.7
2023-12-07 00:00:00,2232.7,2250.2,2230.63,2249.07
2023-12-07 04:00:00,2249.07,2269.42,2247.94,2261.66
2023-12-07 08:00:00,2261.67,2268.96,2222.0,2236.05
2023-12-07 12:00:00,2236.04,2329.94,2232.05,2321.39
2023-12-07 16:00:00,2321.39,2356.0,2316.38,2335.62
2023-12-07 20:00:00,2335.62,2382.8,2335.23,2355.73
2023-12-08 00:00:00,2355.74,2387.16,2352.31,2375.23
2023-12-08 04:00:00,2375.23,2392.0,2352.72,2352.81
2023-12-08 08:00:00,2352.81,2373.0,2345.17,2365.84
2023-12-08 12:00:00,2365.85,2376.8,2336.34,2346.08
2023-12-08 16:00:00,2346.07,2361.13,2340.65,2353.0
2023-12-08 20:00:00,2353.0,2376.41,2352.21,2358.72
2023-12-09 00:00:00,2358.71,2366.43,2349.38,2360.26
2023-12-09 04:00:00,2360.27,2386.73,2359.44,2383.1
2023-12-09 08:00:00,2383.11,2403.0,2348.12,2356.35
2023-12-09 12:00:00,2356.35,2369.01,2337.0,2362.72
2023-12-09 16:00:00,2362.73,2365.76,2342.1,2357.56
2023-12-09 20:00:00,2357.57,2362.79,2328.01,2340.49
2023-12-10 00:00:00,2340.48,2354.85,2340.0,2351.26
2023-12-10 04:00:00,2351.27,2358.86,2344.65,2354.0
2023-12-10 08:00:00,2354.0,2356.1,2320.0,2337.65
2023-12-10 12:00:00,2337.65,2355.96,2337.45,2352.0
2023-12-10 16:00:00,2351.99,2361.36,2340.16,2355.0
2023-12-10 20:00:00,2355.0,2377.47,2343.57,2352.39
2023-12-11 00:00:00,2352.39,2355.0,2161.0,2251.43
2023-12-11 04:00:00,2251.42,2254.41,2226.6,2237.36
2023-12-11 08:00:00,2237.35,2253.16,2230.5,2249.68
2023-12-11 12:00:00,2249.68,2252.16,2201.0,2219.34
2023-12-11 16:00:00,2219.35,2221.98,2156.62,2187.61
2023-12-11 20:00:00,2187.6,2227.0,2181.16,2225.12
2023-12-12 00:00:00,2225.11,2244.12,2221.19,2231.6
2023-12-12 04:00:00,2231.59,2239.46,2211.91,2233.46
2023-12-12 08:00:00,2233.45,2239.01,2207.08,2208.39
2023-12-12 12:00:00,2208.39,2233.26,2185.83,2192.99
2023-12-12 16:00:00,2193.0,2198.53,2166.98,2179.05
2023-12-12 20:00:00,2179.05,2206.42,2166.0,2203.46
2023-12-13 00:00:00,2203.47,2206.89,2150.0,2166.03
2023-12-13 04:00:00,2166.03,2180.0,2144.32,2172.49
2023-12-13 08:00:00,2172.48,2186.09,2168.16,2171.64
2023-12-13 12:00:00,2171.65,2225.92,2169.07,2217.7
2023-12-13 16:00:00,2217.69,2255.2,2201.34,2253.03
2023-12-13 20:00:00,2253.04,2284.02,2245.05,2260.16
2023-12-14 00:00:00,2260.16,2262.23,2245.97,2251.39
2023-12-14 04:00:00,2251.39,2283.51,2246.7,2282.84
2023-12-14 08:00:00,2282.84,2308.0,2271.33,2307.35
2023-12-14 12:00:00,2307.35,2320.21,2228.2,2275.0
2023-12-14 16:00:00,2275.43994,2313.77,2274.59,2293.0
2023-12-14 20:00:00,2292.99,2332.11,2282.95,2315.32
2023-12-15 00:00:00,2315.32,2317.81,2273.85,2280.45
2023-12-15 04:00:00,2280.45,2283.6,2256.8,2271.46
2023-12-15 08:00:00,2271.47,2286.59,2265.43,2272.74
2023-12-15 12:00:00,2272.75,2273.46,2224.82,2231.77
2023-12-15 16:00:00,2231.76,2248.88,2228.39,2242.22
2023-12-15 20:00:00,2242.22,2252.18,2200.0,2220.5
2023-12-16 00:00:00,2220.51,2259.0,2210.0,2254.27
2023-12-16 04:00:00,2254.28,2255.0,2237.74,2241.45
2023-12-16 08:00:00,2241.44,2253.53,2239.45,2253.42993
2023-12-16 12:00:00,2253.7,2259.3,2240.0,2256.74
2023-12-16 16:00:00,2256.75,2263.4,2230.6,2235.17
2023-12-16 20:00:00,2235.16,2241.85,2220.12,2228.96
2023-12-17 00:00:00,2228.96,2233.69,2210.77,2216.26
2023-12-17 04:00:00,2216.26,2223.92,2200.77,2208.63
2023-12-17 08:00:00,2208.64,2220.15,2204.92,2215.97
2023-12-17 12:00:00,2215.98,2226.0,2200.28,2221.71
2023-12-17 16:00:00,2221.7,2241.71,2210.8,2234.5
2023-12-17 20:00:00,2234.51,2248.68,2191.5,2196.52
2023-12-18 00:00:00,2196.53,2204.59,2161.78,2174.8
2023-12-18 04:00:00,2174.8,2184.56006,2165.8999,2169.19
2023-12-18 08:00:00,2169.19,2178.0,2116.6,2142.19
2023-12-18 12:00:00,2142.19,2173.85,2127.4,2155.2
2023-12-18 16:00:00,2155.2,2175.85,2149.47,2174.8
2023-12-18 20:00:00,2174.81,2224.0,2167.4,2219.43
2023-12-19 00:00:00,2219.44,2252.8,2211.75,2237.11
2023-12-19 04:00:00,2237.11,2253.34,2231.6,2247.99
2023-12-19 08:00:00,2247.98,2255.0,2234.6,2236.13
2023-12-19 12:00:00,2236.13,2241.27,0.74859,2191.38
2023-12-19 16:00:00,2191.37,2205.3,2135.55,2176.68
2023-12-19 20:00:00,2176.68,2186.4,2164.74,2177.91
2023-12-20 00:00:00,2177.9,2190.85,2170.44,2186.28
2023-12-20 04:00:00,2186.27,2222.8,2183.62,2216.76
2023-12-20 08:00:00,2216.76,2224.26,2204.49,2211.4
2023-12-20 12:00:00,2211.4,2266.0,2202.92,2245.80005
2023-12-20 16:00:00,2248.16992,2249.12012,2193.0,2204.51
2023-12-20 20:00:00,2204.51,2207.13,2156.0,2202.17
2023-12-21 00:00:00,2202.17,2202.4,2182.98,2200.61
2023-12-21 04:00:00,2200.61,2219.65,2192.57,2215.11
2023-12-21 08:00:00,2215.11,2256.4,2204.36,2253.01
2023-12-21 12:00:00,2253.0,2279.31,2201.0,2232.51
2023-12-21 16:00:00,2232.51,2245.4,2218.32,2225.12
2023-12-21 20:00:00,2225.12,2262.83,2217.75,2239.61
2023-12-22 00:00:00,2239.6,2261.16,2230.59,2249.1
2023-12-22 04:00:00,2249.1,2297.75,2245.57,2273.22
2023-12-22 08:00:00,2273.22,2331.0,2268.0,2313.03
2023-12-22 12:00:00,2313.04,2343.15,2290.0,2319.74
2023-12-22 16:00:00,2319.74,2341.47,2305.88,2310.09
2023-12-22 20:00:00,2310.09,2327.58,2303.18,2324.54
2023-12-23 00:00:00,2324.54,2330.65,2265.97,2272.84
2023-12-23 04:00:00,2272.85,2295.57,2265.0,2283.54
2023-12-23 08:00:00,2283.55,2293.8,2281.0,2286.98
2023-12-23 12:00:00,2286.98,2298.13,2285.1,2285.51
2023-12-23 16:00:00,2285.51,2312.38,2283.21,2292.26
2023-12-23 20:00:00,2292.25,2315.63,2285.3,2308.2
2023-12-24 00:00:00,2308.2,2326.19,2294.11,2316.67
2023-12-24 04:00:00,2316.67,2321.8,2275.0,2295.02
2023-12-24 08:00:00,2295.03,2298.13,2273.57,2288.91
2023-12-24 12:00:00,2288.92,2306.89,2284.41,2293.03
2023-12-24 16:00:00,2293.02,2297.4,2282.13,2288.19
2023-12-24 20:00:00,2288.19,2288.72,2245.0,2264.05
2023-12-25 00:00:00,2264.04,2276.76,2253.1,2276.11
2023-12-25 04:00:00,2276.1,2290.0,2274.99,2280.54
2023-12-25 08:00:00,2280.55,2287.0,2264.44,2278.73
2023-12-25 12:00:00,2278.73,2304.8,2273.28,2286.48
2023-12-25 16:00:00,2286.48,2288.6,2269.02,2273.19
2023-12-25 20:00:00,2273.18,2286.43,2256.61,2271.35
2023-12-26 00:00:00,2271.36,2274.99,2263.73,2268.73
2023-12-26 04:00:00,2268.72,2271.39,2220.0,2241.4
2023-12-26 08:00:00,2241.41,2244.29,2218.32,2242.6
2023-12-26 12:00:00,2242.6,2250.66,2224.52,2228.99
2023-12-26 16:00:00,2228.99,2232.93,2178.45,2211.7
2023-12-26 20:00:00,2211.7,2232.4,2209.21,2230.88
2023-12-27 00:00:00,2230.88,2233.84,2211.88,2216.93
2023-12-27 04:00:00,2216.92,2231.2,2216.2,2228.52
2023-12-27 08:00:00,2228.52,2291.28,2226.78,2285.93
2023-12-27 12:00:00,2285.92,2355.6,2275.8,2341.96
2023-12-27 16:00:00,2341.96,2376.59,2334.1,2346.67
2023-12-27 20:00:00,2346.67,2392.44,2344.66,2378.35
2023-12-28 00:00:00,2378.35,2445.8,2376.14,2413.65
2023-12-28 04:00:00,2413.65,2425.58,2364.77,2380.0
2023-12-28 08:00:00,2379.99,2410.56,2372.17,2401.46
2023-12-28 12:00:00,2401.46,2413.0,2345.0,2358.85
2023-12-28 16:00:00,2358.85,2382.45,2348.1,2362.27
2023-12-28 20:00:00,2362.27,2363.56,2335.0,2344.15
2023-12-29 00:00:00,2344.15,2363.77,2311.16,2351.9
2023-12-29 04:00:00,2351.89,2360.0,2331.0,2332.69
2023-12-29 08:00:00,2332.68,2378.2,2331.64,2372.1
2023-12-29 12:00:00,2372.11,2385.41,2317.12,2327.18
2023-12-29 16:00:00,2327.19,2332.94,2283.0,2316.88
2023-12-29 20:00:00,2316.87,2317.48,2255.34,2299.2
2023-12-30 00:00:00,2299.2,2309.79,2287.24,2298.06
2023-12-30 04:00:00,2298.07,2308.62,2293.14,2295.68
2023-12-30 08:00:00,2295.69,2296.58,2268.0,2288.14
2023-12-30 12:00:00,2288.14,2316.8,2282.44,2312.97
2023-12-30 16:00:00,2312.97,2322.84,2295.82,2299.87
2023-12-30 20:00:00,2299.88,2305.64,2277.0,2291.68
2023-12-31 00:00:00,2291.68,2304.55,2277.63,2284.02
2023-12-31 04:00:00,2284.02,2304.6,2279.28,2294.81
2023-12-31 08:00:00,2294.8,2315.74,2290.0,2308.6
2023-12-31 12:00:00,2308.59,2321.34,2290.7,2298.99
2023-12-31 16:00:00,2299.0,2309.42,2290.8,2294.83
2023-12-31 20:00:00,2294.83,2294.83,2258.88,2281.87
2024-01-01 00:00:00,2281.87,2306.6,2271.0,2273.81
2024-01-01 04:00:00,2273.8,2287.88,2265.24,2284.67
2024-01-01 08:00:00,2284.68,2305.05,2280.0,2304.47
2024-01-01 12:00:00,2304.47,2318.34,2294.84,2314.7
2024-01-01 16:00:00,2314.69,2340.98,2306.48,2337.26
2024-01-01 20:00:00,2337.27,2352.37,2323.66,2352.04
2024-01-02 00:00:00,2352.05,2397.56,2346.95,2386.43
2024-01-02 04:00:00,2386.42,2392.4,2373.69,2385.84
2024-01-02 08:00:00,2385.84,2431.3,2380.09,2391.24
2024-01-02 12:00:00,2391.24,2404.68,2352.04,2357.48
2024-01-02 16:00:00,2357.48,2372.75,2350.19,2369.19
2024-01-02 20:00:00,2369.19,2380.0,2341.0,2355.34
2024-01-03 00:00:00,2355.35,2384.66,2347.4,2368.51
2024-01-03 04:00:00,2368.51,2380.9,2356.99,2361.64
2024-01-03 08:00:00,2361.65,2385.45,2294.01,2307.68
2024-01-03 12:00:00,2307.99,2308.6,2100.0,2240.4
2024-01-03 16:00:00,2240.39,2245.33,2188.0,2206.53
2024-01-03 20:00:00,2206.54,2227.87,2196.23,2209.72
2024-01-04 00:00:00,2209.72,2239.79,2201.91,2231.08
2024-01-04 04:00:00,2231.07,2244.93,2220.0,2221.85
2024-01-04 08:00:00,2221.85,2230.71,2205.0,2228.14
2024-01-04 12:00:00,2228.13,2285.99,2222.7,2276.87
2024-01-04 16:00:00,2276.88,2294.08,2259.1,2274.27
2024-01-04 20:00:00,2274.27,2294.69,2261.57,2267.11
2024-01-05 00:00:00,2267.11,2274.76,2212.0,2242.28
2024-01-05 04:00:00,2242.29,2265.72,2234.3,2252.75
2024-01-05 08:00:00,2252.75,2269.0,2233.23,2241.97
2024-01-05 12:00:00,2241.97,2253.64,2218.0,2224.99
2024-01-05 16:00:00,2225.0,2240.67,2206.17,2234.26
2024-01-05 20:00:00,2234.26,2277.21,2234.18,2268.78
2024-01-06 00:00:00,2268.78,2270.0,2250.4,2252.99
2024-01-06 04:00:00,2253.0,2255.66,2216.4,2233.12
2024-01-06 08:00:00,2233.13,2240.0,2228.58,2238.67
2024-01-06 12:00:00,2238.67,2248.32,2228.37,2246.4
2024-01-06 16:00:00,2246.41,2254.77,2237.5,2244.63
2024-01-06 20:00:00,2244.64,2247.5,2230.62,2240.78
2024-01-07 00:00:00,2240.77,2254.03,2235.58,2242.2
2024-01-07 04:00:00,2242.19,2251.44,2241.0,2249.15
2024-01-07 08:00:00,2249.15,2253.0,2230.26,2237.04
2024-01-07 12:00:00,2237.05,2258.01,2222.46,2230.83
2024-01-07 16:00:00,2230.83,2249.98,2221.0,2248.6
2024-01-07 20:00:00,2248.6,2251.27,2203.46,2221.42
2024-01-08 00:00:00,2221.42,2224.41,2166.38,2190.87
2024-01-08 04:00:00,2190.88,2230.0,2188.0,2224.08
2024-01-08 08:00:00,2224.07,2242.0,2204.47,2240.61
2024-01-08 12:00:00,2240.61,2283.02,2239.81,2269.59
2024-01-08 16:00:00,2269.59,2358.2,2259.39,2354.56
2024-01-08 20:00:00,2354.57,2357.79,2325.36,2330.44
2024-01-09 00:00:00,2330.43,2336.7,2289.98,2309.13
2024-01-09 04:00:00,2309.12,2319.01,2297.26,2306.05
2024-01-09 08:00:00,2306.05,2311.3,2285.4,2298.76
2024-01-09 12:00:00,2298.77,2304.21,2226.78,2257.18
2024-01-09 16:00:00,2257.18,2278.03,2243.41,2270.91
2024-01-09 20:00:00,2270.91,2371.72,2247.72,2344.29
2024-01-10 00:00:00,2344.3,2400.53,2339.59,2361.51
2024-01-10 04:00:00,2361.5,2393.22,2358.0,2368.75
2024-01-10 08:00:00,2371.15991,2431.0,2362.64,2402.21
2024-01-10 12:00:00,2402.21,2456.0,2342.0,2449.3
2024-01-10 16:00:00,2449.3,2481.59,2400.71,2477.9
2024-01-10 20:00:00,2477.9,2643.1,2411.0,2584.38
2024-01-11 00:00:00,2584.37,2614.76,2566.01,2613.01
2024-01-11 04:00:00,2613.0,2630.0,2573.01,2589.15
2024-01-11 08:00:00,2589.15,2665.74,2586.66,2657.9
2024-01-11 12:00:00,2657.89,2689.39,2593.6,2613.19
2024-01-11 16:00:00,2613.19,2625.13,2570.0,2622.07
2024-01-11 20:00:00,2622.07,2632.28,2587.48,2618.01
2024-01-12 00:00:00,2618.01,2624.29,2580.0,2589.81
2024-01-12 04:00:00,2589.81,2626.43,2585.62,2595.73
2024-01-12 08:00:00,2595.72,2667.99,2584.11,2647.59
2024-01-12 12:00:00,2647.58,2717.32,2634.0,2647.02
2024-01-12 16:00:00,2647.02,2688.83,2560.71,2584.43
2024-01-12 20:00:00,2584.44,2598.2,2458.0,2522.54
2024-01-13 00:00:00,2522.55,2557.15,2497.5,2548.53
2024-01-13 04:00:00,2548.53,2561.68,2539.2,2550.99
2024-01-13 08:00:00,2550.99,2560.55,2521.18,2542.5
2024-01-13 12:00:00,2542.5,2566.19,2531.15,2563.83
2024-01-13 16:00:00,2563.83,2580.0,2550.0,2571.91
2024-01-13 20:00:00,2571.91,2590.0,2562.8,2578.19
2024-01-14 00:00:00,2578.18,2578.69,2549.72,2550.99
2024-01-14 04:00:00,2551.0,2555.88,2541.8,2550.83
2024-01-14 08:00:00,2550.84,2553.8,2534.58,2538.0
2024-01-14 12:00:00,2538.01,2546.58,2524.39,2537.68
2024-01-14 16:00:00,2537.68,2543.97,2500.0,2501.0
2024-01-14 20:00:00,2500.99,2531.93,2470.0,2472.87
2024-01-15 00:00:00,2472.87,2513.91,2470.92,2503.32
2024-01-15 04:00:00,2503.32,2521.0,2502.97,2513.29
2024-01-15 08:00:00,2513.29,2542.86,2506.88,2539.35
2024-01-15 12:00:00,2539.36,2549.02,2505.8,2514.49
2024-01-15 16:00:00,2514.49,2553.82,2514.05,2534.7
2024-01-15 20:00:00,2534.69,2539.38,2500.33,2511.78
2024-01-16 00:00:00,2511.79,2538.23,2505.0,2537.6
2024-01-16 04:00:00,2537.6,2542.14,2522.3,2528.26
2024-01-16 08:00:00,2528.25,2549.38,2521.98,2530.77
2024-01-16 12:00:00,2530.78,2570.79,2500.05,2559.44
2024-01-16 16:00:00,2559.44,2579.62,2548.63,2574.06
2024-01-16 20:00:00,2574.06,2614.43,2571.79,2587.4
2024-01-17 00:00:00,2587.41,2592.97,2571.17,2571.43
2024-01-17 04:00:00,2571.43,2575.57,2551.81,2552.52
2024-01-17 08:00:00,2552.53,2554.06,2534.4,2542.85
2024-01-17 12:00:00,2542.86,2574.75,2532.67,2539.46
2024-01-17 16:00:00,2539.47,2544.75,2517.22,2533.29
2024-01-17 20:00:00,2533.29,2544.81,2506.75,2530.19
2024-01-18 00:00:00,2530.2,2533.44,2510.03,2529.94
2024-01-18 04:00:00,2529.95,2540.69,2524.72,2538.99
2024-01-18 08:00:00,2538.99,2550.0,2514.04,2522.41
2024-01-18 12:00:00,2522.42,2535.27,2503.77,2525.64
2024-01-18 16:00:00,2525.65,2526.15,2430.0,2439.5
2024-01-18 20:00:00,2439.5,2472.86,2428.56,2470.81
2024-01-19 00:00:00,2470.81,2474.59,2443.13,2460.4
2024-01-19 04:00:00,2460.4,2474.82,2456.63,2465.51
2024-01-19 08:00:00,2465.5,2496.62,2460.44,2488.97
2024-01-19 12:00:00,2488.98,2499.87,2460.37,2462.98
2024-01-19 16:00:00,2462.98,2504.0,2415.2,2493.37
2024-01-19 20:00:00,2493.37,2504.2,2481.0,2492.0
2024-01-20 00:00:00,2491.99,2492.0,2475.0,2481.22
2024-01-20 04:00:00,2481.22,2486.27,2475.29,2478.47
2024-01-20 08:00:00,2478.48,2480.07,2463.31,2470.59
2024-01-20 12:00:00,2470.58,2475.91,2458.33,2463.83
2024-01-20 16:00:00,2463.83,2467.81,2454.2,2461.52
2024-01-20 20:00:00,2461.52,2474.88,2460.2,2472.01
2024-01-21 00:00:00,2472.02,2481.0,2465.0,2475.42
2024-01-21 04:00:00,2475.43,2476.07,2466.64,2476.06
2024-01-21 08:00:00,2476.06,2482.18,2471.98,2473.65
2024-01-21 12:00:00,2473.65,2481.05,2464.08,2468.01
2024-01-21 16:00:00,2468.01,2478.49,2464.16,2474.26
2024-01-21 20:00:00,2474.27,2475.4,2452.13,2457.05
2024-01-22 00:00:00,2457.06,2466.1,2424.0,2437.56
2024-01-22 04:00:00,2437.56,2438.69,2402.5,2420.8
2024-01-22 08:00:00,2420.8,2420.8,2361.6,2381.34
2024-01-22 12:00:00,2381.34,2404.97,2353.61,2379.61
2024-01-22 16:00:00,2379.6,2385.08,2305.27,2321.87
2024-01-22 20:00:00,2321.88,2351.53,2303.59,2314.2
2024-01-23 00:00:00,2314.19,2342.95,2312.67,2339.16
2024-01-23 04:00:00,2339.16,2352.23,2316.12,2323.49
2024-01-23 08:00:00,2323.49,2326.83,2203.11,2218.14
2024-01-23 12:00:00,2218.14,2232.98,2168.07,2219.39
2024-01-23 16:00:00,2219.39,2232.01,2181.0,2185.7
2024-01-23 20:00:00,2185.69,2248.21,2183.04,2242.6
2024-01-24 00:00:00,2242.6,2255.66,2211.64,2213.45
2024-01-24 04:00:00,2213.46,2244.98,2213.15,2234.51
2024-01-24 08:00:00,2234.5,2264.6,2229.0,2244.16
2024-01-24 12:00:00,2244.16,2248.19,2218.3,2234.88
2024-01-24 16:00:00,2234.89,2244.52,2203.32,2213.13
2024-01-24 20:00:00,2213.13,2239.8,2196.12,2235.02
2024-01-25 00:00:00,2235.02,2239.6,2206.32,2216.88
2024-01-25 04:00:00,2216.88,2227.71,2203.37,2227.64
2024-01-25 08:00:00,2227.64,2242.89,2216.75,2231.59
2024-01-25 12:00:00,2231.59,2234.2,2181.91,2188.0
2024-01-25 16:00:00,2188.0,2224.55,2171.3,2218.21
2024-01-25 20:00:00,2218.22,2231.65,2212.23,2218.64
2024-01-26 00:00:00,2218.64,2237.8,2211.12,2223.42
2024-01-26 04:00:00,2223.41,2229.6,2195.84,2197.47
2024-01-26 08:00:00,2197.46,2260.66,2195.99,2254.02
2024-01-26 12:00:00,2254.02,2265.19,2234.46,2257.9
2024-01-26 16:00:00,2257.89,2282.36,2251.07,2258.51
2024-01-26 20:00:00,2258.51,2272.0,2252.49,2267.68
2024-01-27 00:00:00,2267.67,2282.94,2265.23,2274.13
2024-01-27 04:00:00,2274.13,2276.56,2253.41,2258.45
2024-01-27 08:00:00,2258.45,2271.49,2251.4,2265.48
2024-01-27 12:00:00,2265.48,2275.1,2262.13,2270.18
2024-01-27 16:00:00,2270.18,2277.49,2261.35,2272.69
2024-01-27 20:00:00,2272.7,2275.69,2261.47,2267.94
2024-01-28 00:00:00,2267.94,2289.0,2263.0,2287.17
2024-01-28 04:00:00,2287.17,2308.24,2281.81,2282.92
2024-01-28 08:00:00,2282.91,2301.41,2276.97,2281.08
2024-01-28 12:00:00,2281.08,2286.08,2261.91,2270.17
2024-01-28 16:00:00,2270.17,2276.0,2245.03,2253.89
2024-01-28 20:00:00,2253.88,2266.41,2239.89,2256.9
2024-01-29 00:00:00,2256.9,2278.19,2250.57,2272.11
2024-01-29 04:00:00,2272.11,2274.23,2258.28,2259.4
2024-01-29 08:00:00,2259.39,2277.0,2253.98,2264.17
2024-01-29 12:00:00,2264.17,2275.93,2233.8,2275.8
2024-01-29 16:00:00,2275.81,2315.45,2265.54,2293.46
2024-01-29 20:00:00,2293.46,2322.34,2292.21,2317.6
2024-01-30 00:00:00,2317.61,2327.97,2304.0,2311.4
2024-01-30 04:00:00,2311.4,2314.69,2301.0,2309.29
2024-01-30 08:00:00,2309.3,2318.22,2302.82,2314.01
2024-01-30 12:00:00,2314.0,2347.55,2297.0,2340.91
2024-01-30 16:00:00,2340.91,2381.0,2335.73,2374.93
2024-01-30 20:00:00,2374.93,2391.98,2337.06,2343.01
2024-01-31 00:00:00,2343.0,2351.6,2327.27,2342.91
2024-01-31 04:00:00,2342.9,2344.55,2330.0,2340.84
2024-01-31 08:00:00,2340.84,2343.52,2280.77,2300.18
2024-01-31 12:00:00,2300.18,2333.0,2291.69,2329.42
2024-01-31 16:00:00,2329.42,2350.3,2309.51,2323.38
2024-01-31 20:00:00,2323.39,2324.67,2263.57,2283.14
2024-02-01 00:00:00,2283.15,2289.6,2240.0,2257.21
2024-02-01 04:00:00,2257.2,2277.78,2251.91,2271.96
2024-02-01 08:00:00,2271.95,2278.12,2265.2,2266.66
2024-02-01 12:00:00,2266.67,2308.45,2263.2,2288.88
2024-02-01 16:00:00,2288.89,2311.72,2267.54,2304.79
2024-02-01 20:00:00,2304.79,2309.78,2287.0,2304.28
2024-02-02 00:00:00,2304.28,2320.48,2298.54,2301.66
2024-02-02 04:00:00,2301.66,2319.81,2296.87,2313.73
2024-02-02 08:00:00,2313.73,2319.37,2305.01,2318.36
2024-02-02 12:00:00,2318.36,2324.74,2281.94,2313.99
2024-02-02 16:00:00,2314.0,2323.88,2286.69,2301.41
2024-02-02 20:00:00,2301.42,2310.0,2295.05,2309.06
2024-02-03 00:00:00,2309.07,2329.98,2306.75,2321.45
2024-02-03 04:00:00,2321.45,2325.28,2313.46,2314.39
2024-02-03 08:00:00,2314.38,2316.39,2300.24,2303.89
2024-02-03 12:00:00,2303.88,2309.65,2292.75,2303.64
2024-02-03 16:00:00,2303.65,2313.88,2297.0,2303.46
2024-02-03 20:00:00,2303.45,2305.69,2293.83,2296.49
2024-02-04 00:00:00,2296.5,2306.53,2291.0,2302.96
2024-02-04 04:00:00,2302.97,2303.61,2287.0,2290.78
2024-02-04 08:00:00,2290.79,2309.99,2286.71,2305.62
2024-02-04 12:00:00,2305.62,2309.66,2297.46,2301.68
2024-02-04 16:00:00,2301.67,2308.48,2266.0,2279.65
2024-02-04 20:00:00,2279.64,2311.0,2273.73,2289.79
2024-02-05 00:00:00,2289.79,2297.77,2269.11,2296.27
2024-02-05 04:00:00,2296.28,2312.32,2289.45,2310.17
2024-02-05 08:00:00,2310.18,2332.9,2310.17,2329.62
2024-02-05 12:00:00,2329.63,2338.41,2294.21,2298.71
2024-02-05 16:00:00,2298.72,2312.56,2291.0,2304.48
2024-02-05 20:00:00,2304.49,2305.99,2283.63,2301.83
2024-02-06 00:00:00,2301.84,2329.78,2299.0,2316.85
2024-02-06 04:00:00,2316.85,2327.86,2308.19,2327.16
2024-02-06 08:00:00,2327.16,2344.0,2316.9,2325.49
2024-02-06 12:00:00,2325.49,2349.0,2311.9,2343.74
2024-02-06 16:00:00,2343.73,2379.95,2340.37,2379.12
2024-02-06 20:00:00,2379.13,2392.4,2371.91,2372.64
2024-02-07 00:00:00,2372.63,2390.66,2363.0,2364.75
2024-02-07 04:00:00,2364.75,2368.76,2357.06,2362.92
2024-02-07 08:00:00,2362.91,2377.42,2354.0,2361.66
2024-02-07 12:00:00,2361.67,2385.45,2361.0,2369.66
2024-02-07 16:00:00,2369.66,2425.46,2368.85,2419.96
2024-02-07 20:00:00,2419.97,2444.44,2419.96,2425.1
2024-02-08 00:00:00,2425.09,2444.39,2423.94,2433.48
2024-02-08 04:00:00,2433.48,2435.32,2411.01,2421.21
2024-02-08 08:00:00,2421.2,2429.58,2416.06,2425.3
2024-02-08 12:00:00,2425.29,2463.15,2416.63,2453.88
2024-02-08 16:00:00,2453.88,2455.69,2413.44,2421.53
2024-02-08 20:00:00,2421.54,2434.23,2418.49,2419.55
2024-02-09 00:00:00,2419.56,2466.0,2419.16,2448.67
2024-02-09 04:00:00,2448.67,2463.99,2440.19,2453.61
2024-02-09 08:00:00,2453.6,2507.4,2453.37,2503.2
2024-02-09 12:00:00,2503.19,2525.0,2476.57,2495.33
2024-02-09 16:00:00,2495.33,2523.66,2478.07,2485.96
2024-02-09 20:00:00,2485.96,2506.64,2483.89,2486.56
2024-02-10 00:00:00,2486.56,2514.8,2483.09,2512.21
2024-02-10 04:00:00,2512.21,2516.0,2494.49,2495.21
2024-02-10 08:00:00,2495.21,2498.74,2471.57,2483.1
2024-02-10 12:00:00,2483.11,2496.97,2480.76,2490.45
2024-02-10 16:00:00,2490.45,2497.51,2483.4,2497.51
2024-02-10 20:00:00,2497.51,2516.45,2492.21,2500.24
2024-02-11 00:00:00,2500.24,2529.02,2493.8,2529.02
2024-02-11 04:00:00,2529.02,2537.58,2514.76,2527.52
2024-02-11 08:00:00,2527.53,2539.63,2511.79,2531.28
2024-02-11 12:00:00,2531.29,2532.31,2505.0,2508.94
2024-02-11 16:00:00,2508.94,2520.58,2496.8,2507.73
2024-02-11 20:00:00,2507.74,2514.31,2493.45,2507.21
2024-02-12 00:00:00,2507.22,2525.0,2493.01,2500.12
2024-02-12 04:00:00,2500.13,2504.34,2481.05,2501.71
2024-02-12 08:00:00,2501.7,2505.5,2472.0,2488.16
2024-02-12 12:00:00,2488.16,2563.17,2481.08,2557.87
2024-02-12 16:00:00,2557.87,2638.91,2536.63,2610.25
2024-02-12 20:00:00,2610.25,2665.58,2610.24,2659.99
2024-02-13 00:00:00,2659.99,2686.0,2635.96,2640.47
2024-02-13 04:00:00,2640.46,2654.38,2638.0,2648.64
2024-02-13 08:00:00,2648.64,2686.06,2647.07,2681.75
2024-02-13 12:00:00,2681.75,2686.12,2590.0,2630.99
2024-02-13 16:00:00,2631.0,2640.29,2592.37,2611.42
2024-02-13 20:00:00,2611.42,2648.6,2610.8,2639.99
2024-02-14 00:00:00,2639.99,2644.0,2618.4,2636.88
2024-02-14 04:00:00,2636.89,2654.53,2620.76,2653.05
2024-02-14 08:00:00,2653.04,2760.0,2647.58,2755.87
2024-02-14 12:00:00,2755.86,2772.28,2730.32,2749.4
2024-02-14 16:00:00,2749.4,2766.5,2726.54,2761.8
2024-02-14 20:00:00,2761.8,2786.0,2754.89,2774.81
2024-02-15 00:00:00,2774.8,2825.75,2771.61,2801.39
2024-02-15 04:00:00,2801.39,2802.33,2759.25,2772.33
2024-02-15 08:00:00,2772.32,2801.97,2768.34,2793.21
2024-02-15 12:00:00,2793.22,2867.65,2775.91,2826.27
2024-02-15 16:00:00,2826.27,2841.44,2802.49,2834.13
2024-02-15 20:00:00,2834.13,2845.59,2786.2,2822.59
2024-02-16 00:00:00,2822.58,2857.4,2820.35,2846.18
2024-02-16 04:00:00,2846.18,2852.4,2811.75,2815.05
2024-02-16 08:00:00,2815.05,2835.4,2794.31,2823.59
2024-02-16 12:00:00,2823.6,2847.22,2740.0,2776.01
2024-02-16 16:00:00,2776.01,2807.39,2756.75,2762.91
2024-02-16 20:00:00,2762.92,2810.0,2758.45,2801.8
2024-02-17 00:00:00,2801.81,2804.21,2777.64,2793.4
2024-02-17 04:00:00,2793.39,2798.51,2778.99,2795.57
2024-02-17 08:00:00,2795.56,2795.57,2765.22,2780.57
2024-02-17 12:00:00,2780.58,2786.96,2719.01,2754.33
2024-02-17 16:00:00,2754.33,2776.74,2742.73,2774.31
2024-02-17 20:00:00,2774.32,2801.16,2771.49,2785.93
2024-02-18 00:00:00,2785.92,2797.4,2764.25,2781.68
2024-02-18 04:00:00,2781.69,2806.99,2778.9,2801.0
2024-02-18 08:00:00,2801.0,2822.93,2796.66,2803.4
2024-02-18 12:00:00,2803.4,2813.2,2785.89,2807.49
2024-02-18 16:00:00,2807.49,2844.5,2794.33,2827.86
2024-02-18 20:00:00,2827.86,2895.0,2817.09,2881.2
2024-02-19 00:00:00,2881.2,2893.0,2856.93,2886.78
2024-02-19 04:00:00,2886.79,2931.0,2880.84,2926.38
2024-02-19 08:00:00,2926.38,2928.36,2892.25,2913.2
2024-02-19 12:00:00,2913.2,2919.79,2886.03,2908.93
2024-02-19 16:00:00,2908.93,2953.84,2887.29,2934.03
2024-02-19 20:00:00,2934.04,2984.52,2927.0,2944.8
2024-02-20 00:00:00,2944.8,2955.56,2903.31,2907.0
2024-02-20 04:00:00,2907.0,2935.38,2902.38,2921.78
2024-02-20 08:00:00,2921.78,2941.0,2874.56,2935.31
2024-02-20 12:00:00,2935.3,3004.6,2900.0,2925.09
2024-02-20 16:00:00,2925.08,2987.0,2885.47,2985.98
2024-02-20 20:00:00,2985.98,3033.09,2966.23,3014.81
2024-02-21 00:00:00,3014.81,3017.15,2988.6,3005.14
2024-02-21 04:00:00,3005.15,3010.0,2921.9,2940.54
2024-02-21 08:00:00,2940.54,2956.84,2887.23,2899.1
2024-02-21 12:00:00,2899.11,2928.31,2868.0,2914.81
2024-02-21 16:00:00,2914.81,2938.0,2886.0,2913.0
2024-02-21 20:00:00,2912.99,2980.0,2897.46,2967.9
2024-02-22 00:00:00,2967.91,2968.59,2906.51,2935.51
2024-02-22 04:00:00,2935.52,2998.0,2920.98,2993.79
2024-02-22 08:00:00,2993.79,3032.86,2971.0,2990.8
2024-02-22 12:00:00,2990.8,3005.0,2929.39,2986.95
2024-02-22 16:00:00,2986.95,3002.8,2960.93,2987.96
2024-02-22 20:00:00,2987.96,3036.02,2969.35,2971.4
2024-02-23 00:00:00,2971.4,2993.8,2932.81,2955.95
2024-02-23 04:00:00,2955.95,2967.89,2923.26,2933.62
2024-02-23 08:00:00,2933.61,2948.65,2913.3,2943.63
2024-02-23 12:00:00,2943.63,2962.77,2913.26,2916.07
2024-02-23 16:00:00,2916.06,2951.7,2906.05,2945.99
2024-02-23 20:00:00,2946.0,2953.98,2906.87,2922.24
2024-02-24 00:00:00,2922.25,2937.31,2906.4,2930.19
2024-02-24 04:00:00,2930.2,2965.55,2929.5,2964.07
2024-02-24 08:00:00,2964.07,2966.53,2948.21,2961.53
2024-02-24 12:00:00,2961.53,2968.9,2953.43,2955.47
2024-02-24 16:00:00,2955.47,3007.48,2955.47,2987.1
2024-02-24 20:00:00,2987.1,2995.9,2979.04,2992.62
2024-02-25 00:00:00,2992.62,3049.0,2983.61,3025.17
2024-02-25 04:00:00,3025.18,3048.0,3012.68,3029.99
2024-02-25 08:00:00,3030.0,3040.93,3010.49,3040.36
2024-02-25 12:00:00,3040.36,3074.03,3025.84,3043.62
2024-02-25 16:00:00,3043.61,3088.0,3027.88,3081.6
2024-02-25 20:00:00,3081.6,3122.0,3081.42,3112.59
2024-02-26 00:00:00,3112.6,3135.65,3085.81,3107.8
2024-02-26 04:00:00,3107.81,3115.4,3086.1,3087.19
2024-02-26 08:00:00,3087.19,3102.84,3036.59,3057.42
2024-02-26 12:00:00,3057.41,3145.95,3038.0,3145.6
2024-02-26 16:00:00,3145.59,3182.98,3120.0,3179.12
2024-02-26 20:00:00,3179.11,3196.0,3165.51,3175.94
2024-02-27 00:00:00,3175.95,3270.0,3160.02,3216.56
2024-02-27 04:00:00,3216.55,3239.01,3202.37,3217.5
2024-02-27 08:00:00,3217.51,3269.0,3216.61,3254.89
2024-02-27 12:00:00,3254.9,3288.14,3219.9,3229.78
2024-02-27 16:00:00,3229.77,3260.38,3203.72,3250.72
2024-02-27 20:00:00,3250.72,3268.34,3233.82,3242.36
2024-02-28 00:00:00,3242.35,3258.39,3230.12,3248.82
2024-02-28 04:00:00,3248.83,3306.01,3244.16,3302.99
2024-02-28 08:00:00,3303.0,3369.8,3277.54,3296.13
2024-02-28 12:00:00,3296.13,3376.38,3287.07,3348.39
2024-02-28 16:00:00,3348.38,3488.0,3176.16,3299.12
2024-02-28 20:00:00,3299.13,3384.54,3253.46,3383.1
2024-02-29 00:00:00,3383.11,3467.77,3374.18,3407.15
2024-02-29 04:00:00,3407.15,3494.63,3397.95,3467.99
2024-02-29 08:00:00,3467.99,3522.81,3442.52,3513.87
2024-02-29 12:00:00,3511.51001,3516.8999,3448.80005,3468.42
2024-02-29 16:00:00,3468.42,3470.6,3358.01001,3403.26
2024-02-29 20:00:00,3403.27,3415.44,3300.0,3340.09
2024-03-01 00:00:00,3340.1,3388.82,3338.54,3367.79
2024-03-01 04:00:00,3367.78,3399.0,3364.32,3365.41
2024-03-01 08:00:00,3365.41,3437.08,3353.74,3410.9
2024-03-01 12:00:00,3410.89,3449.81,3379.6,3390.76
2024-03-01 16:00:00,3390.76,3435.9,3380.06,3427.73
2024-03-01 20:00:00,3427.73,3450.0,3421.28,3433.43
2024-03-02 00:00:00,3433.42,3460.04,3424.71,3442.34
2024-03-02 04:00:00,3442.33,3452.76,3390.01,3430.25
2024-03-02 08:00:00,3430.26,3435.68,3391.83,3403.39
2024-03-02 12:00:00,3403.4,3427.01,3394.47,3418.05
2024-03-02 16:00:00,3418.04,3431.03,3410.0,3426.19
2024-03-02 20:00:00,3426.2,3431.31,3402.56,3421.4
2024-03-03 00:00:00,3421.39,3434.0,3409.1,3431.56
2024-03-03 04:00:00,3431.57,3446.23,3360.0,3392.76
2024-03-03 08:00:00,3392.76,3414.91,3375.0,3413.39
2024-03-03 12:00:00,3413.39,3447.53,3403.92,3422.5
2024-03-03 16:00:00,3422.5,3484.44,3418.22,3465.2
2024-03-03 20:00:00,3465.2,3491.8,3458.65,3487.81
2024-03-04 00:00:00,3487.8,3528.96,3423.78,3471.85
2024-03-04 04:00:00,3471.84,3487.34,3456.36,3478.61
2024-03-04 08:00:00,3478.61,3544.14,3478.6,3506.91
2024-03-04 12:00:00,3506.92,3568.18,3459.03,3560.42
2024-03-04 16:00:00,3560.42,3610.0,3528.42,3593.01
2024-03-04 20:00:00,3593.0,3640.94,3558.3,3627.76
2024-03-05 00:00:00,3627.75,3697.2,3607.24,3689.81
2024-03-05 04:00:00,3689.81,3740.0,3641.5,3672.98
2024-03-05 08:00:00,3672.99,3742.0,3651.87,3731.45
2024-03-05 12:00:00,3731.46,3822.04,3730.8,3783.01
2024-03-05 16:00:00,3783.0,3796.07,3200.0,3376.46
2024-03-05 20:00:00,3376.46,3580.6,3324.68,3553.65
2024-03-06 00:00:00,3553.66,3591.23,3499.4,3538.01
2024-03-06 04:00:00,3538.01,3789.77,3536.2,3786.6
2024-03-06 08:00:00,3786.61,3899.47,3778.6,3879.74
2024-03-06 12:00:00,3879.74,3900.0,3724.0,3790.94
2024-03-06 16:00:00,3790.95,3880.0,3764.25,3852.59
2024-03-06 20:00:00,3852.59,3892.58,3792.7,3818.59
2024-03-07 00:00:00,3818.58,3852.69,3764.21,3775.18
2024-03-07 04:00:00,3775.18,3803.36,3735.0,3789.22
2024-03-07 08:00:00,3789.23,3814.92,3770.36,3787.58
2024-03-07 12:00:00,3787.58,3855.23,3765.12,3837.16
2024-03-07 16:00:00,3837.17,3883.77,3812.44,3870.19
2024-03-07 20:00:00,3870.19,3933.81,3840.0,3868.76
2024-03-08 00:00:00,3868.76,3940.6,3863.56,3900.85
2024-03-08 04:00:00,3900.85,3946.57,3880.0,3908.16
2024-03-08 08:00:00,3908.16,3954.98,3908.15,3950.46
2024-03-08 12:00:00,3950.46,3993.75,3886.0,3900.75
2024-03-08 16:00:00,3900.76,3978.49,3820.0,3928.82
2024-03-08 20:00:00,3928.82,3950.85,3871.28,3883.36
2024-03-09 00:00:00,3883.37,3929.0,3877.5,3923.21
2024-03-09 04:00:00,3923.22,3942.0,3912.05,3925.47
2024-03-09 08:00:00,3925.46,3936.0,3887.99,3912.49
2024-03-09 12:00:00,3912.5,3927.05,3901.62,3916.66
2024-03-09 16:00:00,3916.66,3920.22,3870.01,3881.18
2024-03-09 20:00:00,3881.18,3912.68,3881.17,3905.21
2024-03-10 00:00:00,3905.2,3940.1,3899.51,3935.0
2024-03-10 04:00:00,3935.01,3950.0,3929.79,3944.82
2024-03-10 08:00:00,3944.81,3964.67,3920.02,3932.72
2024-03-10 12:00:00,3932.72,3947.18,3860.65,3883.69
2024-03-10 16:00:00,3883.7,3927.05,3882.06,3898.0
2024-03-10 20:00:00,3898.01,3903.89,3791.26,3878.47
2024-03-11 00:00:00,3878.47,3888.38,3722.95,3866.93
2024-03-11 04:00:00,3866.92,4011.79,3834.22,4001.4
2024-03-11 08:00:00,4001.4,4054.6,3986.86,4034.25
2024-03-11 12:00:00,4034.25,4065.8,4017.0,4018.0
2024-03-11 16:00:00,4018.01,4086.23,3998.92,4031.71
2024-03-11 20:00:00,4031.7,4082.0,4027.92,4064.8
2024-03-12 00:00:00,4064.8,4093.92,4021.19,4028.69
2024-03-12 04:00:00,4028.69,4052.4,4000.02,4027.13
2024-03-12 08:00:00,4027.13,4065.0,3965.0,4020.83
2024-03-12 12:00:00,4020.84,4053.8,3950.0,3988.46
2024-03-12 16:00:00,3988.46,3991.62,3828.98,3980.23
2024-03-12 20:00:00,3980.23,3980.56,3927.18,3979.96
2024-03-13 00:00:00,3979.97,4045.86,3973.53,4043.78
2024-03-13 04:00:00,4043.78,4078.38,4029.1,4038.36
2024-03-13 08:00:00,4038.36,4083.0,4038.09,4048.9
2024-03-13 12:00:00,4048.91,4053.0,3932.23,3962.8
2024-03-13 16:00:00,3962.8,4011.06,3952.23,4000.44
2024-03-13 20:00:00,4000.44,4021.0,3974.62,4004.79
2024-03-14 00:00:00,4004.79,4010.98,3955.0,3993.77
2024-03-14 04:00:00,3993.77,4005.69,3940.64,3963.46
2024-03-14 08:00:00,3963.45,3997.7,3943.12,3955.04
2024-03-14 12:00:00,3955.04,3967.4,3820.2,3845.81
2024-03-14 16:00:00,3845.81,3896.02,3723.0,3785.89
2024-03-14 20:00:00,3785.89,3892.0,3780.79,3881.7
2024-03-15 00:00:00,3881.69,3934.02,3623.0,3722.2
2024-03-15 04:00:00,3722.2,3779.92,3656.49,3754.12
2024-03-15 08:00:00,3754.12,3761.65,3570.0,3689.33
2024-03-15 12:00:00,3689.33,3742.0,3670.77,3688.9
2024-03-15 16:00:00,3688.89,3806.62,3659.01,3689.54
2024-03-15 20:00:00,3689.53,3749.93,3606.65,3742.19
2024-03-16 00:00:00,3742.19,3781.12,3722.41,3735.52
2024-03-16 04:00:00,3735.52,3743.6,3690.18,3740.19
2024-03-16 08:00:00,3740.2,3741.1,3661.83,3692.29
2024-03-16 12:00:00,3692.29,3711.37,3637.73,3679.55
2024-03-16 16:00:00,3679.54,3679.88,3570.0,3600.6
2024-03-16 20:00:00,3600.6,3633.8,3468.8,3523.09
2024-03-17 00:00:00,3523.09,3582.4,3504.95,3571.5
2024-03-17 04:00:00,3571.49,3572.51,3412.0,3472.72
2024-03-17 08:00:00,3472.72,3606.41,3460.01,3578.99
2024-03-17 12:00:00,3578.99,3647.15,3528.36,3628.42
2024-03-17 16:00:00,3628.42,3656.45,3602.43,3651.18
2024-03-17 20:00:00,3651.18,3678.68,3624.19,3644.71
2024-03-18 00:00:00,3644.7,3645.02,3557.31,3600.39
2024-03-18 04:00:00,3600.38,3642.52,3576.9,3626.65
2024-03-18 08:00:00,3626.65,3627.0,3548.99,3597.82
2024-03-18 12:00:00,3597.83,3613.41,3486.0,3525.18
2024-03-18 16:00:00,3525.17,3563.86,3454.09,3478.89
2024-03-18 20:00:00,3478.88,3548.0,3478.88,3520.46
2024-03-19 00:00:00,3520.47,3548.09,3362.15,3419.17
2024-03-19 04:00:00,3419.18,3427.8,3306.1,3360.14
2024-03-19 08:00:00,3360.14,3360.16,3202.84,3276.51
2024-03-19 12:00:00,3276.51,3325.69,3223.5,3303.16
2024-03-19 16:00:00,3303.16,3359.8,3280.8,3333.26
2024-03-19 20:00:00,3333.27,3338.84,3150.88,3158.64
2024-03-20 00:00:00,3158.65,3266.01,3153.26,3161.02
2024-03-20 04:00:00,3161.02,3226.0,3056.56,3218.48
2024-03-20 08:00:00,3218.47,3296.72,3205.1,3293.26
2024-03-20 12:00:00,3293.26,3397.0,3275.35,3292.55
2024-03-20 16:00:00,3292.54,3405.78,3140.71,3379.01
2024-03-20 20:00:00,3379.0,3535.24,3370.91,3516.53
2024-03-21 00:00:00,3516.53,3558.99,3493.4,3510.59
2024-03-21 04:00:00,3510.59,3537.2,3446.47,3516.03
2024-03-21 08:00:00,3516.04,3587.32,3516.03,3531.18
2024-03-21 12:00:00,3531.18,3574.41,3478.73,3497.6
2024-03-21 16:00:00,3497.59,3545.99,3412.22,3441.38
2024-03-21 20:00:00,3441.37,3521.91,3412.0,3492.85
2024-03-22 00:00:00,3492.84,3527.61,3454.01,3522.01
2024-03-22 04:00:00,3522.0,3542.52,3500.63,3511.4
2024-03-22 08:00:00,3511.39,3523.8,3394.42,3405.19
2024-03-22 12:00:00,3405.18,3425.84,3281.0,3349.31
2024-03-22 16:00:00,3349.3,3362.19,3289.0,3340.46
2024-03-22 20:00:00,3340.46,3345.59,3250.0,3336.35
2024-03-23 00:00:00,3336.35,3362.38,3270.08,3303.56
2024-03-23 04:00:00,3303.55,3383.8,3298.6,3365.28
2024-03-23 08:00:00,3365.28,3380.57,3328.34,3364.99
2024-03-23 12:00:00,3364.98,3423.03,3343.41,3405.5
2024-03-23 16:00:00,3405.49,3435.48,3384.82,3386.12
2024-03-23 20:00:00,3386.11,3401.6,3327.28,3329.53
2024-03-24 00:00:00,3329.53,3368.16,3307.0,3307.62
2024-03-24 04:00:00,3307.63,3343.07,3298.76,3341.8
2024-03-24 08:00:00,3341.81,3392.72,3335.5,3387.38
2024-03-24 12:00:00,3387.37,3414.46,3376.73,3397.51
2024-03-24 16:00:00,3397.5,3409.5,3333.0,3382.5
2024-03-24 20:00:00,3382.49,3471.22,3375.56,3454.98
2024-03-25 00:00:00,3454.99,3461.17,3420.12,3454.97
2024-03-25 04:00:00,3454.98,3506.49,3440.8,3444.6
2024-03-25 08:00:00,3444.59,3472.0,3432.15,3436.19
2024-03-25 12:00:00,3436.2,3587.9,3430.0,3581.49
2024-03-25 16:00:00,3581.49,3666.0,3566.2,3638.96
2024-03-25 20:00:00,3638.96,3646.66,3566.47,3590.42
2024-03-26 00:00:00,3590.43,3643.71,3580.95,3623.0
2024-03-26 04:00:00,3623.0,3678.86,3618.4,3635.13
2024-03-26 08:00:00,3635.14,3670.32,3630.0,3631.6
2024-03-26 12:00:00,3631.61,3654.34,3545.13,3593.35
2024-03-26 16:00:00,3593.35,3603.55,3542.62,3560.82
2024-03-26 20:00:00,3560.83,3613.5,3558.15,3587.33
2024-03-27 00:00:00,3587.32,3627.67,3577.0,3603.11
2024-03-27 04:00:00,3603.1,3616.5,3560.2,3565.21
2024-03-27 08:00:00,3565.21,3590.84,3532.96,3585.07
2024-03-27 12:00:00,3585.07,3665.84,3496.15,3514.3
2024-03-27 16:00:00,3514.29,3531.76,3460.02,3491.18
2024-03-27 20:00:00,3491.18,3521.47,3485.04,3501.19
2024-03-28 00:00:00,3501.2,3531.47,3465.0,3496.61
2024-03-28 04:00:00,3496.61,3579.95,3495.79,3573.88
2024-03-28 08:00:00,3573.88,3595.7,3565.81,3579.73
2024-03-28 12:00:00,3579.74,3611.78,3552.55,3578.7
2024-03-28 16:00:00,3578.71,3580.75,3537.48,3563.05
2024-03-28 20:00:00,3563.06,3580.0,3541.37,3560.49
2024-03-29 00:00:00,3560.49,3584.37,3550.05,3562.39
2024-03-29 04:00:00,3562.39,3580.8,3512.85,3519.43
2024-03-29 08:00:00,3519.42,3562.71,3517.15,3549.85
2024-03-29 12:00:00,3549.86,3558.0,3481.14,3488.53
2024-03-29 16:00:00,3488.52,3502.36,3445.91,3500.34
2024-03-29 20:00:00,3500.35,3524.55,3476.01,3509.74
2024-03-30 00:00:00,3509.74,3521.89,3486.58,3490.0
2024-03-30 04:00:00,3489.99,3532.77,3487.0,3492.64
2024-03-30 08:00:00,3492.65,3564.0,3492.2,3560.0
2024-03-30 12:00:00,3559.99,3565.81,3531.0,3536.61
2024-03-30 16:00:00,3536.6,3547.71,3485.0,3509.02
2024-03-30 20:00:00,3509.02,3519.0,3494.88,3505.64
2024-03-31 00:00:00,3505.65,3544.07,3505.09,3537.26
2024-03-31 04:00:00,3537.26,3631.99,3532.42,3625.38
2024-03-31 08:00:00,3625.38,3632.8,3600.38,3609.2
2024-03-31 12:00:00,3609.2,3638.0,3606.78,3617.68
2024-03-31 16:00:00,3617.69,3655.32,3613.75,3638.18
2024-03-31 20:00:00,3638.19,3650.6,3617.8,3645.29
2024-04-01 00:00:00,3645.29,3645.95,3600.74,3610.42
2024-04-01 04:00:00,3610.41,3613.3,3500.0,3546.88
2024-04-01 08:00:00,3546.88,3560.17,3520.07,3537.98
2024-04-01 12:00:00,3537.98,3570.58,3437.23,3444.04
2024-04-01 16:00:00,3444.04,3489.18,3413.71,3486.33
2024-04-01 20:00:00,3486.33,3514.88,3471.32,3503.8
2024-04-02 00:00:00,3503.8,3505.6,3319.2,3366.08
2024-04-02 04:00:00,3366.07,3388.58,3337.25,3362.9
2024-04-02 08:00:00,3362.89,3371.62,3276.72,3308.64
2024-04-02 12:00:00,3308.63,3324.26,3232.0,3240.13
2024-04-02 16:00:00,3240.13,3284.46,3212.0,3277.53
2024-04-02 20:00:00,3277.53,3305.0,3241.69,3278.96
2024-04-03 00:00:00,3278.96,3324.19,3202.79,3315.41
2024-04-03 04:00:00,3315.4,3324.6,3280.0,3305.53
2024-04-03 08:00:00,3305.52,3357.58,3289.97,3317.53
2024-04-03 12:00:00,3317.53,3363.58,3292.8,3329.2
2024-04-03 16:00:00,3329.21,3367.4,3281.21,3314.29
2024-04-03 20:00:00,3314.28,3325.64,3288.39,3310.83
2024-04-04 00:00:00,3310.83,3333.0,3262.86,3274.37
2024-04-04 04:00:00,3274.38,3334.46,3250.92,3322.79
2024-04-04 08:00:00,3322.8,3355.48,3319.42,3340.37
2024-04-04 12:00:00,3340.36,3395.19,3338.95,3364.12
2024-04-04 16:00:00,3364.11,3443.93,3360.68,3366.09
2024-04-04 20:00:00,3366.09,3370.3,3278.02,3327.4
2024-04-05 00:00:00,3327.39,3336.0,3252.8,3308.3
2024-04-05 04:00:00,3308.3,3319.25,3242.01,3287.61
2024-04-05 08:00:00,3287.6,3312.8,3236.8,3243.51
2024-04-05 12:00:00,3243.52,3329.54,3210.0,3326.43
2024-04-05 16:00:00,3326.43,3350.0,3305.1,3320.1
2024-04-05 20:00:00,3320.11,3344.95,3310.46,3317.85
2024-04-06 00:00:00,3317.85,3346.39,3306.68,3331.34
2024-04-06 04:00:00,3331.33,3352.81,3321.13,3330.39
2024-04-06 08:00:00,3330.4,3351.52,3325.0,3330.67
2024-04-06 12:00:00,3330.67,3361.77,3313.4,3335.37
2024-04-06 16:00:00,3335.37,3357.54,3331.22,3349.24
2024-04-06 20:00:00,3349.23,3398.42,3344.0,3351.59
2024-04-07 00:00:00,3351.59,3413.61,3344.08,3388.41
2024-04-07 04:00:00,3388.4,3406.51,3374.6,3385.19
2024-04-07 08:00:00,3385.19,3395.19,3376.83,3390.34
2024-04-07 12:00:00,3390.33,3420.0,3384.71,3390.13
2024-04-07 16:00:00,3390.14,3412.97,3368.0,3381.39
2024-04-07 20:00:00,3381.38,3459.94,3378.15,3454.2
2024-04-08 00:00:00,3454.2,3457.27,3406.36,3423.0
2024-04-08 04:00:00,3422.99,3478.34,3413.22,3473.88
2024-04-08 08:00:00,3473.88,3640.44,3469.8,3633.08
2024-04-08 12:00:00,3633.07,3672.11,3612.0,3629.2
2024-04-08 16:00:00,3629.2,3710.45,3627.16,3702.8
2024-04-08 20:00:00,3702.8,3730.71,3681.06,3694.61
2024-04-09 00:00:00,3694.61,3727.34,3665.25,3692.29
2024-04-09 04:00:00,3692.3,3701.94,3631.0,3641.81
2024-04-09 08:00:00,3641.81,3646.6,3580.57,3632.85
2024-04-09 12:00:00,3632.85,3643.37,3478.5,3529.92
2024-04-09 16:00:00,3529.93,3532.96,3450.46,3517.1
2024-04-09 20:00:00,3517.1,3526.63,3485.82,3506.39
2024-04-10 00:00:00,3506.4,3537.5,3465.64,3513.0
2024-04-10 04:00:00,3513.01,3554.19,3505.98,3536.61
2024-04-10 08:00:00,3536.61,3540.36,3493.07,3521.32
2024-04-10 12:00:00,3521.33,3527.99,3411.82,3479.41
2024-04-10 16:00:00,3479.41,3547.49,3469.5,3521.52
2024-04-10 20:00:00,3521.52,3562.95,3495.58,3545.64
2024-04-11 00:00:00,3545.64,3576.6,3524.27,3575.84
2024-04-11 04:00:00,3575.84,3605.76,3553.03,3583.4
2024-04-11 08:00:00,3583.4,3618.3,3514.57,3522.88
2024-04-11 12:00:00,3522.89,3575.0,3486.31,3508.32
2024-04-11 16:00:00,3508.31,3522.0,3474.52,3517.7
2024-04-11 20:00:00,3517.71,3532.25,3490.63,3502.52
2024-04-12 00:00:00,3502.52,3537.93,3501.34,3534.01
2024-04-12 04:00:00,3534.01,3552.4,3507.95,3516.2
2024-04-12 08:00:00,3516.2,3541.78,3508.95,3532.22
2024-04-12 12:00:00,3532.22,3532.48,3439.23,3440.71
2024-04-12 16:00:00,3440.7,3454.56,3100.0,3206.17
2024-04-12 20:00:00,3206.17,3256.0,3201.07,3237.43
2024-04-13 00:00:00,3237.42,3237.43,3141.6,3230.91
2024-04-13 04:00:00,3230.91,3272.31,3223.38,3257.6
2024-04-13 08:00:00,3257.61,3301.9,3247.4,3268.2
2024-04-13 12:00:00,3268.2,3296.83,3250.7,3272.39
2024-04-13 16:00:00,3272.4,3279.79,3017.19,3085.2
2024-04-13 20:00:00,3085.2,3094.88,2852.0,3007.01
2024-04-14 00:00:00,3007.01,3019.46,2906.73,2970.85
2024-04-14 04:00:00,2970.86,3102.15,2965.18,3084.2
2024-04-14 08:00:00,3084.19,3099.13,3008.86,3027.01
2024-04-14 12:00:00,3027.0,3074.07,3006.0,3055.74
2024-04-14 16:00:00,3055.75,3101.27,2980.0,3073.62
2024-04-14 20:00:00,3073.63,3174.23,3047.29,3155.11
2024-04-15 00:00:00,3155.11,3158.62,3100.0,3146.5
2024-04-15 04:00:00,3146.51,3255.43,3123.0,3242.05
2024-04-15 08:00:00,3242.04,3277.85,3226.75,3229.64
2024-04-15 12:00:00,3229.64,3246.03,3102.2,3163.21
2024-04-15 16:00:00,3163.2,3179.4,3023.19,3100.1
2024-04-15 20:00:00,3100.09,3128.44,3057.29,3101.99
2024-04-16 00:00:00,3102.0,3120.59,3051.35,3072.19
2024-04-16 04:00:00,3072.2,3128.01,2986.0,3107.29
2024-04-16 08:00:00,3107.3,3110.76,3003.0,3093.31
2024-04-16 12:00:00,3093.31,3095.37,3008.7,3009.04
2024-04-16 16:00:00,3009.05,3084.99,2995.0,3057.64
2024-04-16 20:00:00,3057.65,3118.24,3049.9,3084.22
2024-04-17 00:00:00,3084.21,3107.24,3068.39,3095.61
2024-04-17 04:00:00,3095.6,3123.75,3064.05,3076.6
2024-04-17 08:00:00,3076.6,3087.64,3037.65,3040.2
2024-04-17 12:00:00,3040.19,3063.65,2925.85,2946.8
2024-04-17 16:00:00,2946.79,3043.73,2914.47,3001.6
2024-04-17 20:00:00,3001.59,3014.91,2964.35,2985.41
2024-04-18 00:00:00,2985.41,3035.08,2950.98,3025.68
2024-04-18 04:00:00,3025.67,3034.29,2956.6,2975.2
2024-04-18 08:00:00,2975.19,3065.56,2954.01,3046.46
2024-04-18 12:00:00,3046.45,3094.4,2985.69,3069.17
2024-04-18 16:00:00,3069.17,3083.54,3018.2,3064.19
2024-04-18 20:00:00,3064.19,3080.82,3056.1,3064.4
2024-04-19 00:00:00,3064.4,3070.24,2865.18,2979.8
2024-04-19 04:00:00,2979.81,3128.89,2979.0,3084.41
2024-04-19 08:00:00,3084.41,3124.44,3077.19,3102.61
2024-04-19 12:00:00,3102.6,3121.0,3054.35,3080.74
2024-04-19 16:00:00,3080.73,3107.94,3029.72,3104.1
2024-04-19 20:00:00,3104.1,3105.68,3020.63,3056.46
2024-04-20 00:00:00,3056.45,3070.8,3018.75,3055.99
2024-04-20 04:00:00,3055.99,3071.03,3049.31,3060.64
2024-04-20 08:00:00,3060.64,3061.29,3029.99,3047.39
2024-04-20 12:00:00,3047.38,3114.6,3040.34,3109.86
2024-04-20 16:00:00,3109.86,3166.46,3087.66,3148.21
2024-04-20 20:00:00,3148.21,3171.88,3140.9,3155.79
2024-04-21 00:00:00,3155.79,3197.18,3126.87,3166.8
2024-04-21 04:00:00,3166.81,3191.22,3152.54,3179.55
2024-04-21 08:00:00,3179.54,3189.0,3153.66,3168.81
2024-04-21 12:00:00,3168.81,3176.7,3137.32,3158.82
2024-04-21 16:00:00,3158.82,3161.36,3116.49,3136.79
2024-04-21 20:00:00,3136.78,3169.57,3129.82,3147.67
2024-04-22 00:00:00,3147.66,3210.75,3129.15,3190.1
2024-04-22 04:00:00,3190.09,3235.0,3184.53,3203.6
2024-04-22 08:00:00,3203.59,3224.0,3187.99,3194.54
2024-04-22 12:00:00,3194.55,3211.64,3166.8,3183.32
2024-04-22 16:00:00,3183.33,3216.99,3169.3,3188.23
2024-04-22 20:00:00,3188.24,3224.2,3184.02,3200.2
2024-04-23 00:00:00,3200.19,3223.36,3181.37,3183.9
2024-04-23 04:00:00,3183.9,3193.49,3152.0,3160.48
2024-04-23 08:00:00,3160.49,3185.55,3152.45,3179.8
2024-04-23 12:00:00,3179.79,3263.61,3173.11,3226.13
2024-04-23 16:00:00,3226.12,3246.22,3213.0,3218.31
2024-04-23 20:00:00,3218.31,3223.05,3186.43,3219.46
2024-04-24 00:00:00,3219.46,3249.28,3210.4,3237.61
2024-04-24 04:00:00,3237.61,3275.54,3236.8,3250.11
2024-04-24 08:00:00,3250.1,3287.0,3241.86,3281.96
2024-04-24 12:00:00,3281.97,3293.56,3167.23,3175.8
2024-04-24 16:00:00,3175.8,3193.83,3104.9,3134.67
2024-04-24 20:00:00,3134.67,3152.59,3112.05,3140.8
2024-04-25 00:00:00,3140.79,3171.2,3126.6,3147.41
2024-04-25 04:00:00,3147.41,3167.35,3126.17,3136.39
2024-04-25 08:00:00,3136.39,3152.99,3072.2,3112.0
2024-04-25 12:00:00,3112.01,3168.0,3082.58,3160.4
2024-04-25 16:00:00,3160.4,3175.65,3146.24,3165.84
2024-04-25 20:00:00,3165.84,3191.64,3152.3,3155.8
2024-04-26 00:00:00,3155.81,3164.08,3124.25,3141.59
2024-04-26 04:00:00,3141.58,3154.13,3129.0,3135.46
2024-04-26 08:00:00,3135.45,3157.99,3121.8,3128.63
2024-04-26 12:00:00,3128.63,3167.7,3102.0,3117.6
2024-04-26 16:00:00,3117.61,3155.0,3105.71,3133.84
2024-04-26 20:00:00,3133.79,3153.8,3120.77,3131.3
2024-04-27 00:00:00,3131.3,3138.8,3066.74,3122.18
2024-04-27 04:00:00,3122.18,3133.25,3107.69,3120.59
2024-04-27 08:00:00,3120.59,3128.57,3107.8,3124.92
2024-04-27 12:00:00,3124.92,3167.01,3122.0,3145.05
2024-04-27 16:00:00,3145.05,3285.0,3142.41,3237.4
2024-04-27 20:00:00,3237.4,3263.3,3223.07,3255.56
2024-04-28 00:00:00,3255.55,3329.6,3250.45,3308.87
2024-04-28 04:00:00,3308.86,3339.99,3300.23,3317.6
2024-04-28 08:00:00,3317.59,3324.78,3275.01,3286.41
2024-04-28 12:00:00,3286.41,3327.79,3283.8,3321.01
2024-04-28 16:00:00,3321.0,3357.4,3308.17,3316.92
2024-04-28 20:00:00,3316.92,3321.0,3251.97,3263.45
2024-04-29 00:00:00,3263.44,3286.95,3168.01,3177.6
2024-04-29 04:00:00,3177.6,3208.28,3153.44,3189.0
2024-04-29 08:00:00,3188.99,3195.4,3147.54,3160.11
2024-04-29 12:00:00,3160.11,3186.54,3115.13,3182.45
2024-04-29 16:00:00,3182.45,3189.6,3155.23,3186.01
2024-04-29 20:00:00,3186.02,3235.43,3163.91,3216.73
2024-04-30 00:00:00,3216.74,3250.95,3150.0,3180.79
2024-04-30 04:00:00,3180.8,3185.48,3152.0,3157.35
2024-04-30 08:00:00,3157.35,3161.75,3003.7,3007.45
2024-04-30 12:00:00,3007.45,3037.42,2966.01,2994.12
2024-04-30 16:00:00,2994.11,2998.6,2921.0,2928.96
2024-04-30 20:00:00,2928.96,3029.4,2928.0,3014.05
2024-05-01 00:00:00,3014.04,3023.24,2960.03,3004.37
2024-05-01 04:00:00,3004.37,3013.87,2859.0,2869.71
2024-05-01 08:00:00,2869.7,2906.27,2817.0,2905.39
2024-05-01 12:00:00,2905.4,2934.0,2865.91,2885.45
2024-05-01 16:00:00,2885.46,3015.73,2868.72,2926.06
2024-05-01 20:00:00,2926.05,2984.89,2914.42,2972.46
2024-05-02 00:00:00,2972.46,2982.18,2893.26,2929.33
2024-05-02 04:00:00,2929.34,2938.0,2898.2,2921.22
2024-05-02 08:00:00,2921.22,3002.51,2916.73,2995.55
2024-05-02 12:00:00,2995.54,3013.0,2952.4,2990.17
2024-05-02 16:00:00,2990.16,3006.0,2972.0,2999.81
2024-05-02 20:00:00,2999.8,3016.72,2968.84,2986.19
2024-05-03 00:00:00,2986.19,3036.17,2977.7,3010.15
2024-05-03 04:00:00,3010.14,3017.2,2958.71,2969.0
2024-05-03 08:00:00,2969.0,2990.62,2958.32,2979.5
2024-05-03 12:00:00,2979.49,3086.0,2969.75,3075.52
2024-05-03 16:00:00,3075.52,3087.99,3062.61,3072.5
2024-05-03 20:00:00,3072.51,3126.99,3068.59,3102.61
2024-05-04 00:00:00,3102.61,3130.85,3092.85,3112.0
2024-05-04 04:00:00,3112.0,3123.06,3095.37,3095.94
2024-05-04 08:00:00,3095.94,3168.0,3095.68,3130.45
2024-05-04 12:00:00,3130.45,3158.95,3115.08,3126.81
2024-05-04 16:00:00,3126.8,3140.0,3114.08,3137.01
2024-05-04 20:00:00,3137.02,3147.0,3104.34,3117.23
2024-05-05 00:00:00,3117.24,3126.41,3072.99,3086.91
2024-05-05 04:00:00,3086.9,3114.8,3080.83,3105.7
2024-05-05 08:00:00,3105.7,3171.93,3103.52,3138.1
2024-05-05 12:00:00,3138.1,3168.0,3127.04,3160.19
2024-05-05 16:00:00,3160.18,3166.34,3130.68,3142.45
2024-05-05 20:00:00,3142.45,3146.66,3122.89,3136.41
2024-05-06 00:00:00,3136.4,3165.97,3124.38,3134.61
2024-05-06 04:00:00,3134.61,3191.94,3127.94,3180.53
2024-05-06 08:00:00,3180.54,3221.4,3131.2,3149.23
2024-05-06 12:00:00,3149.23,3154.99,3056.61,3089.25
2024-05-06 16:00:00,3089.25,3096.36,3046.35,3069.84
2024-05-06 20:00:00,3069.83,3089.11,3060.98,3062.6
2024-05-07 00:00:00,3062.59,3096.8,3021.34,3049.19
2024-05-07 04:00:00,3049.19,3082.5,3044.01,3077.4
2024-05-07 08:00:00,3077.4,3129.85,3059.09,3063.39
2024-05-07 12:00:00,3063.4,3106.0,3045.7,3071.41
2024-05-07 16:00:00,3071.41,3079.41,3027.0,3049.62
2024-05-07 20:00:00,3049.61,3061.44,2998.0,3005.69
2024-05-08 00:00:00,3005.69,3038.15,2994.58,3032.33
2024-05-08 04:00:00,3032.32,3036.52,2989.56,2995.01
2024-05-08 08:00:00,2995.01,3011.4,2978.4,2990.31
2024-05-08 12:00:00,2990.31,3032.5,2985.0,3006.98
2024-05-08 16:00:00,3006.99,3024.11,2986.58,2999.38
2024-05-08 20:00:00,2999.39,3004.0,2936.48,2974.21
2024-05-09 00:00:00,2974.2,3005.1,2972.2,2997.9
2024-05-09 04:00:00,2997.91,3014.96,2975.7,2983.59
2024-05-09 08:00:00,2983.59,2991.8,2950.77,2977.2
2024-05-09 12:00:00,2977.2,3019.28,2955.86,3005.99
2024-05-09 16:00:00,3005.99,3025.98,2989.59,3021.41
2024-05-09 20:00:00,3021.4,3059.0,3015.66,3036.23
2024-05-10 00:00:00,3036.24,3044.0,3018.23,3028.95
2024-05-10 04:00:00,3028.95,3053.89,3021.64,3042.26
2024-05-10 08:00:00,3042.27,3045.23,3022.0,3037.85
2024-05-10 12:00:00,3037.85,3044.53,2907.79,2918.54
2024-05-10 16:00:00,2918.54,2935.0,2878.03,2901.6
2024-05-10 20:00:00,2901.6,2916.11,2887.4,2909.99
2024-05-11 00:00:00,2909.98,2936.59,2905.2,2911.0
2024-05-11 04:00:00,2911.0,2927.74,2905.9,2921.79
2024-05-11 08:00:00,2921.8,2925.38,2886.46,2903.4
2024-05-11 12:00:00,2903.4,2945.67,2896.0,2925.72
2024-05-11 16:00:00,2925.72,2940.37,2917.43,2930.61
2024-05-11 20:00:00,2930.61,2930.96,2906.48,2912.45
2024-05-12 00:00:00,2912.45,2925.33,2909.11,2921.13
2024-05-12 04:00:00,2921.12,2932.26,2901.17,2907.8
2024-05-12 08:00:00,2907.8,2943.73,2902.68,2928.0
2024-05-12 12:00:00,2928.0,2943.77,2925.41,2938.0
2024-05-12 16:00:00,2937.99,2955.2,2921.25,2929.59
2024-05-12 20:00:00,2929.6,2936.27,2913.78,2929.29
2024-05-13 00:00:00,2929.3,2942.97,2864.76,2889.92
2024-05-13 04:00:00,2889.92,2958.0,2870.37,2953.99
2024-05-13 08:00:00,2953.99,2996.4,2948.4,2965.57
2024-05-13 12:00:00,2965.57,2987.0,2949.26,2961.22
2024-05-13 16:00:00,2961.21,2977.89,2928.66,2956.7
2024-05-13 20:00:00,2956.69,2960.0,2938.0,2950.99
2024-05-14 00:00:00,2950.99,2960.6,2936.66,2940.99
2024-05-14 04:00:00,2940.99,2949.07,2882.29,2920.03
2024-05-14 08:00:00,2920.02,2920.03,2897.53,2907.94
2024-05-14 12:00:00,2907.94,2924.14,2870.25,2898.93
2024-05-14 16:00:00,2898.94,2900.67,2862.0,2893.74
2024-05-14 20:00:00,2893.73,2903.0,2878.65,2881.93
2024-05-15 00:00:00,2881.93,2903.08,2863.75,2902.64
2024-05-15 04:00:00,2902.65,2922.0,2897.98,2916.51
2024-05-15 08:00:00,2916.5,2933.8,2886.81,2898.74
2024-05-15 12:00:00,2898.74,2992.99,2893.02,2976.81
2024-05-15 16:00:00,2976.8,3025.96,2970.0,3024.56
2024-05-15 20:00:00,3024.55,3041.36,3009.49,3032.55
2024-05-16 00:00:00,3032.55,3041.24,2997.0,3013.44
2024-05-16 04:00:00,3013.45,3021.37,3004.4,3016.31
2024-05-16 08:00:00,3016.31,3027.85,2989.72,3006.45
2024-05-16 12:00:00,3006.45,3009.12,2931.05,2956.57
2024-05-16 16:00:00,2956.57,2960.64,2925.02,2944.76
2024-05-16 20:00:00,2944.75,2946.1,2922.8,2944.7
2024-05-17 00:00:00,2944.7,2956.28,2933.06,2950.49
2024-05-17 04:00:00,2950.5,3033.0,2940.0,3024.67
2024-05-17 08:00:00,3024.66,3059.53,3017.74,3030.4
2024-05-17 12:00:00,3030.4,3118.54,3020.1,3111.54
2024-05-17 16:00:00,3111.54,3120.0,3067.16,3085.16
2024-05-17 20:00:00,3085.16,3095.76,3080.59,3092.01
2024-05-18 00:00:00,3092.0,3126.66,3083.61,3114.4
2024-05-18 04:00:00,3114.39,3119.94,3090.71,3101.99
2024-05-18 08:00:00,3102.0,3146.98,3100.27,3133.79
2024-05-18 12:00:00,3133.79,3135.0,3095.71,3110.89
2024-05-18 16:00:00,3110.89,3121.2,3105.88,3119.69
2024-05-18 20:00:00,3119.69,3126.89,3106.05,3122.94
2024-05-19 00:00:00,3122.94,3136.64,3112.61,3129.36
2024-05-19 04:00:00,3129.35,3130.52,3103.33,3115.81
2024-05-19 08:00:00,3115.8,3125.0,3082.04,3102.58
2024-05-19 12:00:00,3102.59,3103.0,3063.26,3077.25
2024-05-19 16:00:00,3077.25,3083.9,3057.82,3065.2
2024-05-19 20:00:00,3065.2,3082.41,3053.38,3071.19
2024-05-20 00:00:00,3071.2,3100.67,3047.67,3087.21
2024-05-20 04:00:00,3087.2,3140.0,3065.0,3091.73
2024-05-20 08:00:00,3091.72,3113.94,3086.5,3093.8
2024-05-20 12:00:00,3093.79,3121.0,3076.69,3118.53
2024-05-20 16:00:00,3118.52,3457.12,3110.85,3438.87
2024-05-20 20:00:00,3438.86,3694.0,3420.37,3661.78
2024-05-21 00:00:00,3661.79,3721.0,3638.8,3695.9
2024-05-21 04:00:00,3695.9,3699.6,3624.28,3660.49
2024-05-21 08:00:00,3660.5,3823.5,3649.36,3777.97
2024-05-21 12:00:00,3777.98,3836.0,3748.57,3777.68
2024-05-21 16:00:00,3777.69,3841.54,3680.68,3712.27
2024-05-21 20:00:00,3712.26,3821.5,3709.13,3789.6
2024-05-22 00:00:00,3789.59,3813.69,3774.91,3793.43
2024-05-22 04:00:00,3793.42,3795.07,3720.01,3746.79
2024-05-22 08:00:00,3746.8,3779.8,3690.0,3690.6
2024-05-22 12:00:00,3690.59,3773.88,3653.15,3762.66
2024-05-22 16:00:00,3762.65,3798.0,3700.6,3736.61
2024-05-22 20:00:00,3736.61,3781.0,3723.38,3737.73
2024-05-23 00:00:00,3737.72,3788.86,3736.67,3782.11
2024-05-23 04:00:00,3782.1,3833.65,3759.41,3814.0
2024-05-23 08:00:00,3813.99,3925.24,3790.94,3918.46
2024-05-23 12:00:00,3918.45,3949.29,3723.0,3812.95
2024-05-23 16:00:00,3812.96,3827.77,3685.0,3791.34
2024-05-23 20:00:00,3791.33,3887.43994,3498.0,3783.61
2024-05-24 00:00:00,3783.6,3829.61,3744.34,3803.82
2024-05-24 04:00:00,3803.82,3815.63,3651.0,3679.24
2024-05-24 08:00:00,3679.24,3717.67,3626.1,3712.62
2024-05-24 12:00:00,3712.62,3732.83,3671.15,3693.67
2024-05-24 16:00:00,3693.66,3759.0,3655.26,3744.4
2024-05-24 20:00:00,3744.4,3755.05,3723.01,3728.28
2024-05-25 00:00:00,3728.28,3747.72,3709.03,3745.26
2024-05-25 04:00:00,3745.26,3779.43,3744.4,3746.6
2024-05-25 08:00:00,3746.6,3775.0,3736.42,3739.39
2024-05-25 12:00:00,3739.39,3758.2,3719.8,3743.79
2024-05-25 16:00:00,3743.8,3766.02,3736.68,3757.64
2024-05-25 20:00:00,3757.65,3760.28,3730.12,3749.26
2024-05-26 00:00:00,3749.25,3772.93,3731.17,3771.59
2024-05-26 04:00:00,3771.59,3795.06,3741.16,3786.02
2024-05-26 08:00:00,3786.01,3822.4,3777.22,3813.79
2024-05-26 12:00:00,3813.79,3875.8,3792.14,3833.05
2024-05-26 16:00:00,3833.06,3884.2,3831.26,3878.86
2024-05-26 20:00:00,3878.86,3879.63,3817.39,3826.47
2024-05-27 00:00:00,3826.47,3939.59,3823.37,3919.58
2024-05-27 04:00:00,3919.59,3935.0,3888.71,3914.01
2024-05-27 08:00:00,3914.01,3954.35,3884.17,3900.49
2024-05-27 12:00:00,3900.5,3977.0,3891.81,3963.39
2024-05-27 16:00:00,3963.39,3974.3,3854.16,3873.25
2024-05-27 20:00:00,3873.26,3905.14,3860.71,3894.22
2024-05-28 00:00:00,3894.21,3910.0,3827.41,3849.71
2024-05-28 04:00:00,3849.72,3864.85,3821.63,3847.29
2024-05-28 08:00:00,3847.3,3931.09,3839.0,3904.34
2024-05-28 12:00:00,3904.34,3912.0,3831.29,3861.1
2024-05-28 16:00:00,3861.1,3869.14,3773.9,3840.81
2024-05-28 20:00:00,3840.8,3871.76,3823.0,3844.69
2024-05-29 00:00:00,3844.69,3862.41,3835.15,3850.87012
2024-05-29 04:00:00,3850.99,3888.55,3818.48,3820.0
2024-05-29 08:00:00,3819.99,3828.88,3781.0,3811.16
2024-05-29 12:00:00,3811.15,3838.83,3750.6,3759.85
2024-05-29 16:00:00,3759.84,3780.0,3744.41,3749.66
2024-05-29 20:00:00,3749.66,3792.99,3742.59,3767.43
2024-05-30 00:00:00,3767.44,3797.79,3750.75,3791.31
2024-05-30 04:00:00,3791.3,3801.65,3712.73,3720.32
2024-05-30 08:00:00,3720.32,3757.25,3702.58,3737.0
2024-05-30 12:00:00,3737.01,3798.97,3733.39,3776.12
2024-05-30 16:00:00,3776.12,3825.35,3752.24,3762.01
2024-05-30 20:00:00,3762.0,3762.4,3719.3,3747.91
2024-05-31 00:00:00,3747.9,3770.0,3740.45,3760.21
2024-05-31 04:00:00,3760.21,3766.55,3724.41,3729.11
2024-05-31 08:00:00,3729.11,3813.2,3726.45,3802.62
2024-05-31 12:00:00,3802.62,3849.94,3743.55005,3743.55005
2024-05-31 16:00:00,3748.44995,3793.98999,3726.01001,3787.0
2024-05-31 20:00:00,3787.0,3798.3999,3745.84009,3762.59009
2024-06-01 00:00:00,3765.83008,3781.87988,3753.29004,3778.96997
2024-06-01 04:00:00,3779.5,3793.98999,3771.47998,3771.71997
2024-06-01 08:00:00,3773.060059,3807.96997,3772.62012,3788.28003
2024-06-01 12:00:00,3787.92993,3813.62012,3787.67993,3798.16992
2024-06-01 16:00:00,3802.98999,3809.81006,3792.040039,3804.6499
2024-06-01 20:00:00,3803.5,3832.37012,3799.01001,3815.92993
2024-06-02 00:00:00,3816.66992,3838.3999,3797.87988,3807.12988
2024-06-02 04:00:00,3807.51001,3823.62012,3793.43994,3795.0
2024-06-02 08:00:00,3792.80005,3809.0,3772.3501,3805.48999
2024-06-02 12:00:00,3807.98999,3809.88989,3779.29004,3799.0
2024-06-02 16:00:00,3799.80005,3803.66992,3753.56006,3783.18994
2024-06-02 20:00:00,3782.070068,3795.31006,3765.98999,3782.1001
2024-06-03 00:00:00,3780.91992,3820.48999,3761.070068,3799.33008
2024-06-03 04:00:00,3801.62012,3842.0,3795.54004,3817.1499
2024-06-03 08:00:00,3818.13989,3840.1499,3804.70996,3809.030029
2024-06-03 12:00:00,3810.55005,3849.56006,3762.37012,3794.62012
2024-06-03 16:00:00,3797.27002,3797.27002,3759.01001,3773.02002
2024-06-03 20:00:00,3771.0,3784.11011,3760.33008,3767.070068
2024-06-04 00:00:00,3765.86011,3783.68994,3745.82007,3774.3501
2024-06-04 04:00:00,3771.52002,3778.0,3753.63989,3774.54004
2024-06-04 08:00:00,3774.94995,3780.58008,3743.12988,3764.58008
2024-06-04 12:00:00,3764.68994,3816.20996,3753.58008,3810.3999
2024-06-04 16:00:00,3813.17993,3831.37988,3777.18994,3800.98999
2024-06-04 20:00:00,3800.15991,3821.69995,3792.3999,3810.23999
2024-06-05 00:00:00,3811.98999,3839.1499,3802.030029,3810.40991
2024-06-05 04:00:00,3810.78003,3820.80005,3778.060059,3810.0
2024-06-05 08:00:00,3809.5,3810.98999,3789.58008,3804.25
2024-06-05 12:00:00,3804.66992,3822.98999,3782.38989,3813.59009
2024-06-05 16:00:00,3814.0,3876.54004,3799.76001,3876.54004
2024-06-05 20:00:00,3883.20996,3885.18994,3842.6499,3865.1499
2024-06-06 00:00:00,3866.40991,3878.43994,3853.62988,3861.69995
2024-06-06 04:00:00,3862.5,3865.0,3841.1001,3852.6001
2024-06-06 08:00:00,3852.1001,3856.48999,3843.19995,3849.5
2024-06-06 12:00:00,3849.73999,3861.28003,3829.31006,3845.0
2024-06-06 16:00:00,3846.31006,3854.3999,3790.11011,3790.8999
2024-06-06 20:00:00,3790.0,3815.01001,3765.31006,3812.92993
2024-06-07 00:00:00,3812.69995,3813.42993,3793.21997,3806.12988
2024-06-07 04:00:00,3806.0,3824.88989,3806.0,3817.1001
2024-06-07 08:00:00,3816.95996,3839.20996,3801.59009,3833.0
2024-06-07 12:00:00,3836.56006,3840.8999,3774.01001,3801.38989
2024-06-07 16:00:00,3800.72998,3807.43994,3607.76001,3688.61011
2024-06-07 20:00:00,3684.42993,3698.15991,3671.5,3678.31006
2024-06-08 00:00:00,3677.01001,3691.87012,3676.47998,3689.98999
2024-06-08 04:00:00,3689.67993,3709.40991,3677.29004,3709.21997
2024-06-08 08:00:00,3708.96997,3708.96997,3679.65991,3683.5
2024-06-08 12:00:00,3682.65991,3696.81006,3670.29004,3688.12012
2024-06-08 16:00:00,3688.19995,3694.13989,3673.8999,3682.6001
2024-06-08 20:00:00,3681.0,3684.45996,3670.43994,3681.57007
2024-06-09 00:00:00,3681.31006,3684.65991,3668.44995,3674.65991
2024-06-09 04:00:00,3674.21997,3691.6499,3669.20996,3685.91992
2024-06-09 08:00:00,3685.5,3693.87012,3683.030029,3692.76001
2024-06-09 12:00:00,3694.48999,3711.12988,3684.28003,3690.59009
2024-06-09 16:00:00,3691.040039,3709.42993,3689.43994,3701.080078
2024-06-09 20:00:00,3702.18994,3718.95996,3695.69995,3706.32007
2024-06-10 00:00:00,3705.86011,3705.86011,3681.1001,3683.29004
2024-06-10 04:00:00,3684.1499,3691.93994,3655.11011,3655.11011
2024-06-10 08:00:00,3650.38989,3680.90991,3650.38989,3675.53003
2024-06-10 12:00:00,3675.86011,3711.8999,3663.5,3704.3501
2024-06-10 16:00:00,3703.17993,3704.94995,3665.13989,3669.6499
2024-06-10 20:00:00,3666.040039,3677.060059,3651.66992,3667.86011
2024-06-11 00:00:00,3666.060059,3672.98999,3581.48999,3595.77002
2024-06-11 04:00:00,3587.37988,3592.81006,3523.95996,3534.84009
2024-06-11 08:00:00,3533.91992,3548.62988,3503.44995,3528.90991
2024-06-11 12:00:00,3529.43994,3543.80005,3444.79004,3446.52002
2024-06-11 16:00:00,3454.060059,3501.78003,3433.02002,3495.18994
2024-06-11 20:00:00,3493.81006,3509.0,3484.36011,3498.0
2024-06-12 00:00:00,3497.30005,3510.91992,3464.19995,3509.61011
2024-06-12 04:00:00,3511.23999,3532.38989,3507.80005,3526.90991
2024-06-12 08:00:00,3526.70996,3563.55005,3516.94995,3532.37988
2024-06-12 12:00:00,3532.17993,3652.8999,3532.17993,3617.91992
2024-06-12 16:00:00,3621.83008,3625.20996,3516.15991,3528.32007
2024-06-12 20:00:00,3531.3999,3574.37988,3524.61011,3559.93994
2024-06-13 00:00:00,3560.070068,3561.19995,3477.33008,3501.83008
2024-06-13 04:00:00,3500.8999,3517.30005,3485.90991,3506.61011
2024-06-13 08:00:00,3507.98999,3511.38989,3475.62012,3496.80005
2024-06-13 12:00:00,3494.88989,3525.98999,3436.61011,3442.6001
2024-06-13 16:00:00,3444.80005,3488.38989,3433.0,3481.3999
2024-06-13 20:00:00,3481.30005,3488.26001,3462.6001,3470.19995
2024-06-14 00:00:00,3469.19995,3508.81006,3461.61011,3491.0
2024-06-14 04:00:00,3490.90991,3530.92993,3490.90991,3517.6001
2024-06-14 08:00:00,3516.5,3530.0,3505.70996,3514.31006
2024-06-14 12:00:00,3517.12988,3524.84009,3461.87012,3461.87012
2024-06-14 16:00:00,3463.18994,3466.25,3368.17993,3406.6001
2024-06-14 20:00:00,3406.0,3521.73999,3404.71997,3481.79004
2024-06-15 00:00:00,3483.82007,3503.12012,3474.30005,3503.12012
2024-06-15 04:00:00,3505.3501,3557.80005,3499.17993,3529.050049
2024-06-15 08:00:00,3530.5,3541.56006,3520.63989,3539.78003
2024-06-15 12:00:00,3539.38989,3592.87012,3538.19995,3565.29004
2024-06-15 16:00:00,3564.47998,3575.6001,3553.01001,3558.46997
2024-06-15 20:00:00,3556.51001,3575.29004,3538.01001,3568.75
2024-06-16 00:00:00,3568.0,3573.62988,3549.98999,3555.61011
2024-06-16 04:00:00,3554.94995,3574.36011,3541.46997,3561.51001
2024-06-16 08:00:00,3561.01001,3569.13989,3547.19995,3555.51001
2024-06-16 12:00:00,3555.080078,3610.82007,3553.98999,3592.61011
2024-06-16 16:00:00,3590.6001,3608.01001,3588.26001,3599.030029
2024-06-16 20:00:00,3599.93994,3650.01001,3589.12012,3625.13989
2024-06-17 00:00:00,3625.43994,3637.0,3577.37988,3582.5
2024-06-17 04:00:00,3582.80005,3595.98999,3547.90991,3549.21997
2024-06-17 08:00:00,3558.79004,3559.67993,3493.37988,3527.62012
2024-06-17 12:00:00,3527.58008,3546.37012,3490.040039,3495.3999
2024-06-17 16:00:00,3494.79004,3574.02002,3470.79004,3553.3999
2024-06-17 20:00:00,3553.81006,3553.81006,3502.96997,3511.46997
2024-06-18 00:00:00,3512.3999,3515.81006,3375.01001,3440.53003
2024-06-18 04:00:00,3439.21997,3460.81006,3430.18994,3443.96997
2024-06-18 08:00:00,3443.5,3451.12988,3393.80005,3413.40991
2024-06-18 12:00:00,3413.030029,3439.41992,3373.0,3423.81006
2024-06-18 16:00:00,3420.18994,3435.0,3389.21997,3422.20996
2024-06-18 20:00:00,3419.80005,3487.23999,3416.54004,3484.6001
2024-06-19 00:00:00,3485.070068,3571.5,3466.80005,3566.3999
2024-06-19 04:00:00,3566.78003,3584.86011,3534.6001,3543.20996
2024-06-19 08:00:00,3544.98999,3561.78003,3521.19995,3539.0
2024-06-19 12:00:00,3536.93994,3550.12012,3512.6001,3527.30005
2024-06-19 16:00:00,3529.01001,3585.77002,3525.27002,3545.84009
2024-06-19 20:00:00,3546.8501,3576.15991,3533.98999,3561.32007
2024-06-20 00:00:00,3560.59009,3591.79004,3533.98999,3552.72998
2024-06-20 04:00:00,3553.86011,3612.68994,3545.21997,3606.27002
2024-06-20 08:00:00,3609.84009,3624.41992,3575.6001,3598.61011
2024-06-20 12:00:00,3600.70996,3610.94995,3492.58008,3508.6001
2024-06-20 16:00:00,3505.29004,3540.69995,3486.65991,3536.37012
2024-06-20 20:00:00,3533.21997,3535.38989,3511.52002,3512.87012
2024-06-21 00:00:00,3513.59009,3534.80005,3493.030029,3501.8999
2024-06-21 04:00:00,3501.57007,3521.61011,3470.55005,3474.59009
2024-06-21 08:00:00,3475.70996,3528.6499,3447.55005,3504.12012
2024-06-21 12:00:00,3502.72998,3519.37012,3456.83008,3488.12012
2024-06-21 16:00:00,3490.29004,3534.38989,3473.13989,3532.57007
2024-06-21 20:00:00,3539.52002,3543.060059,3500.050049,3517.91992
2024-06-22 00:00:00,3519.47998,3520.79004,3494.80005,3506.77002
2024-06-22 04:00:00,3507.58008,3509.62988,3491.3501,3494.0
2024-06-22 08:00:00,3493.69995,3498.94995,3476.0,3493.19995
2024-06-22 12:00:00,3492.1001,3510.80005,3486.79004,3505.19995
2024-06-22 16:00:00,3505.48999,3508.080078,3486.15991,3491.43994
2024-06-22 20:00:00,3491.42993,3507.30005,3486.40991,3495.8501
2024-06-23 00:00:00,3496.070068,3518.87988,3494.87988,3518.41992
2024-06-23 04:00:00,3518.81006,3520.17993,3506.78003,3512.5
2024-06-23 08:00:00,3512.5,3513.0,3489.98999,3498.030029
2024-06-23 12:00:00,3497.61011,3503.66992,3472.69995,3475.5
2024-06-23 16:00:00,3474.01001,3482.21997,3462.3999,3479.3999
2024-06-23 20:00:00,3479.0,3480.11011,3410.20996,3420.72998
2024-06-24 00:00:00,3418.97998,3433.20996,3392.63989,3402.82007
2024-06-24 04:00:00,3402.53003,3412.59009,3357.79004,3368.58008
2024-06-24 08:00:00,3370.71997,3393.01001,3260.51001,3319.12988
2024-06-24 12:00:00,3316.20996,3336.46997,3265.42993,3275.25
2024-06-24 16:00:00,3280.12012,3313.91992,3245.98999,3283.19995
2024-06-24 20:00:00,3304.82007,3361.060059,3268.18994,3352.20996
2024-06-25 00:00:00,3351.31006,3385.12988,3337.15991,3372.82007
2024-06-25 04:00:00,3373.22998,3394.0,3358.0,3359.37988
2024-06-25 08:00:00,3360.66992,3389.030029,3347.6001,3377.3999
2024-06-25 12:00:00,3374.63989,3425.01001,3360.15991,3421.3999
2024-06-25 16:00:00,3421.19995,3424.050049,3382.01001,3416.38989
2024-06-25 20:00:00,3417.19995,3418.27002,3389.40991,3395.0
2024-06-26 00:00:00,3394.8999,3424.68994,3385.93994,3395.57007
2024-06-26 04:00:00,3395.20996,3403.0,3378.19995,3401.79004
2024-06-26 08:00:00,3401.62988,3401.62988,3368.11011,3381.59009
2024-06-26 12:00:00,3381.51001,3395.88989,3348.3501,3361.68994
2024-06-26 16:00:00,3361.19995,3409.98999,3328.47998,3408.050049
2024-06-26 20:00:00,3407.11011,3415.81006,3367.78003,3370.61011
2024-06-27 00:00:00,3372.0,3390.030029,3364.0,3383.80005
2024-06-27 04:00:00,3384.01001,3388.3999,3367.26001,3374.82007
2024-06-27 08:00:00,3376.3999,3411.83008,3369.53003,3405.01001
2024-06-27 12:00:00,3404.38989,3472.6001,3404.38989,3450.32007
2024-06-27 16:00:00,3452.6499,3465.87988,3439.98999,3450.0
2024-06-27 20:00:00,3452.37012,3455.030029,3440.54004,3450.43994
2024-06-28 00:00:00,3450.090088,3487.030029,3436.65991,3460.48999
2024-06-28 04:00:00,3460.91992,3460.91992,3429.62988,3433.22998
2024-06-28 08:00:00,3435.90991,3459.45996,3422.55005,3451.98999
2024-06-28 12:00:00,3452.79004,3475.44995,3405.21997,3414.61011
2024-06-28 16:00:00,3415.32007,3416.6001,3370.1001,3379.29004
2024-06-28 20:00:00,3378.61011,3394.0,3369.67993,3380.13989
2024-06-29 00:00:00,3382.13989,3399.0,3380.61011,3385.78003
2024-06-29 04:00:00,3386.1499,3408.32007,3381.56006,3399.71997
2024-06-29 08:00:00,3400.030029,3405.71997,3387.20996,3400.43994
2024-06-29 12:00:00,3400.72998,3403.19995,3383.52002,3394.59009
2024-06-29 16:00:00,3395.44995,3395.44995,3377.3999,3387.3999
2024-06-29 20:00:00,3387.02002,3389.18994,3374.80005,3378.59009
2024-06-30 00:00:00,3378.33008,3389.51001,3356.72998,3371.28003
2024-06-30 04:00:00,3370.77002,3399.36011,3358.5,3393.65991
2024-06-30 08:00:00,3394.3999,3399.17993,3386.20996,3389.18994
2024-06-30 12:00:00,3390.36011,3403.61011,3381.86011,3399.3999
2024-06-30 16:00:00,3400.82007,3431.57007,3392.02002,3428.19995
2024-06-30 20:00:00,3428.3999,3459.1001,3410.42993,3437.81006
2024-07-01 00:00:00,3439.79004,3522.02002,3432.90991,3498.22998
2024-07-01 04:00:00,3498.41992,3498.59009,3485.01001,3490.58008
2024-07-01 08:00:00,3490.94995,3494.87012,3458.050049,3458.98999
2024-07-01 12:00:00,3461.18994,3479.20996,3454.81006,3472.0
2024-07-01 16:00:00,3474.3501,3497.87988,3462.1001,3473.0
2024-07-01 20:00:00,3470.8999,3475.90991,3426.66992,3442.68994
2024-07-02 00:00:00,3443.15991,3463.0,3435.13989,3457.11011
2024-07-02 04:00:00,3456.01001,3463.91992,3434.53003,3439.15991
2024-07-02 08:00:00,3438.0,3454.54004,3434.11011,3452.80005
2024-07-02 12:00:00,3452.040039,3460.6001,3403.01001,3414.93994
2024-07-02 16:00:00,3415.040039,3432.88989,3410.16992,3414.78003
2024-07-02 20:00:00,3415.59009,3428.29004,3413.46997,3421.69995
2024-07-03 00:00:00,3421.69995,3432.090088,3345.12988,3360.030029
2024-07-03 04:00:00,3359.93994,3372.33008,3353.20996,3354.43994
2024-07-03 08:00:00,3352.57007,3356.8999,3291.81006,3307.91992
2024-07-03 12:00:00,3307.18994,3326.050049,3281.22998,3304.1499
2024-07-03 16:00:00,3302.62988,3321.51001,3259.34009,3266.59009
2024-07-03 20:00:00,3269.12012,3305.37988,3256.62988,3295.01001
2024-07-04 00:00:00,3299.3999,3313.20996,3185.54004,3242.58008
2024-07-04 04:00:00,3242.27002,3245.98999,3171.75,3182.62012
2024-07-04 08:00:00,3180.84009,3195.53003,3133.66992,3158.8999
2024-07-04 12:00:00,3158.1001,3158.82007,3091.01001,3138.79004
2024-07-04 16:00:00,3132.47998,3152.19995,3114.22998,3133.83008
2024-07-04 20:00:00,3133.80005,3169.18994,3051.8501,3057.65991
2024-07-05 00:00:00,3057.30005,3108.72998,2895.20996,2921.19995
2024-07-05 04:00:00,2918.53003,2928.0,2847.80005,2881.050049
2024-07-05 08:00:00,2879.48999,2955.79004,2822.1499,2946.94995
2024-07-05 12:00:00,2946.43994,2998.58008,2926.12012,2990.81006
2024-07-05 16:00:00,2990.01001,2997.38989,2962.01001,2986.32007
2024-07-05 20:00:00,2986.25,2992.80005,2965.0,2981.22998
2024-07-06 00:00:00,2980.82007,3024.40991,2955.53003,2979.87012
2024-07-06 04:00:00,2978.61011,3015.6001,2962.20996,3005.19995
2024-07-06 08:00:00,3005.040039,3015.070068,2986.28003,3005.65991
2024-07-06 12:00:00,3005.80005,3029.95996,2991.31006,3019.61011
2024-07-06 16:00:00,3019.65991,3063.72998,3016.44995,3058.20996
2024-07-06 20:00:00,3056.47998,3080.080078,3056.47998,3068.81006
2024-07-07 00:00:00,3067.6001,3072.18994,3040.55005,3050.98999
2024-07-07 04:00:00,3050.1001,3050.23999,2993.91992,3004.62988
2024-07-07 08:00:00,3004.96997,3030.38989,3004.96997,3015.40991
2024-07-07 12:00:00,3015.21997,3024.050049,2956.88989,2970.97998
2024-07-07 16:00:00,2970.59009,3007.31006,2964.63989,2984.18994
2024-07-07 20:00:00,2984.77002,3000.70996,2923.28003,2930.080078
2024-07-08 00:00:00,2932.15991,2950.6499,2825.97998,2879.93994
2024-07-08 04:00:00,2880.41992,2931.71997,2875.98999,2926.94995
2024-07-08 08:00:00,2924.0,3083.98999,2923.81006,3052.75
2024-07-08 12:00:00,3054.18994,3061.55005,2905.01001,2974.0
2024-07-08 16:00:00,2971.59009,3008.80005,2947.19995,3006.81006
2024-07-08 20:00:00,3005.21997,3043.12012,2985.0,3019.6001
2024-07-09 00:00:00,3017.01001,3074.080078,3004.55005,3066.25
2024-07-09 04:00:00,3064.73999,3087.79004,3055.98999,3061.12988
2024-07-09 08:00:00,3062.32007,3105.62988,3055.37012,3083.75
2024-07-09 12:00:00,3083.54004,3108.70996,3040.19995,3066.40991
2024-07-09 16:00:00,3066.37012,3085.01001,3047.46997,3068.96997
2024-07-09 20:00:00,3068.15991,3079.1001,3046.57007,3064.93994
2024-07-10 00:00:00,3066.16992,3081.68994,3026.33008,3080.37012
2024-07-10 04:00:00,3080.01001,3125.6001,3080.01001,3097.0
2024-07-10 08:00:00,3097.80005,3108.90991,3078.65991,3102.21997
2024-07-10 12:00:00,3100.19995,3125.76001,3080.57007,3123.0
2024-07-10 16:00:00,3125.070068,3149.76001,3091.45996,3108.69995
2024-07-10 20:00:00,3108.060059,3111.02002,3083.43994,3101.11011
2024-07-11 00:00:00,3099.6001,3125.80005,3057.59009,3076.76001
2024-07-11 04:00:00,3076.0,3122.56006,3074.48999,3118.02002
2024-07-11 08:00:00,3118.5,3155.29004,3115.75,3148.43994
2024-07-11 12:00:00,3148.29004,3214.0,3108.6001,3117.8999
2024-07-11 16:00:00,3116.040039,3147.54004,3103.62012,3106.36011
2024-07-11 20:00:00,3107.80005,3120.22998,3087.37012,3099.80005
2024-07-12 00:00:00,3101.40991,3117.48999,3056.3999,3085.77002
2024-07-12 04:00:00,3086.27002,3098.11011,3058.79004,3071.87988
2024-07-12 08:00:00,3071.70996,3083.43994,3048.54004,3069.37988
2024-07-12 12:00:00,3070.30005,3135.81006,3064.21997,3131.3501
2024-07-12 16:00:00,3131.84009,3157.40991,3115.8999,3115.8999
2024-07-12 20:00:00,3119.31006,3134.12012,3091.8999,3133.21997
2024-07-13 00:00:00,3134.080078,3139.070068,3120.31006,3120.91992
2024-07-13 04:00:00,3120.66992,3141.0,3113.37988,3139.94995
2024-07-13 08:00:00,3140.83008,3168.19995,3129.25,3156.40991
2024-07-13 12:00:00,3156.34009,3164.67993,3143.58008,3154.87012
2024-07-13 16:00:00,3155.1499,3164.58008,3148.46997,3163.76001
2024-07-13 20:00:00,3163.12988,3200.0,3145.30005,3174.98999
2024-07-14 00:00:00,3176.3999,3192.050049,3165.30005,3173.97998
2024-07-14 04:00:00,3172.19995,3205.44995,3171.21997,3195.3999
2024-07-14 08:00:00,3197.58008,3221.18994,3196.32007,3202.6001
2024-07-14 12:00:00,3202.62012,3203.22998,3175.01001,3190.61011
2024-07-14 16:00:00,3190.47998,3197.12012,3183.32007,3191.30005
2024-07-14 20:00:00,3190.40991,3265.72998,3190.25,3243.3999
2024-07-15 00:00:00,3245.98999,3335.8999,3233.68994,3329.66992
2024-07-15 04:00:00,3331.80005,3363.79004,3321.15991,3355.19995
2024-07-15 08:00:00,3357.18994,3368.21997,3330.37988,3339.17993
2024-07-15 12:00:00,3341.0,3390.01001,3334.01001,3368.48999
2024-07-15 16:00:00,3368.30005,3424.65991,3359.98999,3402.69995
2024-07-15 20:00:00,3405.8501,3490.81006,3405.8501,3484.72998
2024-07-16 00:00:00,3483.38989,3494.48999,3456.40991,3469.78003
2024-07-16 04:00:00,3470.0,3476.69995,3372.5,3376.81006
2024-07-16 08:00:00,3375.17993,3424.28003,3347.78003,3418.61011
2024-07-16 12:00:00,3419.36011,3483.91992,3378.3501,3476.66992
2024-07-16 16:00:00,3481.11011,3493.78003,3442.17993,3474.82007
2024-07-16 20:00:00,3471.080078,3475.0,3415.72998,3442.94995
2024-07-17 00:00:00,3444.95996,3514.6001,3442.070068,3480.28003
2024-07-17 04:00:00,3480.20996,3513.1499,3472.31006,3485.71997
2024-07-17 08:00:00,3486.71997,3499.53003,3442.6001,3447.62988
2024-07-17 12:00:00,3448.23999,3473.6001,3433.62012,3440.0
2024-07-17 16:00:00,3437.12012,3438.41992,3378.58008,3416.41992
2024-07-17 20:00:00,3415.23999,3428.3999,3386.43994,3387.80005
2024-07-18 00:00:00,3389.78003,3438.77002,3385.0,3431.76001
2024-07-18 04:00:00,3432.0,3452.27002,3410.0,3432.90991
2024-07-18 08:00:00,3433.98999,3459.82007,3432.1001,3459.51001
2024-07-18 12:00:00,3459.98999,3489.44995,3387.38989,3389.28003
2024-07-18 16:00:00,3388.36011,3423.19995,3374.6001,3403.66992
2024-07-18 20:00:00,3403.62012,3437.29004,3398.25,3425.88989
2024-07-19 00:00:00,3425.62012,3431.23999,3385.52002,3429.59009
2024-07-19 04:00:00,3432.11011,3450.29004,3386.68994,3391.6001
2024-07-19 08:00:00,3391.62988,3409.61011,3377.86011,3404.40991
2024-07-19 12:00:00,3404.86011,3473.97998,3398.040039,3464.20996
2024-07-19 16:00:00,3467.88989,3539.3999,3467.88989,3519.93994
2024-07-19 20:00:00,3520.080078,3524.6001,3494.53003,3504.44995
2024-07-20 00:00:00,3505.29004,3507.62012,3480.0,3495.19995
2024-07-20 04:00:00,3495.6499,3508.01001,3488.63989,3488.63989
2024-07-20 08:00:00,3487.030029,3494.080078,3480.93994,3484.81006
2024-07-20 12:00:00,3485.69995,3507.3999,3481.67993,3502.36011
2024-07-20 16:00:00,3502.82007,3538.20996,3492.33008,3514.44995
2024-07-20 20:00:00,3514.43994,3526.21997,3503.32007,3517.01001
2024-07-21 00:00:00,3518.98999,3527.060059,3504.38989,3510.45996
2024-07-21 04:00:00,3510.45996,3513.59009,3482.20996,3485.47998
2024-07-21 08:00:00,3485.16992,3506.1499,3485.16992,3498.70996
2024-07-21 12:00:00,3498.43994,3516.6499,3484.12988,3499.94995
2024-07-21 16:00:00,3500.19995,3525.3999,3415.66992,3491.3999
2024-07-21 20:00:00,3489.48999,3544.63989,3482.73999,3535.48999
2024-07-22 00:00:00,3536.3999,3559.6001,3515.8501,3516.62012
2024-07-22 04:00:00,3517.33008,3522.32007,3466.45996,3478.76001
2024-07-22 08:00:00,3477.77002,3503.45996,3471.88989,3500.73999
2024-07-22 12:00:00,3500.0,3506.83008,3437.45996,3456.18994
2024-07-22 16:00:00,3457.54004,3498.070068,3446.45996,3496.68994
2024-07-22 20:00:00,3498.3999,3498.3999,3424.79004,3439.98999
2024-07-23 00:00:00,3439.52002,3489.79004,3438.050049,3474.0
2024-07-23 04:00:00,3474.01001,3483.43994,3426.79004,3452.69995
2024-07-23 08:00:00,3453.67993,3537.86011,3453.67993,3516.01001
2024-07-23 12:00:00,3516.3999,3518.40991,3431.29004,3455.52002
2024-07-23 16:00:00,3453.080078,3496.030029,3396.67993,3455.3501
2024-07-23 20:00:00,3460.17993,3497.6499,3456.90991,3482.51001
2024-07-24 00:00:00,3482.51001,3487.0,3427.3999,3448.75
2024-07-24 04:00:00,3448.36011,3451.3999,3430.070068,3446.30005
2024-07-24 08:00:00,3447.030029,3472.33008,3443.79004,3460.02002
2024-07-24 12:00:00,3459.62988,3471.050049,3411.0,3415.01001
2024-07-24 16:00:00,3415.96997,3431.33008,3361.84009,3361.84009
2024-07-24 20:00:00,3363.37988,3376.46997,3311.62988,3335.11011
2024-07-25 00:00:00,3336.080078,3342.0,3158.43994,3170.37012
2024-07-25 04:00:00,3168.31006,3194.21997,3145.27002,3171.84009
2024-07-25 08:00:00,3169.80005,3186.47998,3155.38989,3173.27002
2024-07-25 12:00:00,3171.40991,3183.65991,3117.83008,3141.20996
2024-07-25 16:00:00,3141.81006,3172.18994,3102.83008,3123.28003
2024-07-25 20:00:00,3124.54004,3194.98999,3088.92993,3175.46997
2024-07-26 00:00:00,3174.8999,3257.84009,3173.0,3235.95996
2024-07-26 04:00:00,3236.65991,3275.090088,3233.59009,3249.54004
2024-07-26 08:00:00,3250.63989,3263.18994,3235.12012,3246.65991
2024-07-26 12:00:00,3247.060059,3267.6001,3221.87012,3255.76001
2024-07-26 16:00:00,3255.02002,3282.65991,3242.65991,3273.6001
2024-07-26 20:00:00,3274.69995,3285.70996,3252.71997,3275.060059
2024-07-27 00:00:00,3274.62988,3274.62988,3244.21997,3245.13989
2024-07-27 04:00:00,3245.13989,3277.79004,3244.32007,3272.31006
2024-07-27 08:00:00,3273.8999,3281.56006,3263.90991,3278.40991
2024-07-27 12:00:00,3279.0,3326.80005,3272.37988,3280.3501
2024-07-27 16:00:00,3280.95996,3290.13989,3233.73999,3258.59009
2024-07-27 20:00:00,3255.0,3289.01001,3199.83008,3246.82007
2024-07-28 00:00:00,3248.80005,3256.26001,3230.19995,3237.69995
2024-07-28 04:00:00,3238.67993,3243.6001,3201.61011,3227.68994
2024-07-28 08:00:00,3225.55005,3265.18994,3216.01001,3256.23999
2024-07-28 12:00:00,3256.25,3278.6001,3255.87988,3268.6001
2024-07-28 16:00:00,3269.070068,3282.48999,3263.43994,3271.84009
2024-07-28 20:00:00,3272.43994,3273.26001,3252.02002,3270.15991
2024-07-29 00:00:00,3270.93994,3355.01001,3267.59009,3348.54004
2024-07-29 04:00:00,3351.25,3388.98999,3340.51001,3368.31006
2024-07-29 08:00:00,3366.8999,3396.63989,3364.80005,3376.3999
2024-07-29 12:00:00,3376.68994,3386.5,3291.30005,3309.28003
2024-07-29 16:00:00,3308.30005,3320.79004,3260.59009,3310.41992
2024-07-29 20:00:00,3311.28003,3353.30005,3311.23999,3318.12988
2024-07-30 00:00:00,3320.19995,3337.19995,3284.21997,3321.1001
2024-07-30 04:00:00,3320.33008,3350.54004,3299.0,3340.56006
2024-07-30 08:00:00,3341.8501,3354.12012,3327.6001,3335.41992
2024-07-30 12:00:00,3334.6001,3366.0,3294.1499,3321.92993
2024-07-30 16:00:00,3321.44995,3326.28003,3261.98999,3274.31006
2024-07-30 20:00:00,3272.81006,3285.0,3237.57007,3278.88989
2024-07-31 00:00:00,3279.54004,3304.0,3262.050049,3294.80005
2024-07-31 04:00:00,3294.83008,3331.98999,3264.82007,3318.030029
2024-07-31 08:00:00,3318.26001,3325.26001,3308.1499,3322.86011
2024-07-31 12:00:00,3322.87012,3348.6001,3300.080078,3300.72998
2024-07-31 16:00:00,3302.80005,3324.17993,3249.0,3263.45996
2024-07-31 20:00:00,3261.47998,3271.19995,3216.3999,3231.70996
2024-08-01 00:00:00,3232.030029,3242.01001,3176.62988,3179.47998
2024-08-01 04:00:00,3177.6001,3188.15991,3138.38989,3167.55005
2024-08-01 08:00:00,3166.8501,3193.51001,3166.8501,3188.38989
2024-08-01 12:00:00,3188.13989,3205.59009,3105.16992,3116.81006
2024-08-01 16:00:00,3113.98999,3135.73999,3082.02002,3134.32007
2024-08-01 20:00:00,3133.68994,3215.84009,3121.87988,3204.96997
2024-08-02 00:00:00,3203.31006,3217.30005,3136.69995,3169.050049
2024-08-02 04:00:00,3168.52002,3175.52002,3127.87988,3148.19995
2024-08-02 08:00:00,3148.13989,3166.51001,3135.0,3153.75
2024-08-02 12:00:00,3153.97998,3180.02002,2996.28003,3039.48999
2024-08-02 16:00:00,3035.090088,3044.87012,3000.59009,3011.81006
2024-08-02 20:00:00,3013.98999,3038.93994,2967.31006,2990.32007
2024-08-03 00:00:00,2985.6499,3003.52002,2921.19995,2980.23999
2024-08-03 04:00:00,2981.95996,2996.38989,2962.19995,2984.95996
2024-08-03 08:00:00,2983.80005,3003.66992,2974.52002,2997.20996
2024-08-03 12:00:00,2996.3999,3017.52002,2940.6001,2942.59009
2024-08-03 16:00:00,2942.38989,2953.040039,2883.46997,2896.0
2024-08-03 20:00:00,2897.25,2920.90991,2863.5,2904.63989
2024-08-04 00:00:00,2902.90991,2931.20996,2877.70996,2915.88989
2024-08-04 04:00:00,2916.31006,2921.98999,2888.43994,2892.87012
2024-08-04 08:00:00,2892.73999,2924.44995,2880.5,2914.81006
2024-08-04 12:00:00,2913.33008,2924.81006,2821.56006,2826.71997
2024-08-04 16:00:00,2829.38989,2835.080078,2638.91992,2757.56006
2024-08-04 20:00:00,2756.38989,2770.20996,2682.1499,2688.47998
2024-08-05 00:00:00,2692.25,2696.87988,2199.79004,2320.20996
2024-08-05 04:00:00,2312.76001,2384.080078,2166.40991,2356.19995
2024-08-05 08:00:00,2350.91992,2358.56006,2227.34009,2291.77002
2024-08-05 12:00:00,2287.40991,2455.42993,2187.80005,2451.27002
2024-08-05 16:00:00,2444.0,2513.61011,2365.82007,2405.0
2024-08-05 20:00:00,2401.97998,2474.0,2401.97998,2415.80005
2024-08-06 00:00:00,2419.41992,2546.12012,2419.41992,2491.95996
2024-08-06 04:00:00,2491.0,2532.66992,2480.01001,2523.98999
2024-08-06 08:00:00,2522.13989,2523.29004,2443.78003,2459.8999
2024-08-06 12:00:00,2456.61011,2548.19995,2422.67993,2528.45996
2024-08-06 16:00:00,2531.33008,2546.56006,2483.38989,2494.88989
2024-08-06 20:00:00,2493.82007,2511.65991,2446.65991,2461.86011
2024-08-07 00:00:00,2461.87012,2525.22998,2430.34009,2508.27002
2024-08-07 04:00:00,2507.42993,2532.20996,2487.65991,2509.37012
2024-08-07 08:00:00,2509.88989,2550.37988,2472.0,2472.0
2024-08-07 12:00:00,2476.58008,2484.26001,2369.3501,2410.77002
2024-08-07 16:00:00,2411.030029,2415.11011,2331.36011,2352.20996
2024-08-07 20:00:00,2347.68994,2368.1499,2311.81006,2342.80005
2024-08-08 00:00:00,2338.47998,2464.70996,2322.94995,2432.6001
2024-08-08 04:00:00,2435.31006,2444.61011,2412.72998,2412.72998
2024-08-08 08:00:00,2412.90991,2458.11011,2410.6499,2448.19995
2024-08-08 12:00:00,2449.70996,2524.44995,2419.28003,2506.91992
2024-08-08 16:00:00,2518.37988,2600.16992,2518.37988,2567.1001
2024-08-08 20:00:00,2573.48999,2716.33008,2568.75,2683.80005
2024-08-09 00:00:00,2682.12988,2697.27002,2649.66992,2696.15991
2024-08-09 04:00:00,2692.13989,2703.76001,2650.51001,2670.19995
2024-08-09 08:00:00,2671.79004,2678.80005,2621.93994,2636.72998
2024-08-09 12:00:00,2634.92993,2660.3999,2556.87988,2556.87988
2024-08-09 16:00:00,2560.46997,2607.90991,2559.80005,2592.0
2024-08-09 20:00:00,2590.37988,2611.43994,2563.62988,2598.8501
2024-08-10 00:00:00,2598.78003,2632.53003,2579.83008,2602.6001
2024-08-10 04:00:00,2602.19995,2634.6001,2592.0,2634.28003
2024-08-10 08:00:00,2635.070068,2640.29004,2623.19995,2636.45996
2024-08-10 12:00:00,2637.20996,2637.20996,2599.46997,2599.46997
2024-08-10 16:00:00,2601.62012,2619.81006,2593.0,2602.41992
2024-08-10 20:00:00,2603.01001,2616.40991,2597.28003,2610.29004
2024-08-11 00:00:00,2609.91992,2665.92993,2606.46997,2646.31006
2024-08-11 04:00:00,2647.18994,2679.92993,2636.6001,2677.12012
2024-08-11 08:00:00,2680.37988,2713.55005,2646.19995,2653.38989
2024-08-11 12:00:00,2654.19995,2655.3999,2596.6001,2613.75
2024-08-11 16:00:00,2611.93994,2645.19995,2597.80005,2599.12012
2024-08-11 20:00:00,2600.12012,2601.79004,2546.0,2553.48999
2024-08-12 00:00:00,2555.0,2577.43994,2518.3999,2541.01001
2024-08-12 04:00:00,2542.87012,2578.20996,2520.27002,2567.77002
2024-08-12 08:00:00,2570.82007,2678.060059,2561.3501,2673.8999
2024-08-12 12:00:00,2672.52002,2716.92993,2593.65991,2685.090088
2024-08-12 16:00:00,2687.55005,2695.66992,2629.32007,2655.33008
2024-08-12 20:00:00,2660.83008,2747.27002,2659.8999,2722.6001
2024-08-13 00:00:00,2720.18994,2737.48999,2652.0,2656.53003
2024-08-13 04:00:00,2655.70996,2663.51001,2636.11011,2648.34009
2024-08-13 08:00:00,2646.70996,2656.01001,2612.80005,2642.48999
2024-08-13 12:00:00,2644.6499,2674.69995,2634.23999,2652.0
2024-08-13 16:00:00,2652.6499,2728.29004,2651.28003,2712.87012
2024-08-13 20:00:00,2711.8999,2733.59009,2695.060059,2702.43994
2024-08-14 00:00:00,2702.86011,2723.69995,2687.0,2710.61011
2024-08-14 04:00:00,2709.080078,2747.37012,2709.040039,2727.57007
2024-08-14 08:00:00,2726.70996,2761.70996,2715.80005,2750.96997
2024-08-14 12:00:00,2749.31006,2760.92993,2635.8999,2675.13989
2024-08-14 16:00:00,2666.20996,2671.090088,2643.71997,2668.3999
2024-08-14 20:00:00,2670.060059,2679.13989,2643.88989,2663.0
2024-08-15 00:00:00,2662.3999,2673.12988,2634.73999,2652.45996
2024-08-15 04:00:00,2652.38989,2656.32007,2592.66992,2615.90991
2024-08-15 08:00:00,2614.98999,2641.21997,2606.6001,2637.72998
2024-08-15 12:00:00,2638.070068,2675.1499,2634.19995,2668.36011
2024-08-15 16:00:00,2669.69995,2674.59009,2529.1001,2548.98999
2024-08-15 20:00:00,2548.47998,2588.56006,2525.11011,2569.38989
2024-08-16 00:00:00,2569.8999,2606.3999,2552.8999,2580.070068
2024-08-16 04:00:00,2579.12012,2627.40991,2578.81006,2617.43994
2024-08-16 08:00:00,2619.1001,2626.3999,2608.45996,2611.6499
2024-08-16 12:00:00,2612.8999,2617.8999,2557.29004,2570.12988
2024-08-16 16:00:00,2568.31006,2627.38989,2565.91992,2621.93994
2024-08-16 20:00:00,2619.6001,2625.8999,2587.01001,2592.3999
2024-08-17 00:00:00,2592.67993,2607.90991,2588.30005,2594.73999
2024-08-17 04:00:00,2594.3501,2603.46997,2591.17993,2600.61011
2024-08-17 08:00:00,2600.42993,2606.80005,2593.95996,2599.70996
2024-08-17 12:00:00,2597.23999,2617.69995,2596.69995,2606.79004
2024-08-17 16:00:00,2607.80005,2626.61011,2607.030029,2614.94995
2024-08-17 20:00:00,2616.8999,2617.69995,2600.080078,2614.32007
2024-08-18 00:00:00,2614.53003,2637.5,2605.090088,2606.79004
2024-08-18 04:00:00,2605.81006,2608.93994,2596.78003,2608.050049
2024-08-18 08:00:00,2607.68994,2662.0,2606.050049,2649.66992
2024-08-18 12:00:00,2648.19995,2682.0,2643.87012,2671.44995
2024-08-18 16:00:00,2672.37012,2677.80005,2644.77002,2667.32007
2024-08-18 20:00:00,2669.81006,2669.81006,2612.070068,2612.070068
2024-08-19 00:00:00,2611.21997,2646.98999,2606.21997,2644.77002
2024-08-19 04:00:00,2643.20996,2647.6001,2612.71997,2614.18994
2024-08-19 08:00:00,2613.12012,2621.75,2569.21997,2587.5
2024-08-19 12:00:00,2585.72998,2603.63989,2565.1499,2585.76001
2024-08-19 16:00:00,2584.3501,2626.01001,2576.79004,2611.050049
2024-08-19 20:00:00,2606.52002,2638.81006,2604.79004,2637.090088
2024-08-20 00:00:00,2638.38989,2673.87988,2625.11011,2660.11011
2024-08-20 04:00:00,2662.3501,2692.61011,2657.90991,2674.62012
2024-08-20 08:00:00,2675.38989,2675.38989,2641.3999,2642.44995
2024-08-20 12:00:00,2640.61011,2654.55005,2557.87012,2575.18994
2024-08-20 16:00:00,2571.6001,2606.18994,2568.25,2603.71997
2024-08-20 20:00:00,2600.94995,2607.52002,2571.69995,2572.44995
2024-08-21 00:00:00,2573.87012,2597.22998,2562.67993,2591.5
2024-08-21 04:00:00,2592.18994,2606.22998,2588.80005,2600.56006
2024-08-21 08:00:00,2601.27002,2606.38989,2569.37988,2577.63989
2024-08-21 12:00:00,2576.98999,2614.5,2541.79004,2602.90991
2024-08-21 16:00:00,2600.82007,2649.0,2593.33008,2648.5
2024-08-21 20:00:00,2647.20996,2658.98999,2621.33008,2630.69995
2024-08-22 00:00:00,2631.3999,2640.0,2587.37988,2616.25
2024-08-22 04:00:00,2617.0,2639.6001,2613.76001,2636.30005
2024-08-22 08:00:00,2637.18994,2643.56006,2622.46997,2642.0
2024-08-22 12:00:00,2641.67993,2644.16992,2591.56006,2599.0
2024-08-22 16:00:00,2597.93994,2618.83008,2597.86011,2605.41992
2024-08-22 20:00:00,2607.57007,2626.6001,2607.15991,2622.88989
2024-08-23 00:00:00,2623.75,2651.22998,2622.01001,2635.70996
2024-08-23 04:00:00,2635.70996,2688.59009,2635.6499,2669.030029
2024-08-23 08:00:00,2668.68994,2680.73999,2652.61011,2653.27002
2024-08-23 12:00:00,2654.54004,2698.63989,2637.6001,2671.070068
2024-08-23 16:00:00,2669.25,2747.88989,2665.87012,2747.17993
2024-08-23 20:00:00,2748.6001,2794.80005,2745.55005,2762.96997
2024-08-24 00:00:00,2762.80005,2768.70996,2742.54004,2746.59009
2024-08-24 04:00:00,2746.91992,2765.19995,2743.44995,2758.88989
2024-08-24 08:00:00,2757.75,2781.13989,2756.18994,2756.36011
2024-08-24 12:00:00,2758.52002,2764.23999,2752.30005,2760.0
2024-08-24 16:00:00,2761.060059,2818.19995,2761.060059,2793.0
2024-08-24 20:00:00,2792.80005,2806.19995,2735.8501,2768.88989
2024-08-25 00:00:00,2767.87012,2780.87988,2749.57007,2763.81006
2024-08-25 04:00:00,2764.62988,2770.28003,2734.80005,2743.80005
2024-08-25 08:00:00,2742.98999,2760.62988,2738.6001,2750.86011
2024-08-25 12:00:00,2750.46997,2771.21997,2746.15991,2763.20996
2024-08-25 16:00:00,2763.67993,2772.81006,2760.45996,2766.19995
2024-08-25 20:00:00,2766.82007,2792.090088,2743.43994,2748.28003
2024-08-26 00:00:00,2746.12012,2761.6499,2724.6001,2744.3501
2024-08-26 04:00:00,2744.88989,2751.98999,2730.28003,2734.0
2024-08-26 08:00:00,2732.68994,2747.80005,2720.1001,2737.86011
2024-08-26 12:00:00,2737.86011,2742.40991,2706.80005,2722.75
2024-08-26 16:00:00,2721.01001,2730.30005,2678.43994,2678.43994
2024-08-26 20:00:00,2680.61011,2693.22998,2668.67993,2680.15991
2024-08-27 00:00:00,2680.20996,2693.15991,2668.68994,2685.01001
2024-08-27 04:00:00,2685.46997,2699.72998,2676.25,2687.8999
2024-08-27 08:00:00,2687.8999,2691.31006,2622.80005,2626.8999
2024-08-27 12:00:00,2625.37012,2628.81006,2575.13989,2580.16992
2024-08-27 16:00:00,2576.97998,2591.15991,2565.6001,2579.37012
2024-08-27 20:00:00,2583.23999,2586.95996,2395.18994,2457.87988
2024-08-28 00:00:00,2456.11011,2479.98999,2421.62012,2479.98999
2024-08-28 04:00:00,2477.19995,2484.66992,2436.3999,2436.3999
2024-08-28 08:00:00,2437.12012,2542.0,2430.79004,2523.19995
2024-08-28 12:00:00,2523.57007,2538.38989,2472.87012,2496.18994
2024-08-28 16:00:00,2489.6001,2542.54004,2458.62988,2504.3999
2024-08-28 20:00:00,2508.82007,2553.0,2507.19995,2527.6001
2024-08-29 00:00:00,2528.87012,2536.77002,2514.30005,2522.70996
2024-08-29 04:00:00,2524.16992,2557.43994,2520.050049,2547.70996
2024-08-29 08:00:00,2547.96997,2574.050049,2538.15991,2557.16992
2024-08-29 12:00:00,2556.070068,2594.59009,2553.15991,2577.3999
2024-08-29 16:00:00,2576.83008,2585.060059,2512.19995,2528.16992
2024-08-29 20:00:00,2530.59009,2543.3999,2509.6001,2528.70996
2024-08-30 00:00:00,2526.19995,2534.6499,2505.81006,2518.44995
2024-08-30 04:00:00,2516.80005,2532.3999,2506.12012,2517.47998
2024-08-30 08:00:00,2517.27002,2528.0,2508.58008,2512.80005
2024-08-30 12:00:00,2512.23999,2532.54004,2437.080078,2450.6001
2024-08-30 16:00:00,2447.47998,2540.80005,2439.82007,2507.34009
2024-08-30 20:00:00,2509.18994,2529.98999,2506.36011,2525.47998
2024-08-31 00:00:00,2526.38989,2532.95996,2520.080078,2523.41992
2024-08-31 04:00:00,2523.40991,2529.51001,2518.46997,2521.80005
2024-08-31 08:00:00,2521.0,2529.20996,2511.5,2524.81006
2024-08-31 12:00:00,2525.42993,2527.66992,2514.21997,2518.79004
2024-08-31 16:00:00,2519.6001,2519.6001,2493.87012,2499.62012
2024-08-31 20:00:00,2499.80005,2526.5,2494.01001,2513.6001
2024-09-01 00:00:00,2513.01001,2515.79004,2476.81006,2488.67993
2024-09-01 04:00:00,2488.050049,2491.16992,2459.40991,2486.28003
2024-09-01 08:00:00,2487.97998,2492.18994,2460.62988,2477.73999
2024-09-01 12:00:00,2479.91992,2485.3999,2445.87988,2480.59009
2024-09-01 16:00:00,2478.80005,2513.3999,2457.87012,2501.81006
2024-09-01 20:00:00,2501.19995,2513.18994,2403.6499,2427.3999
2024-09-02 00:00:00,2427.13989,2452.80005,2425.62012,2450.81006
2024-09-02 04:00:00,2450.6001,2462.6001,2433.61011,2438.8999
2024-09-02 08:00:00,2441.19995,2534.20996,2438.38989,2516.1001
2024-09-02 12:00:00,2516.75,2525.63989,2494.6001,2514.030029
2024-09-02 16:00:00,2514.36011,2528.0,2505.84009,2523.91992
2024-09-02 20:00:00,2524.3999,2560.51001,2522.62012,2538.1499
2024-09-03 00:00:00,2538.33008,2551.76001,2514.73999,2516.13989
2024-09-03 04:00:00,2515.83008,2524.76001,2512.97998,2519.91992
2024-09-03 08:00:00,2520.19995,2520.23999,2495.93994,2508.47998
2024-09-03 12:00:00,2509.55005,2518.40991,2438.79004,2443.02002
2024-09-03 16:00:00,2443.68994,2468.90991,2437.68994,2446.52002
2024-09-03 20:00:00,2452.36011,2468.0,2419.75,2423.11011
2024-09-04 00:00:00,2426.6001,2448.79004,2318.34009,2373.0
2024-09-04 04:00:00,2372.45996,2412.51001,2364.52002,2400.8501
2024-09-04 08:00:00,2403.37012,2409.20996,2389.28003,2399.57007
2024-09-04 12:00:00,2399.8501,2457.61011,2395.16992,2455.15991
2024-09-04 16:00:00,2457.63989,2488.75,2440.11011,2452.44995
2024-09-04 20:00:00,2453.6001,2469.3999,2443.75,2450.70996
2024-09-05 00:00:00,2451.42993,2465.6499,2404.28003,2404.75
2024-09-05 04:00:00,2404.28003,2418.40991,2378.6001,2413.19995
2024-09-05 08:00:00,2412.31006,2416.23999,2384.28003,2389.54004
2024-09-05 12:00:00,2390.40991,2410.12988,2358.6001,2371.25
2024-09-05 16:00:00,2371.62012,2395.01001,2351.6001,2363.11011
2024-09-05 20:00:00,2364.37988,2377.62012,2354.73999,2369.13989
2024-09-06 00:00:00,2368.80005,2406.97998,2358.22998,2393.040039
2024-09-06 04:00:00,2393.95996,2397.34009,2326.050049,2344.69995
2024-09-06 08:00:00,2345.6001,2379.32007,2341.20996,2372.94995
2024-09-06 12:00:00,2374.19995,2407.29004,2272.42993,2291.6001
2024-09-06 16:00:00,2289.28003,2292.51001,2211.0,2226.38989
2024-09-06 20:00:00,2223.51001,2228.54004,2151.55005,2225.62988
2024-09-07 00:00:00,2225.94995,2242.3501,2222.80005,2238.47998
2024-09-07 04:00:00,2239.98999,2292.13989,2237.62012,2289.93994
2024-09-07 08:00:00,2287.34009,2297.0,2276.3999,2284.59009
2024-09-07 12:00:00,2283.69995,2310.54004,2282.80005,2300.48999
2024-09-07 16:00:00,2301.3999,2303.79004,2269.70996,2291.61011
2024-09-07 20:00:00,2289.82007,2290.45996,2258.66992,2273.58008
2024-09-08 00:00:00,2273.70996,2287.75,2263.6001,2285.92993
2024-09-08 04:00:00,2285.90991,2303.23999,2284.77002,2294.95996
2024-09-08 08:00:00,2295.1499,2307.98999,2287.92993,2295.55005
2024-09-08 12:00:00,2295.1001,2298.48999,2244.31006,2244.31006
2024-09-08 16:00:00,2247.87988,2282.01001,2243.26001,2272.18994
2024-09-08 20:00:00,2271.26001,2332.33008,2268.12988,2296.1499
2024-09-09 00:00:00,2297.0,2317.16992,2290.19995,2303.6001
2024-09-09 04:00:00,2305.5,2316.48999,2283.54004,2314.15991
2024-09-09 08:00:00,2314.01001,2337.38989,2311.79004,2315.29004
2024-09-09 12:00:00,2316.52002,2324.22998,2274.3999,2293.18994
2024-09-09 16:00:00,2291.73999,2351.36011,2291.73999,2349.93994
2024-09-09 20:00:00,2348.65991,2377.62988,2338.38989,2359.62988
2024-09-10 00:00:00,2358.59009,2358.59009,2335.77002,2340.84009
2024-09-10 04:00:00,2341.57007,2365.70996,2330.71997,2363.15991
2024-09-10 08:00:00,2362.19995,2369.20996,2339.56006,2351.30005
2024-09-10 12:00:00,2350.51001,2361.3999,2324.0,2326.68994
2024-09-10 16:00:00,2326.25,2391.18994,2326.25,2380.72998
2024-09-10 20:00:00,2379.40991,2396.90991,2373.0,2387.79004
2024-09-11 00:00:00,2388.3999,2388.3999,2341.57007,2347.78003
2024-09-11 04:00:00,2345.55005,2345.55005,2319.45996,2342.25
2024-09-11 08:00:00,2341.01001,2341.01001,2310.12012,2327.15991
2024-09-11 12:00:00,2326.19995,2350.40991,2278.77002,2326.19995
2024-09-11 16:00:00,2326.68994,2368.38989,2326.68994,2341.28003
2024-09-11 20:00:00,2340.53003,2351.18994,2335.0,2340.19995
2024-09-12 00:00:00,2339.8999,2387.38989,2339.8999,2369.01001
2024-09-12 04:00:00,2368.59009,2378.33008,2353.02002,2357.71997
2024-09-12 08:00:00,2359.40991,2365.98999,2344.090088,2348.56006
2024-09-12 12:00:00,2349.81006,2364.0,2316.36011,2323.58008
2024-09-12 16:00:00,2323.38989,2361.51001,2323.38989,2360.63989
2024-09-12 20:00:00,2360.40991,2371.51001,2343.0,2361.76001
2024-09-13 00:00:00,2361.72998,2364.55005,2350.47998,2356.050049
2024-09-13 04:00:00,2355.25,2359.18994,2337.80005,2349.19995
2024-09-13 08:00:00,2348.87988,2375.87988,2342.38989,2351.69995
2024-09-13 12:00:00,2355.66992,2410.080078,2343.68994,2405.58008
2024-09-13 16:00:00,2408.79004,2427.0,2397.78003,2417.54004
2024-09-13 20:00:00,2418.8501,2459.28003,2413.61011,2439.19995
2024-09-14 00:00:00,2438.6499,2440.3501,2422.80005,2432.65991
2024-09-14 04:00:00,2432.62012,2433.59009,2414.23999,2420.22998
2024-09-14 08:00:00,2421.3999,2421.3999,2408.54004,2417.080078
2024-09-14 12:00:00,2416.55005,2423.58008,2412.94995,2418.57007
2024-09-14 16:00:00,2417.62012,2421.13989,2384.42993,2408.53003
2024-09-14 20:00:00,2409.25,2419.3999,2407.22998,2417.54004
2024-09-15 00:00:00,2418.18994,2428.61011,2417.29004,2420.01001
2024-09-15 04:00:00,2420.20996,2424.16992,2415.0,2422.6499
2024-09-15 08:00:00,2423.17993,2423.17993,2403.0,2406.8501
2024-09-15 12:00:00,2405.80005,2418.6499,2396.61011,2409.3999
2024-09-15 16:00:00,2408.71997,2408.71997,2365.0,2372.13989
2024-09-15 20:00:00,2371.19995,2371.47998,2295.26001,2317.1001
2024-09-16 00:00:00,2314.1499,2321.38989,2254.42993,2278.01001
2024-09-16 04:00:00,2278.12012,2312.27002,2276.6001,2310.98999
2024-09-16 08:00:00,2309.47998,2334.18994,2289.70996,2307.95996
2024-09-16 12:00:00,2306.81006,2312.42993,2270.80005,2288.38989
2024-09-16 16:00:00,2288.040039,2308.42993,2269.93994,2277.20996
2024-09-16 20:00:00,2273.61011,2301.37988,2269.3999,2295.66992
2024-09-17 00:00:00,2294.77002,2298.55005,2264.55005,2284.17993
2024-09-17 04:00:00,2283.8999,2310.02002,2282.62012,2309.17993
2024-09-17 08:00:00,2310.0,2322.41992,2302.62988,2308.25
2024-09-17 12:00:00,2308.01001,2392.38989,2305.58008,2383.79004
2024-09-17 16:00:00,2387.63989,2389.57007,2330.6001,2350.94995
2024-09-17 20:00:00,2352.1499,2361.01001,2330.20996,2341.77002
2024-09-18 00:00:00,2339.53003,2340.18994,2312.71997,2334.79004
2024-09-18 04:00:00,2334.61011,2335.52002,2314.51001,2330.72998
2024-09-18 08:00:00,2329.72998,2329.72998,2279.090088,2300.21997
2024-09-18 12:00:00,2299.80005,2317.70996,2288.5,2296.16992
2024-09-18 16:00:00,2295.40991,2356.79004,2290.69995,2315.030029
2024-09-18 20:00:00,2315.80005,2372.02002,2293.71997,2372.02002
2024-09-19 00:00:00,2375.0,2411.19995,2373.31006,2404.19995
2024-09-19 04:00:00,2404.40991,2441.59009,2400.46997,2437.78003
2024-09-19 08:00:00,2438.29004,2442.090088,2423.98999,2435.3501
2024-09-19 12:00:00,2437.18994,2450.95996,2422.63989,2440.0
2024-09-19 16:00:00,2440.0,2491.51001,2435.79004,2462.3501
2024-09-19 20:00:00,2461.40991,2477.57007,2455.87012,2464.46997
2024-09-20 00:00:00,2466.36011,2518.16992,2438.98999,2518.16992
2024-09-20 04:00:00,2518.19995,2570.47998,2518.19995,2560.73999
2024-09-20 08:00:00,2562.19995,2562.98999,2539.66992,2545.060059
2024-09-20 12:00:00,2545.97998,2565.69995,2516.67993,2561.0
2024-09-20 16:00:00,2561.040039,2568.01001,2526.65991,2540.98999
2024-09-20 20:00:00,2541.98999,2562.0,2538.48999,2561.3999
2024-09-21 00:00:00,2562.47998,2585.80005,2535.6001,2544.65991
2024-09-21 04:00:00,2545.0,2558.45996,2530.090088,2555.76001
2024-09-21 08:00:00,2555.78003,2557.19995,2545.41992,2556.6001
2024-09-21 12:00:00,2557.48999,2575.18994,2552.01001,2559.59009
2024-09-21 16:00:00,2559.98999,2577.95996,2556.58008,2571.61011
2024-09-21 20:00:00,2572.21997,2619.73999,2560.3999,2613.1499
2024-09-22 00:00:00,2613.27002,2631.28003,2588.87988,2594.75
2024-09-22 04:00:00,2594.83008,2604.45996,2578.28003,2587.70996
2024-09-22 08:00:00,2586.88989,2595.0,2570.72998,2581.13989
2024-09-22 12:00:00,2580.68994,2587.71997,2558.01001,2571.060059
2024-09-22 16:00:00,2569.48999,2589.72998,2554.33008,2579.25
2024-09-22 20:00:00,2578.12988,2593.81006,2527.75,2580.98999
2024-09-23 00:00:00,2579.79004,2683.98999,2544.88989,2676.69995
2024-09-23 04:00:00,2676.22998,2680.80005,2637.75,2646.34009
2024-09-23 08:00:00,2646.81006,2661.30005,2636.78003,2645.19995
2024-09-23 12:00:00,2646.47998,2684.48999,2634.96997,2674.0
2024-09-23 16:00:00,2674.0,2701.54004,2658.57007,2672.48999
2024-09-23 20:00:00,2670.070068,2682.28003,2641.59009,2647.6001
2024-09-24 00:00:00,2648.15991,2650.48999,2610.38989,2627.34009
2024-09-24 04:00:00,2627.86011,2649.38989,2619.090088,2646.90991
2024-09-24 08:00:00,2646.70996,2667.13989,2636.48999,2636.78003
2024-09-24 12:00:00,2638.5,2645.70996,2592.98999,2612.01001
2024-09-24 16:00:00,2615.17993,2656.59009,2611.76001,2653.27002
2024-09-24 20:00:00,2651.080078,2669.16992,2641.3999,2652.37012
2024-09-25 00:00:00,2652.87012,2672.0,2632.96997,2646.44995
2024-09-25 04:00:00,2646.86011,2646.86011,2611.0,2621.46997
2024-09-25 08:00:00,2621.80005,2629.3999,2615.18994,2627.95996
2024-09-25 12:00:00,2627.42993,2628.19995,2597.32007,2600.0
2024-09-25 16:00:00,2601.37012,2607.61011,2567.050049,2573.0
2024-09-25 20:00:00,2570.6001,2584.69995,2557.87012,2580.31006
2024-09-26 00:00:00,2579.01001,2605.0,2560.44995,2601.63989
2024-09-26 04:00:00,2602.54004,2633.18994,2593.17993,2629.81006
2024-09-26 08:00:00,2630.37012,2639.060059,2613.0,2627.080078
2024-09-26 12:00:00,2628.98999,2662.080078,2613.51001,2653.1001
2024-09-26 16:00:00,2653.19995,2664.97998,2627.87988,2648.69995
2024-09-26 20:00:00,2651.40991,2654.96997,2619.5,2632.01001
2024-09-27 00:00:00,2631.65991,2642.5,2615.91992,2639.0
2024-09-27 04:00:00,2637.68994,2667.63989,2637.68994,2657.27002
2024-09-27 08:00:00,2657.94995,2677.45996,2641.30005,2652.0
2024-09-27 12:00:00,2651.18994,2699.0,2642.72998,2683.62012
2024-09-27 16:00:00,2683.62012,2726.62012,2680.01001,2700.97998
2024-09-27 20:00:00,2700.20996,2708.12988,2690.37012,2694.47998
2024-09-28 00:00:00,2694.87012,2703.75,2688.38989,2690.11011
2024-09-28 04:00:00,2690.78003,2699.69995,2674.98999,2677.92993
2024-09-28 08:00:00,2678.0,2678.0,2651.37012,2675.78003
2024-09-28 12:00:00,2674.17993,2674.37988,2652.48999,2669.88989
2024-09-28 16:00:00,2669.68994,2683.3501,2662.6001,2678.33008
2024-09-28 20:00:00,2678.12988,2679.78003,2658.36011,2675.69995
2024-09-29 00:00:00,2676.34009,2683.68994,2665.80005,2675.01001
2024-09-29 04:00:00,2674.94995,2674.94995,2637.37012,2640.15991
2024-09-29 08:00:00,2640.43994,2654.19995,2634.6499,2652.0
2024-09-29 12:00:00,2652.48999,2668.25,2641.0,2666.47998
2024-09-29 16:00:00,2666.37988,2671.3999,2651.6001,2666.78003
2024-09-29 20:00:00,2666.31006,2673.37012,2648.80005,2657.61011
2024-09-30 00:00:00,2658.20996,2661.6001,2603.72998,2629.26001
2024-09-30 04:00:00,2629.61011,2643.17993,2623.44995,2638.17993
2024-09-30 08:00:00,2637.98999,2642.75,2595.5,2628.46997
2024-09-30 12:00:00,2627.6499,2638.1001,2594.5,2594.5
2024-09-30 16:00:00,2593.45996,2609.47998,2579.38989,2594.32007
2024-09-30 20:00:00,2593.6001,2616.69995,2579.29004,2603.52002
2024-10-01 00:00:00,2602.22998,2633.11011,2592.33008,2629.84009
2024-10-01 04:00:00,2630.67993,2656.68994,2627.67993,2645.6001
2024-10-01 08:00:00,2646.43994,2647.18994,2628.86011,2628.86011
2024-10-01 12:00:00,2628.46997,2633.26001,2489.26001,2529.01001
2024-10-01 16:00:00,2522.82007,2529.52002,2446.1499,2488.53003
2024-10-01 20:00:00,2488.0,2491.51001,2422.1001,2449.59009
2024-10-02 00:00:00,2446.37012,2498.63989,2443.66992,2489.6001
2024-10-02 04:00:00,2489.23999,2492.3999,2467.45996,2482.62988
2024-10-02 08:00:00,2482.73999,2486.01001,2443.3501,2455.54004
2024-10-02 12:00:00,2455.20996,2462.62012,2421.72998,2460.31006
2024-10-02 16:00:00,2461.3999,2477.59009,2370.0,2373.80005
2024-10-02 20:00:00,2376.42993,2391.0,2355.11011,2365.6001
2024-10-03 00:00:00,2364.11011,2399.43994,2353.86011,2399.19995
2024-10-03 04:00:00,2398.55005,2402.61011,2362.58008,2365.47998
2024-10-03 08:00:00,2366.59009,2369.58008,2321.77002,2352.3501
2024-10-03 12:00:00,2349.78003,2365.0,2311.6499,2340.30005
2024-10-03 16:00:00,2339.79004,2353.67993,2312.69995,2351.73999
2024-10-03 20:00:00,2352.62988,2357.88989,2332.83008,2349.61011
2024-10-04 00:00:00,2349.90991,2379.43994,2339.91992,2366.95996
2024-10-04 04:00:00,2367.38989,2387.050049,2366.32007,2381.38989
2024-10-04 08:00:00,2381.6001,2392.80005,2374.5,2386.11011
2024-10-04 12:00:00,2386.80005,2416.19995,2354.67993,2415.61011
2024-10-04 16:00:00,2418.29004,2440.69995,2410.5,2429.22998
2024-10-04 20:00:00,2429.72998,2431.22998,2412.71997,2414.40991
2024-10-05 00:00:00,2414.40991,2427.29004,2393.75,2399.19995
2024-10-05 04:00:00,2399.79004,2426.59009,2397.30005,2415.11011
2024-10-05 08:00:00,2415.81006,2427.22998,2415.81006,2416.98999
2024-10-05 12:00:00,2417.73999,2424.13989,2405.29004,2415.66992
2024-10-05 16:00:00,2415.0,2415.83008,2393.59009,2396.53003
2024-10-05 20:00:00,2395.82007,2419.31006,2390.060059,2415.0
2024-10-06 00:00:00,2415.45996,2422.87012,2407.12988,2414.29004
2024-10-06 04:00:00,2413.63989,2421.0,2410.76001,2417.37988
2024-10-06 08:00:00,2418.0,2429.98999,2415.63989,2427.44995
2024-10-06 12:00:00,2427.44995,2455.87012,2425.53003,2446.61011
2024-10-06 16:00:00,2447.68994,2452.98999,2435.75,2441.3999
2024-10-06 20:00:00,2442.26001,2443.97998,2415.8999,2440.20996
2024-10-07 00:00:00,2440.060059,2511.29004,2436.42993,2495.34009
2024-10-07 04:00:00,2496.46997,2498.27002,2477.65991,2480.090088
2024-10-07 08:00:00,2480.47998,2488.69995,2439.19995,2473.18994
2024-10-07 12:00:00,2474.63989,2520.01001,2463.0,2474.55005
2024-10-07 16:00:00,2474.98999,2481.16992,2422.68994,2445.33008
2024-10-07 20:00:00,2445.51001,2457.13989,2407.01001,2422.6499
2024-10-08 00:00:00,2422.70996,2446.090088,2422.70996,2438.12988
2024-10-08 04:00:00,2438.37012,2445.3999,2414.45996,2428.18994
2024-10-08 08:00:00,2426.80005,2440.47998,2418.92993,2439.70996
2024-10-08 12:00:00,2439.87988,2452.90991,2403.22998,2420.17993
2024-10-08 16:00:00,2419.80005,2455.25,2412.44995,2440.3999
2024-10-08 20:00:00,2440.59009,2461.83008,2434.06,2440.89
2024-10-09 00:00:00,2440.88,2473.61,2427.44,2446.78
2024-10-09 04:00:00,2446.78,2452.61,2431.71,2436.01
2024-10-09 08:00:00,2436.0,2442.55,2427.79,2441.7
2024-10-09 12:00:00,2441.69,2472.08,2423.13,2461.3
2024-10-09 16:00:00,2461.3,2462.61,2407.43,2418.3
2024-10-09 20:00:00,2418.3,2418.3,2351.42,2370.47
2024-10-10 00:00:00,2370.47,2400.6,2366.87,2395.3
2024-10-10 04:00:00,2395.31,2411.38,2391.12,2395.8
2024-10-10 08:00:00,2395.78,2408.12,2368.55,2406.56
2024-10-10 12:00:00,2406.56,2408.93,2370.0,2404.63
2024-10-10 16:00:00,2404.62,2421.36,2330.66,2367.13
2024-10-10 20:00:00,2367.13,2387.09,2357.07,2386.49
2024-10-11 00:00:00,2386.49,2416.94,2381.86,2411.1
2024-10-11 04:00:00,2411.18,2418.55,2403.36,2407.64
2024-10-11 08:00:00,2407.64,2426.22,2402.65,2417.82
2024-10-11 12:00:00,2417.83,2453.84,2414.51,2443.81
2024-10-11 16:00:00,2443.8,2471.45,2433.46,2459.6
2024-10-11 20:00:00,2459.59,2462.31,2434.22,2439.5
2024-10-12 00:00:00,2439.49,2451.37,2434.35,2439.04
2024-10-12 04:00:00,2439.05,2451.77,2439.05,2446.69
2024-10-12 08:00:00,2446.68,2467.51,2442.61,2452.5
2024-10-12 12:00:00,2452.5,2484.0,2448.8,2473.11
2024-10-12 16:00:00,2473.1,2486.75,2466.66,2472.6
2024-10-12 20:00:00,2472.6,2490.51,2469.1,2476.4
2024-10-13 00:00:00,2476.4,2484.92,2452.55,2457.86
2024-10-13 04:00:00,2457.86,2469.84,2457.32,2465.0
2024-10-13 08:00:00,2465.0,2471.74,2457.52,2458.27
2024-10-13 12:00:00,2458.27,2470.49,2436.4,2440.51
2024-10-13 16:00:00,2440.51,2462.31,2437.92,2458.09
2024-10-13 20:00:00,2458.09,2484.6,2452.87,2468.91
2024-10-14 00:00:00,2468.92,2526.6,2443.39,2521.11
2024-10-14 04:00:00,2521.11,2548.43,2511.34,2535.78
2024-10-14 08:00:00,2535.78,2547.49,2519.65,2537.9
2024-10-14 12:00:00,2537.91,2642.88,2534.47,2635.47
2024-10-14 16:00:00,2635.47,2640.4,2615.12,2620.51
2024-10-14 20:00:00,2620.5,2654.0,2616.1,2629.79
2024-10-15 00:00:00,2629.79,2637.38,2608.52,2612.32
2024-10-15 04:00:00,2612.33,2623.7,2590.29,2615.66
2024-10-15 08:00:00,2615.67,2622.5,2580.01,2586.2
2024-10-15 12:00:00,2586.2,2688.6,2537.36,2573.45
2024-10-15 16:00:00,2573.42,2619.33,2571.36,2592.11
2024-10-15 20:00:00,2592.11,2609.08,2563.6,2607.41
2024-10-16 00:00:00,2607.41,2630.6,2588.67,2617.23
2024-10-16 04:00:00,2617.22,2624.44,2598.77,2607.13
2024-10-16 08:00:00,2607.12,2642.69,2605.01,2630.4
2024-10-16 12:00:00,2630.41,2647.79,2595.0,2607.67
2024-10-16 16:00:00,2607.68,2628.0,2591.58,2614.93
2024-10-16 20:00:00,2614.93,2628.83,2608.94,2611.1
2024-10-17 00:00:00,2611.1,2645.6,2610.03,2640.8
2024-10-17 04:00:00,2640.8,2648.37,2618.99,2628.5
2024-10-17 08:00:00,2628.5,2630.71,2596.49,2598.01
2024-10-17 12:00:00,2598.01,2632.73,2583.5,2630.82
2024-10-17 16:00:00,2630.81,2631.43,2575.4,2595.59
2024-10-17 20:00:00,2595.6,2614.91,2594.8,2605.8
2024-10-18 00:00:00,2605.79,2651.66,2596.49,2609.99
2024-10-18 04:00:00,2609.98,2645.83,2608.79,2644.5
2024-10-18 08:00:00,2644.51,2650.0,2621.0,2621.98
2024-10-18 12:00:00,2621.98,2663.4,2612.2,2653.15
2024-10-18 16:00:00,2653.15,2675.58,2629.5,2651.31
2024-10-18 20:00:00,2651.38,2652.03,2633.59,2642.17
2024-10-19 00:00:00,2642.17,2663.49,2635.22,2646.41
2024-10-19 04:00:00,2646.41,2650.97,2638.0,2641.05
2024-10-19 08:00:00,2641.05,2648.6,2631.02,2631.48
2024-10-19 12:00:00,2631.48,2654.41,2631.04,2645.7
2024-10-19 16:00:00,2645.69,2646.52,2637.0,2641.34
2024-10-19 20:00:00,2641.34,2655.5,2640.89,2648.2
2024-10-20 00:00:00,2648.2,2653.56,2635.54,2640.25
2024-10-20 04:00:00,2640.26,2652.03,2638.45,2646.1
2024-10-20 08:00:00,2646.1,2651.49,2643.13,2649.49
2024-10-20 12:00:00,2649.5,2721.0,2642.0,2706.58
2024-10-20 16:00:00,2706.58,2709.77,2686.25,2699.86
2024-10-20 20:00:00,2699.87,2759.0,2697.03,2746.91
2024-10-21 00:00:00,2746.91,2769.48,2725.3,2733.81
2024-10-21 04:00:00,2733.81,2744.24,2721.62,2722.01
2024-10-21 08:00:00,2722.01,2729.2,2701.41,2704.77
2024-10-21 12:00:00,2704.77,2711.36,2659.12,2679.43
2024-10-21 16:00:00,2679.43,2684.79,2655.01,2680.1
2024-10-21 20:00:00,2680.1,2685.02,2665.69,2666.7
2024-10-22 00:00:00,2666.71,2671.92,2613.49,2644.56
2024-10-22 04:00:00,2644.56,2659.39,2635.21,2646.79
2024-10-22 08:00:00,2646.8,2649.19,2613.2,2632.9
2024-10-22 12:00:00,2632.89,2645.5,2606.56,2624.33
2024-10-22 16:00:00,2624.33,2633.82,2607.0,2628.01
2024-10-22 20:00:00,2628.01,2644.1,2618.21,2622.81
2024-10-23 00:00:00,2622.81,2628.2,2601.18,2616.5
2024-10-23 04:00:00,2616.49,2624.68,2602.63,2602.81
2024-10-23 08:00:00,2602.81,2611.52,2563.73,2580.93
2024-10-23 12:00:00,2580.94,2587.4,2529.66,2540.22
2024-10-23 16:00:00,2540.21,2542.56,2450.0,2512.51
2024-10-23 20:00:00,2512.51,2528.49,2502.0,2524.61
2024-10-24 00:00:00,2524.6,2560.75,2508.98,2544.8
2024-10-24 04:00:00,2544.8,2562.65,2540.38,2544.76
2024-10-24 08:00:00,2544.76,2551.4,2508.8,2529.47
2024-10-24 12:00:00,2529.47,2545.75,2513.4,2525.84
2024-10-24 16:00:00,2525.8,2541.91,2507.31,2539.96
2024-10-24 20:00:00,2539.97,2560.0,2526.6,2535.82
2024-10-25 00:00:00,2535.82,2538.53,2509.89,2521.73
2024-10-25 04:00:00,2521.73,2522.55,2462.06,2484.07
2024-10-25 08:00:00,2484.07,2547.0,2478.37,2545.13
2024-10-25 12:00:00,2545.13,2566.33,2508.71,2524.86
2024-10-25 16:00:00,2524.86,2536.7,2455.6,2476.1
2024-10-25 20:00:00,2476.11,2496.59,2382.59,2440.62
2024-10-26 00:00:00,2440.63,2458.0,2430.12,2452.27
2024-10-26 04:00:00,2452.27,2479.7,2451.4,2465.61
2024-10-26 08:00:00,2465.62,2478.99,2463.23,2472.98
2024-10-26 12:00:00,2472.98,2478.8,2442.2,2457.59
2024-10-26 16:00:00,2457.6,2488.14,2455.77,2486.68
2024-10-26 20:00:00,2486.68,2508.0,2481.9,2482.51
2024-10-27 00:00:00,2482.51,2484.89,2469.52,2484.64
2024-10-27 04:00:00,2484.65,2486.84,2477.98,2481.26
2024-10-27 08:00:00,2481.25,2484.4,2464.13,2469.86
2024-10-27 12:00:00,2469.86,2505.82,2469.75,2501.97
2024-10-27 16:00:00,2501.98,2511.7,2486.0,2494.59
2024-10-27 20:00:00,2494.58,2527.99,2490.83,2507.8
2024-10-28 00:00:00,2507.8,2512.53,2471.67,2477.71
2024-10-28 04:00:00,2477.7,2527.0,2473.2,2511.77
2024-10-28 08:00:00,2511.77,2544.74,2505.18,2527.12
2024-10-28 12:00:00,2527.12,2536.6,2498.46,2501.02
2024-10-28 16:00:00,2501.01,2524.3,2488.0,2506.7
2024-10-28 20:00:00,2506.7,2589.67,2505.01,2567.48
2024-10-29 00:00:00,2567.49,2631.66,2561.2,2607.75
2024-10-29 04:00:00,2607.75,2626.49,2607.75,2613.3
2024-10-29 08:00:00,2613.29,2638.8,2612.81,2631.59
2024-10-29 12:00:00,2631.59,2650.99,2611.33,2648.52
2024-10-29 16:00:00,2648.51,2681.86,2623.22,2624.74
2024-10-29 20:00:00,2624.74,2648.25,2606.82,2638.8
2024-10-30 00:00:00,2638.8,2651.42,2599.66,2641.7
2024-10-30 04:00:00,2641.71,2684.21,2636.2,2668.6
2024-10-30 08:00:00,2668.6,2696.5,2657.09,2659.18
2024-10-30 12:00:00,2659.18,2722.3,2653.03,2683.08
2024-10-30 16:00:00,2683.07,2696.22,2653.26,2655.0
2024-10-30 20:00:00,2655.0,2686.13,2635.52,2659.19
2024-10-31 00:00:00,2659.19,2669.0,2637.63,2657.0
2024-10-31 04:00:00,2657.0,2657.99,2631.63,2646.8
2024-10-31 08:00:00,2646.79,2648.5,2625.26,2638.81
2024-10-31 12:00:00,2638.82,2641.0,2541.23,2562.86
2024-10-31 16:00:00,2562.86,2564.09,2506.3,2514.33
2024-10-31 20:00:00,2514.34,2530.07,2503.0,2518.61
2024-11-01 00:00:00,2518.61,2533.25,2467.67,2503.2
2024-11-01 04:00:00,2503.2,2516.2,2485.35,2504.12
2024-11-01 08:00:00,2504.12,2525.8,2494.55,2515.44
2024-11-01 12:00:00,2515.44,2586.8,2481.68,2500.03
2024-11-01 16:00:00,2500.02,2538.58,2495.2,2514.49
2024-11-01 20:00:00,2514.5,2527.46,2485.05,2511.49
2024-11-02 00:00:00,2511.49,2523.45,2501.0,2506.7
2024-11-02 04:00:00,2506.71,2513.87,2499.59,2507.35
2024-11-02 08:00:00,2507.34,2510.3,2491.2,2502.13
2024-11-02 12:00:00,2502.14,2504.5,2470.0,2488.79
2024-11-02 16:00:00,2488.78,2497.73,2479.3,2493.02
2024-11-02 20:00:00,2493.01,2497.89,2485.1,2494.23
2024-11-03 00:00:00,2494.23,2496.39,2421.29,2449.59
2024-11-03 04:00:00,2449.6,2463.83,2441.1,2450.03
2024-11-03 08:00:00,2450.03,2462.64,2443.94,2454.47
2024-11-03 12:00:00,2454.47,2460.6,2413.38,2442.63
2024-11-03 16:00:00,2442.63,2459.53,2411.0,2452.89
2024-11-03 20:00:00,2452.89,2475.52,2447.4,2457.73
2024-11-04 00:00:00,2457.73,2491.39,2434.99,2473.76
2024-11-04 04:00:00,2473.77,2482.42,2457.21,2459.67
2024-11-04 08:00:00,2459.68,2478.0,2447.34,2470.2
2024-11-04 12:00:00,2470.2,2486.0,2431.51,2442.6
2024-11-04 16:00:00,2442.6,2446.32,2405.8,2430.43
2024-11-04 20:00:00,2430.42,2432.08,2357.59,2398.21
2024-11-05 00:00:00,2398.21,2421.4,2380.74,2420.41
2024-11-05 04:00:00,2420.4,2445.7,2417.21,2443.4
2024-11-05 08:00:00,2443.41,2448.0,2430.31,2440.63
2024-11-05 12:00:00,2440.63,2480.0,2427.4,2441.19
2024-11-05 16:00:00,2441.2,2475.0,2401.3,2408.4
2024-11-05 20:00:00,2408.39,2440.0,2401.7,2422.55
2024-11-06 00:00:00,2422.6,2638.0,2420.3,2579.31
2024-11-06 04:00:00,2579.31,2643.2,2561.0,2594.0
2024-11-06 08:00:00,2593.99,2637.0,2571.0,2629.02
2024-11-06 12:00:00,2629.03,2666.66,2608.0,2634.19
2024-11-06 16:00:00,2634.2,2687.26,2633.43,2687.25
2024-11-06 20:00:00,2687.25,2744.7,2669.25,2721.87
2024-11-07 00:00:00,2721.88,2880.0,2699.49,2852.42
2024-11-07 04:00:00,2852.43,2855.0,2779.91,2820.29
2024-11-07 08:00:00,2820.3,2830.0,2790.0,2792.28
2024-11-07 12:00:00,2792.28,2849.0,2776.0,2847.49
2024-11-07 16:00:00,2847.5,2893.8,2823.75,2885.0
2024-11-07 20:00:00,2885.0,2916.11,2864.25,2895.47
2024-11-08 00:00:00,2895.47,2954.94,2886.4,2902.42
2024-11-08 04:00:00,2902.42,2924.2,2892.0,2911.96
2024-11-08 08:00:00,2911.88,2930.89,2893.33,2914.39
2024-11-08 12:00:00,2914.4,2956.56,2903.0,2937.04
2024-11-08 16:00:00,2937.03,2981.69,2890.04,2949.96
2024-11-08 20:00:00,2949.96,2975.45,2915.8,2961.75
2024-11-09 00:00:00,2961.75,2995.22,2954.56,2965.5
2024-11-09 04:00:00,2965.5,3058.77,2953.71,3030.38
2024-11-09 08:00:00,3030.37,3055.88,3021.46,3051.6
2024-11-09 12:00:00,3051.59,3054.17,3028.4,3040.88
2024-11-09 16:00:00,3040.85,3094.55,2990.58,3070.39
2024-11-09 20:00:00,3070.4,3157.4,3065.56,3126.21
2024-11-10 00:00:00,3126.2,3151.41,3103.7,3134.82
2024-11-10 04:00:00,3134.82,3216.47,3129.97,3185.89
2024-11-10 08:00:00,3185.89,3230.0,3168.81,3220.0
2024-11-10 12:00:00,3220.01,3236.64,3167.56,3209.53
2024-11-10 16:00:00,3209.52,3248.52,3150.0,3164.27
2024-11-10 20:00:00,3164.27,3225.99,3069.0,3183.21
2024-11-11 00:00:00,3183.2,3221.8,3171.16,3195.07
2024-11-11 04:00:00,3195.08,3196.98,3105.0,3140.16
2024-11-11 08:00:00,3140.16,3212.49,3132.1,3197.79
2024-11-11 12:00:00,3197.79,3256.4,3139.5,3236.98
2024-11-11 16:00:00,3236.97,3346.4,3233.63,3300.2
2024-11-11 20:00:00,3300.21,3387.61,3280.0,3371.59
2024-11-12 00:00:00,3371.59,3374.78,3248.42,3335.6
2024-11-12 04:00:00,3335.59,3394.09,3314.98,3368.72
2024-11-12 08:00:00,3368.72,3442.5,3207.67,3282.42
2024-11-12 12:00:00,3282.41,3296.93,3208.33,3261.65
2024-11-12 16:00:00,3261.72,3304.57,3209.5,3272.82
2024-11-12 20:00:00,3272.94,3304.78,3238.63,3243.8
2024-11-13 00:00:00,3243.79,3285.52,3201.83,3207.99
2024-11-13 04:00:00,3207.99,3230.19,3116.69,3160.89
2024-11-13 08:00:00,3160.89,3191.74,3140.75,3168.0
2024-11-13 12:00:00,3168.0,3328.53,3152.15,3309.28
2024-11-13 16:00:00,3309.28,3331.0,3155.0,3158.81
2024-11-13 20:00:00,3158.8,3198.52,3118.39,3187.16
2024-11-14 00:00:00,3187.16,3228.35,3163.64,3217.21
2024-11-14 04:00:00,3217.21,3240.4,3174.37,3217.62
2024-11-14 08:00:00,3217.62,3230.73,3155.0,3185.23
2024-11-14 12:00:00,3185.22,3198.99,3060.0,3077.68
2024-11-14 16:00:00,3077.68,3181.0,3070.84,3145.41
2024-11-14 20:00:00,3145.41,3145.41,3028.56,3058.82
2024-11-15 00:00:00,3058.81,3092.54,3034.87,3082.44
2024-11-15 04:00:00,3082.43,3082.43,3014.79,3039.48
2024-11-15 08:00:00,3039.49,3114.0,3022.0,3104.29
2024-11-15 12:00:00,3104.29,3131.06,3014.5,3023.73
2024-11-15 16:00:00,3023.73,3059.9,3015.6,3039.58
2024-11-15 20:00:00,3039.58,3120.0,3038.24,3090.01
2024-11-16 00:00:00,3090.01,3157.71,3072.0,3154.78
2024-11-16 04:00:00,3154.77,3165.0,3101.11,3106.66
2024-11-16 08:00:00,3106.67,3195.63,3103.17,3195.34
2024-11-16 12:00:00,3195.34,3219.97,3120.41,3141.11
2024-11-16 16:00:00,3141.11,3184.6,3128.0,3169.01
2024-11-16 20:00:00,3169.01,3175.0,3121.91,3132.87
2024-11-17 00:00:00,3132.88,3154.0,3034.99,3080.68
2024-11-17 04:00:00,3080.67,3147.72,3076.2,3136.79
2024-11-17 08:00:00,3136.79,3162.11,3100.81,3105.52
2024-11-17 12:00:00,3105.53,3126.72,3067.33,3086.21
2024-11-17 16:00:00,3086.2,3115.72,3071.6,3097.74
2024-11-17 20:00:00,3097.74,3106.99,3042.93,3076.0
2024-11-18 00:00:00,3075.99,3124.2,3069.0,3111.96
2024-11-18 04:00:00,3111.95,3149.71,3096.07,3130.55
2024-11-18 08:00:00,3130.56,3139.78,3050.01,3056.28
2024-11-18 12:00:00,3056.29,3157.5,3052.19,3143.41
2024-11-18 16:00:00,3143.41,3199.0,3090.3,3127.17
2024-11-18 20:00:00,3127.17,3224.94,3122.22,3207.8
2024-11-19 00:00:00,3207.81,3221.2,3141.7,3148.5
2024-11-19 04:00:00,3148.5,3159.93,3107.37,3118.08
2024-11-19 08:00:00,3118.09,3130.0,3091.13,3126.51
2024-11-19 12:00:00,3126.51,3150.0,3076.0,3104.36
2024-11-19 16:00:00,3104.35,3145.0,3099.49,3122.19
2024-11-19 20:00:00,3122.2,3131.11,3065.4,3107.44
2024-11-20 00:00:00,3107.45,3127.64,3071.6,3096.0
2024-11-20 04:00:00,3095.99,3115.01,3087.51,3109.54
2024-11-20 08:00:00,3109.54,3135.13,3083.8,3099.82
2024-11-20 12:00:00,3099.82,3159.2,3081.56,3130.0
2024-11-20 16:00:00,3130.0,3135.0,3029.41,3058.05
2024-11-20 20:00:00,3058.04,3093.16,3044.38,3069.97
2024-11-21 00:00:00,3069.97,3101.0,3032.59,3081.98
2024-11-21 04:00:00,3081.99,3143.64,3080.5,3137.02
2024-11-21 08:00:00,3137.02,3155.0,3118.37,3147.75
2024-11-21 12:00:00,3147.74,3372.6,3146.2,3277.03
2024-11-21 16:00:00,3277.03,3386.73,3277.03,3347.0
2024-11-21 20:00:00,3347.0,3378.68,3333.54,3355.81
2024-11-22 00:00:00,3355.88,3380.68,3304.39,3365.8
2024-11-22 04:00:00,3365.8,3425.92,3355.0,3362.66
2024-11-22 08:00:00,3362.65,3383.84,3311.68,3344.75
2024-11-22 12:00:00,3344.76,3357.18,3257.54,3314.15
2024-11-22 16:00:00,3314.15,3321.14,3264.84,3282.4
2024-11-22 20:00:00,3282.39,3330.0,3273.2,3327.78
2024-11-23 00:00:00,3327.78,3364.98,3312.72,3345.51
2024-11-23 04:00:00,3345.51,3361.71,3326.89,3341.34
2024-11-23 08:00:00,3341.34,3402.98,3335.16,3354.65
2024-11-23 12:00:00,3354.65,3497.51,3349.68,3460.33
2024-11-23 16:00:00,3460.34,3470.22,3377.0,3407.83
2024-11-23 20:00:00,3407.82,3427.73,3379.2,3393.91
2024-11-24 00:00:00,3393.91,3450.0,3389.03,3427.0
2024-11-24 04:00:00,3427.0,3431.99,3398.12,3422.51
2024-11-24 08:00:00,3422.51,3428.35,3339.11,3344.22
2024-11-24 12:00:00,3344.22,3357.32,3281.4,3294.39
2024-11-24 16:00:00,3294.39,3334.19,3287.19,3326.63
2024-11-24 20:00:00,3326.64,3372.22,3321.51,3361.2
2024-11-25 00:00:00,3361.21,3370.4,3300.01,3362.44
2024-11-25 04:00:00,3362.44,3419.81,3361.21,3399.41
2024-11-25 08:00:00,3399.4,3527.0,3396.6,3471.84
2024-11-25 12:00:00,3471.84,3537.98,3348.72,3518.41
2024-11-25 16:00:00,3518.41,3546.66,3423.47,3464.0
2024-11-25 20:00:00,3464.01,3505.45,3363.62,3414.49
2024-11-26 00:00:00,3414.49,3462.49,3395.84,3434.61
2024-11-26 04:00:00,3434.62,3442.72,3382.35,3394.8
2024-11-26 08:00:00,3394.8,3397.33,3280.1,3323.01
2024-11-26 12:00:00,3323.02,3362.5,3290.35,3296.32
2024-11-26 16:00:00,3296.33,3338.0,3252.0,3300.61
2024-11-26 20:00:00,3300.61,3344.31,3286.89,3324.73
2024-11-27 00:00:00,3324.74,3372.5,3302.4,3361.03
2024-11-27 04:00:00,3361.02,3445.73,3359.32,3424.11
2024-11-27 08:00:00,3424.12,3485.5,3402.43,3460.43
2024-11-27 12:00:00,3460.43,3573.17,3441.31,3552.79
2024-11-27 16:00:00,3552.79,3611.8,3533.83,3589.6
2024-11-27 20:00:00,3589.6,3684.92,3588.0,3653.28
2024-11-28 00:00:00,3653.27,3661.92,3564.75,3598.8
2024-11-28 04:00:00,3598.81,3618.4,3566.91,3592.4
2024-11-28 08:00:00,3592.4,3638.39,3574.23,3620.51
2024-11-28 12:00:00,3620.51,3642.19,3536.95,3541.78
2024-11-28 16:00:00,3541.78,3584.87,3529.76,3575.05
2024-11-28 20:00:00,3575.05,3599.2,3547.86,3578.79
2024-11-29 00:00:00,3578.8,3602.85,3550.07,3583.82
2024-11-29 04:00:00,3583.82,3595.7,3534.28,3544.49
2024-11-29 08:00:00,3544.5,3599.66,3544.49,3594.74
2024-11-29 12:00:00,3594.75,3647.98,3574.0,3613.95
2024-11-29 16:00:00,3613.95,3620.08,3559.24,3582.79
2024-11-29 20:00:00,3582.78,3604.0,3575.56,3592.21
2024-11-30 00:00:00,3592.22,3661.0,3568.4,3657.12
2024-11-30 04:00:00,3657.12,3726.71,3635.42,3703.07
2024-11-30 08:00:00,3703.06,3718.0,3631.23,3653.69
2024-11-30 12:00:00,3653.68,3685.33,3651.38,3674.0
2024-11-30 16:00:00,3674.0,3696.78,3656.23,3689.56
2024-11-30 20:00:00,3689.56,3738.98,3686.58,3703.6
2024-12-01 00:00:00,3703.59,3732.34,3659.2,3707.0
2024-12-01 04:00:00,3707.0,3716.96,3682.0,3702.31
2024-12-01 08:00:00,3702.32,3717.0,3675.47,3692.42
2024-12-01 12:00:00,3692.43,3746.8,3678.61,3728.59
2024-12-01 16:00:00,3728.59,3744.11,3693.02,3707.96
2024-12-01 20:00:00,3707.95,3734.26,3679.0,3707.61
2024-12-02 00:00:00,3707.61,3760.0,3674.6,3685.01
2024-12-02 04:00:00,3685.0,3709.59,3650.0,3666.88
2024-12-02 08:00:00,3666.88,3672.47,3569.58,3588.99
2024-12-02 12:00:00,3588.99,3680.37,3582.6,3672.13
2024-12-02 16:00:00,3672.13,3682.01,3554.32,3612.17
2024-12-02 20:00:00,3612.17,3644.44,3598.5,3643.42
2024-12-03 00:00:00,3643.43,3658.16,3607.8,3639.75
2024-12-03 04:00:00,3639.75,3670.0,3600.0,3616.85
2024-12-03 08:00:00,3616.85,3635.14,3585.0,3613.81
2024-12-03 12:00:00,3613.81,3617.64,3500.0,3571.79
2024-12-03 16:00:00,3571.8,3594.4,3538.55,3577.34
2024-12-03 20:00:00,3577.34,3634.81,3575.2,3614.51
2024-12-04 00:00:00,3614.51,3707.57,3614.51,3661.8
2024-12-04 04:00:00,3661.79,3721.73,3659.55,3714.99
2024-12-04 08:00:00,3715.0,3751.44,3696.42,3729.09
2024-12-04 12:00:00,3729.09,3853.38,3690.0,3821.0
2024-12-04 16:00:00,3820.99,3844.65,3732.98,3841.15
2024-12-04 20:00:00,3841.15,3887.24,3822.5,3837.8
2024-12-05 00:00:00,3837.8,3905.0,3765.71,3832.66
2024-12-05 04:00:00,3832.67,3880.2,3818.61,3850.98
2024-12-05 08:00:00,3850.98,3943.28,3850.75,3930.98
2024-12-05 12:00:00,3930.98,3956.0,3861.0,3888.0
2024-12-05 16:00:00,3888.0,3926.33,3820.01,3830.81
2024-12-05 20:00:00,3830.8,3862.23,3677.0,3785.2
2024-12-06 00:00:00,3785.21,3914.0,3777.26,3907.01
2024-12-06 04:00:00,3907.01,3929.0,3874.5,3893.75
2024-12-06 08:00:00,3893.74,3910.45,3845.3,3867.02
2024-12-06 12:00:00,3867.01,4041.0,3831.9,3993.02
2024-12-06 16:00:00,3993.01,4073.86,3980.11,4067.62
2024-12-06 20:00:00,4067.61,4087.73,3990.03,3998.87
2024-12-07 00:00:00,3998.87,4024.46,3970.0,3986.87
2024-12-07 04:00:00,3986.87,4003.16,3968.0,3985.87
2024-12-07 08:00:00,3985.87,4009.0,3973.51,3998.3
2024-12-07 12:00:00,3998.29,4008.46,3976.2,4004.71
2024-12-07 16:00:00,4004.72,4020.43,3986.0,4012.19
2024-12-07 20:00:00,4012.2,4024.01,3993.02,3996.22
2024-12-08 00:00:00,3996.22,4008.99,3985.47,3989.28
2024-12-08 04:00:00,3989.28,3995.85,3958.87,3980.6
2024-12-08 08:00:00,3980.6,3981.79,3923.5,3971.84
2024-12-08 12:00:00,3971.85,4003.4,3956.16,3990.79
2024-12-08 16:00:00,3990.79,3999.89,3964.4,3989.99
2024-12-08 20:00:00,3989.99,4015.58,3975.4,4004.15
2024-12-09 00:00:00,4004.15,4006.17,3905.21,3929.37
2024-12-09 04:00:00,3929.37,3948.91,3880.44,3918.44
2024-12-09 08:00:00,3918.44,3920.0,3841.24,3850.88
2024-12-09 12:00:00,3850.88,3946.0,3804.32,3824.0
2024-12-09 16:00:00,3824.0,3866.35,3786.87,3795.78
2024-12-09 20:00:00,3795.77,3804.19,3509.0,3712.0
2024-12-10 00:00:00,3712.0,3780.76,3615.11,3682.4
2024-12-10 04:00:00,3682.39,3743.65,3638.0,3734.55
2024-12-10 08:00:00,3734.54,3773.39,3713.56,3750.11
2024-12-10 12:00:00,3750.1,3754.5,3555.41,3567.75
2024-12-10 16:00:00,3567.76,3634.92,3515.89,3628.82
2024-12-10 20:00:00,3628.81,3673.2,3613.3,3628.25
2024-12-11 00:00:00,3628.24,3668.96,3562.34,3665.23
2024-12-11 04:00:00,3665.23,3681.81,3646.0,3652.58
2024-12-11 08:00:00,3652.58,3728.0,3651.23,3716.84
2024-12-11 12:00:00,3716.84,3821.0,3709.17,3787.34
2024-12-11 16:00:00,3787.34,3814.2,3753.5,3803.91
2024-12-11 20:00:00,3803.91,3848.64,3803.0,3831.81
2024-12-12 00:00:00,3831.82,3947.81,3796.8,3935.0
2024-12-12 04:00:00,3935.0,3945.67,3894.09,3905.4
2024-12-12 08:00:00,3905.4,3937.99,3891.32,3913.38
2024-12-12 12:00:00,3913.38,3987.41,3913.38,3957.67
2024-12-12 16:00:00,3957.77,3985.56,3853.83,3871.14
2024-12-12 20:00:00,3871.13,3902.04,3836.07,3881.61
2024-12-13 00:00:00,3881.6,3941.19,3852.94,3932.83
2024-12-13 04:00:00,3932.83,3936.26,3871.0,3885.64
2024-12-13 08:00:00,3885.64,3923.66,3872.2,3901.5
2024-12-13 12:00:00,3901.5,3968.47,3879.0,3886.21
2024-12-13 16:00:00,3886.2,3946.37,3880.07,3917.98
2024-12-13 20:00:00,3917.99,3936.0,3891.0,3906.8
2024-12-14 00:00:00,3906.8,3945.0,3895.67,3910.83
2024-12-14 04:00:00,3910.83,3935.71,3906.26,3920.76
2024-12-14 08:00:00,3920.75,3931.38,3886.2,3894.53
2024-12-14 12:00:00,3894.53,3898.8,3846.3,3889.01
2024-12-14 16:00:00,3889.0,3898.23,3827.0,3859.11
2024-12-14 20:00:00,3859.11,3876.87,3825.03,3870.29
2024-12-15 00:00:00,3870.3,3895.53,3856.02,3874.48
2024-12-15 04:00:00,3874.49,3911.5,3831.5,3845.2
2024-12-15 08:00:00,3845.19,3879.01,3837.21,3877.61
2024-12-15 12:00:00,3877.61,3910.33,3867.99,3894.76
2024-12-15 16:00:00,3894.76,3919.6,3886.4,3904.09
2024-12-15 20:00:00,3904.09,3974.61,3844.4,3959.09
2024-12-16 00:00:00,3959.09,4025.18,3928.88,3942.6
2024-12-16 04:00:00,3942.6,3983.0,3935.23,3974.01
2024-12-16 08:00:00,3974.0,3975.91,3902.39,3909.67
2024-12-16 12:00:00,3909.68,3960.0,3884.0,3941.21
2024-12-16 16:00:00,3941.21,4107.8,3939.4,4056.88
2024-12-16 20:00:00,4056.89,4071.99,3980.0,3986.24
2024-12-17 00:00:00,3986.24,4041.82,3943.0,4035.01
2024-12-17 04:00:00,4035.01,4035.02,3982.77,3994.24
2024-12-17 08:00:00,3994.23,4031.38,3990.0,3997.14
2024-12-17 12:00:00,3997.15,4025.6,3916.57,3939.18
2024-12-17 16:00:00,3939.19,3984.46,3917.2,3943.99
2024-12-17 20:00:00,3944.0,3952.0,3847.96,3893.01
2024-12-18 00:00:00,3893.01,3903.2,3834.66,3849.81
2024-12-18 04:00:00,3849.8,3861.7,3803.63,3847.33
2024-12-18 08:00:00,3847.33,3887.32,3841.6,3882.65
2024-12-18 12:00:00,3882.66,3891.09,3825.0,3867.98
2024-12-18 16:00:00,3867.99,3907.19,3770.0,3770.29
2024-12-18 20:00:00,3770.3,3786.23,3617.42,3626.8
2024-12-19 00:00:00,3626.8,3673.82,3542.22,3668.9
2024-12-19 04:00:00,3668.9,3699.58,3653.0,3693.79
2024-12-19 08:00:00,3693.79,3720.0,3664.28,3705.62
2024-12-19 12:00:00,3705.62,3710.2,3572.73,3613.92
2024-12-19 16:00:00,3613.92,3637.1,3376.2,3439.44
2024-12-19 20:00:00,3439.45,3465.11,3326.8,3417.01
2024-12-20 00:00:00,3417.01,3465.6,3370.47,3413.87
2024-12-20 04:00:00,3413.85,3431.16,3328.44,3390.48
2024-12-20 08:00:00,3390.48,3390.79,3103.0,3104.56
2024-12-20 12:00:00,3104.68,3396.4,3101.9,3374.61
2024-12-20 16:00:00,3374.62,3497.84,3366.68,3479.35
2024-12-20 20:00:00,3479.36,3489.99,3393.09,3472.21
2024-12-21 00:00:00,3472.2,3489.96,3445.35,3467.64
2024-12-21 04:00:00,3467.64,3555.18,3460.8,3523.46
2024-12-21 08:00:00,3523.45,3527.49,3423.91,3442.23
2024-12-21 12:00:00,3442.23,3444.24,3347.0,3390.4
2024-12-21 16:00:00,3390.4,3401.33,3326.59,3359.89
2024-12-21 20:00:00,3359.89,3388.88,3293.11,3338.92
2024-12-22 00:00:00,3338.92,3374.48,3318.71,3356.38
2024-12-22 04:00:00,3356.38,3361.75,3295.07,3332.4
2024-12-22 08:00:00,3332.5,3403.0,3331.19,3381.03
2024-12-22 12:00:00,3381.03,3397.88,3275.0,3302.38
2024-12-22 16:00:00,3302.38,3338.65,3238.0,3247.14
2024-12-22 20:00:00,3247.14,3310.93,3221.1,3281.83
2024-12-23 00:00:00,3281.83,3357.03,3216.97,3351.0
2024-12-23 04:00:00,3351.0,3363.12,3260.48,3305.2
2024-12-23 08:00:00,3305.2,3355.54,3293.5,3339.54
2024-12-23 12:00:00,3339.51,3361.78,3269.35,3277.2
2024-12-23 16:00:00,3277.19,3384.6,3270.91,3338.21
2024-12-23 20:00:00,3338.21,3466.99,3329.66,3422.53
2024-12-24 00:00:00,3422.53,3426.4,3358.19,3396.94
2024-12-24 04:00:00,3396.95,3434.97,3385.02,3401.22
2024-12-24 08:00:00,3401.22,3416.65,3385.98,3414.56
2024-12-24 12:00:00,3414.56,3510.0,3395.59,3493.07
2024-12-24 16:00:00,3493.07,3539.65,3465.02,3465.52
2024-12-24 20:00:00,3465.51,3505.0,3431.99,3493.18
2024-12-25 00:00:00,3493.17,3495.97,3458.0,3478.23
2024-12-25 04:00:00,3478.23,3509.68,3469.61,3489.22
2024-12-25 08:00:00,3489.21,3547.95,3465.43,3471.04
2024-12-25 12:00:00,3471.04,3501.05,3457.7,3472.99
2024-12-25 16:00:00,3473.0,3488.55,3440.93,3481.21
2024-12-25 20:00:00,3481.21,3500.0,3449.64,3497.0
2024-12-26 00:00:00,3497.0,3514.94,3450.45,3455.71
2024-12-26 04:00:00,3455.71,3455.71,3417.95,3422.0
2024-12-26 08:00:00,3422.0,3426.0,3346.87,3373.28
2024-12-26 12:00:00,3373.28,3374.0,3328.21,3344.13
2024-12-26 16:00:00,3344.14,3365.01,3313.5,3339.75
2024-12-26 20:00:00,3339.74,3350.0,3304.63,3335.05
2024-12-27 00:00:00,3335.04,3388.57,3317.27,3379.4
2024-12-27 04:00:00,3379.4,3398.79,3317.25,3326.02
2024-12-27 08:00:00,3326.01,3444.16,3325.68,3419.27
2024-12-27 12:00:00,3419.27,3423.0,3307.83,3326.32
2024-12-27 16:00:00,3326.32,3366.62,3306.6,3355.0
2024-12-27 20:00:00,3354.99,3355.54,3310.0,3333.51
2024-12-28 00:00:00,3333.51,3353.09,3322.23,3345.51
2024-12-28 04:00:00,3345.51,3361.14,3332.71,3335.53
2024-12-28 08:00:00,3335.53,3363.53,3333.0,3359.23
2024-12-28 12:00:00,3359.23,3396.0,3351.02,3368.38
2024-12-28 16:00:00,3368.39,3413.0,3365.61,3400.87
2024-12-28 20:00:00,3400.87,3428.68,3389.71,3404.0
2024-12-29 00:00:00,3404.01,3406.6,3375.62,3382.98
2024-12-29 04:00:00,3382.98,3407.99,3380.0,3407.61
2024-12-29 08:00:00,3407.6,3413.78,3390.0,3398.36
2024-12-29 12:00:00,3398.37,3410.92,3354.68,3373.82
2024-12-29 16:00:00,3373.82,3376.21,3345.9,3362.6
2024-12-29 20:00:00,3362.59,3368.35,3326.17,3356.48
2024-12-30 00:00:00,3356.48,3437.59,3347.77,3403.76
2024-12-30 04:00:00,3403.75,3432.65,3388.6,3427.0
2024-12-30 08:00:00,3427.01,3434.35,3395.05,3424.13
2024-12-30 12:00:00,3424.12,3430.2,3305.0,3324.16
2024-12-30 16:00:00,3324.16,3408.56,3317.5,3401.93
2024-12-30 20:00:00,3401.93,3419.0,3308.87,3361.84
2024-12-31 00:00:00,3361.83,3365.04,3315.59,3340.18
2024-12-31 04:00:00,3340.19,3363.42,3328.77,3353.64
2024-12-31 08:00:00,3353.64,3410.0,3352.79,3394.73
2024-12-31 12:00:00,3394.74,3451.0,3393.12,3412.85
2024-12-31 16:00:00,3412.86,3416.35,3330.0,3355.38
2024-12-31 20:00:00,3355.37,3364.64,3328.47,3337.78
2025-01-01 00:00:00,3337.78,3368.42,3335.84,3355.2
2025-01-01 04:00:00,3355.2,3356.61,3336.88,3347.12
2025-01-01 08:00:00,3347.11,3348.84,3313.88,3341.0
2025-01-01 12:00:00,3341.01,3359.37,3328.2,3352.93
2025-01-01 16:00:00,3352.93,3364.14,3323.03,3356.55
2025-01-01 20:00:00,3356.56,3374.85,3352.0,3360.38
2025-01-02 00:00:00,3360.39,3405.6,3354.5,3388.55
2025-01-02 04:00:00,3388.54,3427.54,3388.0,3420.05
2025-01-02 08:00:00,3420.06,3476.0,3414.21,3471.18
2025-01-02 12:00:00,3471.18,3509.99,3440.38,3463.51
2025-01-02 16:00:00,3463.52,3491.19,3428.99,3463.18
2025-01-02 20:00:00,3463.18,3475.28,3421.79,3455.67
2025-01-03 00:00:00,3455.68,3477.03,3442.62,3470.16
2025-01-03 04:00:00,3470.17,3470.94,3432.44,3433.27
2025-01-03 08:00:00,3433.27,3468.01,3423.44,3465.62
2025-01-03 12:00:00,3465.61,3576.0,3461.26,3565.13
2025-01-03 16:00:00,3565.14,3630.0,3565.14,3622.83
2025-01-03 20:00:00,3622.82,3624.38,3595.0,3609.01
2025-01-04 00:00:00,3609.0,3620.86,3579.92,3597.97
2025-01-04 04:00:00,3597.98,3609.81,3584.16,3594.04
2025-01-04 08:00:00,3594.05,3605.57,3572.42,3602.01
2025-01-04 12:00:00,3602.01,3663.25,3592.06,3607.81
2025-01-04 16:00:00,3607.81,3644.54,3601.62,3631.14
2025-01-04 20:00:00,3631.13,3671.6,3631.13,3656.88
2025-01-05 00:00:00,3656.88,3675.25,3629.66,3637.79
2025-01-05 04:00:00,3637.79,3650.44,3629.0,3631.56
2025-01-05 08:00:00,3631.55,3633.29,3603.33,3613.47
2025-01-05 12:00:00,3613.46,3638.77,3593.7,3629.6
2025-01-05 16:00:00,3629.6,3648.11,3613.04,3637.78
2025-01-05 20:00:00,3637.78,3656.88,3629.5,3635.99
2025-01-06 00:00:00,3636.0,3684.03,3610.63,3664.92
2025-01-06 04:00:00,3664.92,3698.04,3642.6,3650.75
2025-01-06 08:00:00,3650.75,3662.73,3633.0,3654.52
2025-01-06 12:00:00,3654.51,3714.49,3622.1,3714.45
2025-01-06 16:00:00,3714.45,3744.83,3655.55,3687.44
2025-01-06 20:00:00,3687.44,3703.38,3666.37,3687.45
2025-01-07 00:00:00,3687.44,3700.86,3663.0,3682.25
2025-01-07 04:00:00,3682.25,3685.92,3659.0,3667.77
2025-01-07 08:00:00,3667.78,3679.27,3625.55,3639.27
2025-01-07 12:00:00,3639.28,3645.95,3413.81,3462.64
2025-01-07 16:00:00,3462.65,3491.7,3372.71,3385.67
2025-01-07 20:00:00,3385.68,3414.04,3356.31,3381.31
2025-01-08 00:00:00,3381.31,3415.1,3343.22,3360.31
2025-01-08 04:00:00,3360.31,3373.14,3306.41,3354.59
2025-01-08 08:00:00,3354.59,3376.85,3323.0,3349.79
2025-01-08 12:00:00,3349.78,3386.36,3332.55,3346.73
2025-01-08 16:00:00,3346.72,3347.68,3208.2,3280.68
2025-01-08 20:00:00,3280.68,3334.8,3266.08,3327.29
2025-01-09 00:00:00,3327.29,3357.27,3306.5,3324.74
2025-01-09 04:00:00,3324.71,3343.36,3281.96,3288.71
2025-01-09 08:00:00,3288.71,3327.75,3265.77,3301.41
2025-01-09 12:00:00,3301.41,3337.0,3210.28,3320.58
2025-01-09 16:00:00,3320.57,3327.91,3190.82,3195.63
2025-01-09 20:00:00,3195.63,3239.59,3158.0,3219.2
2025-01-10 00:00:00,3219.2,3260.47,3213.74,3254.37
2025-01-10 04:00:00,3254.36,3313.65,3242.4,3296.29
2025-01-10 08:00:00,3296.29,3321.25,3288.12,3311.65
2025-01-10 12:00:00,3311.64,3317.03,3193.97,3245.14
2025-01-10 16:00:00,3245.15,3322.49,3232.2,3295.66
2025-01-10 20:00:00,3295.65,3295.65,3256.9,3267.04
2025-01-11 00:00:00,3267.05,3270.0,3231.83,3236.8
2025-01-11 04:00:00,3236.8,3251.13,3222.73,3235.72
2025-01-11 08:00:00,3235.72,3280.5,3217.56,3273.81
2025-01-11 12:00:00,3273.81,3282.94,3258.3,3271.33
2025-01-11 16:00:00,3271.33,3283.54,3259.06,3278.45
2025-01-11 20:00:00,3278.46,3320.18,3275.84,3282.83
2025-01-12 00:00:00,3282.83,3290.91,3274.12,3286.0
2025-01-12 04:00:00,3286.0,3289.41,3263.49,3266.87
2025-01-12 08:00:00,3266.87,3271.36,3224.49,3253.02
2025-01-12 12:00:00,3253.03,3296.14,3247.89,3285.68
2025-01-12 16:00:00,3285.68,3300.0,3268.66,3280.12
2025-01-12 20:00:00,3280.11,3289.31,3234.38,3267.3
2025-01-13 00:00:00,3267.3,3339.0,3235.69,3242.72
2025-01-13 04:00:00,3242.73,3260.49,3181.3,3201.66
2025-01-13 08:00:00,3201.66,3205.9,3055.88,3057.16
2025-01-13 12:00:00,3057.15,3091.38,2920.0,3049.0
2025-01-13 16:00:00,3049.01,3060.51,2986.4,3025.07
2025-01-13 20:00:00,3025.06,3143.2,3011.71,3137.51
2025-01-14 00:00:00,3137.51,3175.51,3125.65,3158.87
2025-01-14 04:00:00,3158.87,3190.07,3158.18,3171.53
2025-01-14 08:00:00,3171.53,3256.67,3169.41,3217.62
2025-01-14 12:00:00,3217.61,3233.27,3178.11,3199.45
2025-01-14 16:00:00,3199.45,3235.99,3172.12,3214.38
2025-01-14 20:00:00,3214.37,3240.69,3194.86,3225.63
2025-01-15 00:00:00,3225.63,3245.77,3205.17,3240.79
2025-01-15 04:00:00,3240.8,3252.35,3215.73,3233.3
2025-01-15 08:00:00,3233.3,3248.55,3186.36,3199.6
2025-01-15 12:00:00,3199.61,3353.82,3186.73,3334.47
2025-01-15 16:00:00,3334.47,3442.59,3323.91,3434.99
2025-01-15 20:00:00,3434.99,3473.75,3418.4,3451.52
2025-01-16 00:00:00,3451.51,3460.79,3346.0,3363.38
2025-01-16 04:00:00,3363.38,3391.5,3362.0,3384.3
2025-01-16 08:00:00,3384.3,3385.84,3300.21,3351.27
2025-01-16 12:00:00,3351.26,3365.16,3265.44,3333.04
2025-01-16 16:00:00,3333.02,3365.95,3310.47,3344.81
2025-01-16 20:00:00,3344.81,3354.01,3269.0,3308.05
2025-01-17 00:00:00,3308.04,3397.66,3307.5,3361.01
2025-01-17 04:00:00,3361.01,3389.11,3347.79,3373.14
2025-01-17 08:00:00,3373.14,3439.0,3372.52,3423.24
2025-01-17 12:00:00,3423.25,3450.53,3395.14,3421.8
2025-01-17 16:00:00,3421.8,3448.5,3407.63,3432.11
2025-01-17 20:00:00,3432.1,3525.72,3425.9,3473.63
2025-01-18 00:00:00,3473.64,3494.39,3368.06,3384.07
2025-01-18 04:00:00,3384.08,3395.49,3281.09,3287.63
2025-01-18 08:00:00,3287.64,3324.1,3227.0,3311.62
2025-01-18 12:00:00,3311.63,3347.34,3274.17,3307.07
2025-01-18 16:00:00,3307.07,3316.62,3250.0,3290.2
2025-01-18 20:00:00,3290.21,3321.11,3258.37,3307.71
2025-01-19 00:00:00,3307.71,3378.11,3298.71,3335.47
2025-01-19 04:00:00,3335.47,3337.95,3259.9,3276.06
2025-01-19 08:00:00,3276.06,3277.53,3130.48,3149.97
2025-01-19 12:00:00,3149.98,3426.05,3145.0,3383.68
2025-01-19 16:00:00,3383.68,3448.99,3378.11,3418.92
2025-01-19 20:00:00,3418.93,3431.82,3156.7,3215.12
2025-01-20 00:00:00,3215.2,3280.75,3142.78,3272.34
2025-01-20 04:00:00,3272.3,3453.69,3250.66,3382.59
2025-01-20 08:00:00,3382.58,3413.3,3334.32,3375.43
2025-01-20 12:00:00,3375.42,3379.94,3257.2,3335.9
2025-01-20 16:00:00,3335.91,3390.68,3205.42,3343.5
2025-01-20 20:00:00,3343.49,3344.5,3255.92,3284.0
2025-01-21 00:00:00,3283.99,3289.85,3204.6,3262.6
2025-01-21 04:00:00,3262.6,3266.24,3213.03,3254.7
2025-01-21 08:00:00,3254.7,3314.0,3234.48,3305.07
2025-01-21 12:00:00,3305.07,3335.44,3265.11,3295.1
2025-01-21 16:00:00,3295.1,3368.0,3290.5,3332.16
2025-01-21 20:00:00,3332.16,3347.12,3302.03,3327.54
2025-01-22 00:00:00,3327.55,3365.99,3321.31,3330.98
2025-01-22 04:00:00,3330.98,3339.59,3287.0,3288.07
2025-01-22 08:00:00,3288.08,3329.99,3273.83,3326.55
2025-01-22 12:00:00,3326.55,3332.7,3267.17,3278.39
2025-01-22 16:00:00,3278.39,3291.3,3239.4,3261.99
2025-01-22 20:00:00,3262.0,3276.6,3222.85,3242.6
2025-01-23 00:00:00,3242.61,3261.34,3204.18,3226.92
2025-01-23 04:00:00,3227.0,3234.0,3185.0,3233.48
2025-01-23 08:00:00,3233.48,3233.65,3188.89,3213.08
2025-01-23 12:00:00,3213.08,3286.72,3189.69,3259.33
2025-01-23 16:00:00,3259.33,3297.49,3195.0,3204.98
2025-01-23 20:00:00,3204.98,3347.97,3196.25,3338.21
2025-01-24 00:00:00,3338.22,3349.6,3275.9,3302.26
2025-01-24 04:00:00,3302.26,3421.0,3292.23,3380.8
2025-01-24 08:00:00,3380.79,3416.5,3374.68,3399.22
2025-01-24 12:00:00,3399.21,3428.0,3355.67,3383.69
2025-01-24 16:00:00,3383.64,3409.4,3365.0,3368.7
2025-01-24 20:00:00,3368.7,3378.79,3304.11,3310.09
2025-01-25 00:00:00,3310.1,3325.0,3268.66,3319.44
2025-01-25 04:00:00,3319.43,3319.7,3283.57,3291.53
2025-01-25 08:00:00,3291.52,3311.5,3272.09,3306.91
2025-01-25 12:00:00,3306.91,3345.0,3294.24,3334.62
2025-01-25 16:00:00,3334.62,3349.58,3330.63,3340.3
2025-01-25 20:00:00,3340.29,3350.68,3314.87,3318.77
2025-01-26 00:00:00,3318.76,3350.0,3313.9,3338.94
2025-01-26 04:00:00,3338.95,3362.0,3330.3,3338.56
2025-01-26 08:00:00,3338.57,3343.45,3292.82,3312.3
2025-01-26 12:00:00,3312.3,3320.68,3297.47,3315.31
2025-01-26 16:00:00,3315.31,3344.88,3307.96,3338.74
2025-01-26 20:00:00,3338.73,3342.34,3230.0,3232.61
2025-01-27 00:00:00,3232.61,3253.91,3160.71,3183.6
2025-01-27 04:00:00,3183.6,3183.6,3020.01,3070.8
2025-01-27 08:00:00,3070.8,3090.77,3034.48,3058.94
2025-01-27 12:00:00,3058.94,3152.0,3053.67,3133.4
2025-01-27 16:00:00,3133.39,3133.39,3046.68,3075.93
2025-01-27 20:00:00,3075.93,3239.0,3073.13,3182.44
2025-01-28 00:00:00,3182.44,3218.39,3151.62,3203.15
2025-01-28 04:00:00,3203.15,3223.01,3188.8,3196.22
2025-01-28 08:00:00,3196.22,3208.0,3177.1,3186.74
2025-01-28 12:00:00,3186.75,3214.38,3156.86,3181.36
2025-01-28 16:00:00,3181.37,3182.98,3120.36,3147.31
2025-01-28 20:00:00,3147.31,3155.37,3040.03,3077.72
2025-01-29 00:00:00,3077.72,3132.69,3076.31,3130.43
2025-01-29 04:00:00,3130.43,3160.0,3117.01,3156.89
2025-01-29 08:00:00,3156.88,3164.11,3119.8,3135.13
2025-01-29 12:00:00,3135.13,3140.38,3080.57,3101.12
2025-01-29 16:00:00,3101.11,3153.22,3054.06,3126.5
2025-01-29 20:00:00,3126.49,3182.52,3091.0,3113.9
2025-01-30 00:00:00,3113.9,3202.58,3091.06,3201.5
2025-01-30 04:00:00,3201.5,3215.73,3178.76,3191.04
2025-01-30 08:00:00,3191.04,3229.82,3181.1,3222.71
2025-01-30 12:00:00,3222.71,3281.0,3209.24,3255.3
2025-01-30 16:00:00,3255.3,3283.43,3249.06,3271.61
2025-01-30 20:00:00,3271.6,3273.2,3228.68,3247.39
2025-01-31 00:00:00,3247.38,3279.5,3221.2,3230.65
2025-01-31 04:00:00,3230.65,3276.93,3213.8,3241.63
2025-01-31 08:00:00,3241.63,3338.55,3234.05,3335.16
2025-01-31 12:00:00,3335.16,3436.34,3325.3,3427.66
2025-01-31 16:00:00,3427.65,3437.31,3294.97,3339.08
2025-01-31 20:00:00,3339.07,3339.07,3278.5,3300.99
2025-02-01 00:00:00,3300.99,3331.98,3283.01,3291.97
2025-02-01 04:00:00,3291.97,3307.19,3273.44,3280.1
2025-02-01 08:00:00,3280.11,3286.31,3224.01,3252.16
2025-02-01 12:00:00,3252.17,3273.15,3228.93,3250.99
2025-02-01 16:00:00,3251.0,3267.24,3178.07,3197.08
2025-02-01 20:00:00,3197.09,3197.09,3101.7,3117.54
2025-02-02 00:00:00,3117.54,3163.2,3069.36,3077.97
2025-02-02 04:00:00,3077.98,3139.0,3075.0,3101.51
2025-02-02 08:00:00,3101.5,3124.13,3052.19,3064.86
2025-02-02 12:00:00,3064.87,3101.92,3050.64,3081.19
2025-02-02 16:00:00,3081.18,3082.02,2894.4,2958.9
2025-02-02 20:00:00,2958.91,2987.68,2750.71,2869.68
2025-02-03 00:00:00,2869.68,2872.75,2125.01,2527.12
2025-02-03 04:00:00,2527.2,2632.8,2447.25,2622.35
2025-02-03 08:00:00,2622.35,2622.51,2526.16,2581.41
2025-02-03 12:00:00,2581.41,2728.0,2529.39,2700.72
2025-02-03 16:00:00,2700.73,2770.26,2668.06,2764.23
2025-02-03 20:00:00,2764.21,2921.0,2695.61,2879.9
2025-02-04 00:00:00,2879.89,2888.5,2792.22,2811.0
2025-02-04 04:00:00,2810.99,2836.68,2663.21,2703.53
2025-02-04 08:00:00,2703.54,2789.44,2677.0,2757.99
2025-02-04 12:00:00,2757.99,2846.3,2730.18,2777.18
2025-02-04 16:00:00,2777.18,2869.39,2765.26,2770.6
2025-02-04 20:00:00,2770.6,2794.05,2632.6,2731.19
2025-02-05 00:00:00,2731.19,2767.78,2699.13,2720.38
2025-02-05 04:00:00,2720.38,2788.0,2709.2,2759.31
2025-02-05 08:00:00,2759.3,2817.89,2746.85,2800.01
2025-02-05 12:00:00,2800.0,2826.95,2757.46,2773.46
2025-02-05 16:00:00,2773.45,2787.56,2715.27,2775.49
2025-02-05 20:00:00,2775.5,2803.0,2739.49,2788.25
2025-02-06 00:00:00,2788.25,2819.51,2755.69,2806.49
2025-02-06 04:00:00,2806.5,2856.21,2805.87,2831.32
2025-02-06 08:00:00,2831.33,2857.64,2793.05,2803.92
2025-02-06 12:00:00,2803.92,2807.77,2683.71,2705.57
2025-02-06 16:00:00,2705.57,2726.75,2672.03,2689.57
2025-02-06 20:00:00,2689.56,2725.6,2655.28,2686.64
2025-02-07 00:00:00,2686.63,2739.61,2679.79,2715.58
2025-02-07 04:00:00,2715.58,2731.0,2668.03,2713.07
2025-02-07 08:00:00,2713.06,2764.78,2705.56,2762.69
2025-02-07 12:00:00,2762.69,2797.5,2710.97,2721.73
2025-02-07 16:00:00,2721.74,2727.78,2655.8,2659.3
2025-02-07 20:00:00,2659.3,2661.85,2562.51,2622.1
2025-02-08 00:00:00,2622.11,2667.3,2615.88,2641.66
2025-02-08 04:00:00,2641.67,2648.99,2594.63,2629.61
2025-02-08 08:00:00,2629.61,2632.5,2601.4,2613.32
2025-02-08 12:00:00,2613.3,2636.9,2588.8,2605.24
2025-02-08 16:00:00,2605.24,2649.9,2589.97,2637.89
2025-02-08 20:00:00,2637.89,2645.6,2623.78,2632.46
2025-02-09 00:00:00,2632.46,2698.9,2626.63,2678.54
2025-02-09 04:00:00,2678.53,2678.9,2649.29,2662.59
2025-02-09 08:00:00,2662.59,2673.38,2650.99,2654.78
2025-02-09 12:00:00,2654.8,2661.81,2611.78,2653.21
2025-02-09 16:00:00,2653.22,2666.38,2616.81,2623.89
2025-02-09 20:00:00,2623.89,2649.55,2520.02,2627.18
2025-02-10 00:00:00,2627.18,2658.6,2559.85,2625.97
2025-02-10 04:00:00,2625.97,2660.0,2618.4,2637.03
2025-02-10 08:00:00,2637.02,2662.0,2634.84,2653.16
2025-02-10 12:00:00,2653.16,2684.55,2631.24,2658.22
2025-02-10 16:00:00,2658.21,2693.79,2650.0,2672.28
2025-02-10 20:00:00,2672.28,2686.61,2651.74,2661.19
2025-02-11 00:00:00,2661.19,2725.04,2660.72,2678.89
2025-02-11 04:00:00,2678.89,2724.98,2676.49,2712.15
2025-02-11 08:00:00,2712.12,2720.9,2690.24,2708.8
2025-02-11 12:00:00,2708.8,2710.29,2626.13,2662.36
2025-02-11 16:00:00,2662.35,2670.8,2580.0,2589.7
2025-02-11 20:00:00,2589.69,2631.36,2558.24,2602.59
2025-02-12 00:00:00,2602.59,2624.36,2569.31,2587.24
2025-02-12 04:00:00,2587.23,2624.07,2577.5,2618.63
2025-02-12 08:00:00,2618.62,2639.49,2610.78,2627.08
2025-02-12 12:00:00,2627.08,2665.16,2546.92,2606.9
2025-02-12 16:00:00,2606.9,2683.65,2583.18,2677.95
2025-02-12 20:00:00,2677.95,2795.45,2669.49,2738.27
2025-02-13 00:00:00,2738.27,2757.28,2716.0,2744.0
2025-02-13 04:00:00,2744.0,2745.73,2672.03,2681.5
2025-02-13 08:00:00,2681.51,2688.43,2650.65,2656.19
2025-02-13 12:00:00,2656.18,2677.77,2616.04,2647.95
2025-02-13 16:00:00,2647.96,2662.17,2612.76,2640.94
2025-02-13 20:00:00,2640.94,2679.99,2640.5,2675.87
2025-02-14 00:00:00,2675.87,2721.4,2664.46,2715.39
2025-02-14 04:00:00,2715.39,2716.2,2689.43,2699.42
2025-02-14 08:00:00,2699.41,2716.48,2682.42,2684.81
2025-02-14 12:00:00,2684.8,2747.39,2677.43,2734.33
2025-02-14 16:00:00,2734.33,2791.78,2709.61,2738.0
2025-02-14 20:00:00,2738.0,2751.1,2706.0,2725.95
2025-02-15 00:00:00,2725.95,2739.0,2703.99,2724.4
2025-02-15 04:00:00,2724.41,2733.6,2694.0,2697.66
2025-02-15 08:00:00,2697.65,2715.1,2695.7,2708.37
2025-02-15 12:00:00,2708.37,2713.99,2662.28,2691.05
2025-02-15 16:00:00,2691.05,2707.93,2679.0,2691.59
2025-02-15 20:00:00,2691.6,2704.0,2679.16,2693.04
2025-02-16 00:00:00,2693.04,2705.98,2687.71,2698.73
2025-02-16 04:00:00,2698.73,2727.31,2690.56,2695.59
2025-02-16 08:00:00,2695.59,2713.0,2689.49,2710.99
2025-02-16 12:00:00,2710.99,2712.49,2676.73,2694.2
2025-02-16 16:00:00,2694.21,2703.46,2659.1,2683.47
2025-02-16 20:00:00,2683.46,2689.13,2651.26,2661.41
2025-02-17 00:00:00,2661.41,2684.0,2658.0,2671.88
2025-02-17 04:00:00,2671.89,2695.27,2637.71,2681.59
2025-02-17 08:00:00,2681.59,2774.98,2676.29,2755.2
2025-02-17 12:00:00,2755.2,2849.7,2746.1,2755.72
2025-02-17 16:00:00,2755.71,2765.79,2686.91,2717.72
2025-02-17 20:00:00,2717.72,2778.15,2716.54,2744.05
2025-02-18 00:00:00,2744.05,2756.93,2707.5,2712.08
2025-02-18 04:00:00,2712.07,2718.09,2652.17,2672.51
2025-02-18 08:00:00,2672.51,2706.12,2653.4,2679.26
2025-02-18 12:00:00,2679.26,2732.8,2660.0,2673.7
2025-02-18 16:00:00,2673.7,2684.63,2605.44,2630.37
2025-02-18 20:00:00,2630.38,2672.4,2618.0,2671.99
2025-02-19 00:00:00,2672.0,2700.0,2656.03,2694.02
2025-02-19 04:00:00,2694.02,2717.34,2664.54,2708.38
2025-02-19 08:00:00,2708.39,2736.7,2703.99,2726.93
2025-02-19 12:00:00,2726.93,2731.16,2677.51,2696.99
2025-02-19 16:00:00,2696.99,2724.29,2694.78,2712.03
2025-02-19 20:00:00,2712.03,2734.37,2706.02,2715.5
2025-02-20 00:00:00,2715.51,2751.5,2709.69,2741.77
2025-02-20 04:00:00,2741.77,2758.68,2722.23,2730.22
2025-02-20 08:00:00,2730.23,2746.99,2725.28,2740.71
2025-02-20 12:00:00,2740.7,2770.59,2707.33,2712.6
2025-02-20 16:00:00,2712.6,2767.93,2707.18,2747.77
2025-02-20 20:00:00,2747.77,2761.06,2722.2,2738.04
2025-02-21 00:00:00,2738.04,2749.49,2726.0,2744.2
2025-02-21 04:00:00,2744.2,2769.56,2744.19,2756.32
2025-02-21 08:00:00,2756.31,2831.71,2747.74,2788.73
2025-02-21 12:00:00,2788.73,2845.32,2675.02,2723.31
2025-02-21 16:00:00,2723.3,2769.88,2625.94,2640.19
2025-02-21 20:00:00,2640.2,2664.0,2616.72,2663.0
2025-02-22 00:00:00,2663.0,2688.97,2653.33,2675.37
2025-02-22 04:00:00,2675.37,2697.1,2673.0,2684.56
2025-02-22 08:00:00,2684.55,2753.59,2676.8,2732.99
2025-02-22 12:00:00,2733.0,2785.91,2722.15,2775.68
2025-02-22 16:00:00,2775.67,2798.07,2756.37,2770.09
2025-02-22 20:00:00,2770.1,2778.14,2759.39,2763.22
2025-02-23 00:00:00,2763.23,2775.88,2745.41,2752.77
2025-02-23 04:00:00,2752.76,2829.98,2746.17,2825.2
2025-02-23 08:00:00,2825.2,2831.58,2783.2,2797.48
2025-02-23 12:00:00,2797.48,2827.0,2773.48,2783.0
2025-02-23 16:00:00,2783.0,2824.0,2782.38,2807.97
2025-02-23 20:00:00,2807.97,2857.34,2784.01,2819.69
2025-02-24 00:00:00,2819.7,2839.95,2711.8,2718.08
2025-02-24 04:00:00,2718.08,2735.78,2691.49,2722.01
2025-02-24 08:00:00,2722.02,2722.4,2663.03,2689.99
2025-02-24 12:00:00,2690.0,2696.63,2636.33,2658.77
2025-02-24 16:00:00,2658.77,2682.42,2623.12,2641.26
2025-02-24 20:00:00,2641.3,2663.9,2470.33,2513.52
2025-02-25 00:00:00,2513.52,2530.6,2458.27,2495.21
2025-02-25 04:00:00,2495.22,2512.9,2313.49,2368.11
2025-02-25 08:00:00,2368.12,2439.5,2357.05,2433.69
2025-02-25 12:00:00,2433.7,2448.95,2361.89,2409.8
2025-02-25 16:00:00,2409.8,2473.59,2383.4,2471.91
2025-02-25 20:00:00,2471.9,2533.49,2457.59,2495.7
2025-02-26 00:00:00,2495.69,2507.5,2471.8,2490.6
2025-02-26 04:00:00,2490.61,2506.4,2475.2,2483.81
2025-02-26 08:00:00,2483.81,2496.25,2457.77,2464.79
2025-02-26 12:00:00,2464.8,2466.81,2370.0,2428.47
2025-02-26 16:00:00,2428.5,2434.2,2266.1,2296.29
2025-02-26 20:00:00,2296.3,2383.37,2253.77,2336.37
2025-02-27 00:00:00,2336.38,2370.9,2315.85,2332.11
2025-02-27 04:00:00,2332.11,2373.2,2303.22,2356.13
2025-02-27 08:00:00,2356.13,2381.6,2343.41,2353.82
2025-02-27 12:00:00,2353.83,2362.35,2290.78,2323.31
2025-02-27 16:00:00,2323.31,2337.5,2278.79,2292.41
2025-02-27 20:00:00,2292.41,2311.52,2230.57,2307.72
2025-02-28 00:00:00,2307.72,2314.18,2123.63,2147.49
2025-02-28 04:00:00,2147.49,2156.0,2076.26,2106.2
2025-02-28 08:00:00,2106.21,2151.94,2076.26,2125.8
2025-02-28 12:00:00,2125.8,2228.64,2105.38,2223.01
2025-02-28 16:00:00,2223.0,2255.13,2193.4,2230.15
2025-02-28 20:00:00,2230.14,2239.69,2198.51,2237.59
2025-03-01 00:00:00,2237.59,2275.61,2213.33,2262.98
2025-03-01 04:00:00,2262.98,2281.14,2224.2,2229.24
2025-03-01 08:00:00,2229.25,2239.77,2171.41,2184.42
2025-03-01 12:00:00,2184.43,2187.7,2142.73,2173.29
2025-03-01 16:00:00,2173.3,2234.6,2169.4,2223.31
2025-03-01 20:00:00,2223.31,2235.99,2191.1,2217.39
2025-03-02 00:00:00,2217.4,2230.82,2201.1,2220.18
2025-03-02 04:00:00,2220.19,2235.6,2218.2,2221.4
2025-03-02 08:00:00,2221.4,2260.84,2208.06,2238.88
2025-03-02 12:00:00,2238.88,2291.76,2172.04,2229.51
2025-03-02 16:00:00,2229.51,2518.0,2212.35,2486.42
2025-03-02 20:00:00,2486.42,2550.58,2480.19,2518.11
2025-03-03 00:00:00,2518.12,2523.56,2418.67,2441.15
2025-03-03 04:00:00,2441.16,2457.25,2352.79,2387.01
2025-03-03 08:00:00,2387.01,2388.11,2322.01,2356.16
2025-03-03 12:00:00,2356.15,2389.0,2266.97,2287.24
2025-03-03 16:00:00,2287.3,2297.0,2100.0,2109.88
2025-03-03 20:00:00,2109.87,2173.29,2097.91,2149.01
2025-03-04 00:00:00,2149.02,2167.18,2002.81,2074.89
2025-03-04 04:00:00,2074.89,2122.12,2068.34,2080.41
2025-03-04 08:00:00,2080.42,2118.0,2071.03,2101.36
2025-03-04 12:00:00,2101.38,2158.32,2025.62,2074.49
2025-03-04 16:00:00,2074.49,2174.72,1993.2,2172.65
2025-03-04 20:00:00,2172.63,2221.88,2126.06,2171.51
2025-03-05 00:00:00,2171.5,2192.75,2155.03,2160.89
2025-03-05 04:00:00,2160.9,2213.13,2156.15,2207.0
2025-03-05 08:00:00,2207.0,2273.51,2204.61,2217.72
2025-03-05 12:00:00,2217.72,2232.81,2166.48,2186.82
2025-03-05 16:00:00,2186.81,2222.99,2161.78,2218.3
2025-03-05 20:00:00,2218.3,2252.86,2214.12,2241.59
2025-03-06 00:00:00,2241.59,2296.31,2234.07,2289.79
2025-03-06 04:00:00,2289.79,2319.99,2275.91,2286.0
2025-03-06 08:00:00,2285.99,2305.68,2276.77,2297.59
2025-03-06 12:00:00,2297.59,2298.9,2208.6,2257.49
2025-03-06 16:00:00,2257.5,2265.7,2176.9,2198.34
2025-03-06 20:00:00,2198.35,2229.4,2192.3,2202.2
2025-03-07 00:00:00,2202.21,2227.39,2101.82,2147.89
2025-03-07 04:00:00,2147.9,2193.39,2144.59,2192.41
2025-03-07 08:00:00,2192.41,2210.8,2177.15,2197.49
2025-03-07 12:00:00,2197.49,2258.47,2165.79,2209.68
2025-03-07 16:00:00,2209.67,2215.49,2141.53,2178.34
2025-03-07 20:00:00,2178.33,2186.96,2115.0,2141.6
2025-03-08 00:00:00,2141.6,2156.0,2105.06,2137.8
2025-03-08 04:00:00,2137.8,2152.69,2131.4,2137.88
2025-03-08 08:00:00,2137.89,2143.5,2126.66,2141.95
2025-03-08 12:00:00,2141.95,2198.86,2138.1,2181.4
2025-03-08 16:00:00,2181.4,2234.93,2161.14,2224.6
2025-03-08 20:00:00,2224.61,2225.99,2193.2,2203.58
2025-03-09 00:00:00,2203.57,2212.0,2176.14,2186.01
2025-03-09 04:00:00,2186.0,2197.1,2171.84,2185.07
2025-03-09 08:00:00,2185.07,2187.68,2128.43,2146.7
2025-03-09 12:00:00,2146.7,2146.9,2084.67,2097.03
2025-03-09 16:00:00,2097.01,2109.32,1998.0,2040.47
2025-03-09 20:00:00,2040.47,2056.59,1989.66,2020.41
2025-03-10 00:00:00,2020.43,2071.0,1995.08,2057.89
2025-03-10 04:00:00,2057.88,2079.33,2054.19,2075.29
2025-03-10 08:00:00,2075.3,2152.4,2047.83,2128.12
2025-03-10 12:00:00,2128.11,2135.98,1997.0,2017.83
2025-03-10 16:00:00,2017.83,2025.3,1810.01,1869.3
2025-03-10 20:00:00,1869.43,1903.99,1843.23,1865.1
2025-03-11 00:00:00,1865.11,1890.46,1754.28,1849.78
2025-03-11 04:00:00,1849.78,1914.25,1845.46,1904.1
2025-03-11 08:00:00,1904.1,1929.68,1899.57,1914.12
2025-03-11 12:00:00,1914.12,1962.98,1840.53,1914.49
2025-03-11 16:00:00,1914.49,1963.2,1886.55,1951.91
2025-03-11 20:00:00,1951.9,1955.42,1917.17,1923.43
2025-03-12 00:00:00,1923.42,1932.86,1867.09,1868.9
2025-03-12 04:00:00,1868.89,1916.66,1852.3,1911.26
2025-03-12 08:00:00,1911.26,1960.0,1871.11,1916.84
2025-03-12 12:00:00,1916.85,1947.0,1829.72,1869.85
2025-03-12 16:00:00,1869.86,1894.72,1862.45,1878.25
2025-03-12 20:00:00,1878.26,1915.95,1873.7,1908.2
2025-03-13 00:00:00,1908.2,1917.12,1882.01,1886.87
2025-03-13 04:00:00,1886.87,1891.5,1858.32,1872.23
2025-03-13 08:00:00,1872.23,1905.38,1853.9,1900.24
2025-03-13 12:00:00,1900.24,1923.09,1864.21,1875.41
2025-03-13 16:00:00,1875.41,1878.1,1821.81,1851.82
2025-03-13 20:00:00,1851.73,1883.56,1839.4,1864.59
2025-03-14 00:00:00,1864.59,1894.63,1861.31,1889.29
2025-03-14 04:00:00,1889.28,1905.42,1887.73,1893.07
2025-03-14 08:00:00,1893.08,1908.93,1889.5,1902.4
2025-03-14 12:00:00,1902.41,1942.48,1877.69,1922.2
2025-03-14 16:00:00,1922.2,1945.64,1914.19,1934.16
2025-03-14 20:00:00,1934.16,1934.94,1908.38,1911.65
2025-03-15 00:00:00,1911.64,1923.37,1903.75,1920.44
2025-03-15 04:00:00,1920.43,1935.21,1914.65,1917.66
2025-03-15 08:00:00,1917.68,1931.87,1912.7,1929.0
2025-03-15 12:00:00,1929.0,1939.6,1922.55,1937.83
2025-03-15 16:00:00,1937.84,1948.22,1928.76,1937.31
2025-03-15 20:00:00,1937.32,1957.19,1936.37,1937.17
2025-03-16 00:00:00,1937.18,1940.87,1916.56,1927.52
2025-03-16 04:00:00,1927.52,1934.0,1921.53,1925.89
2025-03-16 08:00:00,1925.89,1926.92,1866.9,1874.0
2025-03-16 12:00:00,1874.01,1898.33,1873.42,1895.01
2025-03-16 16:00:00,1895.01,1924.11,1860.38,1882.74
2025-03-16 20:00:00,1882.73,1898.63,1870.1,1887.0
2025-03-17 00:00:00,1887.01,1915.44,1886.36,1908.85
2025-03-17 04:00:00,1908.85,1912.99,1879.98,1900.74
2025-03-17 08:00:00,1900.75,1918.42,1893.0,1910.59
2025-03-17 12:00:00,1910.58,1939.03,1888.01,1919.47
2025-03-17 16:00:00,1919.47,1952.4,1907.74,1942.23
2025-03-17 20:00:00,1942.22,1949.5,1922.2,1926.31
2025-03-18 00:00:00,1926.3,1930.25,1897.47,1901.17
2025-03-18 04:00:00,1901.17,1910.41,1893.86,1905.06
2025-03-18 08:00:00,1905.05,1913.09,1885.58,1892.43
2025-03-18 12:00:00,1892.42,1903.2,1872.31,1881.02
2025-03-18 16:00:00,1881.03,1908.39,1873.6,1904.57
2025-03-18 20:00:00,1904.57,1936.2,1898.65,1931.54
2025-03-19 00:00:00,1931.54,1949.03,1927.58,1938.33
2025-03-19 04:00:00,1938.33,1943.14,1930.3,1932.0
2025-03-19 08:00:00,1932.0,2033.79,1931.7,2027.99
2025-03-19 12:00:00,2028.0,2056.99,1994.65,2048.99
2025-03-19 16:00:00,2049.0,2064.91,1997.33,2031.06
2025-03-19 20:00:00,2031.07,2069.9,2028.58,2056.06
2025-03-20 00:00:00,2056.05,2067.9,2020.41,2022.75
2025-03-20 04:00:00,2022.75,2025.6,2005.2,2007.54
2025-03-20 08:00:00,2007.55,2021.27,1972.4,1989.08
2025-03-20 12:00:00,1989.09,2010.66,1965.85,1972.17
2025-03-20 16:00:00,1972.01,1980.26,1952.17,1974.75
2025-03-20 20:00:00,1974.76,1984.88,1971.33,1983.79
2025-03-21 00:00:00,1983.79,1996.73,1973.0,1978.17
2025-03-21 04:00:00,1978.16,1989.95,1966.52,1976.78
2025-03-21 08:00:00,1976.79,1982.33,1956.6,1966.81
2025-03-21 12:00:00,1966.81,1973.99,1937.1,1950.69
2025-03-21 16:00:00,1950.69,1977.9,1946.07,1973.93
2025-03-21 20:00:00,1973.92,1983.4,1962.62,1965.75
2025-03-22 00:00:00,1965.74,1987.23,1964.34,1986.04
2025-03-22 04:00:00,1986.07,1993.1,1983.23,1984.23
2025-03-22 08:00:00,1984.22,2006.61,1981.68,1990.41
2025-03-22 12:00:00,1990.41,1997.75,1981.12,1986.29
2025-03-22 16:00:00,1986.29,2000.0,1982.52,1995.94
2025-03-22 20:00:00,1995.95,2004.3,1974.78,1980.69
2025-03-23 00:00:00,1980.68,2008.73,1976.81,2008.31
2025-03-23 04:00:00,2008.32,2019.8,1992.08,2008.04
2025-03-23 08:00:00,2008.04,2020.74,2002.9,2008.01
2025-03-23 12:00:00,2008.01,2020.2,2002.52,2007.06
2025-03-23 16:00:00,2007.06,2008.23,1987.5,1996.3
2025-03-23 20:00:00,1996.3,2006.68,1980.77,2005.99
2025-03-24 00:00:00,2005.99,2021.39,1977.67,2014.48
2025-03-24 04:00:00,2014.49,2079.58,2014.49,2069.16
2025-03-24 08:00:00,2069.18,2104.11,2068.77,2092.77
2025-03-24 12:00:00,2092.77,2102.49,2073.47,2089.77
2025-03-24 16:00:00,2089.76,2101.3,2067.67,2088.71
2025-03-24 20:00:00,2088.71,2095.41,2068.33,2081.2
2025-03-25 00:00:00,2081.2,2097.7,2041.83,2043.26
2025-03-25 04:00:00,2043.25,2066.98,2037.08,2055.55
2025-03-25 08:00:00,2055.56,2075.36,2052.44,2068.68
2025-03-25 12:00:00,2068.68,2080.4,2051.88,2067.67
2025-03-25 16:00:00,2067.67,2083.52,2056.51,2075.64
2025-03-25 20:00:00,2075.64,2082.99,2053.85,2066.15
2025-03-26 00:00:00,2066.16,2079.21,2042.6,2049.07
2025-03-26 04:00:00,2049.06,2071.4,2047.55,2069.25
2025-03-26 08:00:00,2069.26,2075.76,2057.6,2068.51
2025-03-26 12:00:00,2068.52,2070.52,2006.66,2012.27
2025-03-26 16:00:00,2012.27,2022.13,1981.6,1999.92
2025-03-26 20:00:00,1999.91,2017.92,1991.85,2009.52
2025-03-27 00:00:00,2009.52,2037.38,2006.78,2031.32
2025-03-27 04:00:00,2031.32,2032.87,2020.95,2026.43
2025-03-27 08:00:00,2026.42,2035.92,2012.21,2016.21
2025-03-27 12:00:00,2016.21,2026.32,1987.06,2005.49
2025-03-27 16:00:00,2005.48,2015.16,1993.65,2004.08
2025-03-27 20:00:00,2004.13,2020.0,1999.68,2003.66
2025-03-28 00:00:00,2003.67,2015.93,1991.63,1999.84
2025-03-28 04:00:00,1999.84,2004.7,1900.0,1910.21
2025-03-28 08:00:00,1910.21,1925.0,1860.0,1900.48
2025-03-28 12:00:00,1900.47,1903.87,1871.58,1872.13
2025-03-28 16:00:00,1872.13,1887.28,1862.14,1874.16
2025-03-28 20:00:00,1874.17,1902.0,1873.75,1896.9
2025-03-29 00:00:00,1896.9,1913.6,1886.27,1899.83
2025-03-29 04:00:00,1899.84,1904.96,1875.41,1880.14
2025-03-29 08:00:00,1880.14,1887.28,1833.5,1844.55
2025-03-29 12:00:00,1844.55,1863.75,1833.84,1840.24
2025-03-29 16:00:00,1840.24,1848.12,1797.2,1827.5
2025-03-29 20:00:00,1827.5,1830.31,1811.6,1828.08
2025-03-30 00:00:00,1828.09,1844.59,1812.69,1834.39
2025-03-30 04:00:00,1834.39,1846.85,1832.56,1837.74
2025-03-30 08:00:00,1837.74,1849.01,1826.49,1833.27
2025-03-30 12:00:00,1833.28,1839.71,1790.06,1813.75
2025-03-30 16:00:00,1813.76,1834.33,1785.41,1814.22
2025-03-30 20:00:00,1814.22,1821.68,1767.69,1807.74
2025-03-31 00:00:00,1807.74,1823.5,1776.75,1798.32
2025-03-31 04:00:00,1798.32,1813.68,1789.1,1798.92
2025-03-31 08:00:00,1798.91,1819.74,1777.79,1813.43
2025-03-31 12:00:00,1813.43,1854.22,1794.94,1842.23
2025-03-31 16:00:00,1842.22,1847.34,1817.23,1827.71
2025-03-31 20:00:00,1827.71,1834.74,1816.4,1822.43
2025-04-01 00:00:00,1822.43,1843.0,1817.88,1835.0
2025-04-01 04:00:00,1835.0,1867.91,1831.95,1854.26
2025-04-01 08:00:00,1854.26,1892.55,1853.93,1862.36
2025-04-01 12:00:00,1862.37,1927.9,1842.42,1918.58
2025-04-01 16:00:00,1918.59,1924.17,1901.5,1910.09
2025-04-01 20:00:00,1910.1,1922.75,1897.13,1904.98
2025-04-02 00:00:00,1904.98,1908.41,1872.39,1876.39
2025-04-02 04:00:00,1876.4,1883.3,1852.0,1865.06
2025-04-02 08:00:00,1865.07,1888.05,1862.62,1868.72
2025-04-02 12:00:00,1868.73,1919.0,1854.27,1901.21
2025-04-02 16:00:00,1901.21,1916.1,1882.22,1911.45
2025-04-02 20:00:00,1911.45,1957.0,1781.53,1795.22
2025-04-03 00:00:00,1795.21,1834.88,1788.97,1824.46
2025-04-03 04:00:00,1824.47,1845.26,1807.13,1815.31
2025-04-03 08:00:00,1815.31,1824.18,1787.23,1795.13
2025-04-03 12:00:00,1795.13,1800.52,1750.0,1782.27
2025-04-03 16:00:00,1782.26,1799.15,1767.23,1787.12
2025-04-03 20:00:00,1787.11,1821.84,1779.78,1817.23
2025-04-04 00:00:00,1817.23,1823.12,1771.11,1792.91
2025-04-04 04:00:00,1792.91,1821.82,1784.17,1817.93
2025-04-04 08:00:00,1817.94,1835.68,1758.72,1783.88
2025-04-04 12:00:00,1783.88,1821.0,1769.45,1795.24
2025-04-04 16:00:00,1795.24,1828.9,1783.25,1810.21
2025-04-04 20:00:00,1810.21,1827.99,1807.52,1816.87
2025-04-05 00:00:00,1816.88,1827.29,1809.39,1810.01
2025-04-05 04:00:00,1810.01,1815.75,1803.99,1813.22
2025-04-05 08:00:00,1813.22,1822.04,1806.56,1807.34
2025-04-05 12:00:00,1807.34,1808.3,1777.93,1782.01
2025-04-05 16:00:00,1782.01,1795.38,1780.0,1782.17
2025-04-05 20:00:00,1782.17,1810.04,1764.39,1806.01
2025-04-06 00:00:00,1806.02,1817.0,1801.78,1809.81
2025-04-06 04:00:00,1809.81,1813.55,1791.49,1797.69
2025-04-06 08:00:00,1797.7,1798.2,1783.0,1789.19
2025-04-06 12:00:00,1789.19,1792.09,1735.0,1759.55
2025-04-06 16:00:00,1759.56,1760.06,1602.0,1626.24
2025-04-06 20:00:00,1626.24,1631.18,1537.5,1580.76
2025-04-07 00:00:00,1580.77,1614.2,1520.78,1543.69
2025-04-07 04:00:00,1543.69,1561.41,1411.01,1460.15
2025-04-07 08:00:00,1460.15,1520.83,1455.63,1483.11
2025-04-07 12:00:00,1483.11,1639.0,1478.12,1556.56
2025-04-07 16:00:00,1556.56,1572.7,1526.0,1545.41
2025-04-07 20:00:00,1545.47,1585.5,1545.06,1553.04
2025-04-08 00:00:00,1553.04,1618.67,1541.04,1584.71
2025-04-08 04:00:00,1584.71,1602.27,1561.89,1570.83
2025-04-08 08:00:00,1570.83,1590.08,1554.37,1588.32
2025-04-08 12:00:00,1588.32,1593.47,1518.29,1531.77
2025-04-08 16:00:00,1531.76,1533.08,1454.63,1466.67
2025-04-08 20:00:00,1466.67,1486.2,1441.3,1473.41
2025-04-09 00:00:00,1473.41,1482.28,1385.05,1418.8
2025-04-09 04:00:00,1418.79,1492.02,1414.77,1483.43
2025-04-09 08:00:00,1483.45,1496.55,1445.07,1455.33
2025-04-09 12:00:00,1455.33,1501.27,1440.2,1485.26
2025-04-09 16:00:00,1485.26,1673.29,1481.97,1640.92
2025-04-09 20:00:00,1640.93,1689.0,1640.56,1669.51
2025-04-10 00:00:00,1669.51,1669.85,1601.76,1617.01
2025-04-10 04:00:00,1617.0,1626.14,1583.31,1595.81
2025-04-10 08:00:00,1595.81,1606.86,1581.36,1594.81
2025-04-10 12:00:00,1594.8,1640.0,1483.6,1495.98
2025-04-10 16:00:00,1495.97,1532.2,1471.02,1514.67
2025-04-10 20:00:00,1514.6,1533.7,1514.16,1522.25
2025-04-11 00:00:00,1522.24,1550.6,1504.63,1544.61
2025-04-11 04:00:00,1544.61,1562.8,1541.04,1553.04
2025-04-11 08:00:00,1553.05,1585.0,1538.14,1558.79
2025-04-11 12:00:00,1558.8,1581.44,1541.48,1565.44
2025-04-11 16:00:00,1565.44,1591.47,1555.87,1565.79
2025-04-11 20:00:00,1565.79,1586.97,1558.7,1566.85
2025-04-12 00:00:00,1566.85,1569.79,1546.06,1554.4
2025-04-12 04:00:00,1554.4,1585.23,1550.5,1582.05
2025-04-12 08:00:00,1582.04,1606.41,1581.0,1594.06
2025-04-12 12:00:00,1594.06,1669.59,1590.7,1655.87
2025-04-12 16:00:00,1655.88,1662.33,1628.24,1642.63
2025-04-12 20:00:00,1642.64,1659.93,1641.24,1644.18
2025-04-13 00:00:00,1644.19,1649.75,1606.55,1624.53
2025-04-13 04:00:00,1624.52,1624.66,1597.47,1613.5
2025-04-13 08:00:00,1613.51,1628.2,1592.58,1604.28
2025-04-13 12:00:00,1604.29,1609.3,1566.11,1586.62
2025-04-13 16:00:00,1586.61,1649.04,1562.01,1590.25
2025-04-13 20:00:00,1590.25,1617.08,1572.24,1597.76
2025-04-14 00:00:00,1597.76,1660.32,1595.56,1629.59
2025-04-14 04:00:00,1629.6,1642.19,1612.63,1635.57
2025-04-14 08:00:00,1635.58,1691.5,1629.34,1675.32
2025-04-14 12:00:00,1675.32,1689.59,1619.34,1627.93
2025-04-14 16:00:00,1627.94,1651.51,1615.0,1636.58
2025-04-14 20:00:00,1636.58,1638.18,1606.01,1623.77
2025-04-15 00:00:00,1623.78,1643.7,1614.8,1637.89
2025-04-15 04:00:00,1637.9,1648.47,1632.06,1644.84
2025-04-15 08:00:00,1644.83,1651.96,1622.47,1632.05
2025-04-15 12:00:00,1632.06,1661.21,1601.36,1621.02
2025-04-15 16:00:00,1621.01,1627.99,1597.17,1606.96
2025-04-15 20:00:00,1606.95,1614.78,1583.12,1588.78
2025-04-16 00:00:00,1588.77,1604.4,1576.5,1591.04
2025-04-16 04:00:00,1591.04,1593.66,1551.18,1564.28
2025-04-16 08:00:00,1564.28,1586.1,1556.7,1584.17
2025-04-16 12:00:00,1584.18,1613.66,1566.28,1590.69
2025-04-16 16:00:00,1590.7,1612.83,1538.07,1588.6
2025-04-16 20:00:00,1588.61,1598.15,1570.0,1577.14
2025-04-17 00:00:00,1577.15,1595.57,1574.69,1584.91
2025-04-17 04:00:00,1584.91,1610.53,1580.99,1601.6
2025-04-17 08:00:00,1601.6,1604.23,1588.65,1593.27
2025-04-17 12:00:00,1593.27,1603.19,1563.2,1583.17
2025-04-17 16:00:00,1583.17,1616.96,1577.02,1581.45
2025-04-17 20:00:00,1581.44,1591.84,1579.0,1583.62
2025-04-18 00:00:00,1583.63,1589.19,1577.23,1584.15
2025-04-18 04:00:00,1584.14,1585.19,1573.54,1584.09
2025-04-18 08:00:00,1584.1,1592.82,1582.3,1590.67
2025-04-18 12:00:00,1590.67,1597.2,1579.09,1583.17
2025-04-18 16:00:00,1583.17,1595.18,1581.8,1593.31
2025-04-18 20:00:00,1593.31,1600.64,1587.01,1588.6
2025-04-19 00:00:00,1588.6,1600.26,1585.01,1597.76
2025-04-19 04:00:00,1597.75,1613.48,1595.33,1600.94
2025-04-19 08:00:00,1600.94,1606.4,1594.07,1596.79
2025-04-19 12:00:00,1596.8,1612.29,1595.05,1607.28
2025-04-19 16:00:00,1607.28,1631.81,1598.5,1614.79
2025-04-19 20:00:00,1614.8,1622.37,1611.06,1613.27
2025-04-20 00:00:00,1613.26,1619.19,1608.0,1611.87
2025-04-20 04:00:00,1611.87,1617.65,1586.6,1597.46
2025-04-20 08:00:00,1597.46,1597.61,1565.59,1572.62
2025-04-20 12:00:00,1572.61,1584.04,1571.1,1573.5
2025-04-20 16:00:00,1573.51,1587.97,1571.49,1586.17
2025-04-20 20:00:00,1586.19,1600.75,1574.68,1587.36
2025-04-21 00:00:00,1587.36,1645.45,1586.18,1634.54
2025-04-21 04:00:00,1634.55,1658.75,1631.3,1645.92
2025-04-21 08:00:00,1645.92,1655.0,1617.85,1626.34
2025-04-21 12:00:00,1626.34,1641.82,1608.6,1623.3
2025-04-21 16:00:00,1623.3,1626.09,1564.07,1573.7
2025-04-21 20:00:00,1573.7,1580.75,1571.35,1579.57
2025-04-22 00:00:00,1579.57,1593.73,1537.26,1579.22
2025-04-22 04:00:00,1579.22,1624.0,1574.0,1619.21
2025-04-22 08:00:00,1619.2,1638.16,1613.01,1631.03
2025-04-22 12:00:00,1631.03,1725.81,1626.85,1703.01
2025-04-22 16:00:00,1703.0,1710.66,1683.08,1698.22
2025-04-22 20:00:00,1698.22,1778.0,1691.68,1756.26
2025-04-23 00:00:00,1756.25,1807.56,1744.95,1795.49
2025-04-23 04:00:00,1795.49,1818.18,1773.93,1792.11
2025-04-23 08:00:00,1792.1,1812.2,1779.2,1797.23
2025-04-23 12:00:00,1797.22,1834.86,1761.62,1794.6
2025-04-23 16:00:00,1794.6,1810.0,1774.47,1786.03
2025-04-23 20:00:00,1786.03,1806.91,1785.73,1795.07
2025-04-24 00:00:00,1795.08,1802.82,1766.52,1768.18
2025-04-24 04:00:00,1768.16,1776.34,1751.27,1756.25
2025-04-24 08:00:00,1756.25,1760.7,1722.9,1755.1
2025-04-24 12:00:00,1755.1,1777.77,1744.4,1764.62
2025-04-24 16:00:00,1764.62,1777.5,1746.04,1763.1
2025-04-24 20:00:00,1763.1,1774.84,1749.04,1769.65
2025-04-25 00:00:00,1769.64,1790.5,1738.6,1760.89
2025-04-25 04:00:00,1760.89,1781.88,1758.14,1777.18
2025-04-25 08:00:00,1777.17,1793.29,1764.29,1790.49
2025-04-25 12:00:00,1790.49,1827.32,1757.25,1806.48
2025-04-25 16:00:00,1806.48,1810.89,1782.4,1802.16
2025-04-25 20:00:00,1802.16,1809.4,1783.85,1784.6
2025-04-26 00:00:00,1784.6,1815.81,1784.6,1797.48
2025-04-26 04:00:00,1797.48,1810.88,1789.0,1800.49
2025-04-26 08:00:00,1800.49,1841.16,1778.94,1785.85
2025-04-26 12:00:00,1785.86,1804.0,1780.1,1800.2
2025-04-26 16:00:00,1800.2,1814.89,1795.86,1813.08
2025-04-26 20:00:00,1813.08,1831.09,1805.51,1820.88
2025-04-27 00:00:00,1820.87,1857.47,1801.02,1809.75
2025-04-27 04:00:00,1809.75,1811.6,1790.27,1803.76
2025-04-27 08:00:00,1803.75,1815.52,1801.56,1805.94
2025-04-27 12:00:00,1805.94,1808.1,1781.9,1793.86
2025-04-27 16:00:00,1793.85,1808.47,1787.31,1808.01
2025-04-27 20:00:00,1808.01,1808.26,1784.59,1791.29
2025-04-28 00:00:00,1791.29,1793.83,1752.18,1784.23
2025-04-28 04:00:00,1784.23,1812.08,1784.23,1804.79
2025-04-28 08:00:00,1804.8,1827.98,1788.3,1816.2
2025-04-28 12:00:00,1816.2,1816.97,1753.0,1763.28
2025-04-28 16:00:00,1763.27,1804.79,1744.71,1797.17
2025-04-28 20:00:00,1797.17,1807.0,1781.16,1799.88
2025-04-29 00:00:00,1799.88,1811.56,1787.89,1802.08
2025-04-29 04:00:00,1802.07,1824.94,1788.16,1821.71
2025-04-29 08:00:00,1821.71,1842.99,1816.92,1829.77
2025-04-29 12:00:00,1829.76,1833.42,1802.02,1814.99
2025-04-29 16:00:00,1814.99,1832.49,1807.48,1821.65
2025-04-29 20:00:00,1821.66,1825.69,1780.47,1797.81
2025-04-30 00:00:00,1797.81,1813.09,1788.9,1808.91
2025-04-30 04:00:00,1808.92,1813.0,1791.1,1796.37
2025-04-30 08:00:00,1796.37,1816.8,1792.8,1815.7
2025-04-30 12:00:00,1815.69,1816.4,1731.7,1764.74
2025-04-30 16:00:00,1764.73,1792.97,1756.07,1786.69
2025-04-30 20:00:00,1786.7,1809.72,1784.61,1793.61
2025-05-01 00:00:00,1793.62,1819.0,1792.52,1807.99
2025-05-01 04:00:00,1807.99,1816.9,1802.14,1810.6
2025-05-01 08:00:00,1810.59,1859.23,1808.8,1845.58
2025-05-01 12:00:00,1845.58,1873.17,1825.2,1852.99
2025-05-01 16:00:00,1853.0,1870.25,1838.49,1842.82
2025-05-01 20:00:00,1842.89,1851.01,1833.5,1838.11
2025-05-02 00:00:00,1838.1,1851.3,1835.1,1847.74
2025-05-02 04:00:00,1847.74,1851.79,1816.22,1816.32
2025-05-02 08:00:00,1816.33,1835.53,1813.0,1833.39
2025-05-02 12:00:00,1833.39,1854.5,1823.34,1841.12
2025-05-02 16:00:00,1841.11,1871.0,1831.7,1839.68
2025-05-02 20:00:00,1839.68,1848.5,1832.49,1842.2
2025-05-03 00:00:00,1842.2,1843.05,1826.58,1834.8
2025-05-03 04:00:00,1834.8,1839.3,1824.6,1826.41
2025-05-03 08:00:00,1826.41,1830.51,1817.63,1824.1
2025-05-03 12:00:00,1824.1,1840.12,1823.74,1834.53
2025-05-03 16:00:00,1834.53,1839.2,1810.0,1838.21
2025-05-03 20:00:00,1838.21,1848.6,1828.4,1833.52
2025-05-04 00:00:00,1833.52,1849.6,1826.44,1831.89
2025-05-04 04:00:00,1831.89,1849.95,1829.66,1840.98
2025-05-04 08:00:00,1840.98,1841.34,1822.0,1827.6
2025-05-04 12:00:00,1827.61,1833.99,1818.57,1830.8
2025-05-04 16:00:00,1830.81,1833.49,1822.08,1828.4
2025-05-04 20:00:00,1828.4,1842.15,1803.0,1808.86
2025-05-05 00:00:00,1808.86,1818.49,1781.85,1794.51
2025-05-05 04:00:00,1794.5,1829.84,1792.82,1826.59
2025-05-05 08:00:00,1826.58,1831.55,1798.3,1804.63
2025-05-05 12:00:00,1804.64,1815.63,1794.47,1800.99
2025-05-05 16:00:00,1801.0,1828.5,1800.78,1816.44
2025-05-05 20:00:00,1816.44,1833.55,1799.52,1820.19
2025-05-06 00:00:00,1820.19,1820.9,1792.49,1806.35
2025-05-06 04:00:00,1806.35,1809.26,1797.78,1806.03
2025-05-06 08:00:00,1806.03,1806.1,1757.34,1769.92
2025-05-06 12:00:00,1769.92,1779.68,1752.0,1770.09
2025-05-06 16:00:00,1770.09,1798.8,1762.16,1784.79
2025-05-06 20:00:00,1784.8,1819.41,1765.5,1817.0
2025-05-07 00:00:00,1817.0,1850.0,1814.59,1826.48
2025-05-07 04:00:00,1826.48,1838.43,1824.57,1838.24
2025-05-07 08:00:00,1838.23,1847.05,1830.51,1836.35
2025-05-07 12:00:00,1836.35,1837.1,1814.29,1817.31
2025-05-07 16:00:00,1817.32,1818.01,1787.01,1795.82
2025-05-07 20:00:00,1795.83,1825.44,1789.12,1811.11
2025-05-08 00:00:00,1811.11,1906.77,1808.71,1901.1
2025-05-08 04:00:00,1901.09,1943.83,1892.2,1928.4
2025-05-08 08:00:00,1928.4,1968.72,1925.9,1957.63
2025-05-08 12:00:00,1957.64,2075.65,1954.27,2051.3
2025-05-08 16:00:00,2051.3,2140.0,2036.64,2117.83
2025-05-08 20:00:00,2117.83,2226.0,2111.6,2207.39
2025-05-09 00:00:00,2207.39,2245.03,2184.33,2205.06
2025-05-09 04:00:00,2205.06,2393.0,2202.8,2364.09
2025-05-09 08:00:00,2364.09,2490.77,2292.12,2351.29
2025-05-09 12:00:00,2351.29,2388.23,2271.5,2301.3
2025-05-09 16:00:00,2301.28,2355.2,2274.33,2331.57
2025-05-09 20:00:00,2331.58,2352.0,2322.65,2345.04
2025-05-10 00:00:00,2345.04,2380.66,2317.0,2339.89
2025-05-10 04:00:00,2339.89,2417.13,2326.66,2400.0
2025-05-10 08:00:00,2400.01,2435.72,2360.0,2384.75
2025-05-10 12:00:00,2384.76,2448.88,2384.76,2433.46
2025-05-10 16:00:00,2433.46,2512.42,2428.93,2499.48
2025-05-10 20:00:00,2499.49,2600.0,2469.1,2583.23
2025-05-11 00:00:00,2583.22,2608.13,2504.27,2537.63
2025-05-11 04:00:00,2537.62,2562.47,2453.92,2473.22
2025-05-11 08:00:00,2473.22,2535.46,2472.2,2530.67
2025-05-11 12:00:00,2530.67,2532.09,2435.51,2462.51
2025-05-11 16:00:00,2462.55,2525.4,2440.25,2508.02
2025-05-11 20:00:00,2508.02,2528.52,2483.33,2514.57
2025-05-12 00:00:00,2514.58,2548.85,2490.75,2520.0
2025-05-12 04:00:00,2520.01,2624.0,2486.8,2554.77
2025-05-12 08:00:00,2554.78,2585.83,2522.0,2530.59
2025-05-12 12:00:00,2530.58,2576.29,2478.0,2486.92
2025-05-12 16:00:00,2486.91,2512.36,2406.63,2460.36
2025-05-12 20:00:00,2460.35,2500.36,2452.26,2495.47
2025-05-13 00:00:00,2495.48,2495.79,2415.3,2424.8
2025-05-13 04:00:00,2424.8,2480.0,2420.0,2460.72
2025-05-13 08:00:00,2460.73,2525.5,2451.25,2513.39
2025-05-13 12:00:00,2513.39,2573.87,2491.81,2566.21
2025-05-13 16:00:00,2566.21,2738.5,2560.01,2690.94
2025-05-13 20:00:00,2690.93,2707.62,2654.21,2679.71
2025-05-14 00:00:00,2679.71,2725.99,2622.99,2646.82
2025-05-14 04:00:00,2646.82,2687.75,2636.59,2640.76
2025-05-14 08:00:00,2640.75,2645.95,2577.48,2624.94
2025-05-14 12:00:00,2624.93,2636.15,2559.19,2597.49
2025-05-14 16:00:00,2597.49,2617.5,2547.26,2605.1
2025-05-14 20:00:00,2605.03,2614.05,2583.99,2609.74
2025-05-15 00:00:00,2609.75,2647.03,2566.91,2574.93
2025-05-15 04:00:00,2574.93,2596.49,2515.69,2531.0
2025-05-15 08:00:00,2530.99,2567.65,2517.53,2554.71
2025-05-15 12:00:00,2554.71,2579.61,2476.03,2563.76
2025-05-15 16:00:00,2563.77,2603.59,2511.77,2530.98
2025-05-15 20:00:00,2531.0,2564.33,2512.06,2548.69
2025-05-16 00:00:00,2548.7,2584.62,2534.2,2581.35
2025-05-16 04:00:00,2581.4,2619.99,2564.0,2601.5
2025-05-16 08:00:00,2601.5,2649.31,2558.12,2620.83
2025-05-16 12:00:00,2620.82,2623.25,2573.8,2594.93
2025-05-16 16:00:00,2594.93,2602.01,2570.0,2591.8
2025-05-16 20:00:00,2591.89,2592.74,2529.4,2537.12
2025-05-17 00:00:00,2537.13,2538.16,2452.6,2496.98
2025-05-17 04:00:00,2497.0,2513.51,2474.93,2492.89
2025-05-17 08:00:00,2492.9,2496.2,2466.59,2481.67
2025-05-17 12:00:00,2481.67,2486.64,2446.42,2474.48
2025-05-17 16:00:00,2474.48,2488.69,2448.27,2470.19
2025-05-17 20:00:00,2470.18,2495.45,2453.26,2475.08
2025-05-18 00:00:00,2475.09,2487.44,2467.75,2477.2
2025-05-18 04:00:00,2477.2,2515.44,2477.2,2509.3
2025-05-18 08:00:00,2509.29,2528.55,2498.11,2501.75
2025-05-18 12:00:00,2501.74,2587.61,2488.02,2578.99
2025-05-18 16:00:00,2579.0,2584.0,2403.33,2408.2
2025-05-18 20:00:00,2408.2,2511.27,2323.21,2497.78
2025-05-19 00:00:00,2497.78,2513.67,2379.8,2385.31
2025-05-19 04:00:00,2385.32,2413.11,2348.38,2403.74
2025-05-19 08:00:00,2403.74,2422.69,2390.12,2417.58
2025-05-19 12:00:00,2417.58,2473.7,2383.8,2466.63
2025-05-19 16:00:00,2466.63,2547.36,2450.86,2518.82
2025-05-19 20:00:00,2518.81,2534.52,2492.43,2528.14
2025-05-20 00:00:00,2528.14,2588.63,2510.72,2553.3
2025-05-20 04:00:00,2553.29,2578.0,2521.9,2532.3
2025-05-20 08:00:00,2532.3,2540.0,2492.58,2514.2
2025-05-20 12:00:00,2514.2,2515.38,2464.56,2482.79
2025-05-20 16:00:00,2482.78,2511.46,2442.4,2501.28
2025-05-20 20:00:00,2501.29,2541.03,2485.1,2524.19
2025-05-21 00:00:00,2524.19,2554.5,2509.0,2544.98
2025-05-21 04:00:00,2544.98,2615.95,2534.52,2551.87
2025-05-21 08:00:00,2551.87,2562.15,2515.38,2536.65
2025-05-21 12:00:00,2536.64,2582.18,2522.22,2567.01
2025-05-21 16:00:00,2567.02,2615.34,2452.2,2512.79
2025-05-21 20:00:00,2512.75,2597.92,2486.25,2550.99
2025-05-22 00:00:00,2551.0,2647.8,2544.83,2629.24
2025-05-22 04:00:00,2629.24,2647.5,2602.78,2635.19
2025-05-22 08:00:00,2635.19,2692.99,2627.32,2650.75
2025-05-22 12:00:00,2650.75,2679.99,2623.14,2664.48
2025-05-22 16:00:00,2664.48,2676.3,2626.37,2634.51
2025-05-22 20:00:00,2634.68,2665.9,2627.85,2664.82
2025-05-23 00:00:00,2664.83,2734.23,2645.16,2722.0
2025-05-23 04:00:00,2722.0,2725.96,2651.35,2655.2
2025-05-23 08:00:00,2655.2,2689.21,2551.0,2566.79
2025-05-23 12:00:00,2566.78,2591.95,2498.3,2568.53
2025-05-23 16:00:00,2568.53,2587.18,2545.91,2560.98
2025-05-23 20:00:00,2560.97,2562.4,2503.66,2526.5
2025-05-24 00:00:00,2526.49,2556.73,2515.08,2549.99
2025-05-24 04:00:00,2550.0,2563.5,2535.08,2546.99
2025-05-24 08:00:00,2546.99,2575.85,2545.22,2563.31
2025-05-24 12:00:00,2563.32,2565.41,2543.51,2555.64
2025-05-24 16:00:00,2555.64,2567.38,2543.86,2554.47
2025-05-24 20:00:00,2554.48,2556.57,2517.65,2530.4
2025-05-25 00:00:00,2530.41,2539.5,2476.0,2512.78
2025-05-25 04:00:00,2512.79,2518.75,2487.22,2494.39
2025-05-25 08:00:00,2494.4,2502.19,2463.0,2497.91
2025-05-25 12:00:00,2497.91,2524.9,2479.24,2511.7
2025-05-25 16:00:00,2511.69,2535.66,2496.1,2526.6
2025-05-25 20:00:00,2526.6,2554.26,2507.65,2551.22
2025-05-26 00:00:00,2551.22,2577.0,2536.84,2560.3
2025-05-26 04:00:00,2560.29,2599.0,2557.3,2580.8
2025-05-26 08:00:00,2580.79,2582.7,2553.24,2568.08
2025-05-26 12:00:00,2568.08,2574.43,2539.23,2565.99
2025-05-26 16:00:00,2566.0,2573.3,2525.86,2541.22
2025-05-26 20:00:00,2541.21,2584.65,2536.57,2563.7
2025-05-27 00:00:00,2563.7,2573.5,2509.46,2549.25
2025-05-27 04:00:00,2549.26,2619.48,2548.99,2607.59
2025-05-27 08:00:00,2607.6,2655.0,2607.59,2652.64
2025-05-27 12:00:00,2652.64,2683.87,2633.36,2668.2
2025-05-27 16:00:00,2668.2,2712.36,2658.36,2687.53
2025-05-27 20:00:00,2687.53,2694.12,2652.26,2660.81
2025-05-28 00:00:00,2660.81,2661.79,2618.34,2645.37
2025-05-28 04:00:00,2645.38,2652.57,2623.85,2636.39
2025-05-28 08:00:00,2636.39,2659.01,2608.5,2656.99
2025-05-28 12:00:00,2656.99,2689.14,2613.2,2626.9
2025-05-28 16:00:00,2626.9,2664.35,2615.32,2617.79
2025-05-28 20:00:00,2617.8,2686.4,2612.04,2681.6
2025-05-29 00:00:00,2681.61,2788.0,2669.01,2762.5
2025-05-29 04:00:00,2762.5,2766.8,2701.28,2731.28
2025-05-29 08:00:00,2731.29,2744.42,2707.1,2715.83
2025-05-29 12:00:00,2715.82,2718.6,2621.92,2643.68
2025-05-29 16:00:00,2643.68,2673.48,2628.99,2650.12
2025-05-29 20:00:00,2650.12,2668.95,2619.05,2631.39
2025-05-30 00:00:00,2631.39,2645.23,2557.07,2631.19
2025-05-30 04:00:00,2631.19,2649.23,2606.8,2618.26
2025-05-30 08:00:00,2618.27,2628.1,2588.16,2622.04
2025-05-30 12:00:00,2622.04,2626.3,2572.56,2598.21
2025-05-30 16:00:00,2598.21,2604.28,2533.2,2574.41
2025-05-30 20:00:00,2574.41,2589.85,2507.35,2531.34
2025-05-31 00:00:00,2531.35,2539.98,2475.33,2513.98
2025-05-31 04:00:00,2513.98,2526.5,2504.63,2521.11
2025-05-31 08:00:00,2521.11,2538.45,2508.04,2519.61
2025-05-31 12:00:00,2519.61,2550.14,2515.95,2536.3
2025-05-31 16:00:00,2536.29,2547.99,2523.36,2537.4
2025-05-31 20:00:00,2537.39,2550.34,2524.41,2528.06
2025-06-01 00:00:00,2528.06,2530.38,2492.0,2513.3
2025-06-01 04:00:00,2513.3,2527.28,2505.87,2509.0
2025-06-01 08:00:00,2509.0,2510.75,2477.77,2497.35
2025-06-01 12:00:00,2497.35,2524.99,2468.56,2523.23
2025-06-01 16:00:00,2523.23,2547.79,2493.49,2526.38
2025-06-01 20:00:00,2526.38,2547.59,2519.42,2539.21
2025-06-02 00:00:00,2539.2,2541.71,2485.65,2496.31
2025-06-02 04:00:00,2496.3,2513.97,2483.37,2506.94
2025-06-02 08:00:00,2506.94,2515.92,2475.0,2480.94
2025-06-02 12:00:00,2480.93,2556.74,2477.88,2544.39
2025-06-02 16:00:00,2544.39,2565.56,2524.8,2532.44
2025-06-02 20:00:00,2532.45,2615.0,2532.2,2607.41
2025-06-03 00:00:00,2607.42,2649.91,2589.3,2603.39
2025-06-03 04:00:00,2603.38,2620.75,2589.91,2609.99
2025-06-03 08:00:00,2610.0,2620.34,2594.79,2601.78
2025-06-03 12:00:00,2601.78,2655.38,2598.02,2623.58
2025-06-03 16:00:00,2623.58,2628.57,2602.56,2625.16
2025-06-03 20:00:00,2625.19,2625.61,2575.0,2593.36
2025-06-04 00:00:00,2593.35,2640.83,2583.5,2627.9
2025-06-04 04:00:00,2627.89,2644.77,2619.3,2627.74
2025-06-04 08:00:00,2627.75,2650.0,2624.0,2624.4
2025-06-04 12:00:00,2624.41,2679.88,2594.49,2667.93
2025-06-04 16:00:00,2667.92,2669.59,2622.22,2623.72
2025-06-04 20:00:00,2623.72,2625.1,2599.11,2607.68
2025-06-05 00:00:00,2607.68,2632.47,2601.25,2624.99
2025-06-05 04:00:00,2625.0,2634.46,2601.08,2604.08
2025-06-05 08:00:00,2604.09,2613.72,2580.88,2608.01
2025-06-05 12:00:00,2608.01,2640.86,2562.85,2589.43
2025-06-05 16:00:00,2589.44,2591.59,2506.4,2528.96
2025-06-05 20:00:00,2528.96,2535.7,2391.66,2414.01
2025-06-06 00:00:00,2414.02,2457.12,2381.49,2455.71
2025-06-06 04:00:00,2455.7,2468.55,2446.68,2455.64
2025-06-06 08:00:00,2455.64,2493.82,2454.01,2476.15
2025-06-06 12:00:00,2476.15,2531.36,2466.45,2509.63
2025-06-06 16:00:00,2509.62,2518.38,2483.22,2484.02
2025-06-06 20:00:00,2484.02,2507.06,2472.71,2476.1
2025-06-07 00:00:00,2476.1,2493.47,2457.0,2488.98
2025-06-07 04:00:00,2488.99,2502.0,2480.0,2491.28
2025-06-07 08:00:00,2491.27,2501.4,2482.11,2495.75
2025-06-07 12:00:00,2495.76,2523.61,2492.81,2519.75
2025-06-07 16:00:00,2519.75,2525.79,2506.69,2517.31
2025-06-07 20:00:00,2517.3,2544.36,2517.3,2524.63
2025-06-08 00:00:00,2524.64,2525.92,2508.08,2511.72
2025-06-08 04:00:00,2511.72,2519.9,2508.32,2514.45
2025-06-08 08:00:00,2514.45,2521.13,2490.58,2513.51
2025-06-08 12:00:00,2513.5,2527.35,2500.21,2514.44
2025-06-08 16:00:00,2514.44,2540.5,2512.62,2532.56
2025-06-08 20:00:00,2532.56,2548.63,2500.0,2509.83
2025-06-09 00:00:00,2509.84,2511.79,2482.15,2496.86
2025-06-09 04:00:00,2496.85,2496.85,2477.73,2491.77
2025-06-09 08:00:00,2491.77,2547.17,2484.47,2541.79
2025-06-09 12:00:00,2541.78,2548.9,2509.94,2534.11
2025-06-09 16:00:00,2534.11,2590.0,2534.1,2580.59
2025-06-09 20:00:00,2580.58,2693.99,2575.72,2680.13
2025-06-10 00:00:00,2680.13,2726.78,2675.16,2688.88
2025-06-10 04:00:00,2688.89,2699.27,2655.61,2677.35
2025-06-10 08:00:00,2677.36,2798.76,2670.0,2773.64
2025-06-10 12:00:00,2773.64,2778.7,2690.0,2732.95
2025-06-10 16:00:00,2732.96,2806.0,2728.75,2773.68
2025-06-10 20:00:00,2773.69,2827.0,2734.93,2816.4
2025-06-11 00:00:00,2816.41,2834.86,2771.8,2791.06
2025-06-11 04:00:00,2791.07,2804.03,2780.15,2791.59
2025-06-11 08:00:00,2791.6,2793.57,2754.0,2772.25
2025-06-11 12:00:00,2772.26,2879.22,2764.1,2865.21
2025-06-11 16:00:00,2865.2,2875.72,2801.5,2813.35
2025-06-11 20:00:00,2813.32,2831.21,2743.75,2771.61
2025-06-12 00:00:00,2771.6,2784.83,2746.49,2765.08
2025-06-12 04:00:00,2765.08,2777.21,2733.68,2741.0
2025-06-12 08:00:00,2740.99,2762.11,2720.38,2729.8
2025-06-12 12:00:00,2729.8,2773.21,2711.94,2719.79
2025-06-12 16:00:00,2719.79,2771.0,2690.93,2695.0
2025-06-12 20:00:00,2695.0,2703.6,2616.24,2642.65
2025-06-13 00:00:00,2642.66,2645.45,2436.98,2514.33
2025-06-13 04:00:00,2514.32,2542.26,2492.0,2526.45
2025-06-13 08:00:00,2526.46,2545.55,2506.84,2545.4
2025-06-13 12:00:00,2545.41,2563.24,2502.9,2551.27
2025-06-13 16:00:00,2551.28,2585.2,2510.0,2527.72
2025-06-13 20:00:00,2527.72,2583.24,2524.19,2579.19
2025-06-14 00:00:00,2579.19,2579.43,2547.03,2548.76
2025-06-14 04:00:00,2548.76,2556.62,2525.72,2537.5
2025-06-14 08:00:00,2537.5,2539.79,2518.51,2538.52
2025-06-14 12:00:00,2538.51,2546.19,2504.95,2519.42
2025-06-14 16:00:00,2519.41,2526.11,2488.72,2507.5
2025-06-14 20:00:00,2507.5,2540.19,2496.58,2530.76
2025-06-15 00:00:00,2530.77,2540.99,2524.77,2530.1
2025-06-15 04:00:00,2530.11,2553.08,2522.54,2528.61
2025-06-15 08:00:00,2528.61,2529.97,2508.45,2516.1
2025-06-15 12:00:00,2516.1,2554.96,2516.0,2541.81
2025-06-15 16:00:00,2541.81,2559.51,2531.09,2536.79
2025-06-15 20:00:00,2536.79,2549.96,2492.0,2547.61
2025-06-16 00:00:00,2547.62,2579.0,2514.85,2568.25
2025-06-16 04:00:00,2568.25,2638.5,2566.61,2628.68
2025-06-16 08:00:00,2628.69,2633.8,2592.6,2617.01
2025-06-16 12:00:00,2617.01,2657.9,2604.7,2632.25
2025-06-16 16:00:00,2632.24,2670.56,2627.62,2660.53
2025-06-16 20:00:00,2660.54,2680.34,2535.0,2544.17
2025-06-17 00:00:00,2544.17,2618.6,2524.54,2607.4
2025-06-17 04:00:00,2607.4,2610.49,2570.24,2582.26
2025-06-17 08:00:00,2582.25,2585.47,2541.6,2552.19
2025-06-17 12:00:00,2552.18,2567.97,2482.53,2499.0
2025-06-17 16:00:00,2499.01,2543.75,2453.8,2528.36
2025-06-17 20:00:00,2528.36,2534.36,2492.07,2509.95
2025-06-18 00:00:00,2509.95,2536.82,2504.55,2527.95
2025-06-18 04:00:00,2527.96,2546.91,2517.82,2533.55
2025-06-18 08:00:00,2533.54,2548.42,2488.27,2513.86
2025-06-18 12:00:00,2513.86,2538.7,2465.78,2508.96
2025-06-18 16:00:00,2508.96,2519.37,2467.12,2492.42
2025-06-18 20:00:00,2492.42,2537.48,2482.7,2525.0
2025-06-19 00:00:00,2525.0,2546.91,2506.2,2525.43
2025-06-19 04:00:00,2525.44,2531.23,2514.44,2518.99
2025-06-19 08:00:00,2518.99,2544.81,2518.99,2531.83
2025-06-19 12:00:00,2531.82,2536.83,2490.0,2492.97
2025-06-19 16:00:00,2492.97,2523.0,2485.03,2504.87
2025-06-19 20:00:00,2504.87,2532.0,2502.99,2521.12
2025-06-20 00:00:00,2521.13,2531.49,2512.45,2517.19
2025-06-20 04:00:00,2517.2,2550.44,2503.64,2549.64
2025-06-20 08:00:00,2549.64,2569.0,2541.03,2549.65
2025-06-20 12:00:00,2549.64,2559.55,2487.56,2493.78
2025-06-20 16:00:00,2493.78,2496.2,2367.36,2414.85
2025-06-20 20:00:00,2414.84,2437.6,2381.96,2406.49
2025-06-21 00:00:00,2406.49,2432.11,2395.99,2425.59
2025-06-21 04:00:00,2425.59,2428.41,2419.0,2426.85
2025-06-21 08:00:00,2426.85,2448.8,2423.51,2442.75
2025-06-21 12:00:00,2442.75,2445.2,2412.29,2423.59
2025-06-21 16:00:00,2423.59,2428.23,2382.25,2384.76
2025-06-21 20:00:00,2384.76,2409.42,2216.0,2295.73
2025-06-22 00:00:00,2295.72,2314.48,2246.25,2264.58
2025-06-22 04:00:00,2264.58,2298.22,2261.93,2270.68
2025-06-22 08:00:00,2270.69,2280.0,2236.05,2273.0
2025-06-22 12:00:00,2273.0,2287.0,2156.21,2174.91
2025-06-22 16:00:00,2174.9,2219.95,2170.8,2183.78
2025-06-22 20:00:00,2183.79,2237.23,2111.89,2227.7
2025-06-23 00:00:00,2227.7,2260.42,2222.3,2234.68
2025-06-23 04:00:00,2234.67,2275.67,2227.89,2258.88
2025-06-23 08:00:00,2258.87,2274.7,2238.68,2253.37
2025-06-23 12:00:00,2253.38,2313.53,2232.45,2248.54
2025-06-23 16:00:00,2248.53,2325.16,2188.0,2312.77
2025-06-23 20:00:00,2312.77,2438.68,2303.79,2411.66
2025-06-24 00:00:00,2411.66,2418.09,2389.31,2398.51
2025-06-24 04:00:00,2398.51,2434.82,2391.2,2393.31
2025-06-24 08:00:00,2393.31,2449.14,2376.11,2409.44
2025-06-24 12:00:00,2409.44,2454.73,2402.89,2438.1
2025-06-24 16:00:00,2438.11,2482.04,2417.22,2434.24
2025-06-24 20:00:00,2434.23,2450.41,2430.7,2448.45
2025-06-25 00:00:00,2448.46,2468.69,2436.62,2444.38
2025-06-25 04:00:00,2444.38,2450.66,2424.21,2444.54
2025-06-25 08:00:00,2444.55,2448.47,2407.63,2428.95
2025-06-25 12:00:00,2428.96,2446.59,2389.69,2405.68
2025-06-25 16:00:00,2405.69,2440.0,2401.37,2432.79
2025-06-25 20:00:00,2432.79,2454.98,2408.02,2418.49
2025-06-26 00:00:00,2418.5,2520.92,2416.99,2488.78
2025-06-26 04:00:00,2488.79,2500.56,2467.14,2489.89
2025-06-26 08:00:00,2489.88,2500.4,2440.0,2450.36
2025-06-26 12:00:00,2450.35,2459.49,2409.51,2433.03
2025-06-26 16:00:00,2433.04,2442.91,2418.2,2435.87
2025-06-26 20:00:00,2435.86,2457.32,2394.32,2415.96
2025-06-27 00:00:00,2415.96,2448.84,2382.53,2446.97
2025-06-27 04:00:00,2446.98,2459.53,2434.63,2442.31
2025-06-27 08:00:00,2442.3,2463.54,2435.25,2447.25
2025-06-27 12:00:00,2447.25,2456.92,2414.15,2438.25
2025-06-27 16:00:00,2438.26,2449.44,2388.29,2412.67
2025-06-27 20:00:00,2412.67,2429.47,2411.54,2423.17
2025-06-28 00:00:00,2423.17,2423.91,2405.81,2420.93
2025-06-28 04:00:00,2420.93,2433.86,2417.86,2431.76
2025-06-28 08:00:00,2431.77,2432.44,2419.65,2427.42
2025-06-28 12:00:00,2427.42,2443.0,2420.0,2436.09
2025-06-28 16:00:00,2436.1,2447.8,2431.64,2433.22
2025-06-28 20:00:00,2433.21,2442.21,2427.44,2435.62
2025-06-29 00:00:00,2435.62,2442.77,2424.65,2427.86
2025-06-29 04:00:00,2427.87,2440.5,2426.64,2440.5
2025-06-29 08:00:00,2440.51,2463.88,2438.33,2462.25
2025-06-29 12:00:00,2462.24,2463.48,2432.88,2436.68
2025-06-29 16:00:00,2436.69,2442.55,2429.58,2437.96
2025-06-29 20:00:00,2437.97,2525.0,2412.0,2500.09
2025-06-30 00:00:00,2500.09,2524.3,2495.17,2499.21
2025-06-30 04:00:00,2499.2,2505.31,2456.37,2480.59
2025-06-30 08:00:00,2480.6,2486.64,2446.68,2458.52
2025-06-30 12:00:00,2458.51,2488.0,2431.0,2474.78
2025-06-30 16:00:00,2474.77,2518.49,2461.88,2515.71
2025-06-30 20:00:00,2515.71,2522.17,2482.54,2485.47
2025-07-01 00:00:00,2485.47,2500.8,2477.44,2485.42
2025-07-01 04:00:00,2485.43,2485.91,2445.45,2465.03
2025-07-01 08:00:00,2465.03,2465.04,2440.0,2449.06
2025-07-01 12:00:00,2449.05,2456.55,2406.7,2423.54
2025-07-01 16:00:00,2423.54,2434.0,2400.0,2402.87
2025-07-01 20:00:00,2402.87,2418.57,2386.52,2405.01
2025-07-02 00:00:00,2405.01,2432.41,2373.0,2430.55
2025-07-02 04:00:00,2430.55,2454.7,2425.47,2447.03
2025-07-02 08:00:00,2447.03,2459.99,2441.7,2445.7
2025-07-02 12:00:00,2445.69,2502.85,2431.56,2498.81
2025-07-02 16:00:00,2498.82,2607.71,2495.03,2604.73
2025-07-02 20:00:00,2604.73,2619.28,2569.14,2570.41
2025-07-03 00:00:00,2570.41,2587.54,2556.12,2561.23
2025-07-03 04:00:00,2561.22,2605.74,2559.34,2600.18
2025-07-03 08:00:00,2600.19,2616.96,2581.58,2597.59
2025-07-03 12:00:00,2597.58,2635.5,2565.46,2570.52
2025-07-03 16:00:00,2570.52,2592.43,2565.31,2586.02
2025-07-03 20:00:00,2586.02,2603.6,2585.69,2591.25
2025-07-04 00:00:00,2591.26,2603.17,2571.56,2577.93
2025-07-04 04:00:00,2577.93,2584.64,2530.3,2534.9
2025-07-04 08:00:00,2534.9,2558.66,2527.37,2549.21
2025-07-04 12:00:00,2549.2,2555.96,2498.36,2500.52
2025-07-04 16:00:00,2500.52,2503.5,2474.24,2482.58
2025-07-04 20:00:00,2482.57,2520.85,2481.21,2508.04
2025-07-05 00:00:00,2508.04,2524.92,2498.63,2518.24
2025-07-05 04:00:00,2518.24,2529.81,2512.63,2521.31
2025-07-05 08:00:00,2521.32,2526.45,2508.83,2518.11
2025-07-05 12:00:00,2518.11,2521.98,2505.35,2507.67
2025-07-05 16:00:00,2507.67,2512.95,2487.95,2505.74
2025-07-05 20:00:00,2505.73,2522.52,2498.28,2516.41
2025-07-06 00:00:00,2516.42,2520.84,2509.47,2514.77
2025-07-06 04:00:00,2514.78,2526.66,2508.66,2517.85
2025-07-06 08:00:00,2517.85,2518.44,2503.5,2516.14
2025-07-06 12:00:00,2516.14,2570.0,2511.94,2558.72
2025-07-06 16:00:00,2558.71,2560.81,2523.33,2541.06
2025-07-06 20:00:00,2541.05,2605.0,2540.06,2570.35
2025-07-07 00:00:00,2570.35,2590.57,2550.46,2577.42
2025-07-07 04:00:00,2577.41,2580.64,2560.0,2578.34
2025-07-07 08:00:00,2578.33,2588.42,2552.57,2562.99
2025-07-07 12:00:00,2562.99,2569.12,2527.5,2533.81
2025-07-07 16:00:00,2533.81,2557.49,2512.0,2543.97
2025-07-07 20:00:00,2543.97,2545.45,2523.33,2542.29
2025-07-08 00:00:00,2542.3,2554.56,2523.59,2538.34
2025-07-08 04:00:00,2538.33,2563.8,2532.0,2553.42
2025-07-08 08:00:00,2553.42,2585.38,2543.33,2575.15
2025-07-08 12:00:00,2575.16,2600.62,2557.86,2564.68
2025-07-08 16:00:00,2564.68,2628.21,2559.68,2610.61
2025-07-08 20:00:00,2610.61,2617.7,2596.85,2615.25
2025-07-09 00:00:00,2615.25,2626.72,2589.78,2591.75
2025-07-09 04:00:00,2591.74,2647.0,2590.98,2624.86
2025-07-09 08:00:00,2624.86,2630.31,2604.37,2626.43
2025-07-09 12:00:00,2626.43,2674.81,2623.95,2656.83
2025-07-09 16:00:00,2656.84,2795.74,2652.41,2765.01
2025-07-09 20:00:00,2765.01,2783.16,2731.72,2768.74
2025-07-10 00:00:00,2768.74,2798.0,2755.5,2776.13
2025-07-10 04:00:00,2776.13,2823.18,2765.53,2791.09
2025-07-10 08:00:00,2791.08,2797.0,2772.0,2778.69
2025-07-10 12:00:00,2778.69,2795.0,2758.78,2769.32
2025-07-10 16:00:00,2769.32,2840.69,2769.03,2816.21
2025-07-10 20:00:00,2816.21,3000.0,2813.13,2951.29
2025-07-11 00:00:00,2951.29,2975.0,2913.75,2969.74
2025-07-11 04:00:00,2969.75,3029.55,2946.02,2968.49
2025-07-11 08:00:00,2968.81,3040.15,2963.51,2984.0
2025-07-11 12:00:00,2984.01,3009.64,2939.36,2951.09
2025-07-11 16:00:00,2951.09,3010.39,2936.46,3007.6
2025-07-11 20:00:00,3007.6,3010.0,2923.32,2958.22
2025-07-12 00:00:00,2958.21,2970.85,2932.0,2966.09
2025-07-12 04:00:00,2966.1,2977.94,2937.7,2962.85
2025-07-12 08:00:00,2962.84,2979.78,2957.51,2963.39
2025-07-12 12:00:00,2963.39,2967.59,2903.85,2916.05
2025-07-12 16:00:00,2916.05,2945.83,2910.49,2941.18
2025-07-12 20:00:00,2941.18,2948.0,2915.0,2943.28
2025-07-13 00:00:00,2943.29,2960.7,2936.49,2955.1
2025-07-13 04:00:00,2955.11,2967.97,2949.64,2962.94
2025-07-13 08:00:00,2962.95,2965.66,2944.49,2964.58
2025-07-13 12:00:00,2964.57,3020.31,2958.92,2992.43
2025-07-13 16:00:00,2992.43,3010.65,2962.65,2989.45
2025-07-13 20:00:00,2989.46,2998.92,2940.24,2972.03
2025-07-14 00:00:00,2972.03,3051.26,2962.81,3037.36
2025-07-14 04:00:00,3037.35,3065.57,3016.91,3045.02
2025-07-14 08:00:00,3045.02,3083.0,3023.08,3051.72
2025-07-14 12:00:00,3051.71,3068.33,2993.2,3012.49
2025-07-14 16:00:00,3012.48,3029.96,2983.0,3000.33
2025-07-14 20:00:00,3000.35,3018.88,2980.97,3013.62
2025-07-15 00:00:00,3013.61,3023.2,2932.46,2951.8
2025-07-15 04:00:00,2951.79,2995.89,2934.83,2977.49
2025-07-15 08:00:00,2977.5,2989.25,2958.84,2981.11
2025-07-15 12:00:00,2981.12,3067.43,2967.0,3039.93
2025-07-15 16:00:00,3039.94,3097.32,3032.35,3040.88
2025-07-15 20:00:00,3040.87,3144.14,3029.63,3137.89
2025-07-16 00:00:00,3137.9,3152.53,3103.17,3115.99
2025-07-16 04:00:00,3116.0,3175.0,3101.0,3162.45
2025-07-16 08:00:00,3162.44,3173.47,3143.81,3150.5
2025-07-16 12:00:00,3150.49,3265.44,3147.46,3244.49
2025-07-16 16:00:00,3244.48,3384.23,3235.0,3384.23
2025-07-16 20:00:00,3384.22,3425.0,3344.0,3371.35
2025-07-17 00:00:00,3371.35,3398.18,3310.77,3330.14
2025-07-17 04:00:00,3330.13,3468.0,3320.0,3447.9
2025-07-17 08:00:00,3447.9,3480.19,3425.49,3433.29
2025-07-17 12:00:00,3433.3,3439.64,3361.2,3420.49
2025-07-17 16:00:00,3420.49,3455.54,3364.43,3412.33
2025-07-17 20:00:00,3412.32,3523.44,3372.51,3476.87
2025-07-18 00:00:00,3476.88,3626.57,3458.68,3596.4
2025-07-18 04:00:00,3596.4,3673.84,3576.0,3604.1
2025-07-18 08:00:00,3604.1,3628.12,3582.41,3610.24
2025-07-18 12:00:00,3610.23,3671.5,3530.0,3563.68
2025-07-18 16:00:00,3563.68,3624.8,3538.0,3551.59
2025-07-18 20:00:00,3551.59,3576.76,3477.58,3546.92
2025-07-19 00:00:00,3546.92,3599.0,3506.79,3592.98
2025-07-19 04:00:00,3592.97,3608.3,3567.05,3571.47
2025-07-19 08:00:00,3571.46,3578.38,3538.07,3552.75
2025-07-19 12:00:00,3552.75,3572.31,3526.44,3552.0
2025-07-19 16:00:00,3552.0,3581.92,3532.78,3577.61
2025-07-19 20:00:00,3577.61,3598.31,3539.0,3592.01
2025-07-20 00:00:00,3592.0,3694.99,3579.13,3658.01
2025-07-20 04:00:00,3658.01,3689.97,3633.18,3668.49
2025-07-20 08:00:00,3668.5,3766.45,3668.5,3756.71
2025-07-20 12:00:00,3756.7,3790.0,3724.94,3786.05
2025-07-20 16:00:00,3786.06,3824.56,3730.72,3749.93
2025-07-20 20:00:00,3749.93,3772.97,3681.6,3756.69
2025-07-21 00:00:00,3756.69,3766.28,3701.01,3757.37
2025-07-21 04:00:00,3757.38,3812.49,3747.38,3787.69
2025-07-21 08:00:00,3787.7,3837.0,3755.32,3808.69
2025-07-21 12:00:00,3808.69,3860.0,3775.39,3810.37
2025-07-21 16:00:00,3810.37,3817.28,3719.0,3736.46
2025-07-21 20:00:00,3736.47,3779.48,3719.7,3762.33
2025-07-22 00:00:00,3762.32,3798.65,3696.18,3731.14
2025-07-22 04:00:00,3731.13,3734.01,3646.0,3676.91
2025-07-22 08:00:00,3676.91,3719.99,3616.54,3705.3
2025-07-22 12:00:00,3705.3,3728.53,3625.42,3718.11
2025-07-22 16:00:00,3718.11,3748.9,3655.19,3670.14
2025-07-22 20:00:00,3670.13,3751.0,3662.14,3746.21
2025-07-23 00:00:00,3746.21,3764.2,3712.45,3728.63
2025-07-23 04:00:00,3728.63,3737.6,3663.91,3673.33
2025-07-23 08:00:00,3673.33,3698.0,3639.96,3671.99
2025-07-23 12:00:00,3671.99,3680.68,3573.47,3644.22
2025-07-23 16:00:00,3644.21,3644.21,3552.0,3587.75
2025-07-23 20:00:00,3587.74,3634.93,3527.0,3628.29
2025-07-24 00:00:00,3628.29,3665.31,3612.57,3641.19
2025-07-24 04:00:00,3641.19,3657.57,3502.85,3591.9
2025-07-24 08:00:00,3591.9,3660.36,3580.79,3655.12
2025-07-24 12:00:00,3655.12,3771.0,3612.96,3730.76
2025-07-24 16:00:00,3730.77,3754.17,3666.74,3732.79
2025-07-24 20:00:00,3732.77,3743.44,3695.32,3706.94
2025-07-25 00:00:00,3706.95,3708.21,3573.76,3596.0
2025-07-25 04:00:00,3596.01,3667.59,3580.0,3631.67
2025-07-25 08:00:00,3631.67,3747.0,3629.1,3721.37
2025-07-25 12:00:00,3721.37,3735.0,3601.56,3634.2
2025-07-25 16:00:00,3634.21,3659.75,3615.0,3641.14
2025-07-25 20:00:00,3641.15,3730.0,3639.5,3724.96
2025-07-26 00:00:00,3724.97,3767.13,3697.66,3739.51
2025-07-26 04:00:00,3739.5,3756.62,3731.53,3742.21
2025-07-26 08:00:00,3742.2,3782.83,3730.25,3739.36
2025-07-26 12:00:00,3739.37,3754.2,3715.58,3735.72
2025-07-26 16:00:00,3735.72,3756.06,3709.39,3750.5
2025-07-26 20:00:00,3750.5,3793.0,3733.49,3741.1
2025-07-27 00:00:00,3741.11,3787.8,3731.0,3774.03
2025-07-27 04:00:00,3774.03,3811.0,3763.0,3768.01
2025-07-27 08:00:00,3768.0,3842.95,3751.0,3815.26
2025-07-27 12:00:00,3815.26,3836.54,3791.48,3818.53
2025-07-27 16:00:00,3818.53,3868.08,3809.01,3828.32
2025-07-27 20:00:00,3828.33,3879.82,3816.01,3872.1
2025-07-28 00:00:00,3872.11,3907.4,3843.0,3879.81
2025-07-28 04:00:00,3879.81,3941.0,3868.34,3893.0
2025-07-28 08:00:00,3893.01,3901.94,3860.01,3879.79
2025-07-28 12:00:00,3879.8,3889.99,3773.33,3808.11
2025-07-28 16:00:00,3808.11,3822.8,3754.0,3797.36
2025-07-28 20:00:00,3797.37,3803.98,3765.88,3799.0
2025-07-29 00:00:00,3799.0,3821.48,3731.21,3791.9
2025-07-29 04:00:00,3791.91,3880.0,3775.77,3877.36
2025-07-29 08:00:00,3877.36,3886.44,3811.78,3825.9
2025-07-29 12:00:00,3825.89,3874.54,3747.0,3761.57
2025-07-29 16:00:00,3761.56,3797.0,3716.04,3765.89
2025-07-29 20:00:00,3765.89,3801.77,3739.14,3793.79
2025-07-30 00:00:00,3793.79,3828.71,3756.0,3817.47
2025-07-30 04:00:00,3817.46,3834.03,3786.87,3811.44
2025-07-30 08:00:00,3811.44,3825.73,3744.16,3758.18
2025-07-30 12:00:00,3758.18,3832.0,3749.74,3797.25
2025-07-30 16:00:00,3797.25,3822.0,3677.65,3760.68
2025-07-30 20:00:00,3760.67,3811.93,3742.79,3810.0
2025-07-31 00:00:00,3810.0,3868.0,3801.53,3863.31
2025-07-31 04:00:00,3863.31,3878.67,3854.77,3863.81
2025-07-31 08:00:00,3863.81,3873.28,3826.3,3838.46
2025-07-31 12:00:00,3838.45,3845.09,3762.27,3788.38
2025-07-31 16:00:00,3788.39,3819.0,3735.0,3737.72
2025-07-31 20:00:00,3737.71,3758.56,3684.33,3698.39
2025-08-01 00:00:00,3698.39,3724.02,3616.66,3704.98
2025-08-01 04:00:00,3704.98,3704.98,3624.11,3650.74
2025-08-01 08:00:00,3650.73,3650.73,3585.69,3642.72
2025-08-01 12:00:00,3642.72,3675.85,3565.0,3616.1
2025-08-01 16:00:00,3616.1,3634.0,3515.13,3518.4
2025-08-01 20:00:00,3518.42,3553.21,3431.75,3488.2
2025-08-02 00:00:00,3488.21,3532.3,3478.42,3528.79
2025-08-02 04:00:00,3528.79,3537.69,3455.0,3519.16
2025-08-02 08:00:00,3519.17,3524.25,3474.23,3508.67
2025-08-02 12:00:00,3508.67,3517.56,3451.43,3459.33
2025-08-02 16:00:00,3459.33,3481.64,3372.47,3383.2
2025-08-02 20:00:00,3383.2,3441.69,3368.29,3393.94
2025-08-03 00:00:00,3393.94,3452.29,3354.28,3444.12
2025-08-03 04:00:00,3444.13,3459.62,3433.98,3456.25
2025-08-03 08:00:00,3456.24,3516.31,3454.11,3485.46
2025-08-03 12:00:00,3485.45,3504.27,3454.34,3476.49
2025-08-03 16:00:00,3476.49,3515.0,3467.85,3496.74
2025-08-03 20:00:00,3496.75,3521.79,3483.5,3496.74
2025-08-04 00:00:00,3496.75,3576.07,3490.73,3556.8
2025-08-04 04:00:00,3556.79,3565.67,3520.69,3551.99
2025-08-04 08:00:00,3552.0,3574.47,3542.25,3555.7
2025-08-04 12:00:00,3555.71,3665.6,3551.1,3648.89
2025-08-04 16:00:00,3648.89,3718.54,3648.85,3669.73
2025-08-04 20:00:00,3669.73,3736.73,3661.21,3720.99
2025-08-05 00:00:00,3720.99,3722.24,3648.24,3651.94
2025-08-05 04:00:00,3651.94,3679.69,3601.53,3613.49
2025-08-05 08:00:00,3613.49,3694.06,3608.1,3673.79
2025-08-05 12:00:00,3673.8,3680.58,3555.0,3570.43
2025-08-05 16:00:00,3570.43,3612.26,3559.71,3571.66
2025-08-05 20:00:00,3571.65,3624.56,3546.0,3612.0
2025-08-06 00:00:00,3612.01,3614.0,3564.19,3583.66
2025-08-06 04:00:00,3583.67,3662.0,3569.28,3639.82
2025-08-06 08:00:00,3639.81,3644.6,3607.54,3619.64
2025-08-06 12:00:00,3619.63,3669.38,3574.05,3664.69
2025-08-06 16:00:00,3664.7,3698.6,3638.56,3683.65
2025-08-06 20:00:00,3683.66,3686.17,3652.38,3683.31
2025-08-07 00:00:00,3683.31,3716.61,3647.63,3656.78
2025-08-07 04:00:00,3656.78,3711.0,3655.09,3702.4
2025-08-07 08:00:00,3702.41,3843.66,3702.41,3827.0
2025-08-07 12:00:00,3827.01,3865.64,3804.27,3837.01
2025-08-07 16:00:00,3837.01,3876.44,3780.54,3867.6
2025-08-07 20:00:00,3867.6,3927.77,3851.22,3910.31
2025-08-08 00:00:00,3910.3,3969.06,3880.0,3939.18
2025-08-08 04:00:00,3939.19,3939.34,3892.47,3915.97
2025-08-08 08:00:00,3915.98,3927.54,3884.44,3917.97
2025-08-08 12:00:00,3917.97,4012.0,3891.52,3954.56
2025-08-08 16:00:00,3954.56,4065.86,3950.0,4060.99
2025-08-08 20:00:00,4060.98,4071.0,4006.9,4009.5
2025-08-09 00:00:00,4009.51,4053.01,4006.63,4051.01
2025-08-09 04:00:00,4051.02,4200.0,4045.0,4170.64
2025-08-09 08:00:00,4170.64,4246.65,4166.22,4190.0
2025-08-09 12:00:00,4190.0,4226.23,4153.17,4209.57
2025-08-09 16:00:00,4209.57,4271.45,4192.8,4258.57
2025-08-09 20:00:00,4258.57,4326.2,4242.87,4260.62
2025-08-10 00:00:00,4260.63,4332.6,4206.55,4242.74
2025-08-10 04:00:00,4242.73,4264.98,4176.0,4185.12
2025-08-10 08:00:00,4185.12,4232.73,4160.0,4180.57
2025-08-10 12:00:00,4180.58,4237.43,4153.07,4217.94
2025-08-10 16:00:00,4217.94,4259.36,4214.45,4248.83
2025-08-10 20:00:00,4248.8,4254.54,4186.16,4250.57
2025-08-11 00:00:00,4250.58,4343.0,4238.52,4309.64
2025-08-11 04:00:00,4309.65,4349.81,4266.66,4273.69
2025-08-11 08:00:00,4273.69,4287.17,4170.02,4185.1
2025-08-11 12:00:00,4185.1,4332.17,4166.77,4329.74
2025-08-11 16:00:00,4329.74,4366.46,4233.99,4259.39
2025-08-11 20:00:00,4259.38,4259.38,4190.0,4223.22
2025-08-12 00:00:00,4223.22,4311.12,4219.04,4286.09
2025-08-12 04:00:00,4286.09,4321.67,4267.41,4315.57
2025-08-12 08:00:00,4315.57,4332.32,4256.92,4290.94
2025-08-12 12:00:00,4290.94,4480.66,4278.01,4472.62
2025-08-12 16:00:00,4472.62,4518.89,4440.38,4516.97
2025-08-12 20:00:00,4516.97,4639.7,4504.54,4590.52
2025-08-13 00:00:00,4590.52,4656.24,4564.33,4647.0
2025-08-13 04:00:00,4646.99,4683.0,4608.21,4625.59
2025-08-13 08:00:00,4625.6,4715.75,4609.04,4690.33
2025-08-13 12:00:00,4690.28,4736.82,4616.0,4664.38
2025-08-13 16:00:00,4664.38,4750.0,4661.09,4738.99
2025-08-13 20:00:00,4738.98,4783.85,4697.34,4749.3
2025-08-14 00:00:00,4749.31,4779.0,4708.35,4774.08
2025-08-14 04:00:00,4774.09,4788.0,4716.0,4748.37
2025-08-14 08:00:00,4748.37,4766.66,4675.81,4718.17
2025-08-14 12:00:00,4718.18,4736.0,4451.33,4618.87
2025-08-14 16:00:00,4618.87,4623.62,4480.63,4537.63
2025-08-14 20:00:00,4537.64,4572.0,4453.13,4546.84
2025-08-15 00:00:00,4546.84,4650.0,4537.32,4634.46
2025-08-15 04:00:00,4634.47,4662.6,4599.01,4640.16
2025-08-15 08:00:00,4640.15,4666.66,4612.31,4634.16
2025-08-15 12:00:00,4634.17,4672.67,4395.47,4430.86
2025-08-15 16:00:00,4430.87,4462.26,4369.46,4383.45
2025-08-15 20:00:00,4383.45,4490.73,4368.0,4439.47
2025-08-16 00:00:00,4439.47,4490.42,4423.53,4432.24
2025-08-16 04:00:00,4432.25,4465.22,4407.69,4451.83
2025-08-16 08:00:00,4451.84,4459.12,4372.54,4387.87
2025-08-16 12:00:00,4387.88,4427.92,4375.63,4400.42
2025-08-16 16:00:00,4400.41,4440.51,4390.58,4418.53
2025-08-16 20:00:00,4418.53,4437.88,4402.82,4421.99
2025-08-17 00:00:00,4422.0,4459.3,4393.98,4452.77
2025-08-17 04:00:00,4452.78,4491.0,4444.44,4467.12
2025-08-17 08:00:00,4467.12,4576.0,4458.64,4551.68
2025-08-17 12:00:00,4551.69,4565.49,4519.13,4561.99
2025-08-17 16:00:00,4561.99,4566.17,4427.44,4459.56
2025-08-17 20:00:00,4459.55,4533.95,4457.02,4472.33
2025-08-18 00:00:00,4472.34,4481.88,4278.13,4320.22
2025-08-18 04:00:00,4320.22,4348.44,4230.74,4257.47
2025-08-18 08:00:00,4257.47,4319.77,4225.86,4274.37
2025-08-18 12:00:00,4274.36,4370.26,4270.77,4345.52
2025-08-18 16:00:00,4345.52,4384.53,4299.44,4355.09
2025-08-18 20:00:00,4355.08,4388.65,4303.67,4312.99
2025-08-19 00:00:00,4312.99,4355.0,4213.21,4218.66
2025-08-19 04:00:00,4218.65,4250.41,4193.77,4234.36
2025-08-19 08:00:00,4234.35,4317.41,4218.46,4308.93
2025-08-19 12:00:00,4308.94,4340.15,4169.42,4192.14
2025-08-19 16:00:00,4192.14,4206.33,4113.63,4142.0
2025-08-19 20:00:00,4142.0,4164.97,4067.34,4075.59
2025-08-20 00:00:00,4075.58,4158.32,4060.0,4140.92
2025-08-20 04:00:00,4140.92,4211.74,4139.51,4185.22
2025-08-20 08:00:00,4185.22,4242.0,4150.26,4195.3
2025-08-20 12:00:00,4195.29,4308.49,4106.37,4255.9
2025-08-20 16:00:00,4255.68,4364.77,4254.72,4346.65
2025-08-20 20:00:00,4346.64,4378.0,4320.53,4336.16
2025-08-21 00:00:00,4336.16,4340.26,4278.03,4295.23
2025-08-21 04:00:00,4295.24,4321.36,4270.89,4310.76
2025-08-21 08:00:00,4310.79,4315.01,4256.34,4278.52
2025-08-21 12:00:00,4278.53,4328.37,4226.98,4242.66
2025-08-21 16:00:00,4242.66,4274.38,4208.0,4224.1
2025-08-21 20:00:00,4224.1,4260.86,4204.2,4225.3
2025-08-22 00:00:00,4225.3,4314.89,4222.25,4278.93
2025-08-22 04:00:00,4278.93,4345.38,4272.55,4328.14
2025-08-22 08:00:00,4328.13,4354.19,4273.75,4274.56
2025-08-22 12:00:00,4274.57,4668.18,4207.39,4616.08
2025-08-22 16:00:00,4616.09,4859.1,4616.09,4833.0
2025-08-22 20:00:00,4833.0,4887.59,4796.48,4832.07
2025-08-23 00:00:00,4832.07,4832.07,4659.7,4694.64
2025-08-23 04:00:00,4694.63,4765.54,4694.33,4713.88
2025-08-23 08:00:00,4713.89,4746.09,4690.72,4704.93
2025-08-23 12:00:00,4704.95,4768.9,4692.81,4751.0
2025-08-23 16:00:00,4750.99,4761.97,4727.8,4758.66
2025-08-23 20:00:00,4758.66,4797.34,4738.0,4778.4
2025-08-24 00:00:00,4778.4,4817.4,4753.42,4788.59
2025-08-24 04:00:00,4788.59,4800.01,4757.3,4758.7
2025-08-24 08:00:00,4758.7,4786.5,4720.0,4747.73
2025-08-24 12:00:00,4747.73,4829.74,4738.67,4798.32
2025-08-24 16:00:00,4798.31,4956.78,4744.2,4813.04
2025-08-24 20:00:00,4813.01,4824.31,4711.0,4780.15
2025-08-25 00:00:00,4780.15,4797.97,4670.0,4727.41
2025-08-25 04:00:00,4727.41,4740.01,4581.55,4591.36
2025-08-25 08:00:00,4591.37,4615.05,4519.96,4600.08
2025-08-25 12:00:00,4600.08,4690.02,4585.56,4612.57
2025-08-25 16:00:00,4612.58,4645.54,4416.0,4420.34
2025-08-25 20:00:00,4420.34,4446.19,4334.13,4376.18
2025-08-26 00:00:00,4376.17,4451.72,4311.04,4402.58
2025-08-26 04:00:00,4402.58,4454.0,4393.86,4429.7
2025-08-26 08:00:00,4429.7,4465.86,4405.09,4427.24
2025-08-26 12:00:00,4427.24,4579.0,4405.84,4519.02
2025-08-26 16:00:00,4519.03,4598.28,4498.58,4596.7
2025-08-26 20:00:00,4596.69,4633.46,4563.21,4600.63
2025-08-27 00:00:00,4600.63,4626.82,4538.69,4603.55
2025-08-27 04:00:00,4603.56,4645.93,4560.22,4580.45
2025-08-27 08:00:00,4580.46,4619.68,4550.01,4608.87
2025-08-27 12:00:00,4608.87,4663.93,4575.17,4657.57
2025-08-27 16:00:00,4657.58,4658.0,4535.01,4565.7
2025-08-27 20:00:00,4565.7,4614.0,4481.53,4506.71
2025-08-28 00:00:00,4506.71,4549.0,4467.63,4541.63
2025-08-28 04:00:00,4541.62,4600.85,4534.99,4596.82
2025-08-28 08:00:00,4596.82,4633.97,4581.28,4594.8
2025-08-28 12:00:00,4594.79,4616.02,4485.0,4504.01
2025-08-28 16:00:00,4504.01,4530.5,4436.34,4438.46
2025-08-28 20:00:00,4438.49,4515.78,4430.0,4511.21
2025-08-29 00:00:00,4511.2,4516.75,4434.79,4489.75
2025-08-29 04:00:00,4489.75,4497.0,4367.5,4381.03
2025-08-29 08:00:00,4381.03,4398.43,4318.57,4346.48
2025-08-29 12:00:00,4346.48,4454.4,4265.0,4316.09
2025-08-29 16:00:00,4316.1,4366.66,4296.13,4340.78
2025-08-29 20:00:00,4340.79,4379.55,4305.57,4360.18
2025-08-30 00:00:00,4360.18,4381.61,4257.2,4352.45
2025-08-30 04:00:00,4352.46,4415.61,4347.58,4402.39
2025-08-30 08:00:00,4402.39,4408.07,4378.41,4392.08
2025-08-30 12:00:00,4392.07,4393.48,4332.15,4376.35
2025-08-30 16:00:00,4376.24,4376.24,4335.82,4354.63
2025-08-30 20:00:00,4354.63,4378.66,4334.4,4373.7
2025-08-31 00:00:00,4373.7,4488.58,4372.63,4488.12
2025-08-31 04:00:00,4488.12,4491.46,4433.04,4450.84
2025-08-31 08:00:00,4450.84,4483.8,4440.47,4476.98
2025-08-31 12:00:00,4476.98,4498.47,4451.03,4485.27
2025-08-31 16:00:00,4485.28,4490.87,4454.89,4456.01
2025-08-31 20:00:00,4456.0,4477.1,4378.43,4391.83
2025-09-01 00:00:00,4391.83,4432.25,4360.0,4404.16
2025-09-01 04:00:00,4404.15,4464.0,4358.67,4463.29
2025-09-01 08:00:00,4463.29,4491.84,4381.99,4392.83
2025-09-01 12:00:00,4392.83,4423.78,4346.19,4362.01
2025-09-01 16:00:00,4362.01,4371.54,4309.69,4368.06
2025-09-01 20:00:00,4368.05,4368.15,4210.61,4314.5
2025-09-02 00:00:00,4314.5,4394.97,4290.98,4367.11
2025-09-02 04:00:00,4367.11,4416.78,4360.84,4377.53
2025-09-02 08:00:00,4377.53,4408.0,4340.98,4347.98
2025-09-02 12:00:00,4347.98,4397.44,4271.31,4295.66
2025-09-02 16:00:00,4295.65,4331.57,4257.85,4274.41
2025-09-02 20:00:00,4274.41,4337.4,4266.31,4326.5
2025-09-03 00:00:00,4326.49,4355.37,4283.23,4335.02
2025-09-03 04:00:00,4335.02,4342.59,4285.71,4310.21
2025-09-03 08:00:00,4310.2,4385.88,4300.01,4371.51
2025-09-03 12:00:00,4371.51,4486.98,4339.99,4480.03
2025-09-03 16:00:00,4480.02,4490.64,4455.42,4475.32
2025-09-03 20:00:00,4475.32,4480.79,4436.6,4450.46
2025-09-04 00:00:00,4450.46,4482.05,4388.9,4398.03
2025-09-04 04:00:00,4398.03,4414.9,4355.29,4371.04
2025-09-04 08:00:00,4371.05,4433.85,4365.4,4407.03
2025-09-04 12:00:00,4407.04,4428.39,4293.06,4305.33
2025-09-04 16:00:00,4305.32,4323.79,4265.33,4275.92
2025-09-04 20:00:00,4275.92,4353.33,4272.3,4297.55
2025-09-05 00:00:00,4297.56,4335.69,4291.02,4328.88
2025-09-05 04:00:00,4328.89,4428.67,4316.57,4417.29
2025-09-05 08:00:00,4417.29,4426.31,4373.2,4417.39
2025-09-05 12:00:00,4417.38,4490.0,4256.03,4283.39
2025-09-05 16:00:00,4283.4,4331.9,4272.35,4331.54
2025-09-05 20:00:00,4331.54,4343.03,4286.71,4307.45
2025-09-06 00:00:00,4307.46,4329.3,4302.77,4320.42
2025-09-06 04:00:00,4320.43,4320.43,4290.71,4312.26
2025-09-06 08:00:00,4312.27,4315.05,4286.08,4299.99
2025-09-06 12:00:00,4300.0,4308.39,4263.19,4270.24
2025-09-06 16:00:00,4270.23,4304.25,4236.0,4255.48
2025-09-06 20:00:00,4255.48,4288.0,4253.35,4273.14
2025-09-07 00:00:00,4273.15,4304.08,4270.81,4296.9
2025-09-07 04:00:00,4296.9,4307.2,4276.76,4294.56
2025-09-07 08:00:00,4294.57,4315.35,4291.65,4310.87
2025-09-07 12:00:00,4310.88,4311.23,4288.95,4299.38
2025-09-07 16:00:00,4299.39,4301.62,4270.81,4293.48
2025-09-07 20:00:00,4293.47,4336.02,4281.34,4306.19
2025-09-08 00:00:00,4306.19,4330.97,4279.0,4311.87
2025-09-08 04:00:00,4311.87,4313.59,4287.68,4291.78
2025-09-08 08:00:00,4291.78,4337.77,4288.3,4312.41
2025-09-08 12:00:00,4312.42,4384.06,4306.19,4371.64
2025-09-08 16:00:00,4371.64,4373.43,4284.44,4293.0
2025-09-08 20:00:00,4293.0,4332.5,4281.8,4306.37
2025-09-09 00:00:00,4306.36,4316.03,4276.76,4306.63
2025-09-09 04:00:00,4306.62,4381.87,4302.5,4361.53
2025-09-09 08:00:00,4361.53,4366.77,4342.16,4347.34
2025-09-09 12:00:00,4347.33,4367.44,4277.06,4284.94
2025-09-09 16:00:00,4284.94,4299.99,4278.13,4295.0
2025-09-09 20:00:00,4295.0,4319.67,4281.0,4310.09
2025-09-10 00:00:00,4310.08,4326.09,4285.1,4320.44
2025-09-10 04:00:00,4320.45,4333.28,4294.92,4329.82
2025-09-10 08:00:00,4329.83,4335.02,4309.5,4331.31
2025-09-10 12:00:00,4331.3,4453.57,4330.0,4404.9
2025-09-10 16:00:00,4404.9,4409.31,4300.59,4322.72
2025-09-10 20:00:00,4322.71,4355.7,4320.75,4349.32
2025-09-11 00:00:00,4349.33,4408.0,4338.82,4404.1
2025-09-11 04:00:00,4404.11,4450.0,4395.05,4440.41
2025-09-11 08:00:00,4440.4,4442.47,4406.3,4429.8
2025-09-11 12:00:00,4429.81,4481.09,4350.01,4412.52
2025-09-11 16:00:00,4412.52,4441.5,4407.4,4423.73
2025-09-11 20:00:00,4423.73,4469.0,4415.4,4458.82
2025-09-12 00:00:00,4458.83,4539.0,4450.71,4505.55
2025-09-12 04:00:00,4505.55,4563.0,4500.01,4525.81
2025-09-12 08:00:00,4525.81,4536.53,4504.5,4520.76
2025-09-12 12:00:00,4520.76,4571.24,4504.11,4541.98
2025-09-12 16:00:00,4541.99,4660.0,4533.69,4657.18
2025-09-12 20:00:00,4657.19,4748.4,4630.24,4712.16
2025-09-13 00:00:00,4712.16,4769.36,4691.85,4756.81
2025-09-13 04:00:00,4756.8,4756.91,4702.33,4711.7
2025-09-13 08:00:00,4711.7,4738.58,4709.01,4719.53
2025-09-13 12:00:00,4719.53,4730.18,4645.0,4653.92
2025-09-13 16:00:00,4653.92,4667.92,4605.0,4638.21
2025-09-13 20:00:00,4638.21,4672.94,4637.35,4666.53
2025-09-14 00:00:00,4666.54,4692.36,4650.44,4663.22
2025-09-14 04:00:00,4663.22,4681.47,4634.0,4650.58
2025-09-14 08:00:00,4650.58,4674.38,4626.68,4635.0
2025-09-14 12:00:00,4634.99,4644.74,4576.89,4582.22
2025-09-14 16:00:00,4582.23,4629.27,4579.36,4615.47
2025-09-14 20:00:00,4615.46,4636.51,4598.46,4604.49
2025-09-15 00:00:00,4604.48,4643.57,4580.1,4636.2
2025-09-15 04:00:00,4636.2,4670.28,4587.9,4597.37
2025-09-15 08:00:00,4597.37,4597.37,4498.22,4530.65
2025-09-15 12:00:00,4530.66,4541.92,4466.0,4500.01
2025-09-15 16:00:00,4500.01,4514.28,4474.04,4493.41
2025-09-15 20:00:00,4493.41,4529.99,4488.49,4523.74
2025-09-16 00:00:00,4523.74,4538.25,4503.0,4520.78
2025-09-16 04:00:00,4520.77,4536.21,4487.53,4512.86
2025-09-16 08:00:00,4512.87,4531.35,4493.31,4501.26
2025-09-16 12:00:00,4501.26,4512.49,4424.0,4468.2
2025-09-16 16:00:00,4468.19,4510.51,4447.03,4491.21
2025-09-16 20:00:00,4491.22,4525.4,4483.61,4501.29
2025-09-17 00:00:00,4501.3,4553.02,4492.99,4497.79
2025-09-17 04:00:00,4497.79,4557.67,4464.0,4544.07
2025-09-17 08:00:00,4544.07,4545.81,4479.0,4491.64
2025-09-17 12:00:00,4491.64,4513.46,4467.36,4489.54
2025-09-17 16:00:00,4489.53,4533.31,4412.0,4517.62
2025-09-17 20:00:00,4517.62,4616.77,4486.74,4590.53
2025-09-18 00:00:00,4590.54,4644.47,4580.27,4614.42
2025-09-18 04:00:00,4614.42,4619.99,4553.7,4574.75
2025-09-18 08:00:00,4574.75,4607.76,4568.59,4576.12
2025-09-18 12:00:00,4576.12,4625.0,4558.15,4599.34
2025-09-18 16:00:00,4599.35,4636.22,4581.03,4588.23
2025-09-18 20:00:00,4588.24,4605.65,4570.61,4587.66
2025-09-19 00:00:00,4587.66,4620.72,4542.27,4549.98
2025-09-19 04:00:00,4549.98,4559.15,4518.33,4539.06
2025-09-19 08:00:00,4539.06,4549.0,4507.93,4513.8
2025-09-19 12:00:00,4513.79,4544.44,4445.64,4474.93
2025-09-19 16:00:00,4474.93,4489.21,4435.7,4440.68
2025-09-19 20:00:00,4440.68,4478.21,4438.4,4468.59
2025-09-20 00:00:00,4468.59,4475.91,4454.45,4465.52
2025-09-20 04:00:00,4465.52,4484.81,4462.82,4483.22
2025-09-20 08:00:00,4483.21,4483.21,4456.43,4469.96
2025-09-20 12:00:00,4469.96,4507.19,4463.41,4498.2
2025-09-20 16:00:00,4498.21,4508.71,4470.0,4480.18
2025-09-20 20:00:00,4480.18,4501.39,4478.23,4480.42
2025-09-21 00:00:00,4480.41,4490.0,4458.0,4478.26
2025-09-21 04:00:00,4478.26,4492.24,4466.9,4477.78
2025-09-21 08:00:00,4477.78,4479.57,4444.34,4460.57
2025-09-21 12:00:00,4460.58,4486.4,4460.32,4482.8
2025-09-21 16:00:00,4482.8,4498.16,4464.59,4494.4
2025-09-21 20:00:00,4494.4,4494.41,4443.0,4444.97
2025-09-22 00:00:00,4444.98,4455.76,4261.6,4305.87
2025-09-22 04:00:00,4305.87,4310.49,4077.0,4193.38
2025-09-22 08:00:00,4193.38,4207.35,4136.47,4181.62
2025-09-22 12:00:00,4181.63,4219.34,4159.16,4167.88
2025-09-22 16:00:00,4167.88,4183.28,4122.0,4134.98
2025-09-22 20:00:00,4134.99,4207.91,4134.34,4199.08
2025-09-23 00:00:00,4199.09,4211.56,4114.39,4188.01
2025-09-23 04:00:00,4188.02,4215.78,4154.44,4205.24
2025-09-23 08:00:00,4205.23,4229.03,4178.27,4192.08
2025-09-23 12:00:00,4192.09,4211.5,4161.87,4181.01
2025-09-23 16:00:00,4181.01,4207.0,4137.7,4153.43
2025-09-23 20:00:00,4153.43,4190.86,4139.53,4164.26
2025-09-24 00:00:00,4164.25,4194.37,4129.24,4147.51
2025-09-24 04:00:00,4147.51,4184.22,4073.74,4175.08
2025-09-24 08:00:00,4175.08,4198.34,4164.66,4182.08
2025-09-24 12:00:00,4182.08,4206.9,4145.96,4166.18
2025-09-24 16:00:00,4166.17,4194.42,4155.0,4161.5
2025-09-24 20:00:00,4161.5,4172.23,4131.2,4152.81
2025-09-25 00:00:00,4152.81,4161.04,4022.0,4062.78
2025-09-25 04:00:00,4062.77,4071.08,3966.0,4009.18
2025-09-25 08:00:00,4009.17,4052.81,3991.39,4002.51
2025-09-25 12:00:00,4002.51,4022.87,3924.12,4003.26
2025-09-25 16:00:00,4003.27,4006.77,3815.0,3911.59
2025-09-25 20:00:00,3911.59,3937.2,3850.0,3874.36
2025-09-26 00:00:00,3874.35,3971.09,3867.65,3965.32
2025-09-26 04:00:00,3965.33,3976.98,3906.09,3938.11
2025-09-26 08:00:00,3938.11,3944.58,3873.0,3906.0
2025-09-26 12:00:00,3906.0,3985.41,3875.71,3946.0
2025-09-26 16:00:00,3945.98,4068.3,3942.94,4024.07
2025-09-26 20:00:00,4024.08,4039.56,4005.0,4032.24
2025-09-27 00:00:00,4032.24,4032.44,4005.74,4019.41
2025-09-27 04:00:00,4019.4,4027.85,4006.38,4007.93
2025-09-27 08:00:00,4007.92,4017.9,3972.98,4002.16
2025-09-27 12:00:00,4002.15,4039.01,3994.77,4018.92
2025-09-27 16:00:00,4018.92,4019.88,3980.98,4002.45
2025-09-27 20:00:00,4002.45,4033.23,4000.9,4018.38
2025-09-28 00:00:00,4018.39,4031.75,3994.27,4002.74
2025-09-28 04:00:00,4002.73,4019.87,3996.24,4014.32
2025-09-28 08:00:00,4014.32,4016.0,3984.45,3992.39
2025-09-28 12:00:00,3992.39,4029.48,3966.0,4021.69
2025-09-28 16:00:00,4021.68,4055.12,4021.68,4039.45
2025-09-28 20:00:00,4039.46,4144.88,4035.58,4142.16
2025-09-29 00:00:00,4142.16,4146.38,4103.81,4121.8
2025-09-29 04:00:00,4121.8,4123.99,4088.15,4108.25
2025-09-29 08:00:00,4108.26,4141.0,4095.0,4103.21
2025-09-29 12:00:00,4103.21,4205.59,4082.25,4164.8
2025-09-29 16:00:00,4164.81,4193.44,4128.53,4188.32
2025-09-29 20:00:00,4188.32,4235.86,4182.07,4215.07
2025-09-30 00:00:00,4215.07,4245.0,4188.03,4198.68
2025-09-30 04:00:00,4198.69,4206.85,4169.38,4182.13
2025-09-30 08:00:00,4182.12,4183.21,4134.0,4165.39
2025-09-30 12:00:00,4165.38,4175.95,4094.59,4119.87
2025-09-30 16:00:00,4119.88,4170.43,4092.1,4160.1
2025-09-30 20:00:00,4160.11,4201.52,4116.64,4145.15
2025-10-01 00:00:00,4145.15,4174.63,4124.12,4128.66
2025-10-01 04:00:00,4128.65,4156.79,4123.08,4145.8
2025-10-01 08:00:00,4145.8,4329.0,4142.92,4298.2
2025-10-01 12:00:00,4298.21,4344.0,4280.0,4327.23
2025-10-01 16:00:00,4327.24,4340.0,4288.64,4334.53
2025-10-01 20:00:00,4334.52,4355.46,4287.5,4348.03
2025-10-02 00:00:00,4348.03,4399.11,4332.73,4376.3
2025-10-02 04:00:00,4376.3,4423.35,4358.26,4375.78
2025-10-02 08:00:00,4375.77,4395.98,4369.32,4378.93
2025-10-02 12:00:00,4378.92,4443.0,4335.74,4437.09
2025-10-02 16:00:00,4437.1,4516.74,4426.12,4495.61
2025-10-02 20:00:00,4495.62,4497.87,4457.27,4484.35
2025-10-03 00:00:00,4484.35,4560.0,4461.01,4500.59
2025-10-03 04:00:00,4500.59,4510.79,4454.0,4462.33
2025-10-03 08:00:00,4462.32,4495.0,4428.0,4478.45
2025-10-03 12:00:00,4478.46,4541.66,4436.26,4534.75
2025-10-03 16:00:00,4534.75,4591.59,4450.62,4519.48
2025-10-03 20:00:00,4519.49,4542.97,4493.72,4512.87
2025-10-04 00:00:00,4512.88,4516.91,4463.17,4487.06
2025-10-04 04:00:00,4487.07,4517.93,4479.66,4498.29
2025-10-04 08:00:00,4498.28,4503.9,4479.93,4483.83
2025-10-04 12:00:00,4483.84,4511.71,4441.34,4455.05
2025-10-04 16:00:00,4455.08,4476.46,4440.0,4467.12
2025-10-04 20:00:00,4467.13,4494.5,4467.13,4487.15
2025-10-05 00:00:00,4487.16,4575.0,4467.05,4531.54
2025-10-05 04:00:00,4531.55,4615.0,4529.0,4605.97
2025-10-05 08:00:00,4605.98,4618.17,4523.45,4551.06
2025-10-05 12:00:00,4551.07,4551.07,4526.74,4532.0
2025-10-05 16:00:00,4532.0,4540.71,4482.06,4487.26
2025-10-05 20:00:00,4487.26,4523.48,4474.0,4514.32
2025-10-06 00:00:00,4514.32,4552.44,4488.25,4537.08
2025-10-06 04:00:00,4537.09,4577.8,4509.0,4533.19
2025-10-06 08:00:00,4533.2,4593.65,4533.2,4571.71
2025-10-06 12:00:00,4571.71,4693.8,4570.25,4673.39
2025-10-06 16:00:00,4673.39,4733.18,4659.99,4722.62
2025-10-06 20:00:00,4722.61,4735.93,4672.56,4684.01
2025-10-07 00:00:00,4684.02,4698.99,4663.71,4690.59
2025-10-07 04:00:00,4690.59,4730.94,4665.03,4678.19
2025-10-07 08:00:00,4678.2,4713.17,4638.92,4708.81
2025-10-07 12:00:00,4708.82,4755.0,4477.43,4511.99
2025-10-07 16:00:00,4511.99,4524.0,4446.13,4479.44
2025-10-07 20:00:00,4479.48,4517.09,4430.43,4447.7
2025-10-08 00:00:00,4447.7,4498.22,4433.68,4443.6
2025-10-08 04:00:00,4443.59,4465.5,4410.08,4463.48
2025-10-08 08:00:00,4463.48,4506.85,4458.22,4487.3
2025-10-08 12:00:00,4487.3,4522.6,4437.08,4447.14
2025-10-08 16:00:00,4447.15,4558.0,4439.0,4515.27
2025-10-08 20:00:00,4515.28,4539.31,4500.18,4525.72
2025-10-09 00:00:00,4525.72,4531.52,4398.17,4450.8
2025-10-09 04:00:00,4450.8,4460.0,4411.0,4426.6
2025-10-09 08:00:00,4426.6,4426.69,4320.0,4373.05
2025-10-09 12:00:00,4373.06,4413.76,4291.82,4314.79
2025-10-09 16:00:00,4314.78,4344.33,4265.06,4338.0
2025-10-09 20:00:00,4338.03,4383.0,4327.89,4368.09
2025-10-10 00:00:00,4368.09,4393.63,4342.98,4347.13
2025-10-10 04:00:00,4347.12,4377.14,4315.23,4323.39
2025-10-10 08:00:00,4323.4,4351.27,4313.39,4343.02
2025-10-10 12:00:00,4343.02,4390.46,4073.55,4103.11
2025-10-10 16:00:00,4103.1,4138.52,3950.69,3997.56
2025-10-10 20:00:00,3997.56,4380.0,3435.0,3829.72
2025-10-11 00:00:00,3829.72,3878.3,3726.16,3792.26
2025-10-11 04:00:00,3792.27,3831.98,3733.7,3758.81
2025-10-11 08:00:00,3758.82,3857.24,3749.13,3839.99
2025-10-11 12:00:00,3839.99,3855.06,3786.07,3825.13
2025-10-11 16:00:00,3825.14,3848.0,3731.03,3760.61
2025-10-11 20:00:00,3760.61,3766.66,3643.33,3746.79
2025-10-12 00:00:00,3746.8,3819.22,3694.74,3781.61
2025-10-12 04:00:00,3781.62,3844.5,3776.27,3827.99
2025-10-12 08:00:00,3827.98,3866.6,3806.34,3820.36
2025-10-12 12:00:00,3820.36,4080.0,3793.56,4034.59
2025-10-12 16:00:00,4034.59,4170.0,4034.58,4135.68
2025-10-12 20:00:00,4135.68,4197.7,4080.7,4152.29
2025-10-13 00:00:00,4152.29,4220.89,4124.54,4139.78
2025-10-13 04:00:00,4139.79,4198.0,4116.07,4178.3
2025-10-13 08:00:00,4178.29,4195.52,4042.29,4080.39
2025-10-13 12:00:00,4080.38,4180.0,4056.57,4135.0
2025-10-13 16:00:00,4135.01,4271.12,4129.14,4251.96
2025-10-13 20:00:00,4251.96,4292.0,4236.08,4240.85
2025-10-14 00:00:00,4240.86,4263.38,4137.63,4153.56
2025-10-14 04:00:00,4153.56,4160.75,3965.56,3981.19
2025-10-14 08:00:00,3981.19,4014.61,3888.74,3971.85
2025-10-14 12:00:00,3971.85,4088.79,3893.77,4085.4
2025-10-14 16:00:00,4085.41,4164.62,4048.49,4102.94
2025-10-14 20:00:00,4102.96,4144.54,4072.69,4125.02
2025-10-15 00:00:00,4125.01,4145.73,4060.11,4080.7
2025-10-15 04:00:00,4080.7,4129.37,4072.0,4122.04
2025-10-15 08:00:00,4122.03,4217.6,4087.78,4099.9
2025-10-15 12:00:00,4099.89,4107.14,3959.33,3980.97
2025-10-15 16:00:00,3980.98,4013.17,3929.66,3983.21
2025-10-15 20:00:00,3983.21,3996.16,3926.74,3985.61
2025-10-16 00:00:00,3985.61,4036.84,3976.07,4014.85
2025-10-16 04:00:00,4014.85,4049.88,3979.36,4004.3
2025-10-16 08:00:00,4004.31,4078.96,3940.66,4061.85
2025-10-16 12:00:00,4061.86,4086.49,3892.0,3907.18
2025-10-16 16:00:00,3907.17,3967.6,3851.11,3867.01
2025-10-16 20:00:00,3867.14,3898.05,3826.04,3894.51
2025-10-17 00:00:00,3894.5,3950.45,3888.24,3933.25
2025-10-17 04:00:00,3933.26,3935.97,3752.89,3756.49
2025-10-17 08:00:00,3756.49,3817.7,3674.5,3778.54
2025-10-17 12:00:00,3778.53,3811.42,3714.0,3797.75
2025-10-17 16:00:00,3797.76,3850.36,3779.01,3827.76
2025-10-17 20:00:00,3827.77,3883.17,3818.25,3831.57
2025-10-18 00:00:00,3831.58,3882.28,3819.07,3870.57
2025-10-18 04:00:00,3870.56,3927.73,3841.3,3892.43
2025-10-18 08:00:00,3892.44,3906.0,3861.98,3881.99
2025-10-18 12:00:00,3881.99,3893.38,3848.81,3877.89
2025-10-18 16:00:00,3877.9,3898.83,3853.16,3893.64
2025-10-18 20:00:00,3893.63,3908.94,3869.62,3889.21
2025-10-19 00:00:00,3889.2,3906.57,3855.7,3906.29
2025-10-19 04:00:00,3906.3,3921.61,3873.91,3888.01
2025-10-19 08:00:00,3888.01,3951.34,3827.04,3923.82
2025-10-19 12:00:00,3923.82,4002.08,3908.17,3978.65
2025-10-19 16:00:00,3978.65,4026.95,3958.71,3985.75
2025-10-19 20:00:00,3985.75,4030.94,3970.0,3982.58
2025-10-20 00:00:00,3982.58,4038.88,3908.73,4026.9
2025-10-20 04:00:00,4026.9,4085.3,4023.07,4055.03
2025-10-20 08:00:00,4055.03,4070.92,4012.21,4035.02
2025-10-20 12:00:00,4035.03,4049.51,4002.07,4003.98
2025-10-20 16:00:00,4003.99,4003.99,3922.0,3981.36
2025-10-20 20:00:00,3981.36,4003.2,3971.01,3979.22
2025-10-21 00:00:00,3979.22,3985.76,3918.39,3922.66
2025-10-21 04:00:00,3922.66,3922.66,3840.24,3892.95
2025-10-21 08:00:00,3892.95,3897.77,3851.0,3890.07
2025-10-21 12:00:00,3890.06,4084.91,3852.06,4081.66
2025-10-21 16:00:00,4081.66,4110.0,3965.47,3995.69
2025-10-21 20:00:00,3995.7,4001.13,3858.0,3873.05
2025-10-22 00:00:00,3873.04,3889.27,3821.64,3859.57
2025-10-22 04:00:00,3859.58,3884.34,3838.31,3868.72
2025-10-22 08:00:00,3868.72,3868.91,3770.02,3829.0
2025-10-22 12:00:00,3829.01,3876.92,3780.32,3841.76
2025-10-22 16:00:00,3841.76,3861.9,3784.0,3804.0
2025-10-22 20:00:00,3804.0,3816.5,3710.0,3805.53
2025-10-23 00:00:00,3805.53,3835.93,3796.54,3826.79
2025-10-23 04:00:00,3826.8,3897.0,3822.76,3881.01
2025-10-23 08:00:00,3881.02,3905.22,3859.0,3863.06
2025-10-23 12:00:00,3863.06,3887.35,3808.01,3876.94
2025-10-23 16:00:00,3876.95,3934.86,3845.0,3859.4
2025-10-23 20:00:00,3859.4,3860.1,3818.72,3856.8
2025-10-24 00:00:00,3856.8,3896.0,3845.86,3891.0
2025-10-24 04:00:00,3891.0,3989.2,3886.21,3949.22
2025-10-24 08:00:00,3949.22,3969.81,3925.83,3946.57
2025-10-24 12:00:00,3946.58,4026.39,3871.32,3888.92
2025-10-24 16:00:00,3888.92,3937.9,3866.43,3926.53
2025-10-24 20:00:00,3926.53,3945.23,3924.38,3934.88
2025-10-25 00:00:00,3934.88,3939.29,3912.4,3921.2
2025-10-25 04:00:00,3921.21,3960.57,3920.46,3928.92
2025-10-25 08:00:00,3928.93,3956.59,3927.7,3940.31
2025-10-25 12:00:00,3940.32,3956.41,3924.2,3932.71
2025-10-25 16:00:00,3932.72,3969.22,3927.74,3957.43
2025-10-25 20:00:00,3957.44,3964.76,3935.82,3953.82
2025-10-26 00:00:00,3953.81,3961.87,3919.28,3931.82
2025-10-26 04:00:00,3931.82,3956.59,3928.83,3951.57
2025-10-26 08:00:00,3951.57,4054.97,3951.08,4044.99
2025-10-26 12:00:00,4044.98,4099.02,4040.66,4075.29
2025-10-26 16:00:00,4075.29,4080.25,4046.29,4067.94
2025-10-26 20:00:00,4067.94,4178.78,4054.11,4158.46
2025-10-27 00:00:00,4158.46,4225.55,4148.48,4205.08
2025-10-27 04:00:00,4205.08,4253.72,4193.24,4201.36
2025-10-27 08:00:00,4201.36,4201.51,4133.0,4162.14
2025-10-27 12:00:00,4162.14,4188.0,4124.52,4172.96
2025-10-27 16:00:00,4172.95,4233.48,4172.95,4193.96
2025-10-27 20:00:00,4193.95,4195.79,4095.0,4120.15
2025-10-28 00:00:00,4120.16,4143.13,4069.8,4094.32
2025-10-28 04:00:00,4094.31,4127.0,4066.58,4117.24
2025-10-28 08:00:00,4117.25,4136.1,4104.23,4112.46
2025-10-28 12:00:00,4112.45,4175.55,4071.28,4096.85
2025-10-28 16:00:00,4096.86,4151.28,4027.0,4039.39
2025-10-28 20:00:00,4039.37,4042.49,3931.33,3979.2
2025-10-29 00:00:00,3979.19,4008.89,3964.56,3997.66
2025-10-29 04:00:00,3997.66,4036.66,3996.0,4025.06
2025-10-29 08:00:00,4025.07,4027.17,3983.6,4011.01
2025-10-29 12:00:00,4011.01,4029.41,3941.61,3951.71
2025-10-29 16:00:00,3951.72,4018.46,3840.37,3905.71
2025-10-29 20:00:00,3905.7,3963.59,3874.01,3902.99
2025-10-30 00:00:00,3903.0,3948.74,3885.41,3934.58
2025-10-30 04:00:00,3934.58,3944.94,3839.5,3940.42
2025-10-30 08:00:00,3940.43,3940.43,3877.34,3881.1
2025-10-30 12:00:00,3881.1,3884.43,3758.37,3773.69
2025-10-30 16:00:00,3773.69,3802.37,3680.1,3686.93
2025-10-30 20:00:00,3686.93,3807.21,3680.0,3805.09
2025-10-31 00:00:00,3804.95,3860.79,3796.36,3829.16
2025-10-31 04:00:00,3829.16,3873.68,3821.67,3831.49
2025-10-31 08:00:00,3831.49,3883.13,3818.48,3874.01
2025-10-31 12:00:00,3874.01,3888.0,3831.95,3860.99
2025-10-31 16:00:00,3860.99,3906.09,3804.74,3886.15
2025-10-31 20:00:00,3886.14,3893.29,3841.31,3847.99
2025-11-01 00:00:00,3848.0,3864.43,3831.0,3861.38
2025-11-01 04:00:00,3861.38,3869.55,3852.96,3860.84
2025-11-01 08:00:00,3860.84,3882.94,3860.73,3877.79
2025-11-01 12:00:00,3877.79,3902.0,3858.11,3895.15
2025-11-01 16:00:00,3895.15,3909.39,3862.92,3879.99
2025-11-01 20:00:00,3880.0,3891.6,3864.31,3873.77
2025-11-02 00:00:00,3873.78,3886.85,3861.71,3880.63
2025-11-02 04:00:00,3880.62,3918.23,3876.01,3906.73
2025-11-02 08:00:00,3906.73,3910.97,3853.76,3891.31
2025-11-02 12:00:00,3891.31,3895.41,3839.12,3853.33
2025-11-02 16:00:00,3853.32,3867.42,3840.64,3855.98
2025-11-02 20:00:00,3855.99,3916.27,3844.05,3906.58
2025-11-03 00:00:00,3906.58,3914.29,3728.09,3736.23
2025-11-03 04:00:00,3736.23,3765.46,3684.0,3714.58
2025-11-03 08:00:00,3714.54,3740.0,3662.88,3711.68
2025-11-03 12:00:00,3711.68,3748.64,3582.29,3588.89
2025-11-03 16:00:00,3588.89,3682.35,3564.13,3631.5
2025-11-03 20:00:00,3631.5,3636.69,3558.82,3603.83
2025-11-04 00:00:00,3603.84,3654.54,3567.27,3642.29
2025-11-04 04:00:00,3642.3,3647.95,3474.1,3494.56
2025-11-04 08:00:00,3494.56,3534.0,3460.3,3529.52
2025-11-04 12:00:00,3529.53,3587.66,3474.0,3507.58
2025-11-04 16:00:00,3507.59,3520.58,3226.16,3230.94
2025-11-04 20:00:00,3230.94,3304.49,3059.47,3287.05
2025-11-05 00:00:00,3287.05,3349.12,3166.66,3334.83
2025-11-05 04:00:00,3334.83,3354.6,3300.89,3331.08
2025-11-05 08:00:00,3331.09,3331.09,3274.54,3322.55
2025-11-05 12:00:00,3322.58,3399.19,3312.93,3398.36
2025-11-05 16:00:00,3398.37,3479.16,3370.82,3455.12
2025-11-05 20:00:00,3455.11,3480.46,3415.29,3424.29
2025-11-06 00:00:00,3424.29,3450.5,3375.13,3432.9
2025-11-06 04:00:00,3432.91,3456.46,3361.0,3380.42
2025-11-06 08:00:00,3380.4,3415.0,3366.99,3399.4
2025-11-06 12:00:00,3399.39,3404.78,3276.54,3300.0
2025-11-06 16:00:00,3300.0,3352.37,3245.45,3325.8
2025-11-06 20:00:00,3325.86,3337.3,3287.77,3315.14
2025-11-07 00:00:00,3315.14,3365.32,3276.19,3345.12
2025-11-07 04:00:00,3345.12,3369.99,3319.59,3358.42
2025-11-07 08:00:00,3358.41,3360.67,3225.36,3259.97
2025-11-07 12:00:00,3259.97,3318.35,3194.2,3297.52
2025-11-07 16:00:00,3297.52,3450.0,3273.99,3443.6
2025-11-07 20:00:00,3443.6,3473.0,3430.23,3436.05
2025-11-08 00:00:00,3436.04,3467.64,3405.87,3454.19
2025-11-08 04:00:00,3454.18,3488.0,3418.6,3447.9
2025-11-08 08:00:00,3447.89,3473.42,3407.0,3413.03
2025-11-08 12:00:00,3413.02,3417.58,3370.36,3376.79
2025-11-08 16:00:00,3376.8,3408.16,3355.58,3389.35
2025-11-08 20:00:00,3389.34,3415.62,3381.09,3401.51
2025-11-09 00:00:00,3401.51,3403.97,3358.66,3375.8
2025-11-09 04:00:00,3375.8,3427.37,3370.19,3422.78
2025-11-09 08:00:00,3422.79,3435.13,3382.35,3428.37
2025-11-09 12:00:00,3428.38,3563.65,3424.64,3515.51
2025-11-09 16:00:00,3515.52,3580.0,3501.63,3580.0
2025-11-09 20:00:00,3580.0,3623.25,3562.38,3583.46
2025-11-10 00:00:00,3583.46,3658.98,3553.52,3627.47
2025-11-10 04:00:00,3627.48,3631.51,3589.46,3609.09
2025-11-10 08:00:00,3609.09,3631.32,3586.02,3610.57
2025-11-10 12:00:00,3610.57,3622.14,3508.0,3519.46
2025-11-10 16:00:00,3519.45,3576.1,3507.3,3558.55
2025-11-10 20:00:00,3558.55,3584.04,3529.41,3567.85
2025-11-11 00:00:00,3567.85,3648.27,3552.84,3606.1
2025-11-11 04:00:00,3606.11,3610.48,3532.2,3544.67
2025-11-11 08:00:00,3544.67,3587.05,3543.55,3574.14
2025-11-11 12:00:00,3574.15,3594.33,3467.21,3481.1
2025-11-11 16:00:00,3481.11,3500.59,3446.02,3456.81
2025-11-11 20:00:00,3456.81,3461.79,3405.24,3417.76
2025-11-12 00:00:00,3417.76,3456.06,3410.0,3439.1
2025-11-12 04:00:00,3439.11,3458.07,3424.58,3428.23
2025-11-12 08:00:00,3428.24,3570.06,3428.24,3549.38
2025-11-12 12:00:00,3549.37,3588.19,3418.6,3427.85
2025-11-12 16:00:00,3427.85,3454.65,3371.65,3407.99
2025-11-12 20:00:00,3408.0,3439.62,3392.0,3414.92
2025-11-13 00:00:00,3414.91,3473.48,3377.68,3452.86
2025-11-13 04:00:00,3452.86,3565.84,3434.03,3538.74
2025-11-13 08:00:00,3538.74,3550.0,3476.06,3501.95
2025-11-13 12:00:00,3501.94,3511.31,3367.03,3386.85
2025-11-13 16:00:00,3386.84,3398.24,3175.83,3197.69
2025-11-13 20:00:00,3197.69,3272.3,3154.22,3231.54
2025-11-14 00:00:00,3231.55,3251.88,3186.2,3227.93
2025-11-14 04:00:00,3227.94,3241.32,3104.66,3215.59
2025-11-14 08:00:00,3215.6,3219.39,3116.82,3144.35
2025-11-14 12:00:00,3144.34,3234.49,3070.0,3196.7
2025-11-14 16:00:00,3196.7,3256.71,3155.0,3207.86
2025-11-14 20:00:00,3207.87,3213.22,3090.0,3112.4
2025-11-15 00:00:00,3112.4,3194.0,3110.68,3179.16
2025-11-15 04:00:00,3179.17,3191.65,3159.03,3176.55
2025-11-15 08:00:00,3176.56,3177.98,3134.23,3152.52
2025-11-15 12:00:00,3152.52,3197.37,3147.37,3186.05
2025-11-15 16:00:00,3186.05,3230.0,3162.78,3197.88
2025-11-15 20:00:00,3197.89,3200.68,3152.75,3167.88
2025-11-16 00:00:00,3167.87,3210.0,3131.78,3202.97
2025-11-16 04:00:00,3202.95,3220.62,3187.03,3219.55
2025-11-16 08:00:00,3219.54,3249.0,3160.36,3168.64
2025-11-16 12:00:00,3168.64,3182.6,3099.23,3105.44
2025-11-16 16:00:00,3105.45,3128.0,3026.0,3091.09
2025-11-16 20:00:00,3091.09,3117.21,3004.0,3095.29
2025-11-17 00:00:00,3095.29,3180.42,3069.0,3176.6
2025-11-17 04:00:00,3176.59,3208.52,3165.93,3198.44
2025-11-17 08:00:00,3198.44,3223.38,3179.88,3204.12
2025-11-17 12:00:00,3204.12,3210.88,3095.09,3121.04
2025-11-17 16:00:00,3121.04,3142.56,2972.88,2982.27
2025-11-17 20:00:00,2982.27,3032.53,2959.46,3031.44
2025-11-18 00:00:00,3031.44,3050.05,2946.56,3023.97
2025-11-18 04:00:00,3023.97,3034.5,2958.08,3024.44
2025-11-18 08:00:00,3024.44,3074.45,3024.44,3058.01
2025-11-18 12:00:00,3058.0,3123.69,3022.09,3106.87
2025-11-18 16:00:00,3106.87,3169.95,3099.39,3146.02
2025-11-18 20:00:00,3146.01,3150.43,3097.21,3123.66
2025-11-19 00:00:00,3123.65,3125.54,3069.59,3073.02
2025-11-19 04:00:00,3073.01,3087.71,2992.23,3084.96
2025-11-19 08:00:00,3084.97,3112.55,3053.55,3083.51
2025-11-19 12:00:00,3083.51,3108.76,2967.0,2973.16
2025-11-19 16:00:00,2973.15,3000.0,2873.64,2881.66
2025-11-19 20:00:00,2881.66,3027.88,2875.0,3025.48
2025-11-20 00:00:00,3025.48,3058.0,3004.41,3038.98
2025-11-20 04:00:00,3038.99,3063.61,3006.89,3039.43
2025-11-20 08:00:00,3039.44,3044.75,2993.91,3023.98
2025-11-20 12:00:00,3023.99,3049.58,2952.39,2955.68
2025-11-20 16:00:00,2955.65,2961.28,2790.01,2847.9
2025-11-20 20:00:00,2847.89,2905.93,2819.55,2834.22
2025-11-21 00:00:00,2834.21,2886.73,2772.84,2809.18
2025-11-21 04:00:00,2809.17,2832.66,2669.0,2720.17
2025-11-21 08:00:00,2720.17,2754.48,2663.01,2688.42
2025-11-21 12:00:00,2688.42,2781.83,2623.57,2705.32
2025-11-21 16:00:00,2705.31,2806.84,2675.0,2752.24
2025-11-21 20:00:00,2752.23,2777.01,2708.55,2765.85
2025-11-22 00:00:00,2765.86,2784.12,2739.76,2752.27
2025-11-22 04:00:00,2752.27,2771.0,2726.66,2756.21
2025-11-22 08:00:00,2756.21,2756.36,2704.33,2735.16
2025-11-22 12:00:00,2735.16,2754.45,2711.01,2738.92
2025-11-22 16:00:00,2738.92,2759.02,2735.2,2750.65
2025-11-22 20:00:00,2750.65,2799.01,2733.72,2770.12
2025-11-23 00:00:00,2770.12,2834.33,2768.29,2824.77
2025-11-23 04:00:00,2824.77,2852.17,2777.2,2793.7
2025-11-23 08:00:00,2793.7,2823.98,2793.69,2815.54
2025-11-23 12:00:00,2815.54,2858.16,2810.12,2836.5
2025-11-23 16:00:00,2836.49,2846.8,2786.63,2822.7
2025-11-23 20:00:00,2822.7,2845.0,2794.74,2802.16
2025-11-24 00:00:00,2802.16,2867.46,2763.0,2856.44
2025-11-24 04:00:00,2856.45,2885.75,2802.87,2830.27
2025-11-24 08:00:00,2830.26,2843.09,2788.0,2803.41
2025-11-24 12:00:00,2803.4,2860.37,2785.04,2846.47
2025-11-24 16:00:00,2846.47,2979.63,2842.82,2959.0
2025-11-24 20:00:00,2959.0,2987.0,2947.77,2953.38
2025-11-25 00:00:00,2953.38,2953.38,2904.39,2911.99
2025-11-25 04:00:00,2911.99,2943.03,2901.75,2902.77
2025-11-25 08:00:00,2902.77,2909.18,2865.09,2891.01
2025-11-25 12:00:00,2891.01,2934.0,2857.32,2895.45
2025-11-25 16:00:00,2895.46,2958.53,2872.09,2922.95
2025-11-25 20:00:00,2922.96,2980.82,2907.42,2959.36
2025-11-26 00:00:00,2959.36,2984.0,2922.08,2927.2
2025-11-26 04:00:00,2927.19,2954.67,2921.11,2944.52
2025-11-26 08:00:00,2944.52,2949.27,2902.12,2914.0
2025-11-26 12:00:00,2913.99,2947.4,2888.69,2927.41
2025-11-26 16:00:00,2927.4,3045.0,2926.37,3032.28
2025-11-26 20:00:00,3032.28,3035.91,3008.53,3026.56
2025-11-27 00:00:00,3026.56,3071.37,3004.61,3033.53
2025-11-27 04:00:00,3033.53,3053.98,3017.45,3033.9
2025-11-27 08:00:00,3033.89,3044.73,3017.78,3028.54
2025-11-27 12:00:00,3028.54,3030.49,2985.78,3010.97
2025-11-27 16:00:00,3010.97,3039.99,3004.83,3032.02
2025-11-27 20:00:00,3032.01,3044.44,3003.88,3015.23
2025-11-28 00:00:00,3015.23,3023.97,2994.36,3008.63
2025-11-28 04:00:00,3008.64,3028.94,3000.7,3001.91
2025-11-28 08:00:00,3001.9,3077.77,3001.59,3034.02
2025-11-28 12:00:00,3034.02,3099.0,3026.32,3073.77
2025-11-28 16:00:00,3073.78,3074.4,3011.22,3050.0
2025-11-28 20:00:00,3049.99,3059.48,3020.57,3031.15
2025-11-29 00:00:00,3031.14,3052.64,3017.73,3022.6
2025-11-29 04:00:00,3022.61,3045.6,2992.5,3004.9
2025-11-29 08:00:00,3004.9,3011.41,2986.09,2999.82
2025-11-29 12:00:00,2999.82,3014.09,2986.4,3007.41
2025-11-29 16:00:00,3007.41,3011.31,2961.91,2988.47
2025-11-29 20:00:00,2988.47,2999.17,2982.49,2989.16
2025-11-30 00:00:00,2989.17,3012.29,2975.3,3001.69
2025-11-30 04:00:00,3001.68,3008.9,2985.69,3005.22
2025-11-30 08:00:00,3005.22,3018.48,2999.94,3003.36
2025-11-30 12:00:00,3003.37,3053.02,3000.34,3028.69
2025-11-30 16:00:00,3028.69,3049.34,3028.24,3034.71
2025-11-30 20:00:00,3034.71,3041.14,2989.06,2991.26
2025-12-01 00:00:00,2991.25,2999.47,2813.2,2825.77
2025-12-01 04:00:00,2825.77,2844.11,2806.71,2840.21
2025-12-01 08:00:00,2840.21,2854.35,2828.62,2838.35
2025-12-01 12:00:00,2838.36,2840.31,2716.04,2745.72
2025-12-01 16:00:00,2745.73,2758.02,2719.73,2740.8
2025-12-01 20:00:00,2740.8,2819.35,2739.89,2799.07
2025-12-02 00:00:00,2799.07,2825.11,2782.81,2804.55
2025-12-02 04:00:00,2804.55,2815.88,2796.88,2805.65
2025-12-02 08:00:00,2805.66,2834.5,2782.19,2826.18
2025-12-02 12:00:00,2826.18,3024.98,2816.82,3006.61
2025-12-02 16:00:00,3006.61,3033.76,2987.19,3015.83
2025-12-02 20:00:00,3015.84,3021.27,2972.35,2996.07
2025-12-03 00:00:00,2996.07,3048.0,2985.58,3030.75
2025-12-03 04:00:00,3030.74,3085.56,3029.59,3057.44
2025-12-03 08:00:00,3057.44,3080.0,3043.75,3073.23
2025-12-03 12:00:00,3073.23,3145.68,3030.42,3086.12
2025-12-03 16:00:00,3086.13,3142.15,3064.36,3128.2
2025-12-03 20:00:00,3128.2,3214.99,3117.0,3188.36
2025-12-04 00:00:00,3188.39,3240.35,3174.19,3210.13
2025-12-04 04:00:00,3210.12,3219.62,3170.47,3190.1
2025-12-04 08:00:00,3190.1,3208.63,3175.51,3186.55
2025-12-04 12:00:00,3186.55,3224.38,3139.72,3208.15
2025-12-04 16:00:00,3208.15,3225.0,3066.37,3119.27
2025-12-04 20:00:00,3119.26,3152.07,3105.9,3133.26
2025-12-05 00:00:00,3133.26,3193.33,3132.45,3170.98
2025-12-05 04:00:00,3170.98,3182.88,3152.0,3173.94
2025-12-05 08:00:00,3173.95,3173.95,3107.82,3131.38
2025-12-05 12:00:00,3131.38,3157.99,3082.75,3106.34
2025-12-05 16:00:00,3106.35,3108.73,2983.08,3038.49
2025-12-05 20:00:00,3038.5,3049.34,3006.78,3021.78
2025-12-06 00:00:00,3021.77,3046.3,3012.58,3040.31
2025-12-06 04:00:00,3040.31,3042.78,3024.35,3026.25
2025-12-06 08:00:00,3026.25,3042.0,3013.25,3038.99
2025-12-06 12:00:00,3038.98,3069.0,3026.5,3041.69
2025-12-06 16:00:00,3041.69,3066.62,3025.0,3030.44
2025-12-06 20:00:00,3030.45,3054.31,3026.16,3038.06
2025-12-07 00:00:00,3038.06,3056.97,3032.47,3053.92
2025-12-07 04:00:00,3053.93,3058.01,3031.21,3037.29
2025-12-07 08:00:00,3037.28,3043.69,3024.07,3035.77
2025-12-07 12:00:00,3035.77,3053.49,2907.52,3027.01
2025-12-07 16:00:00,3027.0,3150.0,2999.63,3137.92
2025-12-07 20:00:00,3137.91,3147.36,3013.73,3059.85
2025-12-08 00:00:00,3059.86,3134.73,3040.87,3111.01
2025-12-08 04:00:00,3111.01,3140.5,3108.53,3134.31
2025-12-08 08:00:00,3134.31,3180.51,3125.1,3142.25
2025-12-08 12:00:00,3142.25,3178.42,3088.83,3101.54
2025-12-08 16:00:00,3101.54,3133.0,3075.38,3118.64
2025-12-08 20:00:00,3118.65,3153.0,3112.88,3124.16
2025-12-09 00:00:00,3124.16,3143.5,3090.8,3129.26
2025-12-09 04:00:00,3129.27,3131.42,3095.12,3123.0
2025-12-09 08:00:00,3123.0,3130.0,3093.0,3118.35
2025-12-09 12:00:00,3118.35,3256.88,3098.58,3245.88
2025-12-09 16:00:00,3245.88,3397.85,3245.63,3357.88
2025-12-09 20:00:00,3357.87,3361.41,3285.0,3318.04
2025-12-10 00:00:00,3318.04,3328.2,3288.1,3309.73
2025-12-10 04:00:00,3309.73,3334.66,3306.92,3327.21
2025-12-10 08:00:00,3327.21,3376.0,3296.99,3318.39
2025-12-10 12:00:00,3318.39,3339.14,3304.45,3328.25
2025-12-10 16:00:00,3328.25,3435.0,3320.72,3390.71
2025-12-10 20:00:00,3390.67,3447.44,3317.37,3324.14
2025-12-11 00:00:00,3324.14,3327.37,3167.07,3191.42
2025-12-11 04:00:00,3191.42,3216.16,3180.93,3201.51
2025-12-11 08:00:00,3201.52,3213.0,3178.0,3192.75
2025-12-11 12:00:00,3192.75,3210.0,3145.28,3179.25
2025-12-11 16:00:00,3179.24,3234.25,3155.0,3194.51
2025-12-11 20:00:00,3194.52,3273.4,3186.36,3237.39
2025-12-12 00:00:00,3237.38,3265.5,3185.2,3245.49
2025-12-12 04:00:00,3245.49,3265.0,3232.79,3246.55
2025-12-12 08:00:00,3246.55,3255.7,3225.92,3242.59
2025-12-12 12:00:00,3242.59,3251.31,3058.12,3071.41
2025-12-12 16:00:00,3071.4,3099.88,3045.31,3073.74
2025-12-12 20:00:00,3073.74,3096.16,3067.61,3084.86
2025-12-13 00:00:00,3084.86,3095.24,3078.6,3089.85
2025-12-13 04:00:00,3089.86,3095.85,3084.11,3094.72
2025-12-13 08:00:00,3094.72,3135.68,3092.59,3119.35
2025-12-13 12:00:00,3119.36,3127.8,3095.12,3109.63
2025-12-13 16:00:00,3109.63,3116.37,3096.05,3108.41
2025-12-13 20:00:00,3108.41,3119.79,3079.0,3114.64
2025-12-14 00:00:00,3114.64,3129.54,3103.49,3118.96
2025-12-14 04:00:00,3118.97,3122.1,3104.59,3115.3
2025-12-14 08:00:00,3115.3,3119.9,3050.01,3084.84
2025-12-14 12:00:00,3084.84,3108.18,3070.42,3084.51
2025-12-14 16:00:00,3084.51,3107.89,3074.29,3093.71
2025-12-14 20:00:00,3093.71,3097.1,3024.44,3063.5
2025-12-15 00:00:00,3063.49,3150.92,3056.7,3108.68
2025-12-15 04:00:00,3108.68,3145.0,3104.02,3128.9
2025-12-15 08:00:00,3128.91,3177.5,3125.86,3156.73
2025-12-15 12:00:00,3156.73,3159.14,2986.05,3010.96
2025-12-15 16:00:00,3010.97,3017.77,2894.57,2940.3
2025-12-15 20:00:00,2940.29,2969.29,2916.67,2964.85
2025-12-16 00:00:00,2964.85,2978.26,2922.64,2937.0
2025-12-16 04:00:00,2936.99,2951.45,2876.0,2924.11
2025-12-16 08:00:00,2924.1,2964.14,2920.02,2957.93
2025-12-16 12:00:00,2957.93,2981.87,2886.75,2963.31
2025-12-16 16:00:00,2963.31,2968.0,2912.15,2945.58
2025-12-16 20:00:00,2945.57,2965.73,2938.08,2962.3
2025-12-17 00:00:00,2962.3,2974.27,2938.38,2947.8
2025-12-17 04:00:00,2947.8,2953.98,2913.95,2947.92
2025-12-17 08:00:00,2947.92,2947.92,2908.56,2928.71
2025-12-17 12:00:00,2928.71,3030.92,2886.8,2904.66
2025-12-17 16:00:00,2904.65,2925.59,2791.02,2820.28
2025-12-17 20:00:00,2820.28,2837.8,2798.0,2833.49
2025-12-18 00:00:00,2833.5,2847.65,2821.34,2832.06
2025-12-18 04:00:00,2832.06,2841.76,2822.98,2836.45
2025-12-18 08:00:00,2836.45,2864.46,2831.99,2859.09
2025-12-18 12:00:00,2859.1,2997.4,2854.47,2965.19
2025-12-18 16:00:00,2965.19,2967.48,2775.19,2781.93
2025-12-18 20:00:00,2781.92,2838.25,2779.76,2828.57
2025-12-19 00:00:00,2828.56,2935.0,2808.63,2909.01
2025-12-19 04:00:00,2909.0,2984.33,2907.09,2951.73
2025-12-19 08:00:00,2951.72,2971.57,2938.01,2964.96
2025-12-19 12:00:00,2964.97,3020.0,2943.13,2964.99
2025-12-19 16:00:00,2964.99,3007.06,2936.3,2985.02
2025-12-19 20:00:00,2985.02,3003.02,2974.72,2979.5
2025-12-20 00:00:00,2979.49,2994.41,2970.98,2989.41
2025-12-20 04:00:00,2989.42,2990.8,2964.17,2981.24
2025-12-20 08:00:00,2981.24,2990.2,2975.14,2987.13
2025-12-20 12:00:00,2987.14,2993.8,2967.44,2977.27
2025-12-20 16:00:00,2977.26,2981.4,2974.34,2978.05
2025-12-20 20:00:00,2978.06,2985.94,2972.85,2977.93
2025-12-21 00:00:00,2977.93,2981.43,2961.42,2972.81
2025-12-21 04:00:00,2972.8,2982.54,2971.75,2981.09
2025-12-21 08:00:00,2981.09,3013.4,2977.61,2996.52
2025-12-21 12:00:00,2996.52,3005.46,2944.0,2974.68
2025-12-21 16:00:00,2974.69,2997.96,2967.74,2991.18
2025-12-21 20:00:00,2991.19,3012.27,2970.75,3002.02
2025-12-22 00:00:00,3002.03,3060.55,2972.48,3021.52
2025-12-22 04:00:00,3021.53,3042.87,3020.0,3029.67
2025-12-22 08:00:00,3029.66,3058.38,3025.11,3049.04
2025-12-22 12:00:00,3049.05,3077.39,3022.35,3052.59
2025-12-22 16:00:00,3052.59,3059.42,2974.23,2980.44
2025-12-22 20:00:00,2980.44,3015.37,2963.43,3009.49
2025-12-23 00:00:00,3009.48,3035.79,2971.56,2991.8
2025-12-23 04:00:00,2991.81,2999.97,2944.79,2964.89
2025-12-23 08:00:00,2964.88,2975.35,2952.26,2973.63
2025-12-23 12:00:00,2973.63,2974.47,2900.93,2928.59
2025-12-23 16:00:00,2928.59,2966.56,2908.95,2943.92
2025-12-23 20:00:00,2943.95,2988.44,2940.89,2965.02
2025-12-24 00:00:00,2965.03,2978.15,2921.03,2945.75
2025-12-24 04:00:00,2945.75,2958.73,2917.12,2932.68
2025-12-24 08:00:00,2932.69,2939.84,2914.35,2925.02
2025-12-24 12:00:00,2925.02,2938.73,2888.7,2925.55
2025-12-24 16:00:00,2925.54,2954.39,2921.37,2945.72
2025-12-24 20:00:00,2945.73,2962.96,2941.73,2947.47
2025-12-25 00:00:00,2947.48,2956.89,2936.89,2947.15
2025-12-25 04:00:00,2947.16,2948.15,2938.12,2941.56
2025-12-25 08:00:00,2941.57,2946.82,2912.0,2924.88
2025-12-25 12:00:00,2924.88,2971.46,2920.0,2961.14
2025-12-25 16:00:00,2961.14,2967.65,2943.75,2956.41
2025-12-25 20:00:00,2956.41,2956.58,2891.2,2903.95
2025-12-26 00:00:00,2903.9,2994.38,2894.26,2964.92
2025-12-26 04:00:00,2964.92,2993.27,2952.59,2956.83
2025-12-26 08:00:00,2956.83,2976.53,2954.76,2964.75
2025-12-26 12:00:00,2964.76,2985.89,2894.49,2923.19
2025-12-26 16:00:00,2923.2,2935.12,2906.98,2925.99
2025-12-26 20:00:00,2925.99,2938.83,2921.49,2927.99
2025-12-27 00:00:00,2928.0,2933.7,2921.33,2933.4
2025-12-27 04:00:00,2933.39,2938.0,2928.11,2933.27
2025-12-27 08:00:00,2933.27,2940.79,2917.25,2930.88
2025-12-27 12:00:00,2930.88,2933.85,2925.25,2926.5
2025-12-27 16:00:00,2926.5,2930.82,2917.13,2930.82
2025-12-27 20:00:00,2930.81,2960.89,2928.89,2949.05
2025-12-28 00:00:00,2949.05,2951.86,2941.14,2943.58
2025-12-28 04:00:00,2943.57,2947.07,2929.5,2939.0
2025-12-28 08:00:00,2938.99,2947.34,2931.56,2944.09
2025-12-28 12:00:00,2944.09,2961.23,2937.78,2949.46
2025-12-28 16:00:00,2949.47,2954.72,2924.54,2933.61
2025-12-28 20:00:00,2933.6,2955.5,2928.89,2950.91
2025-12-29 00:00:00,2950.91,3048.45,2944.54,3043.75
2025-12-29 04:00:00,3043.75,3057.78,3010.74,3019.51
2025-12-29 08:00:00,3019.51,3026.51,2956.89,2959.91
2025-12-29 12:00:00,2959.9,2965.85,2910.25,2935.75
2025-12-29 16:00:00,2935.75,2946.0,2914.03,2932.48
2025-12-29 20:00:00,2932.47,2944.24,2926.04,2937.9
2025-12-30 00:00:00,2937.91,2956.0,2919.44,2951.91
2025-12-30 04:00:00,2951.92,2959.0,2937.39,2950.79
2025-12-30 08:00:00,2950.79,3003.66,2950.2,2978.88
2025-12-30 12:00:00,2978.88,3009.8,2958.88,2989.77
2025-12-30 16:00:00,2989.78,2995.28,2944.76,2971.56
2025-12-30 20:00:00,2971.56,2975.96,2954.28,2973.69
2025-12-31 00:00:00,2973.69,2984.86,2961.89,2970.69
2025-12-31 04:00:00,2970.68,2980.0,2968.92,2976.98
2025-12-31 08:00:00,2976.97,3003.64,2963.91,3002.2
2025-12-31 12:00:00,3002.2,3028.08,2968.0,2985.76
2025-12-31 16:00:00,2985.76,2997.4,2958.91,2971.15
2025-12-31 20:00:00,2971.16,2984.86,2963.43,2971.64
2026-01-01 00:00:00,2971.65,2988.96,2971.15,2980.0
2026-01-01 04:00:00,2979.99,2983.79,2972.99,2978.53
2026-01-01 08:00:00,2978.52,2993.2,2977.8,2989.69
2026-01-01 12:00:00,2989.7,2994.87,2977.74,2989.87
2026-01-01 16:00:00,2989.87,3005.98,2980.75,2995.42
2026-01-01 20:00:00,2995.42,3010.0,2987.54,3004.19
2026-01-02 00:00:00,3004.19,3035.0,2992.49,3022.53
2026-01-02 04:00:00,3022.53,3039.54,3009.02,3018.33
2026-01-02 08:00:00,3018.32,3069.71,3015.95,3047.82
2026-01-02 12:00:00,3047.81,3109.0,3020.79,3086.64
2026-01-02 16:00:00,3086.64,3150.01,3079.23,3123.62
2026-01-02 20:00:00,3123.63,3146.0,3111.52,3125.45
2026-01-03 00:00:00,3125.46,3136.71,3119.26,3125.56
2026-01-03 04:00:00,3125.56,3127.79,3076.0,3090.5
2026-01-03 08:00:00,3090.49,3110.56,3083.86,3098.49
2026-01-03 12:00:00,3098.5,3114.61,3093.47,3101.31
2026-01-03 16:00:00,3101.32,3118.55,3098.33,3113.13
2026-01-03 20:00:00,3113.13,3131.0,3107.49,3127.11
2026-01-04 00:00:00,3127.11,3167.22,3126.35,3147.36
2026-01-04 04:00:00,3147.36,3163.19,3133.57,3141.29
2026-01-04 08:00:00,3141.29,3148.3,3126.0,3139.54
2026-01-04 12:00:00,3139.55,3147.26,3118.75,3135.55
2026-01-04 16:00:00,3135.55,3143.6,3118.98,3132.72
2026-01-04 20:00:00,3132.72,3155.85,3130.85,3144.7
2026-01-05 00:00:00,3144.71,3220.82,3143.54,3185.86
2026-01-05 04:00:00,3185.86,3188.35,3135.31,3157.33
2026-01-05 08:00:00,3157.24,3183.64,3153.12,3180.27
2026-01-05 12:00:00,3180.28,3205.0,3135.02,3195.57
2026-01-05 16:00:00,3195.58,3229.99,3159.48,3223.07
2026-01-05 20:00:00,3223.07,3265.66,3220.0,3224.99
2026-01-06 00:00:00,3224.99,3247.3,3203.34,3225.1
2026-01-06 04:00:00,3225.1,3253.76,3211.37,3219.24
2026-01-06 08:00:00,3219.24,3242.98,3214.52,3238.08
2026-01-06 12:00:00,3238.09,3308.86,3230.0,3272.32
2026-01-06 16:00:00,3272.31,3279.36,3183.27,3223.57
2026-01-06 20:00:00,3223.57,3301.6,3223.11,3296.84
2026-01-07 00:00:00,3296.83,3296.84,3239.44,3266.83
2026-01-07 04:00:00,3266.84,3271.81,3246.75,3255.31
2026-01-07 08:00:00,3255.31,3263.37,3196.23,3220.24
2026-01-07 12:00:00,3220.25,3229.05,3144.37,3164.7
2026-01-07 16:00:00,3164.71,3179.69,3125.42,3146.02
2026-01-07 20:00:00,3146.02,3181.78,3128.13,3168.72
2026-01-08 00:00:00,3168.72,3184.39,3133.56,3142.88
2026-01-08 04:00:00,3142.88,3161.24,3090.04,3128.28
2026-01-08 08:00:00,3128.29,3136.56,3096.68,3121.24
2026-01-08 12:00:00,3121.25,3121.49,3054.65,3104.2
2026-01-08 16:00:00,3104.19,3140.0,3090.2,3111.53
2026-01-08 20:00:00,3111.53,3130.38,3089.39,3106.65
2026-01-09 00:00:00,3106.66,3148.41,3081.34,3119.6
2026-01-09 04:00:00,3119.6,3125.71,3110.39,3111.2
2026-01-09 08:00:00,3111.21,3115.37,3067.44,3090.36
2026-01-09 12:00:00,3090.36,3143.0,3058.69,3112.08
2026-01-09 16:00:00,3112.08,3145.45,3068.94,3080.6
2026-01-09 20:00:00,3080.6,3093.35,3065.23,3088.4
2026-01-10 00:00:00,3088.4,3094.61,3080.1,3086.51
2026-01-10 04:00:00,3086.51,3093.38,3077.99,3092.77
2026-01-10 08:00:00,3092.77,3104.12,3087.37,3096.99
2026-01-10 12:00:00,3096.99,3104.01,3088.81,3095.64
2026-01-10 16:00:00,3095.63,3099.37,3090.08,3092.12
2026-01-10 20:00:00,3092.13,3093.3,3078.71,3086.72
2026-01-11 00:00:00,3086.72,3097.53,3084.46,3096.78
2026-01-11 04:00:00,3096.78,3102.42,3090.0,3095.32
2026-01-11 08:00:00,3095.32,3109.78,3092.7,3105.22
2026-01-11 12:00:00,3105.22,3131.0,3105.0,3118.22
2026-01-11 16:00:00,3118.22,3147.27,3115.63,3124.36
2026-01-11 20:00:00,3124.36,3126.15,3092.59,3123.45
2026-01-12 00:00:00,3123.46,3171.49,3097.24,3152.55
2026-01-12 04:00:00,3152.56,3166.9,3133.52,3135.34
2026-01-12 08:00:00,3135.33,3147.62,3101.48,3115.43
2026-01-12 12:00:00,3115.43,3133.52,3065.55,3130.17
2026-01-12 16:00:00,3130.17,3146.66,3083.5,3121.83
2026-01-12 20:00:00,3121.82,3127.75,3083.54,3095.75
2026-01-13 00:00:00,3095.75,3119.01,3091.96,3116.14
2026-01-13 04:00:00,3116.14,3146.55,3112.46,3122.01
2026-01-13 08:00:00,3122.0,3148.33,3122.0,3133.95
2026-01-13 12:00:00,3133.95,3188.47,3130.0,3184.41
2026-01-13 16:00:00,3184.41,3218.61,3172.0,3215.9
2026-01-13 20:00:00,3215.91,3367.79,3190.56,3325.82
2026-01-14 00:00:00,3325.83,3357.56,3315.15,3351.95
2026-01-14 04:00:00,3351.94,3364.64,3322.01,3335.78
2026-01-14 08:00:00,3335.78,3342.64,3282.59,3286.22
2026-01-14 12:00:00,3286.22,3362.17,3280.48,3345.81
2026-01-14 16:00:00,3345.81,3402.89,3315.51,3367.42
2026-01-14 20:00:00,3367.42,3392.94,3347.83,3354.92
2026-01-15 00:00:00,3354.92,3355.8,3278.0,3286.55
2026-01-15 04:00:00,3286.56,3335.15,3284.84,3330.0
2026-01-15 08:00:00,3329.99,3378.75,3320.17,3349.96
2026-01-15 12:00:00,3349.96,3384.19,3285.79,3330.65
2026-01-15 16:00:00,3330.66,3337.56,3273.72,3295.48
2026-01-15 20:00:00,3295.47,3323.32,3276.7,3318.69
2026-01-16 00:00:00,3318.7,3326.79,3291.89,3295.21
2026-01-16 04:00:00,3295.22,3316.99,3277.04,3309.41
2026-01-16 08:00:00,3309.42,3319.97,3293.33,3301.94
2026-01-16 12:00:00,3301.94,3318.61,3253.01,3264.18
2026-01-16 16:00:00,3264.17,3288.42,3259.83,3276.94
2026-01-16 20:00:00,3276.94,3299.89,3264.42,3296.28
2026-01-17 00:00:00,3296.28,3297.34,3283.96,3289.32
2026-01-17 04:00:00,3289.33,3294.12,3285.99,3291.57
2026-01-17 08:00:00,3291.56,3305.32,3289.01,3302.72
2026-01-17 12:00:00,3302.72,3330.07,3299.77,3329.95
2026-01-17 16:00:00,3329.95,3330.26,3312.22,3316.36
2026-01-17 20:00:00,3316.36,3320.33,3297.44,3310.56
2026-01-18 00:00:00,3310.56,3319.5,3296.34,3316.16
2026-01-18 04:00:00,3316.15,3318.36,3306.4,3307.3
2026-01-18 08:00:00,3307.3,3326.2,3303.52,3322.0
2026-01-18 12:00:00,3322.0,3347.75,3314.64,3333.99
2026-01-18 16:00:00,3334.0,3368.82,3330.05,3346.56
2026-01-18 20:00:00,3346.56,3356.26,3278.86,3284.03
2026-01-19 00:00:00,3284.04,3284.58,3177.68,3212.29
2026-01-19 04:00:00,3212.28,3218.02,3187.88,3207.47
2026-01-19 08:00:00,3207.47,3231.27,3197.3,3223.91
2026-01-19 12:00:00,3223.91,3236.26,3202.85,3216.21
2026-01-19 16:00:00,3216.2,3227.17,3208.5,3219.95
2026-01-19 20:00:00,3219.95,3225.43,3165.38,3189.55
2026-01-20 00:00:00,3189.56,3200.5,3175.53,3188.67
2026-01-20 04:00:00,3188.68,3189.23,3109.37,3123.37
2026-01-20 08:00:00,3123.37,3123.84,3085.17,3109.88
2026-01-20 12:00:00,3109.88,3115.0,2995.33,3032.99
2026-01-20 16:00:00,3033.0,3042.92,2980.11,2996.49
2026-01-20 20:00:00,2996.49,3007.22,2920.0,2939.88
2026-01-21 00:00:00,2939.88,2984.64,2921.89,2981.76
2026-01-21 04:00:00,2981.75,3002.0,2966.0,2970.6
2026-01-21 08:00:00,2970.6,2974.87,2938.0,2943.0
2026-01-21 12:00:00,2943.0,3026.83,2902.0,3002.69
2026-01-21 16:00:00,3002.69,3069.07,2866.11,3055.56
2026-01-21 20:00:00,3055.55,3057.72,2972.69,2982.27
2026-01-22 00:00:00,2982.28,3038.33,2980.73,3013.41
2026-01-22 04:00:00,3013.41,3027.9,3000.4,3000.94
2026-01-22 08:00:00,3000.94,3016.4,2977.22,2986.8
2026-01-22 12:00:00,2986.8,3010.18,2906.02,2942.01
2026-01-22 16:00:00,2942.02,2972.76,2923.99,2953.94
2026-01-22 20:00:00,2953.94,2959.16,2930.15,2952.69
2026-01-23 00:00:00,2952.7,2972.08,2946.22,2964.42
2026-01-23 04:00:00,2964.42,2984.71,2935.31,2948.49
2026-01-23 08:00:00,2948.58,2951.34,2914.93,2940.68
2026-01-23 12:00:00,2940.68,2965.06,2892.4,2952.75
2026-01-23 16:00:00,2952.66,3019.26,2938.46,2959.8
2026-01-23 20:00:00,2959.79,2963.69,2930.42,2956.41
2026-01-24 00:00:00,2956.41,2970.41,2949.27,2962.72
2026-01-24 04:00:00,2962.72,2966.86,2953.99,2957.34
2026-01-24 08:00:00,2957.34,2964.98,2954.77,2961.18
2026-01-24 12:00:00,2961.17,2968.08,2943.84,2957.25
2026-01-24 16:00:00,2957.25,2968.49,2952.23,2953.93
2026-01-24 20:00:00,2953.94,2964.55,2949.23,2953.22
2026-01-25 00:00:00,2953.23,2960.29,2937.5,2942.6
2026-01-25 04:00:00,2942.59,2949.36,2935.01,2939.57
2026-01-25 08:00:00,2939.58,2948.11,2921.0,2937.54
2026-01-25 12:00:00,2937.54,2945.37,2922.08,2926.81
2026-01-25 16:00:00,2926.82,2927.78,2797.2,2812.96
2026-01-25 20:00:00,2812.96,2825.72,2787.0,2816.89
2026-01-26 00:00:00,2816.9,2898.76,2812.37,2850.68
2026-01-26 04:00:00,2850.69,2911.61,2849.91,2904.32
2026-01-26 08:00:00,2904.32,2934.4,2880.5,2892.15
2026-01-26 12:00:00,2892.15,2951.21,2875.77,2899.32
2026-01-26 16:00:00,2899.32,2936.06,2885.97,2923.12
2026-01-26 20:00:00,2923.11,2945.32,2895.82,2930.35
2026-01-27 00:00:00,2930.35,2948.88,2912.44,2941.18
2026-01-27 04:00:00,2941.17,2957.04,2924.35,2929.11
2026-01-27 08:00:00,2929.11,2932.65,2899.77,2917.02
2026-01-27 12:00:00,2917.03,2943.63,2905.93,2937.45
2026-01-27 16:00:00,2937.46,2998.52,2918.09,2980.48
2026-01-27 20:00:00,2980.48,3035.08,2978.92,3026.77
2026-01-28 00:00:00,3026.77,3029.79,2996.55,3005.18
2026-01-28 04:00:00,3005.18,3018.33,2992.89,3005.07
2026-01-28 08:00:00,3005.07,3045.36,2986.59,3039.72
2026-01-28 12:00:00,3039.71,3045.78,2983.67,3008.25
2026-01-28 16:00:00,3008.25,3031.68,2989.41,3016.6
2026-01-28 20:00:00,3016.6,3038.45,2996.66,3010.78
2026-01-29 00:00:00,3010.78,3013.5,2944.48,2952.52
2026-01-29 04:00:00,2952.52,2965.69,2937.55,2961.54
2026-01-29 08:00:00,2961.54,2969.79,2923.77,2929.29
2026-01-29 12:00:00,2929.29,2939.0,2797.01,2824.32
2026-01-29 16:00:00,2824.31,2860.05,2754.53,2797.53
2026-01-29 20:00:00,2797.53,2827.59,2789.39,2822.59
2026-01-30 00:00:00,2822.6,2828.65,2689.0,2741.11
2026-01-30 04:00:00,2741.12,2774.83,2696.82,2740.16
2026-01-30 08:00:00,2740.17,2768.78,2710.0,2759.88
2026-01-30 12:00:00,2759.87,2766.53,2693.42,2729.47
2026-01-30 16:00:00,2729.46,2761.46,2636.01,2742.4
2026-01-30 20:00:00,2742.39,2742.87,2664.82,2707.38
2026-01-31 00:00:00,2707.37,2714.64,2684.67,2695.86
2026-01-31 04:00:00,2695.86,2704.82,2668.2,2680.06
2026-01-31 08:00:00,2680.06,2683.49,2609.85,2640.72
2026-01-31 12:00:00,2640.72,2644.43,2510.01,2534.2
2026-01-31 16:00:00,2534.2,2551.26,2250.0,2382.82
2026-01-31 20:00:00,2382.83,2473.77,2355.24,2451.95
2026-02-01 00:00:00,2451.96,2475.98,2429.15,2445.46
2026-02-01 04:00:00,2445.46,2454.66,2393.46,2411.22
2026-02-01 08:00:00,2411.22,2438.98,2376.1,2411.86
2026-02-01 12:00:00,2411.86,2412.47,2285.4,2315.39
2026-02-01 16:00:00,2315.47,2377.99,2284.17,2320.35
2026-02-01 20:00:00,2320.35,2349.24,2222.0,2270.15
2026-02-02 00:00:00,2270.16,2324.17,2166.14,2239.02
2026-02-02 04:00:00,2239.01,2268.0,2157.14,2228.93
2026-02-02 08:00:00,2228.93,2319.0,2228.93,2282.32
2026-02-02 12:00:00,2282.32,2396.62,2274.19,2372.71
2026-02-02 16:00:00,2372.71,2387.31,2327.68,2331.54
2026-02-02 20:00:00,2331.52,2355.55,2313.33,2347.02
2026-02-03 00:00:00,2347.01,2359.88,2284.48,2344.03
2026-02-03 04:00:00,2343.99,2354.99,2298.44,2323.12
2026-02-03 08:00:00,2323.13,2332.57,2262.15,2276.68
2026-02-03 12:00:00,2276.68,2317.65,2251.94,2303.2
2026-02-03 16:00:00,2303.21,2303.4,2110.0,2205.28
2026-02-03 20:00:00,2205.27,2343.82,2188.25,2233.72
2026-02-04 00:00:00,2233.72,2295.74,2223.88,2283.37
2026-02-04 04:00:00,2283.37,2293.99,2256.0,2283.85
2026-02-04 08:00:00,2283.84,2285.9,2221.47,2254.86
2026-02-04 12:00:00,2254.86,2263.3,2136.6,2151.83
2026-02-04 16:00:00,2151.84,2194.71,2076.68,2188.27
2026-02-04 20:00:00,2188.26,2192.7,2088.01,2148.26
2026-02-05 00:00:00,2148.25,2173.77,2097.94,2110.0
2026-02-05 04:00:00,2110.0,2125.26,2068.2,2091.4
2026-02-05 08:00:00,2091.5,2149.75,2061.96,2079.98
2026-02-05 12:00:00,2079.98,2106.51,1927.33,1961.12
2026-02-05 16:00:00,1961.12,2018.33,1913.76,1928.76
2026-02-05 20:00:00,1928.78,1943.06,1818.18,1826.83
2026-02-06 00:00:00,1826.83,1947.84,1747.8,1891.82
2026-02-06 04:00:00,1891.81,1975.75,1885.95,1899.42
2026-02-06 08:00:00,1899.41,1939.35,1866.13,1932.68
2026-02-06 12:00:00,1932.67,2002.18,1914.88,1980.81
2026-02-06 16:00:00,1980.8,2090.13,1970.17,2065.63
2026-02-06 20:00:00,2065.63,2093.94,2039.93,2063.38
2026-02-07 00:00:00,2063.37,2086.0,2032.6,2080.81
2026-02-07 04:00:00,2080.8,2119.46,1994.57,2027.1
2026-02-07 08:00:00,2027.1,2032.6,1999.57,2018.77
2026-02-07 12:00:00,2018.77,2075.21,2009.82,2052.54
2026-02-07 16:00:00,2052.55,2121.7,2009.54,2091.29
2026-02-07 20:00:00,2091.29,2115.0,2073.0,2087.08
2026-02-08 00:00:00,2087.08,2107.44,2076.86,2078.77
2026-02-08 04:00:00,2078.78,2090.01,2064.1,2084.41
2026-02-08 08:00:00,2084.41,2137.57,2078.04,2132.35
2026-02-08 12:00:00,2132.36,2145.26,2097.57,2108.64
2026-02-08 16:00:00,2108.63,2129.73,2072.8,2126.77
2026-02-08 20:00:00,2126.79,2152.03,2071.6,2089.74
2026-02-09 00:00:00,2089.73,2103.02,2055.01,2100.25
2026-02-09 04:00:00,2100.25,2102.03,2064.67,2065.74
2026-02-09 08:00:00,2065.74,2070.21,2013.25,2028.23
2026-02-09 12:00:00,2028.26,2073.47,2008.62,2061.61
2026-02-09 16:00:00,2061.61,2143.0,2047.78,2131.34
2026-02-09 20:00:00,2131.34,2147.73,2089.0,2105.02
2026-02-10 00:00:00,2105.02,2124.71,2052.14,2064.96
2026-02-10 04:00:00,2064.96,2074.35,1997.59,2007.47
2026-02-10 08:00:00,2007.47,2029.98,1995.83,2003.21
2026-02-10 12:00:00,2003.2,2040.01,1989.38,2022.66
2026-02-10 16:00:00,2022.67,2046.94,1996.18,2017.95
2026-02-10 20:00:00,2017.95,2022.85,1997.0,2022.67
2026-02-11 00:00:00,2022.67,2032.31,1998.0,2009.59
2026-02-11 04:00:00,2009.59,2011.23,1939.21,1950.89
2026-02-11 08:00:00,1950.9,1956.52,1932.02,1953.66
2026-02-11 12:00:00,1953.65,2015.81,1903.19,1929.46
2026-02-11 16:00:00,1929.46,1959.8,1908.8,1952.28
2026-02-11 20:00:00,1952.27,1988.07,1932.44,1941.18
2026-02-12 00:00:00,1941.19,1977.75,1941.19,1968.69
2026-02-12 04:00:00,1968.7,1983.0,1953.14,1968.07
2026-02-12 08:00:00,1968.07,2001.42,1957.25,1989.02
2026-02-12 12:00:00,1989.02,1996.3,1945.01,1948.47
2026-02-12 16:00:00,1948.48,1950.16,1897.24,1925.44
2026-02-12 20:00:00,1925.45,1952.61,1909.66,1947.85
2026-02-13 00:00:00,1947.85,1958.21,1927.63,1953.55
2026-02-13 04:00:00,1953.56,1955.8,1924.72,1935.75
2026-02-13 08:00:00,1935.75,1969.26,1933.65,1960.04
2026-02-13 12:00:00,1960.05,2050.58,1952.6,2034.93
2026-02-13 16:00:00,2034.92,2073.68,2031.42,2057.75
2026-02-13 20:00:00,2057.74,2059.65,2038.69,2048.72
2026-02-14 00:00:00,2048.72,2057.57,2042.37,2054.37
2026-02-14 04:00:00,2054.39,2060.49,2048.5,2057.21
2026-02-14 08:00:00,2057.2,2107.67,2057.04,2099.58
2026-02-14 12:00:00,2099.58,2100.39,2064.58,2087.43
2026-02-14 16:00:00,2087.42,2090.51,2067.27,2088.52
2026-02-14 20:00:00,2088.52,2098.89,2078.63,2086.59
2026-02-15 00:00:00,2086.59,2090.5,2030.9,2058.94
2026-02-15 04:00:00,2058.94,2103.32,2058.94,2091.41
2026-02-15 08:00:00,2091.41,2096.82,2054.36,2061.96
2026-02-15 12:00:00,2061.96,2068.63,1993.3,2011.29
2026-02-15 16:00:00,2011.29,2011.3,1928.88,1942.23
2026-02-15 20:00:00,1942.22,1974.51,1933.77,1966.58
2026-02-16 00:00:00,1966.59,1981.2,1948.76,1958.78
2026-02-16 04:00:00,1958.78,1978.64,1952.91,1971.13
2026-02-16 08:00:00,1971.14,1993.35,1957.12,1976.15
2026-02-16 12:00:00,1976.16,2023.51,1937.24,1956.65
2026-02-16 16:00:00,1956.65,1988.4,1956.31,1974.04
2026-02-16 20:00:00,1974.04,2004.02,1971.1,1998.33
2026-02-17 00:00:00,1998.34,2008.58,1979.7,1985.7
2026-02-17 04:00:00,1985.69,1998.48,1964.72,1985.91
2026-02-17 08:00:00,1985.91,1990.88,1961.71,1968.47
2026-02-17 12:00:00,1968.47,2002.7,1941.66,1968.58
2026-02-17 16:00:00,1968.59,2015.33,1954.03,1998.14
2026-02-17 20:00:00,1998.15,2004.0,1987.57,1991.66
2026-02-18 00:00:00,1991.67,2000.56,1968.68,1997.07
2026-02-18 04:00:00,1997.08,2023.52,1993.35,2018.07
2026-02-18 08:00:00,2018.06,2039.05,1976.57,1981.43
2026-02-18 12:00:00,1981.44,2010.3,1954.3,1985.48
2026-02-18 16:00:00,1985.48,1987.89,1923.78,1941.03
2026-02-18 20:00:00,1941.04,1956.79,1935.82,1955.91
2026-02-19 00:00:00,1955.9,1974.73,1950.5,1972.33
2026-02-19 04:00:00,1972.32,1987.55,1964.2,1981.76
2026-02-19 08:00:00,1981.76,1982.54,1948.16,1949.58
2026-02-19 12:00:00,1949.59,1956.18,1911.49,1926.3
2026-02-19 16:00:00,1926.29,1947.52,1907.0,1941.34
2026-02-19 20:00:00,1941.33,1952.57,1934.79,1949.08
2026-02-20 00:00:00,1949.08,1964.54,1947.41,1954.85
2026-02-20 04:00:00,1954.85,1968.55,1931.01,1960.97
2026-02-20 08:00:00,1960.93,1973.86,1940.58,1943.98
2026-02-20 12:00:00,1943.99,1980.49,1922.97,1963.95
2026-02-20 16:00:00,1963.96,1981.18,1939.21,1963.69
2026-02-20 20:00:00,1963.69,1975.27,1961.6,1968.88
2026-02-21 00:00:00,1968.88,1970.7,1955.62,1959.03
2026-02-21 04:00:00,1959.03,1966.09,1956.21,1962.71
2026-02-21 08:00:00,1962.7,1988.6,1962.0,1977.02
2026-02-21 12:00:00,1977.02,1995.56,1969.49,1988.13
2026-02-21 16:00:00,1988.13,1995.31,1976.41,1988.35
2026-02-21 20:00:00,1988.34,1990.41,1970.0,1973.35
2026-02-22 00:00:00,1973.35,1982.99,1967.4,1974.71
2026-02-22 04:00:00,1974.71,1979.54,1970.2,1975.88
2026-02-22 08:00:00,1975.87,1983.13,1970.58,1980.78
2026-02-22 12:00:00,1980.79,1981.6,1943.53,1953.98
2026-02-22 16:00:00,1953.99,1955.56,1935.0,1943.74
2026-02-22 20:00:00,1943.73,1960.95,1939.81,1957.82
2026-02-23 00:00:00,1957.82,1958.33,1847.46,1862.87
2026-02-23 04:00:00,1862.88,1888.71,1853.34,1885.5
2026-02-23 08:00:00,1885.5,1928.19,1877.23,1915.3
2026-02-23 12:00:00,1915.29,1935.52,1892.68,1895.65
2026-02-23 16:00:00,1895.65,1900.18,1837.13,1857.19
2026-02-23 20:00:00,1857.19,1870.0,1846.8,1856.3
2026-02-24 00:00:00,1856.3,1869.58,1811.81,1832.03
2026-02-24 04:00:00,1832.03,1840.79,1813.77,1825.7
2026-02-24 08:00:00,1825.7,1836.18,1815.22,1826.75
2026-02-24 12:00:00,1826.75,1850.29,1800.0,1847.59
2026-02-24 16:00:00,1847.59,1865.38,1838.36,1852.46
2026-02-24 20:00:00,1852.47,1864.11,1845.41,1851.94
2026-02-25 00:00:00,1851.95,1944.86,1846.74,1906.14
2026-02-25 04:00:00,1906.14,1914.35,1878.02,1893.31
2026-02-25 08:00:00,1893.32,1928.45,1890.27,1926.48
2026-02-25 12:00:00,1926.48,2028.7,1922.28,2013.73
2026-02-25 16:00:00,2013.69,2086.17,2013.36,2071.1
2026-02-25 20:00:00,2071.1,2148.39,2034.39,2057.48
2026-02-26 00:00:00,2057.48,2076.6,2039.37,2054.55
2026-02-26 04:00:00,2054.55,2082.81,2051.55,2053.37
2026-02-26 08:00:00,2053.36,2083.33,2044.36,2057.66
2026-02-26 12:00:00,2057.65,2077.81,2011.56,2033.34
2026-02-26 16:00:00,2033.34,2037.78,1975.35,2030.14
2026-02-26 20:00:00,2030.13,2042.75,2018.33,2027.68
2026-02-27 00:00:00,2027.68,2049.48,2000.02,2045.39
2026-02-27 04:00:00,2045.39,2063.52,2022.16,2032.69
2026-02-27 08:00:00,2032.69,2045.93,1953.37,1962.08
2026-02-27 12:00:00,1962.08,1969.0,1938.82,1948.59
2026-02-27 16:00:00,1948.59,1948.86,1907.48,1921.1
2026-02-27 20:00:00,1921.11,1933.64,1887.0,1929.84
2026-02-28 00:00:00,1929.84,1937.17,1919.8,1924.49
2026-02-28 04:00:00,1924.49,1931.62,1835.36,1866.73
2026-02-28 08:00:00,1866.73,1881.0,1845.05,1863.31
2026-02-28 12:00:00,1863.32,1915.95,1862.47,1898.88
2026-02-28 16:00:00,1898.87,1955.04,1886.02,1947.02
2026-02-28 20:00:00,1947.03,1984.99,1938.76,1964.51
2026-03-01 00:00:00,1964.51,2054.8,1943.58,2023.29
2026-03-01 04:00:00,2023.29,2030.3,1989.0,2007.24
2026-03-01 08:00:00,2007.23,2010.18,1972.24,1983.32
2026-03-01 12:00:00,1983.32,2028.0,1968.6,1993.38
2026-03-01 16:00:00,1993.38,2009.38,1946.55,1953.9
2026-03-01 20:00:00,1953.89,1971.01,1907.41,1939.71
2026-03-02 00:00:00,1939.71,1989.23,1937.42,1972.3
2026-03-02 04:00:00,1972.3,1983.6,1925.53,1941.66
2026-03-02 08:00:00,1941.65,1967.13,1920.0,1947.81
2026-03-02 12:00:00,1947.8,2065.48,1921.7,2047.33
2026-03-02 16:00:00,2047.33,2090.0,2017.15,2043.57
2026-03-02 20:00:00,2043.56,2058.59,2024.32,2027.35
2026-03-03 00:00:00,2027.34,2041.48,1998.0,2008.88
2026-03-03 04:00:00,2008.88,2019.4,1987.5,1996.33
2026-03-03 08:00:00,1996.32,2000.53,1939.1,1961.28
2026-03-03 12:00:00,1961.28,1990.07,1929.56,1969.22
2026-03-03 16:00:00,1969.21,2014.12,1958.76,1986.02
2026-03-03 20:00:00,1986.03,2001.63,1959.35,1982.8
2026-03-04 00:00:00,1982.81,1998.66,1945.08,1960.9
2026-03-04 04:00:00,1960.89,2010.0,1950.65,2006.55
2026-03-04 08:00:00,2006.55,2092.9,2000.47,2054.97
2026-03-04 12:00:00,2054.97,2157.67,2036.37,2150.23
2026-03-04 16:00:00,2150.23,2199.0,2129.13,2177.51
2026-03-04 20:00:00,2177.51,2179.66,2116.67,2127.28
2026-03-05 00:00:00,2127.28,2141.93,2107.5,2120.15
2026-03-05 04:00:00,2120.15,2144.2,2095.71,2104.96
2026-03-05 08:00:00,2104.96,2163.66,2093.63,2137.92
2026-03-05 12:00:00,2137.92,2142.95,2067.54,2086.96
2026-03-05 16:00:00,2086.95,2093.7,2054.75,2074.36
2026-03-05 20:00:00,2074.37,2099.36,2069.72,2072.86
2026-03-06 00:00:00,2072.86,2093.33,2061.79,2083.8
2026-03-06 04:00:00,2083.81,2087.66,2058.84,2082.83
2026-03-06 08:00:00,2082.83,2082.83,2045.79,2051.03
2026-03-06 12:00:00,2051.03,2062.12,1966.24,1978.01
2026-03-06 16:00:00,1978.0,1993.3,1955.95,1983.75
2026-03-06 20:00:00,1983.75,1989.91,1969.26,1978.68
2026-03-07 00:00:00,1978.68,1996.04,1971.79,1980.21
2026-03-07 04:00:00,1980.22,1984.19,1964.34,1982.94
2026-03-07 08:00:00,1982.94,1994.98,1975.38,1988.91
2026-03-07 12:00:00,1988.92,1990.95,1970.47,1981.04
2026-03-07 16:00:00,1981.03,1983.47,1948.09,1955.2
2026-03-07 20:00:00,1955.2,1974.27,1954.89,1969.59
2026-03-08 00:00:00,1969.6,1977.35,1935.73,1947.67
2026-03-08 04:00:00,1947.67,1960.41,1930.0,1955.23
2026-03-08 08:00:00,1955.22,1979.8,1944.85,1951.38
2026-03-08 12:00:00,1951.39,1954.67,1925.06,1943.32
2026-03-08 16:00:00,1943.32,1970.58,1928.08,1964.91
2026-03-08 20:00:00,1964.91,1971.95,1916.14,1937.1
2026-03-09 00:00:00,1937.11,2006.01,1929.65,1977.48
2026-03-09 04:00:00,1977.48,2014.26,1963.45,1983.9
2026-03-09 08:00:00,1983.91,2022.0,1978.92,1992.2
2026-03-09 12:00:00,1992.2,2032.84,1992.2,2022.63
2026-03-09 16:00:00,2022.64,2053.52,2005.76,2033.91
2026-03-09 20:00:00,2033.91,2037.3,1989.12,1992.98
2026-03-10 00:00:00,1992.97,2054.19,1991.0,2026.8
2026-03-10 04:00:00,2026.8,2059.69,2026.36,2051.0
2026-03-10 08:00:00,2051.0,2074.0,2051.0,2061.69
2026-03-10 12:00:00,2061.7,2085.73,2008.65,2079.35
2026-03-10 16:00:00,2079.34,2088.19,2027.16,2037.02
2026-03-10 20:00:00,2037.02,2048.31,2018.0,2036.51
2026-03-11 00:00:00,2036.5,2041.71,2018.13,2021.17
2026-03-11 04:00:00,2021.17,2041.49,2007.17,2012.54
2026-03-11 08:00:00,2012.54,2033.96,2009.48,2017.8
2026-03-11 12:00:00,2017.8,2082.66,2012.81,2049.73
2026-03-11 16:00:00,2049.75,2085.58,2046.46,2076.06
2026-03-11 20:00:00,2076.05,2084.53,2045.2,2051.97
2026-03-12 00:00:00,2051.97,2058.16,2017.59,2023.38
2026-03-12 04:00:00,2023.39,2042.26,2019.33,2040.7
2026-03-12 08:00:00,2040.69,2076.65,2038.42,2062.83
2026-03-12 12:00:00,2062.83,2095.0,2037.79,2072.33
2026-03-12 16:00:00,2072.33,2078.09,2045.42,2069.59
2026-03-12 20:00:00,2069.6,2093.45,2054.99,2073.52
2026-03-13 00:00:00,2073.51,2148.8,2070.12,2118.85
2026-03-13 04:00:00,2118.86,2120.06,2090.0,2099.38
2026-03-13 08:00:00,2099.38,2133.3,2091.45,2121.02
2026-03-13 12:00:00,2121.02,2209.03,2120.52,2128.01
2026-03-13 16:00:00,2128.01,2143.33,2090.28,2102.48
2026-03-13 20:00:00,2102.48,2116.66,2078.5,2092.22
2026-03-14 00:00:00,2092.21,2103.42,2081.39,2101.16
2026-03-14 04:00:00,2101.15,2106.09,2068.28,2077.46
2026-03-14 08:00:00,2077.46,2081.64,2061.6,2073.67
2026-03-14 12:00:00,2073.67,2080.65,2069.8,2074.72
2026-03-14 16:00:00,2074.72,2079.47,2069.19,2077.49
2026-03-14 20:00:00,2077.5,2099.69,2076.2,2096.16
2026-03-15 00:00:00,2096.16,2107.91,2083.35,2096.15
2026-03-15 04:00:00,2096.15,2115.95,2096.13,2105.64
2026-03-15 08:00:00,2105.64,2123.44,2105.64,2119.63
2026-03-15 12:00:00,2119.63,2119.83,2086.34,2093.79
2026-03-15 16:00:00,2093.79,2117.86,2088.84,2113.49
2026-03-15 20:00:00,2113.49,2202.87,2110.0,2178.3
2026-03-16 00:00:00,2178.29,2253.48,2164.73,2235.67
2026-03-16 04:00:00,2235.67,2288.63,2235.67,2248.95
2026-03-16 08:00:00,2248.95,2280.0,2234.92,2269.94
2026-03-16 12:00:00,2269.94,2308.54,2255.04,2273.88
2026-03-16 16:00:00,2273.88,2348.06,2270.0,2330.92
2026-03-16 20:00:00,2330.92,2386.02,2323.68,2352.97
2026-03-17 00:00:00,2352.97,2376.66,2308.03,2320.0
2026-03-17 04:00:00,2320.01,2337.86,2294.15,2327.7
2026-03-17 08:00:00,2327.71,2335.35,2304.0,2326.82
2026-03-17 12:00:00,2326.81,2357.73,2304.27,2315.98
2026-03-17 16:00:00,2315.98,2342.7,2312.44,2320.22
2026-03-17 20:00:00,2320.22,2344.69,2316.78,2317.39
2026-03-18 00:00:00,2317.38,2350.0,2307.0,2340.61
2026-03-18 04:00:00,2340.61,2342.0,2311.53,2317.74
2026-03-18 08:00:00,2317.73,2333.62,2263.43,2269.34
2026-03-18 12:00:00,2269.33,2270.5,2168.97,2187.66
2026-03-18 16:00:00,2187.67,2220.0,2166.87,2185.85
2026-03-18 20:00:00,2185.85,2206.88,2153.21,2203.39
2026-03-19 00:00:00,2203.39,2233.72,2187.24,2212.29
2026-03-19 04:00:00,2212.29,2213.11,2143.14,2166.68
2026-03-19 08:00:00,2166.68,2192.07,2158.09,2166.92
2026-03-19 12:00:00,2166.92,2167.48,2099.38,2118.81
2026-03-19 16:00:00,2118.81,2156.92,2104.87,2141.19
2026-03-19 20:00:00,2141.18,2155.62,2130.57,2137.81
2026-03-20 00:00:00,2137.82,2160.78,2132.69,2151.38
2026-03-20 04:00:00,2151.38,2159.24,2121.25,2150.54
2026-03-20 08:00:00,2150.53,2176.84,2131.56,2141.5
2026-03-20 12:00:00,2141.49,2152.74,2116.88,2134.01
2026-03-20 16:00:00,2134.0,2144.76,2117.41,2132.91
2026-03-20 20:00:00,2132.91,2168.0,2123.96,2146.22
2026-03-21 00:00:00,2146.21,2159.87,2144.24,2153.6
2026-03-21 04:00:00,2153.59,2161.34,2150.36,2155.67
2026-03-21 08:00:00,2155.67,2159.52,2149.57,2157.37
2026-03-21 12:00:00,2157.37,2168.27,2146.45,2155.12
2026-03-21 16:00:00,2155.13,2155.64,2142.01,2152.16
2026-03-21 20:00:00,2152.17,2157.0,2070.78,2084.87
2026-03-22 00:00:00,2084.86,2127.21,2050.12,2113.83
2026-03-22 04:00:00,2113.83,2122.94,2092.35,2093.38
2026-03-22 08:00:00,2093.4,2096.82,2066.97,2069.98
2026-03-22 12:00:00,2069.97,2092.63,2068.37,2083.1
2026-03-22 16:00:00,2083.1,2084.45,2054.35,2063.21
2026-03-22 20:00:00,2063.22,2074.16,2026.0,2053.89
2026-03-23 00:00:00,2053.9,2072.33,2035.69,2052.54
2026-03-23 04:00:00,2052.53,2072.11,2023.04,2044.72
2026-03-23 08:00:00,2044.73,2198.57,2028.2,2134.78
2026-03-23 12:00:00,2134.78,2192.44,2107.43,2128.45
2026-03-23 16:00:00,2128.46,2178.74,2117.77,2154.46
2026-03-23 20:00:00,2154.45,2166.81,2140.71,2152.03
2026-03-24 00:00:00,2152.03,2156.22,2124.26,2141.59
2026-03-24 04:00:00,2141.59,2170.65,2128.84,2165.61
2026-03-24 08:00:00,2165.61,2175.16,2147.36,2165.9
2026-03-24 12:00:00,2165.89,2170.52,2120.0,2135.15
2026-03-24 16:00:00,2135.15,2140.57,2103.02,2116.87
2026-03-24 20:00:00,2116.86,2163.7,2115.63,2156.23
2026-03-25 00:00:00,2156.22,2168.63,2146.35,2158.54
2026-03-25 04:00:00,2158.53,2179.73,2156.83,2164.57
2026-03-25 08:00:00,2164.57,2199.02,2164.57,2186.41
2026-03-25 12:00:00,2186.41,2198.16,2147.67,2162.56
2026-03-25 16:00:00,2162.56,2186.85,2155.93,2172.69
2026-03-25 20:00:00,2172.68,2183.5,2159.42,2169.02
2026-03-26 00:00:00,2169.02,2172.19,2144.05,2153.21
2026-03-26 04:00:00,2153.22,2154.58,2112.17,2123.64
2026-03-26 08:00:00,2123.64,2126.89,2062.94,2068.44
2026-03-26 12:00:00,2068.45,2093.79,2052.01,2070.4
2026-03-26 16:00:00,2070.4,2070.95,2034.54,2049.12
2026-03-26 20:00:00,2049.11,2080.42,2046.54,2060.43
2026-03-27 00:00:00,2060.43,2077.19,2056.8,2061.48
2026-03-27 04:00:00,2061.49,2072.36,2043.49,2066.23
2026-03-27 08:00:00,2066.24,2069.6,1983.02,1991.8
2026-03-27 12:00:00,1991.8,2010.45,1970.93,1991.32
2026-03-27 16:00:00,1991.32,1997.73,1974.48,1991.71
2026-03-27 20:00:00,1991.7,1996.31,1980.0,1992.75
2026-03-28 00:00:00,1992.76,1995.16,1983.17,1989.19
2026-03-28 04:00:00,1989.19,2008.35,1987.3,2007.07
2026-03-28 08:00:00,2007.07,2008.34,1992.77,1997.64
2026-03-28 12:00:00,1997.64,2047.45,1992.25,2026.84
2026-03-28 16:00:00,2026.84,2030.23,2016.5,2020.56
2026-03-28 20:00:00,2020.57,2026.48,1989.64,1994.74
2026-03-29 00:00:00,1994.74,2019.65,1991.52,2011.1
2026-03-29 04:00:00,2011.1,2012.72,1997.67,2006.14
2026-03-29 08:00:00,2006.14,2008.16,1991.9,2003.78
2026-03-29 12:00:00,2003.78,2004.9,1983.56,1992.97
2026-03-29 16:00:00,1992.98,2003.61,1987.6,1995.89
2026-03-29 20:00:00,1995.89,2009.48,1938.82,1984.64
2026-03-30 00:00:00,1984.65,2043.5,1980.28,2035.88
2026-03-30 04:00:00,2035.88,2068.28,2035.88,2059.58
2026-03-30 08:00:00,2059.58,2081.65,2048.14,2071.28
2026-03-30 12:00:00,2071.29,2085.0,2044.25,2074.53
2026-03-30 16:00:00,2074.53,2074.99,2013.33,2023.7
2026-03-30 20:00:00,2023.7,2049.1,2013.92,2026.48
2026-03-31 00:00:00,2026.48,2092.34,2016.29,2066.71
2026-03-31 04:00:00,2066.71,2072.24,2042.31,2055.97
2026-03-31 08:00:00,2055.98,2059.2,2012.64,2041.2
2026-03-31 12:00:00,2041.21,2092.0,2035.02,2054.85
2026-03-31 16:00:00,2054.85,2124.03,2054.29,2096.54
2026-03-31 20:00:00,2096.54,2111.01,2088.35,2105.43
2026-04-01 00:00:00,2105.43,2117.79,2082.08,2102.91
2026-04-01 04:00:00,2102.91,2158.0,2100.35,2131.0
2026-04-01 08:00:00,2131.0,2142.93,2125.0,2135.32
2026-04-01 12:00:00,2135.32,2152.0,2108.72,2135.04
2026-04-01 16:00:00,2135.04,2167.85,2123.58,2141.43
2026-04-01 20:00:00,2141.43,2165.42,2130.7,2140.35
2026-04-02 00:00:00,2140.35,2159.37,2046.48,2056.33
2026-04-02 04:00:00,2056.33,2058.45,2038.63,2056.09
2026-04-02 08:00:00,2056.09,2056.09,2024.73,2033.01
2026-04-02 12:00:00,2033.02,2072.22,2017.04,2059.6
2026-04-02 16:00:00,2059.59,2077.64,2043.65,2065.34
2026-04-02 20:00:00,2065.35,2074.16,2053.54,2057.17
2026-04-03 00:00:00,2057.18,2062.49,2040.66,2054.23
2026-04-03 04:00:00,2054.22,2075.17,2047.35,2065.85
2026-04-03 08:00:00,2065.84,2072.0,2053.46,2062.64
2026-04-03 12:00:00,2062.64,2081.76,2041.65,2051.26
2026-04-03 16:00:00,2051.26,2056.54,2043.78,2052.68
2026-04-03 20:00:00,2052.69,2060.92,2049.23,2053.83
2026-04-04 00:00:00,2053.83,2053.86,2047.92,2050.05
2026-04-04 04:00:00,2050.05,2058.0,2048.41,2053.82
2026-04-04 08:00:00,2053.82,2055.44,2047.89,2051.84
2026-04-04 12:00:00,2051.84,2062.02,2044.63,2056.29
2026-04-04 16:00:00,2056.29,2084.0,2053.07,2064.71
2026-04-04 20:00:00,2064.71,2072.15,2059.6,2065.52
2026-04-05 00:00:00,2065.51,2065.63,2054.15,2056.64
2026-04-05 04:00:00,2056.64,2058.09,2027.75,2037.29
2026-04-05 08:00:00,2037.29,2052.53,2035.91,2042.32
2026-04-05 12:00:00,2042.31,2069.89,2021.5,2053.85
2026-04-05 16:00:00,2053.85,2069.95,2048.69,2062.37
2026-04-05 20:00:00,2062.38,2123.49,2050.0,2110.17
2026-04-06 00:00:00,2110.17,2147.24,2110.17,2129.35
2026-04-06 04:00:00,2129.35,2141.0,2120.04,2134.9
2026-04-06 08:00:00,2134.91,2174.79,2133.42,2151.53
2026-04-06 12:00:00,2151.53,2169.6,2137.76,2164.65
2026-04-06 16:00:00,2164.65,2168.72,2123.6,2144.25
2026-04-06 20:00:00,2144.25,2155.06,2087.5,2107.16
2026-04-07 00:00:00,2107.16,2120.14,2093.64,2108.37
2026-04-07 04:00:00,2108.37,2119.21,2096.69,2104.04
2026-04-07 08:00:00,2104.03,2133.83,2082.35,2089.58
2026-04-07 12:00:00,2089.58,2093.17,2060.24,2080.06
2026-04-07 16:00:00,2080.07,2116.65,2077.52,2113.39
2026-04-07 20:00:00,2113.39,2273.87,2110.68,2240.01
2026-04-08 00:00:00,2240.01,2251.39,2228.24,2234.68
2026-04-08 04:00:00,2234.68,2260.76,2234.68,2253.76
2026-04-08 08:00:00,2253.76,2263.35,2237.12,2247.23
2026-04-08 12:00:00,2247.23,2270.55,2186.61,2215.45
2026-04-08 16:00:00,2215.44,2239.5,2197.7,2211.04
2026-04-08 20:00:00,2211.03,2222.55,2179.78,2190.0
2026-04-09 00:00:00,2190.0,2193.79,2162.0,2182.49
2026-04-09 04:00:00,2182.49,2188.99,2175.6,2181.14
2026-04-09 08:00:00,2181.14,2197.7,2176.37,2180.26
2026-04-09 12:00:00,2180.26,2225.0,2157.31,2217.99
2026-04-09 16:00:00,2218.0,2229.4,2193.0,2216.42
2026-04-09 20:00:00,2216.42,2246.0,2183.33,2190.2
2026-04-10 00:00:00,2190.17,2204.1,2176.1,2186.06
2026-04-10 04:00:00,2186.05,2203.11,2176.4,2179.28
2026-04-10 08:00:00,2179.27,2224.28,2177.13,2215.65
2026-04-10 12:00:00,2215.66,2257.99,2208.18,2224.27
2026-04-10 16:00:00,2224.28,2256.0,2221.46,2253.17
2026-04-10 20:00:00,2253.17,2257.14,2235.41,2245.05
2026-04-11 00:00:00,2245.06,2252.15,2234.81,2237.17
2026-04-11 04:00:00,2237.18,2242.93,2229.0,2232.6
2026-04-11 08:00:00,2232.6,2249.31,2232.14,2246.11
2026-04-11 12:00:00,2246.12,2256.11,2233.72,2249.54
2026-04-11 16:00:00,2249.54,2329.93,2246.53,2315.96
2026-04-11 20:00:00,2315.96,2317.14,2276.47,2284.99
2026-04-12 00:00:00,2285.0,2288.57,2207.06,2213.71
2026-04-12 04:00:00,2213.7,2220.87,2208.32,2218.02
2026-04-12 08:00:00,2218.02,2219.04,2194.32,2204.62
2026-04-12 12:00:00,2204.62,2208.22,2175.0,2186.47
2026-04-12 16:00:00,2186.47,2207.23,2183.09,2198.27
2026-04-12 20:00:00,2198.27,2218.13,2183.99,2191.65
2026-04-13 00:00:00,2191.64,2209.05,2187.2,2194.36
2026-04-13 04:00:00,2194.36,2201.45,2182.22,2186.56
2026-04-13 08:00:00,2186.57,2195.34,2179.0,2187.33
2026-04-13 12:00:00,2187.33,2236.43,2175.68,2209.28
2026-04-13 16:00:00,2209.28,2268.88,2200.0,2262.33
2026-04-13 20:00:00,2262.33,2394.71,2247.5,2369.46
2026-04-14 00:00:00,2369.46,2378.06,2354.6,2365.5
2026-04-14 04:00:00,2365.5,2389.99,2354.76,2377.91
2026-04-14 08:00:00,2377.92,2396.03,2367.61,2374.53
2026-04-14 12:00:00,2374.54,2415.5,2332.72,2364.63
2026-04-14 16:00:00,2364.62,2371.48,2302.9,2313.32
2026-04-14 20:00:00,2313.32,2332.35,2308.53,2322.44
2026-04-15 00:00:00,2322.44,2342.76,2317.56,2328.81
2026-04-15 04:00:00,2328.82,2338.23,2308.5,2316.62
2026-04-15 08:00:00,2316.62,2339.42,2312.15,2337.43
2026-04-15 12:00:00,2337.42,2349.46,2317.54,2332.04
2026-04-15 16:00:00,2332.03,2385.61,2329.1,2375.05
2026-04-15 20:00:00,2375.05,2380.45,2348.58,2359.95
2026-04-16 00:00:00,2359.94,2369.59,2345.04,2357.86
2026-04-16 04:00:00,2357.85,2364.0,2335.72,2341.52
2026-04-16 08:00:00,2341.52,2348.4,2328.64,2335.67
2026-04-16 12:00:00,2335.68,2351.8,2285.1,2339.01
2026-04-16 16:00:00,2339.01,2361.96,2309.96,2359.7
2026-04-16 20:00:00,2359.69,2364.68,2336.25,2348.17
2026-04-17 00:00:00,2348.16,2350.9,2323.83,2325.52
2026-04-17 04:00:00,2325.53,2342.02,2317.43,2334.16
2026-04-17 08:00:00,2334.15,2377.0,2332.98,2354.99
2026-04-17 12:00:00,2355.0,2456.93,2349.4,2441.96
2026-04-17 16:00:00,2441.96,2464.91,2415.41,2427.92
2026-04-17 20:00:00,2427.92,2444.34,2415.47,2419.0
2026-04-18 00:00:00,2419.0,2427.64,2399.54,2405.04
2026-04-18 04:00:00,2405.03,2413.54,2399.52,2403.71
2026-04-18 08:00:00,2403.71,2404.85,2343.44,2352.96
2026-04-18 12:00:00,2352.96,2369.66,2345.25,2363.64
2026-04-18 16:00:00,2363.64,2375.14,2339.92,2348.59
2026-04-18 20:00:00,2348.59,2359.5,2344.96,2350.32
2026-04-19 00:00:00,2350.33,2355.3,2332.1,2339.77
2026-04-19 04:00:00,2339.77,2346.11,2300.0,2316.03
2026-04-19 08:00:00,2316.03,2331.13,2306.42,2329.38
2026-04-19 12:00:00,2329.38,2350.24,2315.29,2330.8
2026-04-19 16:00:00,2330.8,2331.34,2287.62,2299.65
2026-04-19 20:00:00,2299.66,2300.0,2252.72,2263.27
2026-04-20 00:00:00,2263.28,2294.3,2259.67,2286.56
2026-04-20 04:00:00,2286.55,2332.88,2263.18,2298.8
2026-04-20 08:00:00,2298.81,2320.0,2289.82,2308.42
2026-04-20 12:00:00,2308.42,2326.36,2278.38,2313.91
2026-04-20 16:00:00,2313.92,2344.19,2297.97,2331.78
2026-04-20 20:00:00,2331.78,2346.78,2307.74,2313.85
2026-04-21 00:00:00,2313.84,2326.64,2300.01,2311.62
2026-04-21 04:00:00,2311.62,2327.05,2304.06,2318.48
2026-04-21 08:00:00,2318.48,2338.75,2314.0,2320.45
2026-04-21 12:00:00,2320.45,2327.5,2290.35,2310.24
2026-04-21 16:00:00,2310.25,2332.0,2284.19,2298.41
2026-04-21 20:00:00,2298.42,2329.47,2296.04,2327.14
2026-04-22 00:00:00,2327.15,2379.66,2312.95,2363.62
2026-04-22 04:00:00,2363.63,2413.83,2358.41,2389.97
2026-04-22 08:00:00,2389.98,2400.78,2383.0,2398.44
2026-04-22 12:00:00,2398.44,2423.75,2390.9,2403.83
2026-04-22 16:00:00,2403.84,2413.75,2384.17,2397.79
2026-04-22 20:00:00,2397.8,2406.11,2373.95,2374.07
2026-04-23 00:00:00,2374.08,2382.0,2331.5,2340.81
2026-04-23 04:00:00,2340.82,2358.93,2337.12,2344.43
2026-04-23 08:00:00,2344.43,2345.0,2305.61,2328.97
2026-04-23 12:00:00,2328.96,2343.58,2315.23,2333.26
2026-04-23 16:00:00,2333.26,2335.76,2285.42,2312.88
2026-04-23 20:00:00,2312.87,2338.79,2312.74,2330.26
2026-04-24 00:00:00,2330.27,2337.5,2301.35,2308.64
2026-04-24 04:00:00,2308.63,2317.35,2300.22,2311.63
2026-04-24 08:00:00,2311.63,2332.26,2303.74,2328.1
2026-04-24 12:00:00,2328.1,2331.85,2301.61,2323.81
2026-04-24 16:00:00,2323.81,2325.0,2308.82,2321.6
2026-04-24 20:00:00,2321.59,2328.16,2307.2,2314.99
2026-04-25 00:00:00,2314.98,2321.36,2311.27,2318.43
2026-04-25 04:00:00,2318.44,2319.01,2313.3,2316.48
2026-04-25 08:00:00,2316.48,2323.21,2311.2,2313.64
2026-04-25 12:00:00,2313.65,2318.94,2303.0,2308.09
2026-04-25 16:00:00,2308.08,2313.98,2300.55,2310.06
2026-04-25 20:00:00,2310.06,2320.42,2308.85,2319.5
2026-04-26 00:00:00,2319.49,2320.06,2306.72,2310.0
2026-04-26 04:00:00,2309.99,2336.48,2308.97,2331.24
2026-04-26 08:00:00,2331.25,2337.68,2329.66,2335.95
2026-04-26 12:00:00,2335.96,2352.44,2324.19,2348.05
2026-04-26 16:00:00,2348.06,2376.35,2340.56,2367.4
2026-04-26 20:00:00,2367.4,2380.0,2348.47,2369.44
2026-04-27 00:00:00,2369.45,2404.37,2359.46,2394.85
2026-04-27 04:00:00,2394.85,2396.05,2312.71,2316.01
2026-04-27 08:00:00,2316.0,2325.52,2309.13,2320.39
2026-04-27 12:00:00,2320.39,2329.82,2266.09,2275.07
2026-04-27 16:00:00,2275.07,2292.91,2270.04,2289.14
2026-04-27 20:00:00,2289.15,2308.61,2284.66,2303.67
2026-04-28 00:00:00,2303.66,2310.88,2280.99,2290.94
2026-04-28 04:00:00,2290.93,2296.91,2270.53,2287.99
2026-04-28 08:00:00,2288.0,2291.64,2270.36,2275.32
2026-04-28 12:00:00,2275.32,2286.2,2258.24,2279.76
2026-04-28 16:00:00,2279.76,2305.55,2274.38,2301.96
2026-04-28 20:00:00,2301.96,2305.95,2284.15,2289.42
2026-04-29 00:00:00,2289.42,2316.36,2278.84,2311.52
2026-04-29 04:00:00,2311.53,2342.5,2309.33,2323.73
2026-04-29 08:00:00,2323.74,2346.95,2321.11,2331.74
2026-04-29 12:00:00,2331.74,2331.94,2263.1,2272.51
2026-04-29 16:00:00,2272.5,2285.92,2220.36,2233.7
2026-04-29 20:00:00,2233.69,2264.8,2230.49,2252.9
2026-04-30 00:00:00,2252.9,2279.0,2236.36,2253.24
2026-04-30 04:00:00,2253.24,2262.23,2231.64,2260.31
2026-04-30 08:00:00,2260.31,2273.7,2252.07,2258.18
2026-04-30 12:00:00,2258.18,2275.13,2245.82,2265.7
2026-04-30 16:00:00,2265.7,2267.16,2251.62,2261.99
2026-04-30 20:00:00,2261.98,2267.32,2252.42,2257.51
2026-05-01 00:00:00,2257.51,2295.0,2257.21,2282.87
2026-05-01 04:00:00,2282.87,2286.75,2272.09,2279.48
2026-05-01 08:00:00,2279.5,2293.0,2277.06,2286.45
2026-05-01 12:00:00,2286.46,2325.28,2284.15,2307.64
2026-05-01 16:00:00,2307.64,2314.21,2298.17,2304.85
2026-05-01 20:00:00,2304.85,2305.86,2278.98,2295.63
2026-05-02 00:00:00,2295.63,2308.34,2292.91,2304.44
2026-05-02 04:00:00,2304.43,2306.35,2296.62,2301.02
2026-05-02 08:00:00,2301.01,2307.78,2299.05,2302.1
2026-05-02 12:00:00,2302.09,2311.83,2301.36,2309.19
2026-05-02 16:00:00,2309.18,2313.98,2304.08,2311.08
2026-05-02 20:00:00,2311.08,2343.6,2309.59,2316.97
2026-05-03 00:00:00,2316.97,2317.69,2299.38,2301.9
2026-05-03 04:00:00,2301.9,2314.01,2297.59,2309.28
2026-05-03 08:00:00,2309.28,2327.5,2307.49,2319.63
2026-05-03 12:00:00,2319.63,2333.91,2319.63,2328.44
2026-05-03 16:00:00,2328.45,2337.87,2322.38,2335.59
2026-05-03 20:00:00,2335.6,2356.92,2315.0,2322.65
2026-05-04 00:00:00,2322.65,2391.0,2309.24,2385.12
2026-05-04 04:00:00,2385.11,2398.93,2354.2,2362.8
2026-05-04 08:00:00,2362.79,2371.09,2314.25,2337.59
2026-05-04 12:00:00,2337.59,2381.8,2325.71,2350.1
2026-05-04 16:00:00,2350.11,2379.52,2336.63,2356.52
2026-05-04 20:00:00,2356.52,2365.91,2344.83,2347.16
2026-05-05 00:00:00,2347.17,2389.38,2344.93,2382.43
2026-05-05 04:00:00,2382.43,2390.74,2367.35,2380.59
2026-05-05 08:00:00,2380.59,2384.62,2366.76,2379.89
2026-05-05 12:00:00,2379.89,2399.5,2369.17,2381.31
2026-05-05 16:00:00,2381.3,2383.38,2359.71,2371.94
2026-05-05 20:00:00,2371.94,2388.54,2354.34,2360.77
2026-05-06 00:00:00,2360.76,2380.87,2355.0,2376.8
2026-05-06 04:00:00,2376.81,2379.4,2355.0,2371.74
2026-05-06 08:00:00,2371.74,2423.74,2369.16,2410.47
2026-05-06 12:00:00,2410.47,2413.59,2346.68,2359.1
2026-05-06 16:00:00,2359.1,2367.47,2338.0,2348.5
2026-05-06 20:00:00,2348.49,2357.45,2338.28,2350.84
2026-05-07 00:00:00,2350.84,2352.3,2313.89,2322.39
2026-05-07 04:00:00,2322.39,2346.89,2317.8,2344.59
2026-05-07 08:00:00,2344.59,2346.6,2317.35,2329.94
2026-05-07 12:00:00,2329.94,2337.13,2285.95,2294.82
2026-05-07 16:00:00,2294.82,2304.0,2280.1,2295.98
2026-05-07 20:00:00,2295.98,2302.57,2281.04,2291.06
2026-05-08 00:00:00,2291.06,2294.28,2265.61,2278.76
2026-05-08 04:00:00,2278.77,2284.54,2267.15,2281.35
2026-05-08 08:00:00,2281.37,2298.01,2280.15,2295.38
2026-05-08 12:00:00,2295.38,2302.0,2269.96,2293.2
2026-05-08 16:00:00,2293.2,2321.22,2286.42,2316.05
2026-05-08 20:00:00,2316.06,2319.15,2303.19,2307.06
2026-05-09 00:00:00,2307.07,2320.77,2304.19,2315.33
2026-05-09 04:00:00,2315.33,2325.33,2310.9,2314.69
2026-05-09 08:00:00,2314.69,2320.53,2310.24,2314.57
2026-05-09 12:00:00,2314.56,2318.27,2300.0,2317.63
2026-05-09 16:00:00,2317.64,2338.37,2315.29,2332.01
2026-05-09 20:00:00,2332.02,2333.47,2324.7,2326.44
2026-05-10 00:00:00,2326.43,2332.91,2318.33,2327.76
2026-05-10 04:00:00,2327.75,2332.09,2326.1,2327.36
2026-05-10 08:00:00,2327.36,2333.59,2319.0,2322.58
2026-05-10 12:00:00,2322.59,2351.66,2320.87,2347.56
2026-05-10 16:00:00,2347.56,2368.0,2340.11,2365.54
2026-05-10 20:00:00,2365.54,2382.53,2311.83,2371.27
2026-05-11 00:00:00,2371.26,2374.92,2320.01,2330.56
2026-05-11 04:00:00,2330.56,2342.44,2326.66,2330.54
2026-05-11 08:00:00,2330.55,2339.9,2326.66,2335.8
2026-05-11 12:00:00,2335.8,2338.89,2304.0,2333.48
2026-05-11 16:00:00,2333.48,2344.35,2323.68,2340.43
2026-05-11 20:00:00,2340.44,2345.68,2335.08,2339.87
2026-05-12 00:00:00,2339.88,2340.85,2295.01,2309.37
2026-05-12 04:00:00,2309.36,2314.49,2291.63,2295.2
2026-05-12 08:00:00,2295.2,2296.27,2278.57,2287.01
2026-05-12 12:00:00,2287.02,2294.01,2256.67,2261.85
2026-05-12 16:00:00,2261.86,2287.43,2256.27,2285.09
2026-05-12 20:00:00,2285.1,2291.37,2273.88,2274.96
2026-05-13 00:00:00,2274.97,2303.77,2273.34,2301.77
2026-05-13 04:00:00,2301.76,2309.0,2295.63,2301.07
2026-05-13 08:00:00,2301.07,2323.36,2299.0,2301.82
2026-05-13 12:00:00,2301.83,2307.54,2234.13,2236.49
2026-05-13 16:00:00,2236.48,2268.49,2235.48,2256.53
2026-05-13 20:00:00,2256.53,2264.46,2251.0,2258.65
2026-05-14 00:00:00,2258.66,2269.37,2238.64,2242.14
2026-05-14 04:00:00,2242.14,2275.2,2239.54,2265.48
2026-05-14 08:00:00,2265.49,2270.99,2252.53,2253.81
2026-05-14 12:00:00,2253.81,2299.7,2246.13,2298.48
2026-05-14 16:00:00,2298.48,2319.33,2293.96,2298.34
2026-05-14 20:00:00,2298.34,2301.67,2280.18,2283.25
2026-05-15 00:00:00,2283.26,2300.29,2260.45,2273.34
2026-05-15 04:00:00,2273.35,2273.91,2237.95,2265.11
2026-05-15 08:00:00,2265.11,2265.42,2250.0,2257.57
2026-05-15 12:00:00,2257.56,2260.72,2205.11,2222.85
2026-05-15 16:00:00,2222.86,2232.88,2218.9,2223.35
2026-05-15 20:00:00,2223.35,2226.29,2215.0,2224.66
2026-05-16 00:00:00,2224.65,2231.51,2223.53,2228.01
2026-05-16 04:00:00,2228.0,2228.96,2182.0,2194.81
2026-05-16 08:00:00,2194.81,2196.87,2162.55,2176.1
2026-05-16 12:00:00,2176.11,2188.16,2172.3,2180.0
2026-05-16 16:00:00,2180.0,2185.22,2170.5,2179.57
2026-05-16 20:00:00,2179.57,2183.54,2179.35,2180.77
2026-05-17 00:00:00,2180.77,2185.6,2167.98,2181.7
2026-05-17 04:00:00,2181.71,2195.0,2181.14,2186.64
2026-05-17 08:00:00,2186.63,2198.14,2183.12,2192.0
2026-05-17 12:00:00,2192.0,2198.04,2178.39,2186.51
2026-05-17 16:00:00,2186.51,2193.62,2176.63,2192.53
2026-05-17 20:00:00,2192.54,2194.82,2091.48,2131.0
2026-05-18 00:00:00,2131.0,2132.0,2104.99,2118.44
2026-05-18 04:00:00,2118.44,2125.83,2110.0,2120.82
2026-05-18 08:00:00,2120.82,2139.75,2110.5,2133.9
2026-05-18 12:00:00,2133.9,2157.24,2093.77,2107.48
2026-05-18 16:00:00,2107.49,2128.49,2077.23,2125.07
2026-05-18 20:00:00,2125.07,2142.67,2114.59,2130.08
2026-05-19 00:00:00,2130.08,2146.95,2118.6,2131.3
2026-05-19 04:00:00,2131.3,2145.0,2123.61,2140.97
2026-05-19 08:00:00,2140.97,2141.4,2106.77,2110.85
2026-05-19 12:00:00,2110.85,2127.53,2094.47,2110.19
2026-05-19 16:00:00,2110.2,2125.07,2107.12,2113.15
2026-05-19 20:00:00,2113.14,2120.59,2102.09,2111.93
2026-05-20 00:00:00,2111.93,2119.24,2103.29,2111.6
2026-05-20 04:00:00,2111.6,2136.5,2107.3,2129.74
2026-05-20 08:00:00,2129.75,2138.0,2124.28,2128.3
2026-05-20 12:00:00,2128.31,2149.0,2113.87,2136.75
2026-05-20 16:00:00,2136.76,2148.77,2124.1,2139.12
2026-05-20 20:00:00,2139.12,2140.76,2118.45,2129.44
2026-05-21 00:00:00,2129.44,2157.5,2128.59,2145.76
2026-05-21 04:00:00,2145.76,2148.75,2124.25,2135.06
2026-05-21 08:00:00,2135.07,2148.33,2110.0,2115.27
2026-05-21 12:00:00,2115.28,2138.05,2105.15,2132.65
2026-05-21 16:00:00,2132.64,2153.75,2121.79,2142.83
2026-05-21 20:00:00,2142.84,2143.46,2127.27,2133.76
2026-05-22 00:00:00,2133.77,2141.39,2125.68,2137.88
2026-05-22 04:00:00,2137.89,2141.34,2122.22,2128.7
2026-05-22 08:00:00,2128.7,2133.34,2119.18,2130.78
2026-05-22 12:00:00,2130.78,2138.0,2112.47,2119.48
2026-05-22 16:00:00,2119.49,2130.0,2058.0,2065.54
2026-05-22 20:00:00,2065.54,2079.59,2057.79,2065.85
2026-05-23 00:00:00,2065.86,2072.0,2053.0,2070.78
2026-05-23 04:00:00,2070.78,2071.19,2009.3,2028.59
2026-05-23 08:00:00,2028.58,2036.01,2021.07,2031.48
2026-05-23 12:00:00,2031.48,2068.68,2027.35,2060.27
2026-05-23 16:00:00,2060.27,2083.64,2057.25,2077.33
2026-05-23 20:00:00,2077.34,2149.95,2074.84,2117.68
2026-05-24 00:00:00,2117.69,2127.28,2113.1,2119.04
2026-05-24 04:00:00,2119.05,2129.93,2113.65,2121.01
2026-05-24 08:00:00,2121.02,2132.14,2119.05,2126.18
2026-05-24 12:00:00,2126.19,2126.58,2079.52,2095.84
2026-05-24 16:00:00,2095.83,2109.0,2095.22,2100.87
2026-05-24 20:00:00,2100.87,2107.0,2063.0,2099.85
2026-05-25 00:00:00,2099.86,2113.25,2092.57,2095.58
2026-05-25 04:00:00,2095.59,2117.55,2092.26,2116.28
2026-05-25 08:00:00,2116.29,2124.1,2111.7,2114.95
2026-05-25 12:00:00,2114.95,2138.28,2112.25,2127.12
2026-05-25 16:00:00,2127.13,2141.98,2116.55,2121.43
2026-05-25 20:00:00,2121.42,2123.16,2102.35,2113.01
2026-05-26 00:00:00,2113.01,2113.89,2084.52,2093.12
2026-05-26 04:00:00,2093.11,2104.65,2088.82,2095.61
2026-05-26 08:00:00,2095.61,2137.29,2094.1,2121.01
2026-05-26 12:00:00,2121.0,2140.49,2078.75,2087.36
2026-05-26 16:00:00,2087.36,2089.97,2055.06,2074.29
2026-05-26 20:00:00,2074.3,2078.78,2065.98,2073.77
2026-05-27 00:00:00,2073.77,2084.23,2068.9,2070.0
2026-05-27 04:00:00,2070.01,2084.16,2056.31,2083.78
2026-05-27 08:00:00,2083.77,2096.71,2078.26,2080.55
2026-05-27 12:00:00,2080.56,2097.4,2051.96,2071.38
2026-05-27 16:00:00,2071.39,2074.5,2043.31,2057.47
2026-05-27 20:00:00,2057.47,2066.14,2016.0,2024.84
2026-05-28 00:00:00,2024.83,2029.2,1972.0,1981.55
2026-05-28 04:00:00,1981.55,1996.78,1967.0,1995.56
2026-05-28 08:00:00,1995.56,1998.4,1984.85,1989.89
2026-05-28 12:00:00,1989.88,2002.5,1967.38,1990.65
2026-05-28 16:00:00,1990.65,2030.0,1985.22,2014.55
2026-05-28 20:00:00,2014.54,2024.63,2005.43,2009.9
2026-05-29 00:00:00,2009.89,2017.17,1997.24,2002.78
2026-05-29 04:00:00,2002.79,2021.51,1998.4,2007.62
2026-05-29 08:00:00,2007.61,2016.11,2002.35,2007.58
2026-05-29 12:00:00,2007.58,2046.59,1976.48,2031.62
2026-05-29 16:00:00,2031.62,2044.29,2005.0,2016.96
2026-05-29 20:00:00,2016.96,2023.99,2007.0,2014.54
2026-05-30 00:00:00,2014.54,2023.55,2010.69,2016.83
2026-05-30 04:00:00,2016.83,2020.56,2002.0,2016.32
2026-05-30 08:00:00,2016.32,2022.0,2013.92,2017.4
2026-05-30 12:00:00,2017.4,2032.0,2017.14,2026.61
2026-05-30 16:00:00,2026.63,2030.01,2019.5,2028.76
2026-05-30 20:00:00,2028.77,2031.41,2020.35,2022.44
2026-05-31 00:00:00,2022.44,2038.0,2020.83,2033.41
2026-05-31 04:00:00,2033.41,2034.99,2022.78,2024.01
2026-05-31 08:00:00,2024.02,2029.11,2015.34,2023.27
2026-05-31 12:00:00,2023.28,2026.5,2005.83,2010.52
2026-05-31 16:00:00,2010.52,2012.42,1993.75,1999.59
2026-05-31 20:00:00,1999.58,2023.0,1999.58,2007.01
2026-06-01 00:00:00,2007.02,2021.5,1991.31,2009.09
2026-06-01 04:00:00,2009.09,2011.97,1971.7,1976.43
2026-06-01 08:00:00,1976.42,1990.11,1969.9,1981.44
2026-06-01 12:00:00,1981.44,1994.39,1956.04,1968.45
2026-06-01 16:00:00,1968.45,2008.83,1958.79,2004.53
2026-06-01 20:00:00,2004.53,2009.2,1984.5,2006.73
2026-06-02 00:00:00,2006.73,2006.78,1962.76,2003.94
2026-06-02 04:00:00,2003.94,2006.44,1973.88,1981.88
2026-06-02 08:00:00,1981.89,1989.0,1966.69,1978.53
2026-06-02 12:00:00,1978.53,1982.75,1890.0,1914.81
2026-06-02 16:00:00,1914.81,1943.87,1881.01,1912.28
2026-06-02 20:00:00,1912.28,1919.01,1839.02,1859.84
2026-06-03 00:00:00,1859.84,1874.11,1816.92,1828.24
2026-06-03 04:00:00,1828.24,1884.41,1827.65,1878.39
2026-06-03 08:00:00,1878.39,1893.07,1869.95,1878.16
2026-06-03 12:00:00,1878.17,1880.0,1836.21,1837.21
2026-06-03 16:00:00,1837.22,1844.08,1795.23,1803.41
2026-06-03 20:00:00,1803.41,1852.2,1769.62,1813.05
2026-06-04 00:00:00,1813.05,1820.5,1717.28,1809.24
2026-06-04 04:00:00,1809.24,1818.0,1773.52,1777.45
2026-06-04 08:00:00,1777.44,1783.27,1730.13,1751.51
2026-06-04 12:00:00,1751.51,1794.43,1744.29,1777.02
2026-06-04 16:00:00,1777.03,1787.11,1754.0,1776.94
2026-06-04 20:00:00,1776.93,1783.02,1752.46,1770.77
2026-06-05 00:00:00,1770.76,1774.99,1722.36,1729.71
2026-06-05 04:00:00,1729.72,1747.8,1625.78,1679.21
2026-06-05 08:00:00,1679.22,1690.07,1659.43,1663.44
2026-06-05 12:00:00,1663.43,1677.7,1572.22,1583.29
2026-06-05 16:00:00,1583.29,1612.89,1540.19,1574.06
2026-06-05 20:00:00,1574.07,1619.3,1557.36,1583.4
2026-06-06 00:00:00,1583.4,1601.22,1555.28,1563.34
2026-06-06 04:00:00,1563.34,1581.62,1505.68,1575.14
2026-06-06 08:00:00,1575.14,1593.04,1535.68,1558.89
2026-06-06 12:00:00,1558.9,1575.82,1544.87,1560.45
2026-06-06 16:00:00,1560.45,1566.51,1547.05,1554.56
2026-06-06 20:00:00,1554.55,1570.06,1550.85,1569.69
2026-06-07 00:00:00,1569.68,1600.51,1564.1,1595.01
2026-06-07 04:00:00,1595.0,1623.52,1585.0,1615.18
2026-06-07 08:00:00,1615.18,1648.7,1608.39,1630.12
2026-06-07 12:00:00,1630.12,1640.0,1607.0,1630.07
2026-06-07 16:00:00,1630.07,1638.0,1604.0,1613.11
2026-06-07 20:00:00,1613.1,1721.93,1609.43,1690.51
2026-06-08 00:00:00,1690.5,1711.58,1670.94,1680.01
2026-06-08 04:00:00,1680.02,1683.49,1645.0,1673.47
2026-06-08 08:00:00,1673.46,1696.77,1657.21,1683.76
2026-06-08 12:00:00,1683.77,1706.22,1667.46,1691.59
2026-06-08 16:00:00,1691.59,1703.88,1675.8,1684.78
2026-06-08 20:00:00,1684.78,1714.5,1679.25,1690.49
2026-06-09 00:00:00,1690.48,1696.88,1654.63,1669.44
2026-06-09 04:00:00,1669.44,1696.41,1664.33,1679.86
2026-06-09 08:00:00,1679.86,1680.64,1665.0,1671.96
2026-06-09 12:00:00,1671.96,1683.32,1633.84,1636.4
2026-06-09 16:00:00,1636.4,1658.64,1614.02,1657.33
2026-06-09 20:00:00,1657.33,1663.77,1630.36,1639.52
2026-06-10 00:00:00,1639.52,1646.91,1621.77,1630.82
2026-06-10 04:00:00,1630.82,1643.58,1616.33,1640.09
2026-06-10 08:00:00,1640.1,1640.89,1606.01,1620.05
2026-06-10 12:00:00,1620.06,1667.96,1615.91,1657.97
2026-06-10 16:00:00,1657.98,1658.73,1622.51,1630.15
2026-06-10 20:00:00,1630.15,1636.21,1603.44,1621.59
2026-06-11 00:00:00,1621.6,1661.3,1621.6,1653.95
2026-06-11 04:00:00,1653.94,1663.14,1646.2,1654.41
2026-06-11 08:00:00,1654.4,1673.5,1654.28,1666.84
2026-06-11 12:00:00,1666.84,1666.88,1636.19,1645.55
2026-06-11 16:00:00,1645.56,1693.59,1632.71,1681.26
2026-06-11 20:00:00,1681.26,1683.29,1667.18,1673.46
2026-06-12 00:00:00,1673.46,1678.42,1660.93,1673.25
2026-06-12 04:00:00,1673.25,1682.0,1652.09,1662.12
2026-06-12 08:00:00,1662.12,1685.65,1662.12,1673.89
2026-06-12 12:00:00,1673.88,1691.07,1653.74,1660.08
2026-06-12 16:00:00,1660.08,1678.1,1657.38,1665.92
2026-06-12 20:00:00,1665.92,1668.01,1659.02,1666.41
2026-06-13 00:00:00,1666.42,1675.9,1663.36,1665.25
2026-06-13 04:00:00,1665.25,1677.74,1662.2,1676.38
2026-06-13 08:00:00,1676.38,1679.92,1672.8,1678.34
2026-06-13 12:00:00,1678.33,1686.56,1676.69,1682.15
2026-06-13 16:00:00,1682.14,1682.63,1671.44,1678.29
2026-06-13 20:00:00,1678.3,1697.28,1674.91,1681.18
2026-06-14 00:00:00,1681.19,1690.36,1678.83,1681.73
2026-06-14 04:00:00,1681.74,1682.66,1673.72,1675.91
2026-06-14 08:00:00,1675.91,1679.0,1669.15,1673.73
2026-06-14 12:00:00,1673.73,1674.58,1654.9,1662.95
2026-06-14 16:00:00,1662.95,1668.57,1658.95,1665.43
2026-06-14 20:00:00,1665.44,1732.28,1662.67,1725.62
2026-06-15 00:00:00,1725.63,1733.04,1709.66,1720.78
2026-06-15 04:00:00,1720.78,1723.8,1715.95,1716.59
2026-06-15 08:00:00,1716.6,1769.0,1712.17,1764.67
2026-06-15 12:00:00,1764.67,1849.54,1760.28,1845.53
2026-06-15 16:00:00,1845.53,1847.13,1811.66,1821.89
2026-06-15 20:00:00,1821.88,1826.62,1782.82,1796.13
2026-06-16 00:00:00,1796.14,1802.09,1764.84,1779.16
2026-06-16 04:00:00,1779.16,1783.32,1758.0,1774.24
2026-06-16 08:00:00,1774.25,1807.97,1773.25,1799.59
2026-06-16 12:00:00,1799.6,1839.77,1763.36,1782.44
2026-06-16 16:00:00,1782.43,1808.44,1773.03,1795.41
2026-06-16 20:00:00,1795.41,1800.48,1789.53,1792.99
2026-06-17 00:00:00,1793.0,1810.21,1778.99,1793.58
2026-06-17 04:00:00,1793.58,1801.79,1778.71,1785.08
2026-06-17 08:00:00,1785.09,1786.15,1759.35,1763.92
2026-06-17 12:00:00,1763.93,1776.94,1741.05,1773.41
2026-06-17 16:00:00,1773.42,1796.08,1729.26,1734.72
2026-06-17 20:00:00,1734.73,1751.66,1725.34,1750.6
2026-06-18 00:00:00,1750.61,1762.99,1741.46,1744.17
2026-06-18 04:00:00,1744.17,1753.29,1722.24,1749.79
2026-06-18 08:00:00,1749.8,1753.61,1739.11,1743.31
2026-06-18 12:00:00,1743.31,1753.06,1680.0,1682.23
2026-06-18 16:00:00,1682.23,1707.48,1671.79,1705.39
2026-06-18 20:00:00,1705.4,1717.23,1700.19,1711.11
2026-06-19 00:00:00,1711.11,1719.51,1682.35,1697.69
2026-06-19 04:00:00,1697.7,1703.4,1686.0,1695.82
2026-06-19 08:00:00,1695.82,1699.82,1687.05,1691.74
2026-06-19 12:00:00,1691.74,1712.06,1679.11,1707.86
2026-06-19 16:00:00,1707.87,1711.76,1693.7,1701.2
2026-06-19 20:00:00,1701.21,1715.0,1698.89,1711.19
2026-06-20 00:00:00,1711.18,1718.0,1704.06,1708.17
2026-06-20 04:00:00,1708.18,1733.89,1706.51,1725.82
2026-06-20 08:00:00,1725.81,1731.76,1721.25,1727.18
2026-06-20 12:00:00,1727.18,1749.55,1708.11,1740.63
2026-06-20 16:00:00,1740.63,1740.91,1721.03,1729.27
2026-06-20 20:00:00,1729.27,1746.17,1726.53,1741.08
2026-06-21 00:00:00,1741.08,1741.45,1733.51,1737.87
2026-06-21 04:00:00,1737.88,1741.41,1729.8,1732.36
2026-06-21 08:00:00,1732.36,1737.02,1718.56,1725.36
2026-06-21 12:00:00,1725.37,1732.57,1717.14,1730.72
2026-06-21 16:00:00,1730.71,1739.32,1721.67,1734.14
2026-06-21 20:00:00,1734.14,1735.34,1702.0,1706.94
2026-06-22 00:00:00,1706.94,1759.84,1706.94,1730.0
2026-06-22 04:00:00,1730.0,1751.58,1727.69,1746.34
2026-06-22 08:00:00,1746.34,1774.7,1743.56,1767.68
2026-06-22 12:00:00,1767.68,1779.9,1742.41,1744.74
2026-06-22 16:00:00,1744.75,1747.7,1729.15,1734.59
2026-06-22 20:00:00,1734.59,1740.07,1717.02,1728.19
2026-06-23 00:00:00,1728.19,1736.25,1719.75,1729.9
2026-06-23 04:00:00,1729.91,1731.25,1680.52,1683.01
2026-06-23 08:00:00,1683.02,1684.8,1635.65,1660.9
2026-06-23 12:00:00,1660.9,1672.0,1645.52,1659.78
2026-06-23 16:00:00,1659.78,1673.89,1650.0,1662.58
2026-06-23 20:00:00,1662.57,1672.92,1660.27,1667.13
2026-06-24 00:00:00,1667.13,1680.46,1658.18,1666.67
2026-06-24 04:00:00,1666.67,1679.57,1658.22,1673.12
2026-06-24 08:00:00,1673.13,1693.67,1655.76,1679.57
2026-06-24 12:00:00,1679.57,1681.29,1616.8,1618.08
2026-06-24 16:00:00,1618.08,1636.08,1552.95,1584.58
2026-06-24 20:00:00,1584.59,1629.82,1580.0,1622.17
2026-06-25 00:00:00,1622.18,1626.51,1614.69,1619.6
2026-06-25 04:00:00,1619.61,1660.54,1617.12,1657.19
2026-06-25 08:00:00,1657.2,1658.98,1628.05,1633.27
2026-06-25 12:00:00,1633.28,1650.38,1532.9,1570.01
2026-06-25 16:00:00,1570.01,1587.7,1554.6,1559.42
2026-06-25 20:00:00,1559.41,1583.65,1556.73,1567.84
2026-06-26 00:00:00,1567.86,1571.78,1512.0,1557.93
2026-06-26 04:00:00,1557.93,1586.5,1543.43,1581.12
2026-06-26 08:00:00,1581.12,1582.43,1541.01,1545.14
2026-06-26 12:00:00,1545.15,1588.23,1521.54,1580.14
2026-06-26 16:00:00,1580.13,1594.7,1570.32,1574.51
2026-06-26 20:00:00,1574.51,1583.4,1568.0,1578.68
2026-06-27 00:00:00,1578.68,1587.17,1571.55,1580.62
2026-06-27 04:00:00,1580.62,1586.38,1575.2,1585.71
2026-06-27 08:00:00,1585.72,1585.95,1579.0,1584.0
2026-06-27 12:00:00,1584.0,1611.02,1581.42,1605.68
2026-06-27 16:00:00,1605.68,1607.92,1573.36,1578.51
2026-06-27 20:00:00,1578.51,1585.69,1562.86,1573.99
2026-06-28 00:00:00,1574.0,1580.05,1569.07,1575.08
2026-06-28 04:00:00,1575.08,1577.34,1562.41,1575.96
2026-06-28 08:00:00,1575.96,1586.35,1572.23,1582.87
2026-06-28 12:00:00,1582.86,1588.82,1575.04,1580.89
2026-06-28 16:00:00,1580.9,1581.94,1556.81,1564.62
2026-06-28 20:00:00,1564.61,1582.29,1548.37,1571.96
2026-06-29 00:00:00,1571.96,1589.75,1550.43,1584.78
2026-06-29 04:00:00,1584.77,1589.08,1562.26,1580.16
2026-06-29 08:00:00,1580.17,1587.0,1569.85,1574.93
2026-06-29 12:00:00,1574.93,1597.28,1557.35,1580.26
2026-06-29 16:00:00,1580.26,1637.58,1574.06,1625.6
2026-06-29 20:00:00,1625.6,1626.65,1607.41,1613.07
2026-06-30 00:00:00,1613.07,1614.41,1586.49,1587.18
2026-06-30 04:00:00,1587.18,1596.25,1579.79,1592.51
2026-06-30 08:00:00,1592.51,1594.28,1575.85,1578.58
2026-06-30 12:00:00,1578.57,1578.58,1550.2,1565.18
2026-06-30 16:00:00,1565.19,1581.92,1561.84,1580.53
2026-06-30 20:00:00,1580.52,1582.98,1566.0,1572.01
2026-07-01 00:00:00,1572.0,1599.19,1552.92,1594.81
2026-07-01 04:00:00,1594.81,1604.02,1571.5,1578.36
2026-07-01 08:00:00,1578.36,1585.33,1567.13,1569.89
2026-07-01 12:00:00,1569.88,1631.0,1565.26,1620.09
2026-07-01 16:00:00,1620.1,1629.26,1607.17,1618.09
2026-07-01 20:00:00,1618.07,1646.26,1608.35,1609.58
2026-07-02 00:00:00,1609.59,1642.32,1597.22,1639.47
2026-07-02 04:00:00,1639.46,1639.94,1614.32,1615.97
2026-07-02 08:00:00,1615.97,1657.53,1615.08,1650.32
2026-07-02 12:00:00,1650.31,1725.0,1647.66,1697.05
2026-07-02 16:00:00,1697.06,1707.14,1686.49,1700.15
2026-07-02 20:00:00,1700.15,1706.68,1692.13,1700.57
2026-07-03 00:00:00,1700.57,1718.97,1694.72,1706.43
2026-07-03 04:00:00,1706.43,1722.21,1702.28,1717.77
2026-07-03 08:00:00,1717.77,1749.0,1715.68,1742.54
2026-07-03 12:00:00,1742.54,1753.29,1728.99,1731.24
2026-07-03 16:00:00,1731.24,1753.0,1727.87,1745.38
2026-07-03 20:00:00,1745.39,1775.78,1743.61,1758.21
2026-07-04 00:00:00,1758.22,1764.0,1744.09,1753.92
2026-07-04 04:00:00,1753.91,1764.61,1751.72,1758.19
2026-07-04 08:00:00,1758.18,1765.55,1755.0,1758.24
2026-07-04 12:00:00,1758.23,1799.92,1758.23,1791.09
2026-07-04 16:00:00,1791.08,1807.65,1779.0,1792.83
2026-07-04 20:00:00,1792.83,1795.81,1772.1,1780.64
2026-07-05 00:00:00,1780.64,1780.75,1757.0,1761.59
2026-07-05 04:00:00,1761.58,1772.69,1760.07,1770.1
2026-07-05 08:00:00,1770.09,1773.27,1748.79,1760.08
2026-07-05 12:00:00,1760.08,1781.28,1756.03,1774.67
2026-07-05 16:00:00,1774.66,1786.23,1770.31,1781.43
2026-07-05 20:00:00,1781.44,1808.0,1769.29,1785.65
2026-07-06 00:00:00,1785.65,1799.02,1772.22,1779.71
2026-07-06 04:00:00,1779.7,1784.79,1764.42,1772.32
2026-07-06 08:00:00,1772.32,1778.6,1755.77,1759.64
2026-07-06 12:00:00,1759.64,1788.96,1728.95,1788.57
2026-07-06 16:00:00,1788.57,1805.0,1782.42,1792.76
2026-07-06 20:00:00,1792.76,1833.4,1787.26,1799.56
2026-07-07 00:00:00,1799.56,1810.16,1768.85,1771.56
2026-07-07 04:00:00,1771.55,1782.59,1757.57,1771.24
2026-07-07 08:00:00,1771.23,1785.0,1768.37,1780.77
2026-07-07 12:00:00,1780.77,1803.03,1761.19,1797.45
2026-07-07 16:00:00,1797.45,1813.16,1773.5,1790.45
2026-07-07 20:00:00,1790.46,1793.12,1765.35,1771.45
2026-07-08 00:00:00,1771.45,1785.0,1741.21,1751.78
2026-07-08 04:00:00,1751.74,1759.69,1745.01,1756.7
2026-07-08 08:00:00,1756.7,1758.7,1725.18,1747.95
2026-07-08 12:00:00,1747.95,1751.25,1713.44,1722.96
2026-07-08 16:00:00,1722.96,1746.52,1722.78,1740.98
2026-07-08 20:00:00,1740.99,1744.81,1731.41,1743.54
2026-07-09 00:00:00,1743.55,1756.79,1721.93,1730.7
2026-07-09 04:00:00,1730.7,1762.36,1730.35,1753.31
2026-07-09 08:00:00,1753.3,1758.68,1741.26,1744.02
2026-07-09 12:00:00,1744.02,1752.0,1733.36,1739.51
2026-07-09 16:00:00,1739.51,1759.82,1731.99,1748.51
2026-07-09 20:00:00,1748.51,1751.08,1741.56,1745.16
2026-07-10 00:00:00,1745.17,1779.68,1737.68,1776.12
2026-07-10 04:00:00,1776.13,1780.33,1768.57,1773.2
2026-07-10 08:00:00,1773.2,1802.99,1772.63,1801.22
2026-07-10 12:00:00,1801.22,1812.0,1775.0,1791.11
2026-07-10 16:00:00,1791.11,1799.53,1781.2,1792.68
2026-07-10 20:00:00,1792.68,1798.0,1789.6,1796.85
2026-07-11 00:00:00,1796.85,1799.29,1786.77,1796.5
2026-07-11 04:00:00,1796.5,1803.29,1794.6,1800.0
2026-07-11 08:00:00,1799.99,1803.52,1795.15,1800.48
2026-07-11 12:00:00,1800.47,1828.0,1798.42,1814.83
2026-07-11 16:00:00,1814.82,1830.0,1810.62,1824.38
2026-07-11 20:00:00,1824.38,1829.17,1786.58,1787.76
2026-07-12 00:00:00,1787.76,1813.67,1779.46,1811.53
2026-07-12 04:00:00,1811.53,1812.63,1789.44,1798.78
2026-07-12 08:00:00,1798.78,1808.94,1796.48,1803.77
2026-07-12 12:00:00,1803.77,1826.92,1803.0,1820.93
2026-07-12 16:00:00,1820.94,1824.39,1814.85,1821.4
2026-07-12 20:00:00,1821.4,1824.0,1797.63,1806.8
2026-07-13 00:00:00,1806.8,1846.0,1775.0,1780.55
2026-07-13 04:00:00,1780.54,1791.39,1773.99,1787.57
2026-07-13 08:00:00,1787.58,1793.56,1777.1,1780.74
2026-07-13 12:00:00,1780.74,1786.53,1762.44,1777.01
2026-07-13 16:00:00,1777.0,1780.73,1750.2,1774.92
2026-07-13 20:00:00,1774.93,1778.05,1752.59,1776.72
2026-07-14 00:00:00,1776.71,1794.47,1773.41,1783.65
2026-07-14 04:00:00,1783.64,1793.26,1779.41,1781.21
2026-07-14 08:00:00,1781.21,1805.0,1779.0,1798.09
2026-07-14 12:00:00,1798.09,1888.8,1794.37,1875.22
2026-07-14 16:00:00,1875.22,1881.56,1860.56,1876.74
2026-07-14 20:00:00,1876.74,1896.14,1872.06,1891.87
2026-07-15 00:00:00,1891.87,1893.32,1864.38,1876.08
2026-07-15 04:00:00,1876.08,1891.89,1864.7,1870.04
2026-07-15 08:00:00,1870.04,1886.59,1870.03,1884.62
2026-07-15 12:00:00,1884.62,1946.52,1879.25,1931.95
2026-07-15 16:00:00,1931.96,1937.0,1904.36,1924.15
2026-07-15 20:00:00,1924.15,1930.71,1914.89,1917.86
2026-07-16 00:00:00,1917.86,1929.0,1908.12,1918.7
2026-07-16 04:00:00,1918.7,1929.48,1905.0,1910.63
2026-07-16 08:00:00,1910.64,1912.85,1875.56,1885.26
2026-07-16 12:00:00,1885.26,1894.38,1867.68,1881.88
2026-07-16 16:00:00,1881.89,1883.0,1862.57,1875.59
2026-07-16 20:00:00,1875.59,1881.59,1857.54,1864.71
2026-07-17 00:00:00,1864.71,1871.08,1843.2,1852.53
2026-07-17 04:00:00,1852.53,1853.08,1820.74,1828.52
2026-07-17 08:00:00,1828.52,1843.26,1821.41,1839.04
2026-07-17 12:00:00,1839.05,1840.58,1803.05,1830.88
2026-07-17 16:00:00,1830.89,1856.17,1825.32,1843.76
2026-07-17 20:00:00,1843.76,1846.65,1835.27,1841.93
2026-07-18 00:00:00,1841.94,1846.74,1839.38,1845.96
2026-07-18 04:00:00,1845.96,1849.68,1842.56,1844.2
2026-07-18 08:00:00,1844.2,1849.44,1842.3,1845.56
2026-07-18 12:00:00,1845.56,1850.64,1837.58,1844.15
2026-07-18 16:00:00,1844.15,1867.58,1841.51,1858.45
2026-07-18 20:00:00,1858.45,1865.86,1855.47,1862.61
2026-07-19 00:00:00,1862.61,1877.33,1858.17,1867.08
2026-07-19 04:00:00,1867.08,1871.99,1864.21,1870.25
2026-07-19 08:00:00,1870.26,1879.38,1863.46,1871.41
2026-07-19 12:00:00,1871.4,1879.26,1864.47,1870.91
2026-07-19 16:00:00,1870.91,1873.85,1851.71,1862.37
2026-07-19 20:00:00,1862.37,1877.03,1857.0,1872.23
2026-07-20 00:00:00,1872.24,1891.71,1862.08,1879.94
2026-07-20 04:00:00,1879.94,1879.99,1843.14,1863.95
2026-07-20 08:00:00,1863.95,1896.5,1854.31,1893.2
2026-07-20 12:00:00,1893.21,1904.92,1853.65,1902.34
2026-07-20 16:00:00,1902.34,1918.16,1890.07,1898.46
2026-07-20 20:00:00,1898.46,1907.58,1894.4,1904.77
2026-07-21 00:00:00,1904.77,1928.57,1900.74,1926.75
2026-07-21 04:00:00,1926.74,1940.25,1921.81,1934.08
2026-07-21 08:00:00,1934.07,1953.0,1925.98,1935.69
2026-07-21 12:00:00,1935.69,1945.23,1923.36,1931.81
2026-07-21 16:00:00,1931.81,1935.36,1915.0,1923.39
2026-07-21 20:00:00,1923.38,1932.0,1916.67,1930.09
2026-07-22 00:00:00,1930.09,1944.68,1926.76,1928.77
2026-07-22 04:00:00,1928.76,1939.4,1910.68,1914.44
2026-07-22 08:00:00,1914.43,1933.62,1914.08,1927.27
2026-07-22 12:00:00,1927.26,1955.92,1913.26,1943.03
2026-07-22 16:00:00,1943.04,1956.45,1921.0,1925.13
2026-07-22 20:00:00,1925.14,1939.7,1922.95,1934.25
2026-07-23 00:00:00,1934.26,1941.5,1917.57,1920.55
2026-07-23 04:00:00,1920.56,1928.69,1912.6,1915.65
2026-07-23 08:00:00,1915.65,1931.66,1914.44,1926.04
2026-07-23 12:00:00,1926.03,1927.99,1882.98,1895.23
2026-07-23 16:00:00,1895.23,1895.41,1869.44,1875.65
2026-07-23 20:00:00,1875.64,1889.09,1874.23,1878.38
2026-07-24 00:00:00,1878.38,1881.2,1859.67,1880.67
2026-07-24 04:00:00,1880.67,1909.8,1873.48,1895.98
2026-07-24 08:00:00,1895.98,1896.04,1876.71,1883.93
2026-07-24 12:00:00,1883.93,1886.09,1848.09,1861.81
2026-07-24 16:00:00,1861.82,1866.76,1853.5,1863.83
2026-07-24 20:00:00,1863.84,1865.82,1856.97,1861.44
2026-07-25 00:00:00,1861.44,1864.69,1855.93,1858.74
2026-07-25 04:00:00,1858.74,1862.96,1854.61,1856.02
2026-07-25 08:00:00,1856.03,1860.09,1851.22,1857.75
2026-07-25 12:00:00,1857.75,1872.35,1856.96,1867.88
2026-07-25 16:00:00,1867.88,1877.07,1864.65,1874.76
2026-07-25 20:00:00,1874.77,1876.92,1867.92,1874.89
2026-07-26 00:00:00,1874.88,1883.98,1873.85,1882.21
2026-07-26 04:00:00,1882.21,1889.36,1878.46,1881.56
