strategy,fingerprint,commit,asset,timeframe,train_end,run_date,trade_no,window,direction,entry_time,entry_price_raw,entry_price_fill,exit_time,exit_price_raw,exit_price_fill,exit_reason,bars_held,atr_at_entry,stop_loss,take_profit,size_units,position_value,equity_at_entry,gross_pnl,fees_paid,slippage_paid,costs_paid,net_pnl,return_pct,gross_return_pct,equity_after,regime_at_entry,regime_adx,regime_entropy
cheat-leaked-future,138991c3d0a0,3fd443c,BTC-USD,4h,2025-10-01 00:00:00,2026-07-26,1,train,short,2024-01-03 12:00:00,43702.89,43681.038555,2024-01-03 12:00:00,42192.068555,42213.1645892775,target,1,744.485,44797.766055,42192.068555,0.057233071435611155,2500.0,10000.0,86.46895168813835,4.91598906446133,2.458016149468577,7.374005213929907,79.09494647420844,0.007909494647420844,0.008646895168813834,10079.094946474208,not computed,,
cheat-leaked-future,138991c3d0a0,3fd443c,BTC-USD,4h,2025-10-01 00:00:00,2026-07-26,2,train,short,2024-01-03 16:00:00,43000.01,42978.50999500001,2024-01-04 16:00:00,44378.819995000005,44401.0094049975,stop,7,933.5399999999998,44378.819995000005,41111.429995000006,0.05862868994089593,2519.773736618552,10079.094946474208,-80.83782368426345,5.122946750086954,2.5614531655869968,7.684399915673951,-88.5222235999374,-0.00878275520471246,-0.008020345488712905,9990.57272287427,not computed,,
cheat-leaked-future,138991c3d0a0,3fd443c,BTC-USD,4h,2025-10-01 00:00:00,2026-07-26,3,train,long,2024-01-04 20:00:00,43956.48,43978.45824,2024-01-05 00:00:00,42491.31431142857,42470.06865427286,stop,2,991.4292857142854,42491.31431142857,45961.31681142857,0.05679242248758213,2497.6431807185677,9990.57272287427,-83.210308799658,4.909621262808651,2.454789828826833,7.364411091635484,-90.57471989129348,-0.009066018776272448,-0.008328882748547626,9899.998002982977,not computed,,
cheat-leaked-future,138991c3d0a0,3fd443c,BTC-USD,4h,2025-10-01 00:00:00,2026-07-26,4,train,long,2024-01-05 04:00:00,43465.21,43486.942605,2024-01-08 16:00:00,45626.53403357143,45603.720766554645,target,22,1069.7957142857142,41882.249033571425,45626.53403357143,0.05691362400954755,2474.999500745744,9899.998002982977,123.00878340948304,5.070472517889832,2.5352670111404905,7.6057395290303225,115.40304388045273,0.011656875470649645,0.012425132143705398,10015.40104686343,not computed,,
cheat-leaked-future,138991c3d0a0,3fd443c,BTC-USD,4h,2025-10-01 00:00:00,2026-07-26,5,train,short,2024-01-08 20:00:00,46979.36,46955.87032,2024-01-09 12:00:00,45519.68032,45542.44016016,target,5,718.0949999999996,48033.01282,45519.68032,0.053323476801778874,2503.8502617158574,10015.40104686343,77.83519555450808,4.932331513092551,2.46618521534495,7.398516728437501,70.43667882607058,0.007032836578034942,0.007771550554022406,10085.8377256895,not computed,,
cheat-leaked-future,138991c3d0a0,3fd443c,BTC-USD,4h,2025-10-01 00:00:00,2026-07-26,6,train,long,2024-01-09 16:00:00,46868.08,46891.51404,2024-01-09 20:00:00,45584.564040000005,45561.77175798001,stop,2,871.2999999999998,45584.564040000005,48634.11404,0.053772190620065864,2521.459431422375,10085.8377256895,-69.01746486501668,4.971415707380409,2.485690599323803,7.457106306704212,-76.4745711717209,-0.007582371762430161,-0.006843007665017576,10009.36315451778,not computed,,
cheat-leaked-future,138991c3d0a0,3fd443c,BTC-USD,4h,2025-10-01 00:00:00,2026-07-26,7,train,long,2024-01-10 00:00:00,46110.0,46133.055,2024-01-10 12:00:00,44517.99107142857,44495.73207589286,stop,4,1076.7092857142864,44517.99107142857,48286.47357142857,0.05424181833675322,2502.340788629445,10009.36315451778,-86.35345909406051,4.915870204650869,2.4579135139604773,7.373783718611346,-93.72724281267186,-0.009363956663952948,-0.008627268065010152,9915.635911705107,not computed,,
cheat-leaked-future,138991c3d0a0,3fd443c,BTC-USD,4h,2025-10-01 00:00:00,2026-07-26,8,train,long,2024-01-10 16:00:00,45546.39,45569.163194999994,2024-01-11 12:00:00,47766.580337857136,47742.69704768821,target,6,1098.7085714285718,43921.10033785713,47766.580337857136,0.05439882596304229,2478.9089779262767,9915.635911705107,120.77574779391846,5.076055645629721,2.5380580167512505,7.614113662380971,113.16163413153748,0.011412443451857043,0.012180333048669764,10028.797545836644,not computed,,
cheat-leaked-future,138991c3d0a0,3fd443c,BTC-USD,4h,2025-10-01 00:00:00,2026-07-26,9,train,short,2024-01-11 16:00:00,46783.77,46760.378115,2024-01-12 16:00:00,44115.38240071428,44137.440091914636,target,7,1322.4978571428578,48744.12490071428,44115.38240071428,0.05055482694695631,2363.962823578068,10028.797545836644,134.89987330929347,4.595323469306464,2.2976954596211954,6.89301892892766,128.0068543803658,0.012763928456558243,0.013451251029122212,10156.80440021701,not computed,,
cheat-leaked-future,138991c3d0a0,3fd443c,BTC-USD,4h,2025-10-01 00:00:00,2026-07-26,10,train,short,2024-01-12 20:00:00,43472.56,43450.82372,2024-01-18 16:00:00,40835.20800571429,40855.62560971714,target,36,1307.807857142857,45412.53550571429,40835.20800571429,0.051775212210996485,2249.6756188455997,10156.80440021701,136.54945917923737,4.364984304801728,2.182526289765349,6.547510594567076,130.0019485846703,0.012799493173452536,0.0134441359505082,10286.80634880168,not computed,,
cheat-leaked-future,138991c3d0a0,3fd443c,BTC-USD,4h,2025-10-01 00:00:00,2026-07-26,11,train,long,2024-01-18 20:00:00,41022.33,41042.841165,2024-01-22 16:00:00,40157.787593571426,40137.708699774645,stop,24,590.0357142857138,40157.787593571426,42222.912593571426,0.06265895620777549,2571.70158720042,10286.80634880168,-54.171324784173,5.08668851890005,2.5433307166182857,7.630019235518335,-61.801344019691335,-0.006007826134190874,-0.005266097459925788,10225.005004781988,not computed,,
cheat-leaked-future,138991c3d0a0,3fd443c,BTC-USD,4h,2025-10-01 00:00:00,2026-07-26,12,train,short,2024-01-22 20:00:00,39820.31,39800.399845,2024-01-23 08:00:00,38924.93555928572,38944.398027065356,target,4,437.7321428571418,40456.99805928571,38924.93555928572,0.06422677312666825,2556.251251195497,10225.005004781988,57.50701106717355,5.05752426783449,2.528776510669573,7.586300778504063,49.92071028866949,0.004882218665450314,0.005624154808753532,10274.925715070658,not computed,,
cheat-leaked-future,138991c3d0a0,3fd443c,BTC-USD,4h,2025-10-01 00:00:00,2026-07-26,13,train,long,2024-01-23 12:00:00,38845.56,38864.98278,2024-01-24 00:00:00,40089.438494285714,40069.393775038574,target,4,612.2278571428568,37946.64099428571,40089.438494285714,0.06609372357909647,2568.7314287676645,10274.925715070658,82.21256136730287,5.217066864917033,2.608553985598732,7.825620850515765,74.3869405167871,0.007239657256857897,0.008001280364170254,10349.312655587446,not computed,,
cheat-leaked-future,138991c3d0a0,3fd443c,BTC-USD,4h,2025-10-01 00:00:00,2026-07-26,14,train,long,2024-01-24 04:00:00,39614.0,39633.807,2024-01-26 08:00:00,41201.472714285715,41180.871977928575,target,14,783.8328571428574,38458.057714285715,41201.472714285715,0.06528083875204976,2587.3281638968615,10349.312655587446,103.63155028456455,5.275650027156821,2.6378509214658834,7.913500948622705,95.71804933594186,0.009248734918088019,0.010013375161549048,10445.030704923387,not computed,,
cheat-leaked-future,138991c3d0a0,3fd443c,BTC-USD,4h,2025-10-01 00:00:00,2026-07-26,15,train,long,2024-01-26 12:00:00,41289.52,41310.16475999999,2024-01-28 04:00:00,42416.08333142856,42394.87528976285,target,11,552.9592857142852,40480.725831428565,42416.08333142856,0.06321102061445391,2611.2576762308468,10445.030704923387,71.21121796641896,5.29108101211925,2.64555830886367,7.93663932098292,63.27457864543604,0.00605786430245828,0.0068177126499831845,10508.305283568823,not computed,,
cheat-leaked-future,138991c3d0a0,3fd443c,BTC-USD,4h,2025-10-01 00:00:00,2026-07-26,16,train,long,2024-01-28 08:00:00,42388.82,42410.014409999996,2024-01-28 20:00:00,41702.49869571428,41681.64744636643,stop,4,471.6771428571436,41702.49869571428,43353.368695714285,0.061944716535459576,2627.076320892206,10508.305283568823,-42.51397864622563,5.209034156688336,2.6045064498491897,7.813540606537526,-50.32751925276315,-0.004789308827129065,-0.004045750242210993,10457.97776431606,not computed,,
cheat-leaked-future,138991c3d0a0,3fd443c,BTC-USD,4h,2025-10-01 00:00:00,2026-07-26,17,train,long,2024-01-29 00:00:00,42031.05,42052.065525,2024-01-29 16:00:00,42858.962667857144,42837.533186523215,target,5,403.44857142857137,41446.892667857144,42858.962667857144,0.062172794806587925,2614.494441079015,10457.97776431606,51.473644416456814,5.277823601905124,2.638924669363419,7.916748271268543,43.55689614518827,0.0041649444210724845,0.004921950072612641,10501.534660461248,not computed,,
cheat-leaked-future,138991c3d0a0,3fd443c,BTC-USD,4h,2025-10-01 00:00:00,2026-07-26,18,train,long,2024-01-29 20:00:00,42995.99,43017.487994999996,2024-01-31 20:00:00,42316.99870928571,42295.84020993107,stop,13,466.99285714285674,42316.99870928571,43951.47370928571,0.061030613071141326,2625.383665115312,10501.534660461248,-41.439254742258434,5.206724723486436,2.603352001929359,7.810076725415795,-49.24933146767423,-0.004689727078947822,-0.003946018946952496,10452.285328993574,not computed,,
cheat-leaked-future,138991c3d0a0,3fd443c,BTC-USD,4h,2025-10-01 00:00:00,2026-07-26,19,train,short,2024-02-01 00:00:00,42580.0,42558.71,2024-02-05 12:00:00,43503.32,43525.071659999994,stop,28,629.7399999999996,43503.32,41299.23,0.06139921375080198,2613.0713322483934,10452.285328993574,-56.69112204039046,5.285476510619707,2.6427240825290568,7.928200593148763,-64.61932263353923,-0.006182315216203658,-0.005423801614287649,10387.666006360034,not computed,,
cheat-leaked-future,138991c3d0a0,3fd443c,BTC-USD,4h,2025-10-01 00:00:00,2026-07-26,20,train,long,2024-02-05 16:00:00,42644.04,42665.36202,2024-02-07 16:00:00,43445.649162857146,43423.92633827572,target,13,390.1435714285716,42080.14666285714,43445.649162857146,0.06086709167902212,2596.9165015900085,10387.666006360034,48.791618406370006,5.24000460708494,2.6200145014468745,7.860019108531815,40.93159929783819,0.003940403866737445,0.004697072314078684,10428.597605657873,not computed,,
cheat-leaked-future,138991c3d0a0,3fd443c,BTC-USD,4h,2025-10-01 00:00:00,2026-07-26,21,train,long,2024-02-07 20:00:00,43615.47,43637.277734999996,2024-02-08 00:00:00,44545.35487785714,44523.08220041822,target,2,454.03857142857254,42956.21987785714,44545.35487785714,0.059745922219235074,2607.1494014144682,10428.597605657873,55.55682958529565,5.267222007521265,2.63362489296739,7.900846900488655,47.655982684807,0.004569740293647153,0.005327353848148687,10476.25358834268,not computed,,
cheat-leaked-future,138991c3d0a0,3fd443c,BTC-USD,4h,2025-10-01 00:00:00,2026-07-26,22,train,short,2024-02-08 04:00:00,44540.98,44518.70951000001,2024-02-08 12:00:00,45188.15522428572,45210.749301897864,stop,3,446.2971428571436,45188.15522428572,43626.11522428572,0.058830622583463776,2619.06339708567,10476.25358834268,-38.07372136532161,5.278839925981221,2.639410444559971,7.918250370541192,-45.991971735862805,-0.004390116309043892,-0.003634287872497442,10430.261616606818,not computed,,
cheat-leaked-future,138991c3d0a0,3fd443c,BTC-USD,4h,2025-10-01 00:00:00,2026-07-26,23,train,short,2024-02-08 16:00:00,45432.3,45409.58385,2024-02-09 00:00:00,46113.96670714286,46137.02369049643,stop,3,469.5885714285713,46113.96670714286,44470.40670714286,0.05742323939292618,2607.5654041517046,10430.261616606818,-39.14351051045216,5.256902760408187,2.6284415943263966,7.885344354734584,-47.028854865186744,-0.00450888545214518,-0.003752879069507593,10383.232761741632,not computed,,
cheat-leaked-future,138991c3d0a0,3fd443c,BTC-USD,4h,2025-10-01 00:00:00,2026-07-26,24,train,long,2024-02-09 04:00:00,46060.74,46083.77037,2024-02-09 08:00:00,47119.41751285714,47095.85780410071,target,2,517.8235714285709,45307.035012857144,47119.41751285714,0.056328034134230674,2595.808190435408,10383.232761741632,59.633223081359354,5.248625276405667,2.624327546508354,7.872952822914021,51.76027025844533,0.004984986029511229,0.005743223180076026,10434.993032000077,not computed,,
cheat-leaked-future,138991c3d0a0,3fd443c,BTC-USD,4h,2025-10-01 00:00:00,2026-07-26,25,train,short,2024-02-09 12:00:00,47180.01,47156.419995000004,2024-02-09 16:00:00,48037.62928071429,48061.64809535464,stop,2,587.4728571428562,48037.62928071429,45981.47428071429,0.05532116853392655,2608.748258000019,10434.993032000077,-47.444500766339935,5.267574792301404,2.6337755350251584,7.901350327326562,-55.3458510936665,-0.005303870440923366,-0.004546672970537312,10379.64718090641,not computed,,
cheat-leaked-future,138991c3d0a0,3fd443c,BTC-USD,4h,2025-10-01 00:00:00,2026-07-26,26,train,short,2024-02-09 20:00:00,47509.48,47485.72526000001,2024-02-11 00:00:00,48529.25811714286,48553.52274620143,stop,8,695.6885714285709,48529.25811714286,46094.348117142865,0.05464614431007644,2594.9117952266024,10379.64718090641,-55.72694215364664,5.248174605978105,2.6240733712531963,7.872247977231301,-63.59919013087794,-0.006127297876547293,-0.00536886670446348,10316.047990775533,not computed,,
cheat-leaked-future,138991c3d0a0,3fd443c,BTC-USD,4h,2025-10-01 00:00:00,2026-07-26,27,train,short,2024-02-11 04:00:00,48519.6,48495.3402,2024-02-12 12:00:00,49534.65805714286,49559.425386171424,stop,9,692.8785714285711,49534.65805714286,47109.58305714286,0.053180614612821774,2579.011997693883,10316.047990775533,-53.98141134655396,5.214612699588762,2.607292854441326,7.821905554030088,-61.80331690058405,-0.005990987726680578,-0.00523276078153411,10254.244673874948,not computed,,
cheat-leaked-future,138991c3d0a0,3fd443c,BTC-USD,4h,2025-10-01 00:00:00,2026-07-26,28,train,short,2024-02-12 16:00:00,49917.8,49892.841100000005,2024-02-13 12:00:00,48527.579671428575,48551.84346126429,target,6,682.6307142857144,50916.78717142858,48527.579671428575,0.05138134273272998,2563.561168468737,10254.244673874948,71.43138717633701,5.058220077657812,2.529127896675547,7.587347974333359,63.84403920200365,0.006226108429483944,0.006966031087431036,10318.088713076952,not computed,,
cheat-leaked-future,138991c3d0a0,3fd443c,BTC-USD,4h,2025-10-01 00:00:00,2026-07-26,29,train,long,2024-02-13 16:00:00,48727.47,48751.833735,2024-02-14 08:00:00,50312.41659214286,50287.26038384679,target,5,780.2914285714281,47581.39659214286,50312.41659214286,0.05291128518961417,2579.522178269238,10318.088713076952,83.86156114717777,5.240285753843342,2.6201638423116407,7.860449596154982,76.00111155102279,0.007365812958624828,0.008127625520499083,10394.089824627974,not computed,,
cheat-leaked-future,138991c3d0a0,3fd443c,BTC-USD,4h,2025-10-01 00:00:00,2026-07-26,30,train,long,2024-02-14 12:00:00,51555.12,51580.89756,2024-02-26 16:00:00,53430.68756,53403.97221622,target,74,924.8949999999999,50193.55506,53430.68756,0.05037761223783159,2598.5224561569935,10394.089824627974,94.48661526353573,5.288887060425656,2.6444671518664222,7.933354212292079,86.55326105124365,0.00832716115711859,0.009090417425454335,10480.643085679218,not computed,,
cheat-leaked-future,138991c3d0a0,3fd443c,BTC-USD,4h,2025-10-01 00:00:00,2026-07-26,31,train,short,2024-02-26 20:00:00,54487.1,54459.85645,2024-02-27 00:00:00,55308.99037857143,55336.644873760706,stop,2,566.0892857142862,55308.99037857143,53327.67787857143,0.04811178255354737,2620.1607714198044,10480.643085679218,-39.54261117668129,5.282505396829051,2.6412428127613836,7.923748209590435,-47.466359386271726,-0.0045289548549868955,-0.0037729184033289363,10433.176726292946,not computed,,
cheat-leaked-future,138991c3d0a0,3fd443c,BTC-USD,4h,2025-10-01 00:00:00,2026-07-26,32,train,long,2024-02-27 04:00:00,55667.6,55695.4338,2024-02-27 12:00:00,57188.245228571424,57159.65110595714,target,3,746.4057142857143,54575.825228571426,57188.245228571424,0.04683138281927228,2608.2941815732365,10433.176726292946,71.21391883152825,5.285159684332355,2.6425976456457505,7.927757329978106,63.28616150155014,0.006065857328196203,0.006825717679262541,10496.462887794496,not computed,,
cheat-leaked-future,138991c3d0a0,3fd443c,BTC-USD,4h,2025-10-01 00:00:00,2026-07-26,33,train,long,2024-02-27 16:00:00,56745.66,56774.032830000004,2024-02-28 08:00:00,58502.09283,58472.841783585005,target,5,864.0299999999988,55477.987830000005,58502.09283,0.04622035094470184,2624.115721948624,10496.462887794496,81.18294181339573,5.326750989919948,2.663395790695276,7.990146780615224,73.19279503278051,0.006973091394234395,0.007734314185762228,10569.655682827277,not computed,,
cheat-leaked-future,138991c3d0a0,3fd443c,BTC-USD,4h,2025-10-01 00:00:00,2026-07-26,34,train,long,2024-02-28 12:00:00,58941.11,58970.580555,2024-02-28 12:00:00,61214.84912642857,61184.24170186536,target,1,1122.1342857142845,57287.379126428576,61214.84912642857,0.044809019952624055,2642.413920706819,10569.655682827277,101.88402188319974,5.384019827911877,2.6920353849612866,8.076055212873165,93.80796667032658,0.008875215000876346,0.009639294310100627,10663.463649497604,not computed,,
cheat-leaked-future,138991c3d0a0,3fd443c,BTC-USD,4h,2025-10-01 00:00:00,2026-07-26,35,train,short,2024-02-28 16:00:00,60966.22,60935.73689000001,2024-02-28 16:00:00,62850.26189000001,62881.687020945006,stop,1,1276.349999999999,62850.26189000001,58383.03689000001,0.04374880896552986,2665.865912374401,10663.463649497604,-82.42458872866615,5.416864825283963,2.7084118064944107,8.125276631778373,-90.54986536044453,-0.008491599759400002,-0.00772962626759172,10572.91378413716,not computed,,
cheat-leaked-future,138991c3d0a0,3fd443c,BTC-USD,4h,2025-10-01 00:00:00,2026-07-26,36,train,long,2024-02-28 20:00:00,60951.1,60981.575549999994,2024-03-04 00:00:00,64223.81554999999,64191.703642224995,target,26,1621.119999999999,58549.895549999994,64223.81554999999,0.04334470571143336,2643.22844603429,10572.91378413716,141.85489239198148,5.425598949522078,2.712834938483809,8.138433888005887,133.7164585039756,0.012647077355780027,0.013416821066375324,10706.630242641135,not computed,,
cheat-leaked-future,138991c3d0a0,3fd443c,BTC-USD,4h,2025-10-01 00:00:00,2026-07-26,37,train,long,2024-03-04 04:00:00,63458.71,63490.439354999995,2024-03-04 08:00:00,64919.91364071428,64887.453683893924,target,2,714.7371428571423,62418.33364071428,64919.91364071428,0.04215843499985942,2676.6575606602837,10706.630242641135,61.60205870861093,5.412211059099114,2.706120930064003,8.118331989163117,53.483726719447816,0.0049953837488885145,0.005753636514247904,10760.113969360582,not computed,,
cheat-leaked-future,138991c3d0a0,3fd443c,BTC-USD,4h,2025-10-01 00:00:00,2026-07-26,38,train,long,2024-03-04 12:00:00,65229.99,65262.604994999994,2024-03-04 16:00:00,66872.364995,66838.9288125025,target,2,804.879999999999,64055.284994999995,66872.364995,0.04121852770888074,2690.0284923401455,10760.113969360582,67.6962792397803,5.445030731630187,2.7225322898843984,8.167563021514585,59.528716218265714,0.005532349972107517,0.006291409127500453,10819.642685578847,not computed,,
cheat-leaked-future,138991c3d0a0,3fd443c,BTC-USD,4h,2025-10-01 00:00:00,2026-07-26,39,train,long,2024-03-04 20:00:00,67405.25,67438.95262499999,2024-03-05 04:00:00,65964.28441071427,65931.30226850892,stop,3,983.1121428571423,65964.28441071427,69405.17691071428,0.04010902551283079,2704.9106713947117,10819.642685578847,-57.79572558377245,5.349350956176495,2.674661029156198,8.024011985332692,-65.81973756910514,-0.0060833559371451474,-0.005341740689903421,10753.822948009742,not computed,,
cheat-leaked-future,138991c3d0a0,3fd443c,BTC-USD,4h,2025-10-01 00:00:00,2026-07-26,40,train,long,2024-03-05 08:00:00,66129.64,66162.70482,2024-03-05 12:00:00,68783.04482,68748.65329759,target,2,1310.1700000000003,64197.44982,68783.04482,0.04063400588468317,2688.4557370024354,10753.822948009742,107.81846707032652,5.481988919660751,2.741021414446763,8.223010334107514,99.595456736219,0.009261400082344818,0.010026059345740017,10853.41840474596,not computed,,
cheat-leaked-future,138991c3d0a0,3fd443c,BTC-USD,4h,2025-10-01 00:00:00,2026-07-26,41,train,short,2024-03-05 16:00:00,66773.05,66739.66347500001,2024-03-05 16:00:00,63672.57490357144,63704.411191023224,target,1,1533.544285714286,69039.97990357144,63672.57490357144,0.04065580286006214,2713.35460118649,10853.41840474596,126.05230429293181,5.303308583885067,2.6516858050183174,7.954994388903384,118.09730990402842,0.010881116483299591,0.011614064766710912,10971.51571464999,not computed,,
cheat-leaked-future,138991c3d0a0,3fd443c,BTC-USD,4h,2025-10-01 00:00:00,2026-07-26,42,train,long,2024-03-05 20:00:00,61410.98,61441.685489999996,2024-03-06 04:00:00,65579.37834714286,65546.58865796929,target,3,2068.846428571429,58338.41584714285,65579.37834714286,0.03535469674671469,2172.25215810597,10971.51571464999,147.3724594827425,4.489631922890123,2.2448528045597413,6.734484727449864,140.63797475529265,0.012818463593640238,0.013432278940817607,11112.153689405282,not computed,,
cheat-leaked-future,138991c3d0a0,3fd443c,BTC-USD,4h,2025-10-01 00:00:00,2026-07-26,43,train,long,2024-03-06 08:00:00,66676.46,66709.79823,2024-03-11 08:00:00,71660.71823,71624.88787088501,target,31,2475.46,62996.60823,71660.71823,0.029926165074788187,1996.3684339367928,11112.153689405282,149.15973456635135,4.139826651824092,2.0699506158451584,6.20977726766925,142.9499572986821,0.012864289074311096,0.013423116592471671,11255.103646703965,not computed,,
cheat-leaked-future,138991c3d0a0,3fd443c,BTC-USD,4h,2025-10-01 00:00:00,2026-07-26,44,train,long,2024-03-11 12:00:00,71487.21,71522.953605,2024-03-12 16:00:00,70076.23039071429,70041.19227551894,stop,8,964.4821428571429,70076.23039071429,73451.91789071429,0.03934087967361693,2813.775911675991,11255.103646703965,-55.50917903083631,5.56925802918385,2.7846151372966474,8.353873166480497,-63.863052197316804,-0.00567414163405052,-0.004931911848461036,11191.240594506648,not computed,,
cheat-leaked-future,138991c3d0a0,3fd443c,BTC-USD,4h,2025-10-01 00:00:00,2026-07-26,45,train,long,2024-03-12 20:00:00,71349.99,71385.664995,2024-03-14 16:00:00,69130.85320928572,69096.28778268109,stop,12,1503.2078571428553,69130.85320928572,74392.08070928571,0.039192884857521836,2797.810148626662,11191.240594506648,-86.9743727215555,5.505892999775475,2.752924756293936,8.258817756069412,-95.2331904776249,-0.008509618721303448,-0.007771647118751775,11096.007404029022,not computed,,
cheat-leaked-future,138991c3d0a0,3fd443c,BTC-USD,4h,2025-10-01 00:00:00,2026-07-26,46,train,long,2024-03-14 20:00:00,69415.09,69449.797545,2024-03-15 00:00:00,67228.50111642857,67194.88686587036,stop+target same candle (loss counted),2,1480.864285714286,67228.50111642857,72411.52611642856,0.03994254769727502,2774.0018510072555,11096.007404029022,-87.33793077638312,5.457936824660281,2.728946577847182,8.186883402507462,-95.52481417889058,-0.008608935691968356,-0.007871113238863758,11000.482589850131,not computed,,
cheat-leaked-future,138991c3d0a0,3fd443c,BTC-USD,4h,2025-10-01 00:00:00,2026-07-26,47,train,long,2024-03-15 04:00:00,68224.01,68258.122005,2024-03-15 08:00:00,65745.55021928571,65712.67744417606,stop,2,1675.047857142858,65745.55021928571,71608.21771928572,0.04029001335930518,2750.120647462533,11000.482589850131,-99.85717767547915,5.397685299564099,2.6988176854878247,8.096502985051924,-107.95368066053108,-0.009813540431411366,-0.009077526995735156,10892.5289091896,not computed,,
cheat-leaked-future,138991c3d0a0,3fd443c,BTC-USD,4h,2025-10-01 00:00:00,2026-07-26,48,train,long,2024-03-15 12:00:00,67757.75,67791.628875,2024-03-16 20:00:00,64943.75887499999,64911.2869955625,stop,9,1898.5800000000017,64943.75887499999,71588.788875,0.03824798501753798,2592.893205525495,10892.5289091896,-107.62949038848515,5.075619138000878,2.537782661627375,7.613401799628253,-115.2428921881134,-0.01057999415460697,-0.009881037845828656,10777.286017001486,not computed,,
cheat-leaked-future,138991c3d0a0,3fd443c,BTC-USD,4h,2025-10-01 00:00:00,2026-07-26,49,train,long,2024-03-17 00:00:00,65300.64,65333.29031999999,2024-03-19 20:00:00,61912.41067714285,61881.45447180428,stop,18,2280.586428571432,61912.41067714285,69894.46317714285,0.03150442910058133,2058.288012794136,10777.286017001486,-106.74423047846379,4.007827907841945,2.003887267863007,6.0117151757049525,-112.75594565416874,-0.010462369234359458,-0.009904555776850649,10664.530071347317,not computed,,
cheat-leaked-future,138991c3d0a0,3fd443c,BTC-USD,4h,2025-10-01 00:00:00,2026-07-26,50,train,short,2024-03-20 00:00:00,61937.41,61906.441295000004,2024-03-20 16:00:00,64569.26058071429,64601.545211004646,stop,5,1775.2128571428584,64569.26058071429,58356.01558071429,0.04004977028881109,2479.3387532625193,10664.530071347317,-105.40501119208125,5.066615799265499,2.5332815483798896,7.599897347645388,-113.00490853972664,-0.010596332682612992,-0.009883699561715874,10551.525162807591,not computed,,
cheat-leaked-future,138991c3d0a0,3fd443c,BTC-USD,4h,2025-10-01 00:00:00,2026-07-26,51,train,long,2024-03-20 20:00:00,65784.47,65817.362235,2024-03-22 12:00:00,62628.330092142845,62597.01592709678,stop,11,2126.0214285714296,62628.330092142845,70069.40509214286,0.0330869200752369,2177.69380383236,10551.525162807591,-104.42694887753527,4.248836266760542,2.124392026642653,6.373228293403195,-110.80017717093847,-0.010500868401611841,-0.009896858251887913,10440.724985636652,not computed,,
cheat-leaked-future,138991c3d0a0,3fd443c,BTC-USD,4h,2025-10-01 00:00:00,2026-07-26,52,train,short,2024-03-22 16:00:00,63877.04,63845.101480000005,2024-03-24 20:00:00,66512.22040857143,66545.47651877571,stop,14,1778.0792857142853,66512.22040857143,60288.94290857144,0.039146079590942545,2499.285424027884,10440.724985636652,-103.15698201042977,5.104279944249076,2.5521141828787393,7.6563941271278155,-110.81337613755758,-0.010613571020212102,-0.00988025085924045,10329.911609499095,not computed,,
cheat-leaked-future,138991c3d0a0,3fd443c,BTC-USD,4h,2025-10-01 00:00:00,2026-07-26,53,train,long,2024-03-25 00:00:00,67210.0,67243.605,2024-03-25 12:00:00,69637.515,69602.69624250001,target,4,1196.9550000000013,65448.17249999999,69637.515,0.03840481042583564,2582.4779023747737,10329.911609499095,93.22825338087239,5.25555625669501,2.627801435410319,7.883357692105329,85.34489568876705,0.008261919260788862,0.00902507755198431,10415.256505187863,not computed,,
cheat-leaked-future,138991c3d0a0,3fd443c,BTC-USD,4h,2025-10-01 00:00:00,2026-07-26,54,train,long,2024-03-25 16:00:00,69792.06,69826.95602999999,2024-04-02 00:00:00,68030.58281571427,67996.56752430642,stop,45,1197.582142857144,68030.58281571427,72222.12031571427,0.037289526485706756,2603.8141262969657,10415.256505187863,-65.68465011739089,5.139373931931737,2.569670544802662,7.709044476734399,-73.3936945941253,-0.007046748638170143,-0.006306580167725414,10341.862810593737,not computed,,
cheat-leaked-future,138991c3d0a0,3fd443c,BTC-USD,4h,2025-10-01 00:00:00,2026-07-26,55,train,short,2024-04-02 04:00:00,66703.97,66670.618015,2024-04-03 00:00:00,64520.708015,64552.968369007496,target,6,1074.9550000000006,68283.050515,64520.708015,0.0387796870589491,2585.465702648434,10341.862810593737,84.66621654600021,5.088809614724785,2.5444259739165602,7.633235588641345,77.03298095735887,0.00744865624000057,0.008186747213400663,10418.895791551096,not computed,,
cheat-leaked-future,138991c3d0a0,3fd443c,BTC-USD,4h,2025-10-01 00:00:00,2026-07-26,56,train,short,2024-04-03 04:00:00,66225.79,66192.677105,2024-04-04 16:00:00,68385.2603192857,68419.45294944535,stop,10,1461.7221428571434,68385.2603192857,63269.23281928571,0.03935063607951613,2604.723947887774,10418.895791551096,-84.97653065872856,5.297072941660974,2.64851522669764,7.945588168358614,-92.92211882708717,-0.008918614859593825,-0.008156001591611832,10325.973672724009,not computed,,
cheat-leaked-future,138991c3d0a0,3fd443c,BTC-USD,4h,2025-10-01 00:00:00,2026-07-26,57,train,short,2024-04-04 20:00:00,68500.0,68465.75,2024-04-05 12:00:00,66061.37714285713,66094.40783142856,target,5,1202.1864285714307,70269.02964285715,66061.37714285713,0.037704887745785336,2581.493418181002,10325.973672724009,91.94800108287805,5.073575646089171,2.5368108100446563,7.610386456133828,84.33761462674423,0.00816752175627965,0.008904535688073473,10410.311287350753,not computed,,
cheat-leaked-future,138991c3d0a0,3fd443c,BTC-USD,4h,2025-10-01 00:00:00,2026-07-26,58,train,short,2024-04-05 16:00:00,68190.62,68156.52469,2024-04-07 16:00:00,70124.69290428572,70159.75525073786,stop,13,1312.1121428571448,70124.69290428572,65532.300404285714,0.03818530703663564,2602.577821837688,10410.311287350753,-73.85316768138811,5.281649617702323,2.6408063455585165,7.922455963260839,-81.77562364464896,-0.007855252488368143,-0.007094232405050636,10328.535663706103,not computed,,
cheat-leaked-future,138991c3d0a0,3fd443c,BTC-USD,4h,2025-10-01 00:00:00,2026-07-26,59,train,long,2024-04-07 20:00:00,69068.01,69102.54400499999,2024-04-08 08:00:00,70929.46257642856,70893.99784514034,target,4,913.4592857142842,67732.35507642856,70929.46257642856,0.037366698333706684,2582.133915926526,10328.535663706103,69.55633688590726,5.231208547076337,2.6156216626222033,7.84683020969854,61.70950667620872,0.005974661722188991,0.006734385120082834,10390.245170382312,not computed,,
cheat-leaked-future,138991c3d0a0,3fd443c,BTC-USD,4h,2025-10-01 00:00:00,2026-07-26,60,train,short,2024-04-08 12:00:00,72404.0,72367.79800000001,2024-04-09 04:00:00,70536.3322857143,70571.60045185716,target,5,915.7328571428546,73741.3972857143,70536.3322857143,0.03589388325171339,2597.561292595578,10390.245170382312,67.03784688956507,5.130650080101103,2.5653417995116854,7.695991879612788,59.34185500995228,0.005711304597422583,0.0064519985611752794,10449.587025392264,not computed,,
cheat-leaked-future,138991c3d0a0,3fd443c,BTC-USD,4h,2025-10-01 00:00:00,2026-07-26,61,train,long,2024-04-09 08:00:00,70383.98,70419.17198999999,2024-04-09 12:00:00,68933.67163285713,68899.20479704071,stop,2,990.3335714285703,68933.67163285713,72399.83913285713,0.03709780564757342,2612.396756348066,10449.587025392264,-53.80325793331543,5.16840606518104,2.5841895817754192,7.752595646956459,-61.55585358027189,-0.00589074510128415,-0.005148840600358149,10388.031171811992,not computed,,
cheat-leaked-future,138991c3d0a0,3fd443c,BTC-USD,4h,2025-10-01 00:00:00,2026-07-26,62,train,short,2024-04-09 16:00:00,69264.0,69229.368,2024-04-10 20:00:00,70969.61228571429,71005.09709185714,stop,8,1160.162857142856,70969.61228571429,66909.04228571428,0.03751309405212248,2597.007792952998,10388.031171811992,-63.98279409045579,5.2606286783399225,2.630298343471061,7.890927021810984,-71.87372111226678,-0.006918897327464391,-0.0061592801400205295,10316.157450699726,not computed,,
cheat-leaked-future,138991c3d0a0,3fd443c,BTC-USD,4h,2025-10-01 00:00:00,2026-07-26,63,train,long,2024-04-11 00:00:00,70631.08,70666.39554,2024-04-12 16:00:00,68946.37125428571,68911.89806865857,stop,11,1146.682857142856,68946.37125428571,72959.76125428571,0.03649598006191065,2579.0393626749315,10316.157450699726,-61.48509679371528,5.094046620617113,2.5470079390340814,7.641054559651194,-69.12615135336647,-0.00670076544330736,-0.00596007739195032,10247.03129934636,not computed,,
cheat-leaked-future,138991c3d0a0,3fd443c,BTC-USD,4h,2025-10-01 00:00:00,2026-07-26,64,train,long,2024-04-12 20:00:00,66843.98,66877.40199,2024-04-13 16:00:00,64768.94091857143,64736.55644811215,stop,6,1405.6407142857133,64768.94091857143,69688.68341857143,0.03830528322884975,2561.75782483659,10247.03129934636,-79.48495972505334,5.0415099548419455,2.5207351061811067,7.562245061023052,-87.04720478607639,-0.008494870586725834,-0.007756876836135316,10159.984094560283,not computed,,
cheat-leaked-future,138991c3d0a0,3fd443c,BTC-USD,4h,2025-10-01 00:00:00,2026-07-26,65,train,short,2024-04-13 20:00:00,64788.01,64755.61599500001,2024-04-13 20:00:00,61843.42885214287,61874.35056656894,target,1,1456.0935714285708,66939.75635214287,61843.42885214287,0.039224335752380025,2539.9960236400707,10159.984094560283,115.49923959367679,4.966976324723636,2.48351703717141,7.450493361895046,108.04874623178175,0.01063473576593803,0.01136805318972062,10268.032840792064,not computed,,
cheat-leaked-future,138991c3d0a0,3fd443c,BTC-USD,4h,2025-10-01 00:00:00,2026-07-26,66,train,short,2024-04-14 00:00:00,63924.52,63892.557740000004,2024-04-15 04:00:00,66442.56202571429,66475.78330672714,stop,8,1700.0028571428568,66442.56202571429,60492.55202571429,0.040176951760861154,2567.008210198016,10268.032840792064,-101.16725299894415,5.237802549377851,2.618875982875309,7.85667853225316,-109.0239315311973,-0.010617801210965675,-0.009852642133850073,10159.008909260867,not computed,,
cheat-leaked-future,138991c3d0a0,3fd443c,BTC-USD,4h,2025-10-01 00:00:00,2026-07-26,67,train,short,2024-04-15 08:00:00,66263.84,66230.70808,2024-04-15 16:00:00,62458.668079999996,62489.897414039995,target,3,1886.0199999999988,69059.73808,62458.668079999996,0.03590986631198987,2378.335872901227,10159.008909260867,136.64321494133785,4.622339734889365,2.3112040282483974,6.933543763137762,129.7096711782001,0.01276794541049746,0.013450447397164406,10288.718580439066,not computed,,
cheat-leaked-future,138991c3d0a0,3fd443c,BTC-USD,4h,2025-10-01 00:00:00,2026-07-26,68,train,long,2024-04-15 20:00:00,63301.11,63332.76055499999,2024-04-17 12:00:00,60165.741983571424,60135.65911257964,stop,11,2111.3457142857137,60165.741983571424,67555.45198357142,0.03248708003565026,2057.4964610289585,10288.718580439066,-101.85895169093315,4.011128431615915,2.00553875106975,6.016667182685665,-107.87561887361882,-0.01048484493284831,-0.009900061984841106,10180.842961565448,not computed,,
cheat-leaked-future,138991c3d0a0,3fd443c,BTC-USD,4h,2025-10-01 00:00:00,2026-07-26,69,train,long,2024-04-17 16:00:00,60304.95,60335.10247499999,2024-04-18 12:00:00,63738.29533214285,63706.42618447678,target,6,1701.596428571429,57782.70783214285,63738.29533214285,0.03988741705776753,2406.6113956434665,10180.842961565448,136.94727716652136,4.947696186123574,2.4738823298807517,7.421578516004326,129.52569865051703,0.01272249254207145,0.01345146739651348,10310.368660215965,not computed,,
cheat-leaked-future,138991c3d0a0,3fd443c,BTC-USD,4h,2025-10-01 00:00:00,2026-07-26,70,train,short,2024-04-18 16:00:00,63498.69,63466.940655000006,2024-04-19 00:00:00,60055.510655000005,60085.5384103275,target,3,1705.7149999999997,66025.51315500001,60055.510655000005,0.04029734807286468,2557.5493986943816,10310.368660215965,138.75099654276312,4.97883725416083,2.489453314829177,7.468290568990007,131.28270597377312,0.012733075828834933,0.013457423406997435,10441.651366189739,not computed,,
cheat-leaked-future,138991c3d0a0,3fd443c,BTC-USD,4h,2025-10-01 00:00:00,2026-07-26,71,train,long,2024-04-19 04:00:00,61785.14,61816.032569999996,2024-04-19 08:00:00,65335.30971285714,65302.64205800071,target,2,1759.6385714285705,59176.57471285714,65335.30971285714,0.03955983361481872,2445.4319631974145,10441.651366189739,140.44412314499718,5.028793617619986,2.5144319198406038,7.543225537460589,132.9008976075366,0.012727957767089617,0.013450374679215766,10574.552263797275,not computed,,
cheat-leaked-future,138991c3d0a0,3fd443c,BTC-USD,4h,2025-10-01 00:00:00,2026-07-26,72,train,short,2024-04-19 12:00:00,64870.73,64838.294635000006,2024-04-30 12:00:00,60995.11034928572,61025.60790446036,target,67,1921.5921428571423,67720.68284928572,60995.11034928572,0.03668677318130712,2378.707808737008,10574.552263797275,142.18397906277156,4.617540444179328,2.3088057680841985,6.926346212263526,135.25763285050803,0.012790861445129177,0.013445862814404769,10709.809896647783,not computed,,
cheat-leaked-future,138991c3d0a0,3fd443c,BTC-USD,4h,2025-10-01 00:00:00,2026-07-26,73,train,short,2024-04-30 16:00:00,60796.86,60766.46157000001,2024-05-01 04:00:00,58761.33728428572,58790.71795292786,target,4,1002.562142857143,62270.30478428572,58761.33728428572,0.04406135234775273,2677.4524741619457,10709.809896647783,89.68788358894139,5.267851012663252,2.633947928302021,7.901798940965273,81.78608464797611,0.007636558018978051,0.008374367468185788,10791.595981295759,not computed,,
cheat-leaked-future,138991c3d0a0,3fd443c,BTC-USD,4h,2025-10-01 00:00:00,2026-07-26,74,train,long,2024-05-01 08:00:00,57500.0,57528.75,2024-05-03 12:00:00,60322.40142857143,60292.240227857146,target,14,1396.8257142857146,55433.51142857143,60322.40142857143,0.04689653426024274,2697.8989953239397,10791.595981295759,132.36084529115809,5.525396104796427,2.762731142609397,8.288127247405825,124.07271804375226,0.011497161148248872,0.012265177970021203,10915.66869933951,not computed,,
cheat-leaked-future,138991c3d0a0,3fd443c,BTC-USD,4h,2025-10-01 00:00:00,2026-07-26,75,train,long,2024-05-03 16:00:00,61690.74,61721.58536999999,2024-05-05 12:00:00,64558.44822714286,64526.16900302929,target,12,1418.4314285714306,59593.93822714285,64558.44822714286,0.04421333571514639,2728.9171748348776,10915.66869933951,126.7909465797545,5.581834347378084,2.7909488714253428,8.372783218803427,118.41816336095107,0.010848457077862427,0.011615499707079459,11034.086862700462,not computed,,
cheat-leaked-future,138991c3d0a0,3fd443c,BTC-USD,4h,2025-10-01 00:00:00,2026-07-26,76,train,short,2024-05-05 16:00:00,64428.64,64396.42568,2024-05-08 00:00:00,62246.04996571429,62277.17299069714,target,15,1075.1878571428574,66009.20746571428,62246.04996571429,0.04283656564081392,2758.5217156751155,11034.086862700462,93.49466127066626,5.426261924415438,2.713154335872744,8.139416260288183,85.35524501037807,0.007735596617325195,0.008473257681767474,11119.44210771084,not computed,,
cheat-leaked-future,138991c3d0a0,3fd443c,BTC-USD,4h,2025-10-01 00:00:00,2026-07-26,77,train,short,2024-05-08 04:00:00,62894.0,62862.553,2024-05-09 08:00:00,60854.493,60884.9202465,target,8,1004.0300000000004,64368.598,60854.493,0.044221247694596656,2779.86052692771,11119.44210771084,90.18954422186364,5.472267666013949,2.736156380392842,8.20842404640679,81.98112017545685,0.007372772786739596,0.00811097745266565,11201.423227886296,not computed,,
cheat-leaked-future,138991c3d0a0,3fd443c,BTC-USD,4h,2025-10-01 00:00:00,2026-07-26,78,train,long,2024-05-09 12:00:00,61053.99,61084.516995,2024-05-09 20:00:00,62919.64413785714,62888.18431578822,target,3,917.5635714285719,59708.171637857144,62919.64413785714,0.04584395432316824,2800.355806971574,11201.423227886296,85.52896307875264,5.6833988562115545,2.84172081034626,8.525119666557814,77.00384341219483,0.00687446959601449,0.007635544282071727,11278.42707129849,not computed,,
cheat-leaked-future,138991c3d0a0,3fd443c,BTC-USD,4h,2025-10-01 00:00:00,2026-07-26,79,train,short,2024-05-10 00:00:00,63074.0,63042.463,2024-05-10 12:00:00,61163.02871428572,61193.61022864286,target,4,939.7171428571424,64452.038714285714,61163.02871428572,0.04472551727277252,2819.6067678246227,11278.42707129849,85.46917924698636,5.556522639089098,2.778282686838992,8.334805325928091,77.13437392105827,0.006839107389127955,0.007578111620235556,11355.56144521955,not computed,,
cheat-leaked-future,138991c3d0a0,3fd443c,BTC-USD,4h,2025-10-01 00:00:00,2026-07-26,80,train,short,2024-05-10 16:00:00,60928.02,60897.55599,2024-05-13 04:00:00,62365.65206142857,62396.83488745928,stop,16,978.7307142857135,62365.65206142857,58940.094561428574,0.046617476106447724,2838.8903613048874,11355.56144521955,-67.01877827350965,5.747673320788984,2.873819905699463,8.621493226488447,-75.64027149999811,-0.006661077205640154,-0.005901846297676734,11279.921173719551,not computed,,
cheat-leaked-future,138991c3d0a0,3fd443c,BTC-USD,4h,2025-10-01 00:00:00,2026-07-26,81,train,long,2024-05-13 08:00:00,62334.36,62365.52718,2024-05-14 12:00:00,61392.80075142857,61362.10435105286,stop,8,648.4842857142851,61392.80075142857,63662.49575142857,0.04521697195456767,2819.9802934298878,11279.921173719551,-42.57445813621814,5.594588844944699,2.797283778857448,8.391872623802147,-50.966330760020284,-0.004518323308744732,-0.0037743577708158065,11228.95484295953,not computed,,
cheat-leaked-future,138991c3d0a0,3fd443c,BTC-USD,4h,2025-10-01 00:00:00,2026-07-26,82,train,short,2024-05-14 16:00:00,61787.6,61756.7062,2024-05-15 12:00:00,63053.5687,63085.09548435,stop,6,864.5750000000007,63053.5687,60027.5562,0.04545641896199255,2807.2387107398827,11228.95484295953,-57.546403619969276,5.674861241333801,2.8374162340657634,8.512277475399564,-66.05868109536884,-0.005882887768204637,-0.005124822784023433,11162.896161864162,not computed,,
cheat-leaked-future,138991c3d0a0,3fd443c,BTC-USD,4h,2025-10-01 00:00:00,2026-07-26,83,train,long,2024-05-15 16:00:00,64725.12,64757.48256,2024-05-16 00:00:00,66583.05256,66549.76103372,target,3,912.7850000000014,63388.30505999999,66583.05256,0.04309500508887665,2790.7240404660406,11162.896161864162,80.06761312798935,5.658686330877728,2.8293631823416376,8.488049513219366,71.57956361476998,0.006412275325045795,0.007172655909989075,11234.475725478933,not computed,,
cheat-leaked-future,138991c3d0a0,3fd443c,BTC-USD,4h,2025-10-01 00:00:00,2026-07-26,84,train,long,2024-05-16 04:00:00,65975.39,66008.377695,2024-05-20 16:00:00,67931.01626642857,67897.05075829536,target,28,961.3192857142868,64566.398766428574,67931.01626642857,0.04254943129109019,2808.618931369733,11234.475725478933,83.2107854544539,5.697599827477485,2.8488207164353554,8.546420543912841,74.66436491054105,0.006646003492731573,0.007406735079389436,11309.140090389474,not computed,,
cheat-leaked-future,138991c3d0a0,3fd443c,BTC-USD,4h,2025-10-01 00:00:00,2026-07-26,85,train,long,2024-05-20 20:00:00,70000.0,70035.0,2024-05-21 00:00:00,71558.75142857143,71522.97205285715,target,2,761.8757142857149,68892.18642857143,71558.75142857143,0.04036960123648702,2827.2850225973684,11309.140090389474,62.92617359823303,5.7146388836196165,2.8573351733529435,8.57197405697256,54.35419954126047,0.0048062186078542575,0.005564187294108046,11363.494289930733,not computed,,
cheat-leaked-future,138991c3d0a0,3fd443c,BTC-USD,4h,2025-10-01 00:00:00,2026-07-26,86,train,short,2024-05-21 04:00:00,71283.99,71248.348005,2024-05-21 16:00:00,69298.25514785715,69332.90427543108,target,4,975.0464285714291,72710.91764785715,69298.25514785715,0.039872834276569034,2840.8735724826834,11363.494289930733,79.17687667669918,5.605372974570171,2.8027062815040154,8.408079256074187,70.76879742062499,0.006227732035148175,0.006967652260525033,11434.263087351359,not computed,,
cheat-leaked-future,138991c3d0a0,3fd443c,BTC-USD,4h,2025-10-01 00:00:00,2026-07-26,87,train,long,2024-05-21 20:00:00,69285.99,69320.632995,2024-05-23 12:00:00,67618.40513785715,67584.59593528822,stop,11,1134.8185714285707,67618.40513785715,71590.27013785715,0.04123686770205955,2858.5657718378397,11434.263087351359,-68.76597634214231,5.645542813118472,2.8227542150651175,8.468297028183589,-77.2342733703259,-0.0067546349756253945,-0.006014027822939599,11357.028813981033,not computed,,
cheat-leaked-future,138991c3d0a0,3fd443c,BTC-USD,4h,2025-10-01 00:00:00,2026-07-26,88,train,short,2024-05-23 16:00:00,68075.99,68041.95200500001,2024-05-25 08:00:00,69590.28093357144,69625.07607403822,stop,11,1032.2192857142852,69590.28093357144,65977.51343357144,0.04172803865601354,2839.257203495258,11357.028813981033,-63.1883906125197,5.744575069340608,2.8722717375722198,8.616846806912829,-71.80523741943253,-0.006322537223031162,-0.00556381353323079,11285.2235765616,not computed,,
cheat-leaked-future,138991c3d0a0,3fd443c,BTC-USD,4h,2025-10-01 00:00:00,2026-07-26,89,train,short,2024-05-25 12:00:00,69104.68,69070.12766,2024-05-27 16:00:00,70605.91749285714,70641.22045160357,stop,14,1023.8598885714289,70605.91749285714,67022.40788285714,0.04084697668474528,2821.3058941404,11285.2235765616,-61.321012869001535,5.706786178909003,2.853377759200967,8.56016393810997,-69.8811768071115,-0.006192272251676826,-0.005433743731613771,11215.342399754489,not computed,,
cheat-leaked-future,138991c3d0a0,3fd443c,BTC-USD,4h,2025-10-01 00:00:00,2026-07-26,90,train,long,2024-05-27 20:00:00,69260.02,69294.65001,2024-05-28 00:00:00,68177.96643857143,68143.87745535215,stop,2,744.4557142857157,68177.96643857143,70783.56143857143,0.04046251188993663,2803.835599938622,11215.342399754489,-43.782605094852045,5.561108051702193,2.780543080199209,8.3416511319014,-52.124256226753445,-0.004647584921517374,-0.003903813502458068,11163.218143527736,not computed,,
cheat-leaked-future,138991c3d0a0,3fd443c,BTC-USD,4h,2025-10-01 00:00:00,2026-07-26,91,train,short,2024-05-28 04:00:00,68050.3,68016.27485,2024-05-30 16:00:00,69312.97985,69347.636339925,stop,16,864.4700000000001,69312.97985,66287.33485,0.04103142287690185,2790.804535881934,11163.218143527736,-51.80955088349301,5.636236728059003,2.818105411641561,8.454342139700564,-60.263893023193575,-0.005398433699706357,-0.004641094549740694,11102.954250504543,not computed,,
cheat-leaked-future,138991c3d0a0,3fd443c,BTC-USD,4h,2025-10-01 00:00:00,2026-07-26,92,train,short,2024-05-30 20:00:00,68653.02,68618.69349,2024-05-31 16:00:00,66891.95920428571,66925.40518388785,target,6,863.3671428571439,69913.74420428571,66891.95920428571,0.040451638197259644,2775.7385626261357,11102.954250504543,71.23779415161276,5.482980839329771,2.741508229113279,8.22448906844305,63.01330508316971,0.005675363841142212,0.006416111653200368,11165.967555587713,not computed,,
cheat-leaked-future,138991c3d0a0,3fd443c,BTC-USD,4h,2025-10-01 00:00:00,2026-07-26,93,train,short,2024-05-31 20:00:00,67681.25781,67647.41718109499,2024-06-03 04:00:00,68981.56690261285,69016.05768606414,stop,15,889.4331476785717,68981.56690261285,65868.55088573784,0.04126531366931551,2791.4918888969282,11165.967555587713,-53.65766257373228,5.639461157531938,2.8197171643501875,8.459178321882126,-62.11684089561441,-0.0055630504554466205,-0.004805464668118324,11103.850714692098,not computed,,
cheat-leaked-future,138991c3d0a0,3fd443c,BTC-USD,4h,2025-10-01 00:00:00,2026-07-26,94,train,long,2024-06-03 08:00:00,68952.39062,68986.86681531,2024-06-03 12:00:00,69922.53198959572,69887.57072360093,target,2,467.8325871428585,68285.1179345957,69922.53198959572,0.04023900210028042,2775.9626786730246,11103.850714692098,39.03752060873095,5.588168783803499,2.7940941512813424,8.382262935084842,30.65525767364611,0.002760777180936384,0.003515674121688102,11134.505972365745,not computed,,
cheat-leaked-future,138991c3d0a0,3fd443c,BTC-USD,4h,2025-10-01 00:00:00,2026-07-26,95,train,short,2024-06-03 16:00:00,69633.53906,69598.72229047,2024-06-04 12:00:00,70476.76469797001,70512.00308031899,stop,6,585.3616050000003,70476.76469797001,68427.99908047,0.0399953677522122,2783.6264930914363,11134.505972365745,-33.72511948870438,5.603779987233914,2.8018815623365825,8.405661549570496,-42.130781038274876,-0.003783803353542354,-0.003028883326517163,11092.37519132747,not computed,,
cheat-leaked-future,138991c3d0a0,3fd443c,BTC-USD,4h,2025-10-01 00:00:00,2026-07-26,96,train,short,2024-06-04 16:00:00,70494.85938,70459.61195031,2024-06-05 16:00:00,71739.84185861358,71775.71177954288,stop,7,853.4866055357145,71739.84185861358,68752.63873923858,0.03935721076334521,2773.0937978318675,11092.37519132747,-48.999037807466856,5.597985614028456,2.7989805572539765,8.396966171282433,-57.39600397874929,-0.005174365542884281,-0.0044173621034543226,11034.979187348721,not computed,,
cheat-leaked-future,138991c3d0a0,3fd443c,BTC-USD,4h,2025-10-01 00:00:00,2026-07-26,97,train,short,2024-06-05 20:00:00,71323.15625,71287.494671875,2024-06-07 16:00:00,69571.77145966071,69606.55734539054,target,12,857.8616061071423,72574.28708103571,69571.77145966071,0.03869886029148933,2758.7447968371803,11034.979187348721,67.77659531797947,5.452439234917989,2.726236561607706,8.178675796525695,59.597919521453775,0.0054008184800004915,0.006141977630160222,11094.577106870174,not computed,,
cheat-leaked-future,138991c3d0a0,3fd443c,BTC-USD,4h,2025-10-01 00:00:00,2026-07-26,98,train,long,2024-06-07 20:00:00,69240.96875,69275.589234375,2024-06-11 00:00:00,68065.33867521428,68031.30600587669,stop,20,806.8337061071413,68065.33867521428,70889.25664658929,0.04003783017036026,2773.6442767175436,11094.577106870174,-47.06967727743845,5.497470152848644,2.7487233090046885,8.246193461853332,-55.31587073929178,-0.004985847608832079,-0.004242584176398319,11039.261236130882,not computed,,
cheat-leaked-future,138991c3d0a0,3fd443c,BTC-USD,4h,2025-10-01 00:00:00,2026-07-26,99,train,short,2024-06-11 04:00:00,68396.96875,68362.770265625,2024-06-11 08:00:00,67464.14303398215,67497.87510549914,target,2,449.31361582142875,69036.74068935715,67464.14303398215,0.040370150277839814,2759.8153090327205,11039.261236130882,37.658314338674025,5.484714670476584,2.742366749816746,8.227081420293331,29.431232918380694,0.00266605095113194,0.003411307471864193,11068.692469049263,not computed,,
cheat-leaked-future,138991c3d0a0,3fd443c,BTC-USD,4h,2025-10-01 00:00:00,2026-07-26,100,train,short,2024-06-11 12:00:00,66890.0078125,66856.56280859375,2024-06-12 08:00:00,67679.65851054018,67713.49833979543,stop,6,548.7304679642839,67679.65851054018,65759.10187266518,0.04138970059206548,2767.173117262316,11068.692469049263,-32.68340596419837,5.569814539587772,2.7848990989419633,8.354713638529734,-41.03811960272811,-0.003707585129633026,-0.0029527792967045624,11027.654349446535,not computed,,
cheat-leaked-future,138991c3d0a0,3fd443c,BTC-USD,4h,2025-10-01 00:00:00,2026-07-26,101,train,long,2024-06-12 12:00:00,67768.1875,67802.07159374999,2024-06-12 12:00:00,69303.96668110714,69269.31469776659,target,1,750.9475436785704,66675.65027823213,69303.96668110714,0.04066119990964651,2756.9135873616337,11027.654349446535,62.446624300070496,5.573487039891736,2.7867591316013502,8.360246171493086,54.08637812857741,0.0049046131130589836,0.005662729563445613,11081.740727575112,not computed,,
cheat-leaked-future,138991c3d0a0,3fd443c,BTC-USD,4h,2025-10-01 00:00:00,2026-07-26,102,train,short,2024-06-12 16:00:00,69779.85938,69744.96945031,2024-06-12 16:00:00,67979.1457915243,68013.13536442006,target,1,882.911829392856,71069.33719439928,67979.1457915243,0.039722365695028114,2770.435181893778,11081.740727575112,71.52860367343816,5.472077816904721,2.736056790602973,8.208134607507695,63.32046906593046,0.0057139460868605016,0.00645463609299673,11145.061196641043,not computed,,
cheat-leaked-future,138991c3d0a0,3fd443c,BTC-USD,4h,2025-10-01 00:00:00,2026-07-26,103,train,long,2024-06-12 20:00:00,67593.78125,67627.578140625,2024-06-14 16:00:00,66064.43667948214,66031.4044611424,stop,12,1042.094307428571,66064.43667948214,69711.76675548214,0.041200134261299315,2786.265299160261,11145.061196641043,-63.009201637124974,5.506768028421486,2.7533682619102535,8.26013629033174,-71.26933792745672,-0.0063947013542587135,-0.0056535536705814605,11073.791858713586,not computed,,
cheat-leaked-future,138991c3d0a0,3fd443c,BTC-USD,4h,2025-10-01 00:00:00,2026-07-26,104,train,long,2024-06-14 20:00:00,65528.0,65560.764,2024-06-21 08:00:00,63922.72800519642,63890.766641193826,stop,40,1092.0239965357152,63922.72800519642,67744.81199307143,0.04222720718566362,2768.4479646783966,11073.791858713586,-67.78615311391435,5.466376604886974,2.733171355904787,8.199547960791762,-75.98570107470611,-0.0068617599142353014,-0.006121313636627165,10997.80615763888,not computed,,
cheat-leaked-future,138991c3d0a0,3fd443c,BTC-USD,4h,2025-10-01 00:00:00,2026-07-26,105,train,short,2024-06-21 12:00:00,63765.078125,63733.1955859375,2024-06-24 04:00:00,62459.629180651784,62490.85899524211,target,17,636.7832026428587,64688.370389901786,62459.629180651784,0.04314002325055825,2749.45153940972,10997.80615763888,56.317097811598764,5.445308649411822,2.7226684039803146,8.167977053392136,48.14912075820663,0.004378065958615129,0.005120757449655712,11045.955278397087,not computed,,
cheat-leaked-future,138991c3d0a0,3fd443c,BTC-USD,4h,2025-10-01 00:00:00,2026-07-26,106,train,short,2024-06-24 08:00:00,62463.98828,62432.75628586,2024-06-24 08:00:00,62946.285305109996,62977.75844776255,stop+target same candle (loss counted),1,342.3526794999998,62946.285305109996,61748.05092686,0.04423140966186533,2761.4888195992717,11045.955278397087,-21.332677296339263,5.547083853088258,2.7735365933746863,8.320620446462943,-29.653297742802206,-0.0026845390005150634,-0.0019312659483657546,11016.301980654285,not computed,,
cheat-leaked-future,138991c3d0a0,3fd443c,BTC-USD,4h,2025-10-01 00:00:00,2026-07-26,107,train,short,2024-06-24 12:00:00,61272.19141,61241.555314295,2024-06-24 16:00:00,60315.63622786643,60345.79404598036,target,2,462.9595432142851,61935.99462911643,60315.63622786643,0.04497069809918291,2754.0754951635713,11016.301980654285,43.01695431093763,5.467867980760824,2.7339447446186185,8.201812725379442,34.81514158555819,0.0031603292689958043,0.0039048452363124805,11051.117122239843,not computed,,
cheat-leaked-future,138991c3d0a0,3fd443c,BTC-USD,4h,2025-10-01 00:00:00,2026-07-26,108,train,long,2024-06-24 20:00:00,59529.39844,59559.16313921999,2024-06-24 20:00:00,58620.93532121999,58591.624853559384,stop,1,625.4852119999996,58620.93532121999,60810.13356321999,0.04638714070078425,2762.7792805599606,11051.117122239843,-42.141006512321326,5.480677226529588,2.740328078012901,8.221005304542489,-50.36201181686381,-0.004557187410086595,-0.003813280236394796,11000.755110422979,not computed,,
cheat-leaked-future,138991c3d0a0,3fd443c,BTC-USD,4h,2025-10-01 00:00:00,2026-07-26,109,train,long,2024-06-25 00:00:00,60278.28125,60308.420390625,2024-06-25 12:00:00,61807.404766053565,61776.50106367054,target,4,749.4921877142853,59184.18210905357,61807.404766053565,0.04560206949199525,2750.1887776057447,11000.755110422979,69.7311968409188,5.567325072083568,2.7836799688407297,8.351005040924298,61.3801917999945,0.005579634414535606,0.006338764579428733,11062.135302222974,not computed,,
cheat-leaked-future,138991c3d0a0,3fd443c,BTC-USD,4h,2025-10-01 00:00:00,2026-07-26,110,train,long,2024-06-25 16:00:00,61827.98828,61858.90227414,2024-06-28 16:00:00,60358.38916099714,60328.209966416645,stop,19,1000.3420754285715,60358.38916099714,63859.58642499714,0.04470712741231216,2765.5338255557435,11062.135302222974,-65.70155505828248,5.462634795081052,2.73130097215153,8.193935767232581,-73.89549082551507,-0.006680038600745149,-0.005939319422813381,10988.23981139746,not computed,,
cheat-leaked-future,138991c3d0a0,3fd443c,BTC-USD,4h,2025-10-01 00:00:00,2026-07-26,111,train,long,2024-06-28 20:00:00,60127.98828,60158.05227413999,2024-06-30 04:00:00,61506.38095713999,61475.627766661426,target,9,674.1643415000004,59146.80576188999,61506.38095713999,0.04566404411384571,2747.059952849365,10988.23981139746,62.942984015122526,5.55428573111255,2.7771586013017213,8.331444332414272,54.611539682708255,0.004969998891547934,0.005728213535150138,11042.851351080168,not computed,,
cheat-leaked-future,138991c3d0a0,3fd443c,BTC-USD,4h,2025-10-01 00:00:00,2026-07-26,112,train,long,2024-06-30 08:00:00,61580.0,61610.78999999999,2024-06-30 20:00:00,62666.12091528571,62634.78785482807,target,4,527.6654576428575,60819.29181353571,62666.12091528571,0.04480891801208915,2760.712837770042,11042.851351080168,48.66790304425269,5.5673099114616305,2.783667122706177,8.350977034167808,40.316926010084885,0.003650952523791896,0.004407186287035566,11083.168277090252,not computed,,
cheat-leaked-future,138991c3d0a0,3fd443c,BTC-USD,4h,2025-10-01 00:00:00,2026-07-26,113,train,long,2024-07-01 00:00:00,62783.078125,62814.4696640625,2024-07-01 16:00:00,63801.79834391964,63769.89744474769,target,5,493.6643399285718,62073.97315416964,63801.79834391964,0.044110729328624615,2770.792069272563,11083.168277090252,44.936491838361434,5.583728754771979,2.791875611508516,8.375604366280495,36.560887472080935,0.003298775815545006,0.00405448069675605,11119.729164562332,not computed,,
cheat-leaked-future,138991c3d0a0,3fd443c,BTC-USD,4h,2025-10-01 00:00:00,2026-07-26,114,train,short,2024-07-01 20:00:00,63177.23047,63145.641854765,2024-07-02 12:00:00,62023.27522633643,62054.286863949594,target,5,561.1833142142854,63987.41682608643,62023.27522633643,0.04402413546661586,2779.932291140583,11119.729164562332,50.80188196945678,5.51181862232334,2.7559220116318954,8.267740633955235,42.534141335501545,0.003825105873176694,0.004568625837700996,11162.263305897834,not computed,,
cheat-leaked-future,138991c3d0a0,3fd443c,BTC-USD,4h,2025-10-01 00:00:00,2026-07-26,115,train,short,2024-07-02 16:00:00,61928.058594,61897.094564703,2024-07-03 08:00:00,60572.236865988714,60602.5229844217,target,5,662.4288493571429,62890.737838738714,60572.236865988714,0.04508395500789445,2790.5658264744584,11162.263305897834,61.1258057843866,5.522767246069016,2.761398904485688,8.284166150554704,52.841639633831896,0.004733953875278307,0.00547611215658113,11215.104945531666,not computed,,
cheat-leaked-future,138991c3d0a0,3fd443c,BTC-USD,4h,2025-10-01 00:00:00,2026-07-26,116,train,short,2024-07-03 12:00:00,60356.0,60325.822,2024-07-04 00:00:00,58962.073114142855,58991.55415069992,target,4,681.8744429285715,61348.63366439286,58962.073114142855,0.04647721561726779,2803.7762363829165,11215.104945531666,64.78584042868916,5.545539418242726,2.7727859055812445,8.31832532382397,56.467515104865186,0.0050349520025992295,0.005776659312894009,11271.572460636531,not computed,,
cheat-leaked-future,138991c3d0a0,3fd443c,BTC-USD,4h,2025-10-01 00:00:00,2026-07-26,117,train,short,2024-07-04 04:00:00,59092.039062,59062.49304246901,2024-07-04 08:00:00,57307.51257375472,57336.1663300416,target,2,877.4902343571432,60378.72839400473,57307.51257375472,0.0477103652419975,2817.893115159133,11271.572460636531,85.1404105382016,5.553422552341337,2.7767325612729223,8.33015511361426,76.81025542458735,0.0068145110802268405,0.007553552162800321,11348.382716061118,not computed,,
cheat-leaked-future,138991c3d0a0,3fd443c,BTC-USD,4h,2025-10-01 00:00:00,2026-07-26,118,train,long,2024-07-04 12:00:00,57724.39844,57753.260639219996,2024-07-05 00:00:00,56289.45692772,56261.31219925614,stop,4,975.8691409999998,56289.45692772,59704.998921219994,0.04912442427689736,2837.0956790152795,11348.382716061118,-70.49067566177536,5.60090024986652,2.8004325022641012,8.401332752130621,-78.89200841390598,-0.006951828325480409,-0.006211517308277896,11269.490707647212,not computed,,
cheat-leaked-future,138991c3d0a0,3fd443c,BTC-USD,4h,2025-10-01 00:00:00,2026-07-26,119,train,short,2024-07-05 04:00:00,55210.0,55182.395000000004,2024-07-06 12:00:00,57033.94954903572,57062.46652381024,stop,9,1234.369699357143,57033.94954903572,52713.65560128572,0.05105564332450237,2817.372676911803,11269.490707647212,-93.12291761745477,5.730733614967815,2.8653435267542307,8.596077141722045,-101.71899475917682,-0.00902605072384972,-0.008263276489882879,11167.771712888036,not computed,,
cheat-leaked-future,138991c3d0a0,3fd443c,BTC-USD,4h,2025-10-01 00:00:00,2026-07-26,120,train,long,2024-07-06 16:00:00,57296.0,57324.647999999994,2024-07-08 00:00:00,55498.070292749995,55470.321257603624,stop,9,1217.7184714999992,55498.070292749995,59760.084942999994,0.04870405707893766,2791.942928222009,11167.771712888036,-87.5664710858219,5.493572620939346,2.746764418851413,8.24033703979076,-95.80680812561266,-0.008578865201466102,-0.007840997589945973,11071.964904762423,not computed,,
cheat-leaked-future,138991c3d0a0,3fd443c,BTC-USD,4h,2025-10-01 00:00:00,2026-07-26,121,train,long,2024-07-08 04:00:00,55173.98828,55201.57527413999,2024-07-08 08:00:00,56845.58531956856,56817.16252690878,target,2,822.005022714285,53968.56774006857,56845.58531956856,0.05014333762115142,2767.9912261906056,11071.964904762423,83.81945472160378,5.616993389453226,2.8085176495898594,8.425511039043085,75.39394368256069,0.006809445688373816,0.007570422724655695,11147.358848444983,not computed,,
cheat-leaked-future,138991c3d0a0,3fd443c,BTC-USD,4h,2025-10-01 00:00:00,2026-07-26,122,train,short,2024-07-08 12:00:00,57169.94922,57141.36424539,2024-07-10 04:00:00,58587.701996961434,58616.99584795991,stop,11,964.2251677142849,58587.701996961434,55212.91390996143,0.04877096913793198,2786.8397121112457,11147.358848444983,-69.14517693040335,5.645647407570386,2.822806417490611,8.468453825060998,-77.61363075546434,-0.006962512987216804,-0.006202830452529019,11069.745217689519,not computed,,
cheat-leaked-future,138991c3d0a0,3fd443c,BTC-USD,4h,2025-10-01 00:00:00,2026-07-26,123,train,short,2024-07-10 08:00:00,58981.75,58952.259125000004,2024-07-12 00:00:00,56670.82943614286,56699.16485086093,target,11,1140.71484442857,60663.33139164286,56670.82943614286,0.04694368537352265,2767.4363044223796,11069.745217689519,108.48312787291297,5.429104060122689,2.714579150842823,8.143683210965513,100.33944466194747,0.009064295761893819,0.00979996610035399,11170.084662351466,not computed,,
cheat-leaked-future,138991c3d0a0,3fd443c,BTC-USD,4h,2025-10-01 00:00:00,2026-07-26,124,train,long,2024-07-12 04:00:00,56985.98828,57014.481274139995,2024-07-13 12:00:00,58832.52703285428,58803.11076933786,target,9,909.0228793571431,55650.94695510428,58832.52703285428,0.048979155877271266,2792.5211655878666,11170.084662351466,90.44190940947212,5.672647894027714,2.8363465574909412,8.508994451518655,81.93291495795346,0.0073350307929273455,0.008096797127626496,11252.01757730942,not computed,,
cheat-leaked-future,138991c3d0a0,3fd443c,BTC-USD,4h,2025-10-01 00:00:00,2026-07-26,125,train,short,2024-07-13 16:00:00,58837.14062,58807.722049690004,2024-07-14 04:00:00,59982.15550465429,60012.14658240662,stop,4,782.9556366428582,59982.15550465429,57241.81077640429,0.04783392888353143,2813.004394327355,11252.01757730942,-54.77056056313846,5.6836211460982575,2.8417968804086158,8.525418026506873,-63.29597858964533,-0.0056253003654461635,-0.004867621312073633,11188.721598719774,not computed,,
cheat-leaked-future,138991c3d0a0,3fd443c,BTC-USD,4h,2025-10-01 00:00:00,2026-07-26,126,train,long,2024-07-14 08:00:00,60104.12109,60134.173150545,2024-07-15 00:00:00,61594.50127668786,61563.70402604952,target,5,730.1640630714298,59038.92705593786,61594.50127668786,0.04651565413026042,2797.1803996799435,11188.721598719774,69.3260092865653,5.660856363133384,2.8304455130687245,8.491301876202108,60.83470741036319,0.005437145510647432,0.0061960616925617,11249.556306130138,not computed,,
cheat-leaked-future,138991c3d0a0,3fd443c,BTC-USD,4h,2025-10-01 00:00:00,2026-07-26,127,train,long,2024-07-15 04:00:00,62685.87109,62717.214025545,2024-07-15 20:00:00,64261.428870545,64229.29815610973,target,5,772.1074225000017,61559.052891795,64261.428870545,0.04484237892625517,2812.3890765325345,11249.556306130138,70.65175901540853,5.69258360261623,2.846309464247639,8.538893066863869,62.11286594854466,0.005521361399355631,0.006280404052638839,11311.669172078682,not computed,,
cheat-leaked-future,138991c3d0a0,3fd443c,BTC-USD,4h,2025-10-01 00:00:00,2026-07-26,128,train,long,2024-07-16 00:00:00,64776.011719,64808.3997248595,2024-07-16 04:00:00,63427.41702332378,63395.703314812126,stop,2,920.655134357144,63427.41702332378,66649.70999357378,0.043635042757195645,2827.9172930196705,11311.669172078682,-58.84598720795911,5.594191517783988,2.7970810473946983,8.391272565178685,-67.2372597731378,-0.005944061725134592,-0.005202237292548516,11244.431912305545,not computed,,
cheat-leaked-future,138991c3d0a0,3fd443c,BTC-USD,4h,2025-10-01 00:00:00,2026-07-26,129,train,long,2024-07-16 08:00:00,62888.73047,62920.174835235,2024-07-16 12:00:00,64875.77472394928,64843.33683658731,target,2,977.7999443571441,61453.47491869928,64875.77472394928,0.044677370738998315,2811.107978076386,11244.431912305545,88.77591280848829,5.708137777878344,2.8540910829170087,8.562228860795353,80.21368394769293,0.0071336359696313025,0.007895099859276554,11324.645596253238,not computed,,
cheat-leaked-future,138991c3d0a0,3fd443c,BTC-USD,4h,2025-10-01 00:00:00,2026-07-26,130,train,long,2024-07-16 16:00:00,64935.19141,64967.659005705,2024-07-18 16:00:00,63310.11840809786,63278.46334889381,stop,13,1105.0270650714297,63310.11840809786,67177.71313584785,0.043578011619822984,2831.1613990633095,11324.645596253238,-70.8174501599522,5.588711010165947,2.7943378007201574,8.383048810886105,-79.20049897083831,-0.006993640401165562,-0.00625339217532619,11245.4450972824,not computed,,
cheat-leaked-future,138991c3d0a0,3fd443c,BTC-USD,4h,2025-10-01 00:00:00,2026-07-26,131,train,long,2024-07-18 20:00:00,63568.12891,63599.912974454994,2024-07-19 12:00:00,65535.044111597854,65502.27658954206,target,5,967.565568571429,62148.56462159785,65535.044111597854,0.044203854106683885,2811.3612743206,11245.4450972824,86.94523261165027,5.7068143523403725,2.8534289124778667,8.56024326481824,78.38498934683203,0.006970376776440332,0.00773159549128577,11323.830086629232,not computed,,
cheat-leaked-future,138991c3d0a0,3fd443c,BTC-USD,4h,2025-10-01 00:00:00,2026-07-26,132,train,long,2024-07-19 16:00:00,65860.82812,65893.75853406,2024-07-21 20:00:00,67728.53420334573,67694.66993624406,target,14,917.3878346428579,64517.67678209572,67728.53420334573,0.04296245326777052,2830.957521657308,11323.830086629232,80.24123532367128,5.739286615270343,2.8696633679439287,8.608949983214272,71.632285340457,0.006325800086406966,0.007086050806998351,11395.462371969688,not computed,,
cheat-leaked-future,138991c3d0a0,3fd443c,BTC-USD,4h,2025-10-01 00:00:00,2026-07-26,133,train,short,2024-07-22 00:00:00,68214.0,68179.89300000001,2024-07-22 12:00:00,66665.57715107144,66698.90993964697,target,4,757.1579244642843,69315.62988669644,66665.57715107144,0.04178454185887944,2848.865592992422,11395.462371969688,64.70013934630076,5.635848987307231,2.817940668687669,8.4537896559949,56.24634969030586,0.004935854979316979,0.0056777107619124575,11451.708721659994,not computed,,
cheat-leaked-future,138991c3d0a0,3fd443c,BTC-USD,4h,2025-10-01 00:00:00,2026-07-26,134,train,long,2024-07-22 16:00:00,67099.99219,67133.542186095,2024-07-23 16:00:00,65976.93169448785,65943.94322864061,stop,7,771.0736610714282,65976.93169448785,68675.68950823786,0.04264525730638388,2862.9271804149985,11451.708721659994,-47.89320380175073,5.675123607197948,2.837549830297867,8.512673437495815,-56.40587723924654,-0.004925542433030917,-0.004182188437186195,11395.302844420747,not computed,,
cheat-leaked-future,138991c3d0a0,3fd443c,BTC-USD,4h,2025-10-01 00:00:00,2026-07-26,135,train,long,2024-07-23 20:00:00,65570.42188,65603.20709093999,2024-07-25 00:00:00,64052.08655549356,64020.060512215816,stop,8,1034.0803569642865,64052.08655549356,67671.36780486857,0.04342509821442279,2848.8257111051867,11395.302844420747,-65.93386058911945,5.628903126541449,2.814435079805307,8.443338206346755,-74.3771987954662,-0.006527005013463246,-0.0057860560170545465,11320.92564562528,not computed,,
cheat-leaked-future,138991c3d0a0,3fd443c,BTC-USD,4h,2025-10-01 00:00:00,2026-07-26,136,train,short,2024-07-25 04:00:00,64040.011719,64007.9917131405,2024-07-25 20:00:00,65374.43646706908,65407.123685302606,stop,5,910.9631692857157,65374.43646706908,62186.06537456907,0.04421684442296427,2830.23141140632,11320.92564562528,-59.00405147952361,5.722328023552928,2.8611492607633195,8.583477284316247,-67.58752876383986,-0.005970141566114565,-0.005211945853767215,11253.338116861441,not computed,,
cheat-leaked-future,138991c3d0a0,3fd443c,BTC-USD,4h,2025-10-01 00:00:00,2026-07-26,137,train,long,2024-07-26 00:00:00,65830.11719,65863.032248595,2024-07-26 12:00:00,67718.98872288072,67685.12922851929,target,4,927.9782371428586,64471.06489288071,67718.98872288072,0.04271492570516103,2813.3345292153604,11253.338116861441,80.6830071935934,5.704499795555785,2.852270068529137,8.556769864084922,72.12623732950847,0.006409319313123464,0.007169695458870288,11325.46435419095,not computed,,
cheat-leaked-future,138991c3d0a0,3fd443c,BTC-USD,4h,2025-10-01 00:00:00,2026-07-26,138,train,long,2024-07-26 16:00:00,67572.0078125,67605.79381640625,2024-07-29 00:00:00,69586.69560462053,69551.90225681823,target,15,990.450894107143,66120.11747524554,69586.69560462053,0.04188052426744281,2831.3660885477375,11325.46435419095,84.37618096922466,5.744236218861224,2.8721392034756263,8.616375422336851,75.75980554688782,0.006689333273902642,0.0074501299311406635,11401.224159737838,not computed,,
cheat-leaked-future,138991c3d0a0,3fd443c,BTC-USD,4h,2025-10-01 00:00:00,2026-07-26,139,train,long,2024-07-29 04:00:00,69378.0,69412.689,2024-07-29 12:00:00,68086.26042701786,68052.21729680435,stop,3,884.2857153214281,68086.26042701786,71181.26043064285,0.041063184282263715,2850.3060399344595,11401.224159737838,-53.042940130058405,5.6447467796097905,2.8223601290698923,8.467106908679682,-61.51004703873809,-0.005395038828896463,-0.004652389900145432,11339.7141126991,not computed,,
cheat-leaked-future,138991c3d0a0,3fd443c,BTC-USD,4h,2025-10-01 00:00:00,2026-07-26,140,train,short,2024-07-29 16:00:00,68104.0,68069.948,2024-07-30 00:00:00,66075.26496228571,66108.30259476685,target,3,997.3415188571422,69565.96027828571,66075.26496228571,0.041647285057053,2834.928528174775,11339.7141126991,84.49130642091806,5.588159850976947,2.7941010483146584,8.382260899291605,76.10904552162646,0.006711725248557509,0.0074509203301958106,11415.823158220726,not computed,,
cheat-leaked-future,138991c3d0a0,3fd443c,BTC-USD,4h,2025-10-01 00:00:00,2026-07-26,141,train,long,2024-07-30 04:00:00,66600.0078125,66633.30781640625,2024-07-31 16:00:00,65046.426676781244,65013.90346344285,stop,10,1057.920759750001,65046.426676781244,68749.14933590624,0.042830768621282364,2853.9557895551816,11415.823158220726,-66.54107415835911,5.63855124596429,2.8192589877134395,8.45781023367773,-74.99888439203684,-0.006569730745875201,-0.0058288459129153345,11340.82427382869,not computed,,
cheat-leaked-future,138991c3d0a0,3fd443c,BTC-USD,4h,2025-10-01 00:00:00,2026-07-26,142,train,short,2024-07-31 20:00:00,65210.011719,65177.4067131405,2024-08-01 12:00:00,63067.84309671193,63099.37701826028,target,5,1054.781808214286,66759.57942546192,63067.84309671193,0.043499829334043796,2835.2060684571725,11340.82427382869,93.18396947427496,5.580018199835981,2.7900323959102593,8.370050595746239,84.81391887852872,0.007478637957053481,0.00821668401028983,11425.638192707218,not computed,,
cheat-leaked-future,138991c3d0a0,3fd443c,BTC-USD,4h,2025-10-01 00:00:00,2026-07-26,143,train,long,2024-08-01 16:00:00,62867.28125,62898.71489062499,2024-08-01 20:00:00,64837.86835026785,64805.44941609271,target,2,969.5767298214274,61444.34979589285,64837.86835026785,0.045412844334639185,2856.4095481768045,11425.638192707218,89.48996523231175,5.799409334546157,2.899727039764059,8.699136374310216,80.79082885800153,0.007071012357941536,0.007832382202460393,11506.42902156522,not computed,,
cheat-leaked-future,138991c3d0a0,3fd443c,BTC-USD,4h,2025-10-01 00:00:00,2026-07-26,144,train,short,2024-08-02 00:00:00,65390.0,65357.305,2024-08-02 12:00:00,63194.7346885,63226.33205584425,target,4,1081.2851557499998,66979.232733625,63194.7346885,0.04401355373192491,2876.607255391305,11506.42902156522,96.6214277435361,5.6594228186037325,2.829735564658762,8.489158383262495,88.13226936027361,0.007659393648115945,0.008397168883799596,11594.561290925494,not computed,,
cheat-leaked-future,138991c3d0a0,3fd443c,BTC-USD,4h,2025-10-01 00:00:00,2026-07-26,145,train,short,2024-08-02 16:00:00,63406.0,63374.297000000006,2024-08-03 00:00:00,60771.89632907144,60802.28227723597,target,3,1301.200335464285,65326.09750319643,60771.89632907144,0.04573842172531513,2898.6403227313735,11594.561290925494,120.47974456913126,5.679640751389247,2.839850495630415,8.519491247019662,111.9602533221116,0.009656273360660701,0.010391056767574722,11706.521544247606,not computed,,
cheat-leaked-future,138991c3d0a0,3fd443c,BTC-USD,4h,2025-10-01 00:00:00,2026-07-26,146,train,short,2024-08-03 04:00:00,61890.0,61859.055,2024-08-04 12:00:00,59066.58122642857,59096.11451704178,target,9,1396.2368867857133,63953.41033017857,59066.58122642857,0.04731126891708742,2926.6303860619014,11706.521544247606,133.57952486199108,5.722542551932659,2.8613046708473178,8.583847222779976,124.9956776392111,0.010677439678965263,0.011410693121530185,11831.517221886817,not computed,,
cheat-leaked-future,138991c3d0a0,3fd443c,BTC-USD,4h,2025-10-01 00:00:00,2026-07-26,147,train,long,2024-08-04 16:00:00,59119.98828,59149.54827414,2024-08-05 00:00:00,57311.23423806857,57282.57862094954,stop,3,1225.5426907142853,57311.23423806857,61600.63365556857,0.05000679450268736,2957.8793054717044,11831.517221886817,-90.4499916807699,5.822397443153561,2.9111761090786956,8.733573552232256,-99.18356523300216,-0.008382996311709292,-0.007644834553716306,11732.333656653815,not computed,,
cheat-leaked-future,138991c3d0a0,3fd443c,BTC-USD,4h,2025-10-01 00:00:00,2026-07-26,148,train,short,2024-08-05 04:00:00,53888.0,53861.056000000004,2024-08-05 04:00:00,50775.230106,50800.617721053,target,1,1542.9129469999996,56175.4254205,50775.230106,0.05069343533807644,2730.401959576514,11732.333656653815,157.7969993437999,5.305659789153054,2.6528693438260404,7.958529132979095,149.83847021082082,0.012771412286407505,0.013449753813838028,11882.172126864636,not computed,,
cheat-leaked-future,138991c3d0a0,3fd443c,BTC-USD,4h,2025-10-01 00:00:00,2026-07-26,149,train,short,2024-08-05 08:00:00,52594.011719,52567.71471314051,2024-08-05 16:00:00,55206.273726140505,55233.87686300357,stop,3,1759.039342,55206.273726140505,49049.63602914051,0.04503280793918951,2367.271800478963,11882.172126864636,-117.6374932544,4.854608368987447,2.427274775119926,7.281883144107373,-124.91937639850737,-0.010513176805112484,-0.009900335729730012,11757.252750466128,not computed,,
cheat-leaked-future,138991c3d0a0,3fd443c,BTC-USD,4h,2025-10-01 00:00:00,2026-07-26,150,train,long,2024-08-05 20:00:00,53550.0,53576.774999999994,2024-08-08 12:00:00,58253.085268428564,58223.95872579435,target,17,2338.1551342142857,50069.54229867856,58253.085268428564,0.033522876158278044,1796.047593284927,11757.252750466128,157.66094501535258,3.747882151094424,1.8739804907832536,5.621862641877677,152.0390823734749,0.012931514325695444,0.013409675573156489,11909.291832839603,not computed,,
cheat-leaked-future,138991c3d0a0,3fd443c,BTC-USD,4h,2025-10-01 00:00:00,2026-07-26,151,train,long,2024-08-08 16:00:00,59410.12109,59439.826150545,2024-08-08 20:00:00,62167.02983525929,62135.94632034166,target,2,1363.6018423571436,57394.42338700929,62167.02983525929,0.05008969828863811,2977.3229582099007,11909.291832839603,138.09272725934554,6.089693762274829,3.0448814043190566,9.134575166593885,128.95815209275165,0.010828364431976758,0.011595376887025135,12038.249984932354,not computed,,
cheat-leaked-future,138991c3d0a0,3fd443c,BTC-USD,4h,2025-10-01 00:00:00,2026-07-26,152,train,short,2024-08-09 00:00:00,61663.98828,61633.15628586,2024-08-11 20:00:00,58851.10717686,58880.53273044843,target,18,1391.024554500001,63719.693117610004,58851.10717686,0.048830251079053505,3009.5624962330885,12038.249984932354,137.35369052185104,5.884713693129314,2.942391184987116,8.82710487811643,128.52658564373462,0.010676517417781205,0.011409772242125677,12166.776570576088,not computed,,
cheat-leaked-future,138991c3d0a0,3fd443c,BTC-USD,4h,2025-10-01 00:00:00,2026-07-26,153,train,short,2024-08-12 00:00:00,58718.42969,58689.070475155,2024-08-12 08:00:00,59810.45984529786,59840.36507522051,stop,3,747.5929134285719,59810.45984529786,57193.884648297855,0.05182726729215571,3041.694142644022,12166.776570576088,-56.596938749716685,6.1430567382576555,3.071514219893835,9.21457095815149,-65.81150970786817,-0.005409116319849707,-0.004651761164628411,12100.96506086822,not computed,,
cheat-leaked-future,138991c3d0a0,3fd443c,BTC-USD,4h,2025-10-01 00:00:00,2026-07-26,154,train,long,2024-08-12 12:00:00,59860.46094,59890.39117046999,2024-08-12 12:00:00,58672.596666184276,58643.26036785119,stop,1,811.8630028571434,58672.596666184276,61514.11717618428,0.05051296553742837,3025.241265217055,12100.96506086822,-60.00254712639592,5.987486255180762,2.9937281269531795,8.981214382133942,-68.98376150852985,-0.005700682644858443,-0.0049584927172817445,12031.98129935969,not computed,,
cheat-leaked-future,138991c3d0a0,3fd443c,BTC-USD,4h,2025-10-01 00:00:00,2026-07-26,155,train,short,2024-08-12 16:00:00,60154.60938,60124.53207531,2024-08-15 00:00:00,58194.86187231,58223.959303246156,target,15,964.8351015000007,61571.78472756001,58194.86187231,0.05002941762727079,3007.9953248399224,12031.98129935969,98.04502650622614,5.920906100735243,2.960477561624245,8.881383662359488,89.16364284386665,0.007410553642450534,0.00814870170313877,12121.144942203557,not computed,,
cheat-leaked-future,138991c3d0a0,3fd443c,BTC-USD,4h,2025-10-01 00:00:00,2026-07-26,156,train,short,2024-08-15 04:00:00,58448.019531,58418.795521234504,2024-08-15 20:00:00,56361.21628009165,56389.39688823169,target,5,1028.7896205714294,59961.97995209165,56361.21628009165,0.05187176846960869,3030.286235550889,12121.144942203557,108.24617507274465,5.955303975078117,2.9776790490823544,8.932983024160471,99.31319204858417,0.008193383753938478,0.008930358937945849,12220.458134252141,not computed,,
cheat-leaked-future,138991c3d0a0,3fd443c,BTC-USD,4h,2025-10-01 00:00:00,2026-07-26,157,train,long,2024-08-16 00:00:00,57497.89062,57526.63956531,2024-08-18 00:00:00,60003.73387345285,59973.73200651613,target,13,1238.5471540714284,55668.81883420285,60003.73387345285,0.05310782198731709,3055.1145335630354,12220.458134252141,133.0798774324937,6.240188816880156,3.120127678409034,9.36031649528919,123.7195609372045,0.010123970769183917,0.010889925399727073,12344.177695189346,not computed,,
cheat-leaked-future,138991c3d0a0,3fd443c,BTC-USD,4h,2025-10-01 00:00:00,2026-07-26,158,train,long,2024-08-18 04:00:00,59319.85938,59349.51930969,2024-08-19 08:00:00,58151.814512082856,58122.738604826816,stop,8,798.4698650714282,58151.814512082856,60946.45903983285,0.0519977998085231,3086.0444237973365,12344.177695189346,-60.73576320932856,6.108298950094238,3.054134291105953,9.16243324120019,-69.89819645052876,-0.005662442503381072,-0.00492019514860013,12274.279498738817,not computed,,
cheat-leaked-future,138991c3d0a0,3fd443c,BTC-USD,4h,2025-10-01 00:00:00,2026-07-26,159,train,long,2024-08-19 12:00:00,58393.87109,58423.068025545,2024-08-19 20:00:00,59526.595368545,59496.83207086073,target,3,551.7636714999998,57595.422518294996,59526.595368545,0.0525232579936233,3068.5698746847042,12274.279498738817,59.49436951765985,6.193537335345804,3.0967835412651894,9.290320876610993,50.20404864104886,0.004090182942812026,0.004847076321161898,12324.483547379867,not computed,,
cheat-leaked-future,138991c3d0a0,3fd443c,BTC-USD,4h,2025-10-01 00:00:00,2026-07-26,160,train,long,2024-08-20 00:00:00,59463.28125,59493.012890624996,2024-08-20 00:00:00,60777.856083624996,60747.46715558319,target,1,642.4215965000003,58529.380495875,60777.856083624996,0.05178962599371891,3081.1208868449667,12324.483547379867,68.08133897419381,6.2272094908983435,3.1136217657834493,9.340831256681792,58.74050771751202,0.004766163830856832,0.005524072364774069,12383.224055097378,not computed,,
cheat-leaked-future,138991c3d0a0,3fd443c,BTC-USD,4h,2025-10-01 00:00:00,2026-07-26,161,train,long,2024-08-20 04:00:00,60619.19141,60649.501005704995,2024-08-20 12:00:00,59563.32438702642,59533.54272483291,stop,3,724.1177457857146,59563.32438702642,62097.736497276426,0.0510442124409752,3095.8060137743446,12383.224055097378,-53.89590063008345,6.134648815984589,3.0673109340168736,9.201959750001462,-63.09786038008492,-0.005095430729456242,-0.004352331863679553,12320.126194717293,not computed,,
cheat-leaked-future,138991c3d0a0,3fd443c,BTC-USD,4h,2025-10-01 00:00:00,2026-07-26,162,train,long,2024-08-20 16:00:00,58730.011719,58759.376724859496,2024-08-21 16:00:00,60484.072595002355,60453.83055870486,target,7,862.3479350714287,57465.85482225235,60484.072595002355,0.05241770284769283,3080.0315486793234,12320.126194717293,91.94384177505513,6.248882474910287,3.124464223414961,9.373346698325248,82.57049507672988,0.006702081924463973,0.007462897727011874,12402.696689794024,not computed,,
cheat-leaked-future,138991c3d0a0,3fd443c,BTC-USD,4h,2025-10-01 00:00:00,2026-07-26,163,train,short,2024-08-21 20:00:00,61632.73828,61601.92191086,2024-08-23 16:00:00,63148.69060489572,63180.264950198165,stop,12,1031.179129357143,63148.69060489572,59539.56365214571,0.05033404926773686,3100.674172448506,12402.696689794024,-76.30401900884137,6.2807927412004485,3.140377294595325,9.421170035795774,-85.72518904463713,-0.00691181854952391,-0.006152211967872333,12316.971500749387,not computed,,
cheat-leaked-future,138991c3d0a0,3fd443c,BTC-USD,4h,2025-10-01 00:00:00,2026-07-26,164,train,long,2024-08-23 20:00:00,63630.0,63661.814999999995,2024-08-27 12:00:00,62076.080206499995,62045.04216639675,stop,23,1057.1565290000003,62076.080206499995,65776.128058,0.04836875723991449,3079.2428751873467,12316.971500749387,-75.16116926209978,6.0802844576740505,3.040123438544242,9.120407896218293,-84.28157715831807,-0.006842719182486558,-0.006102244310423778,12232.68992359107,not computed,,
cheat-leaked-future,138991c3d0a0,3fd443c,BTC-USD,4h,2025-10-01 00:00:00,2026-07-26,165,train,long,2024-08-27 16:00:00,61615.0,61645.807499999995,2024-08-27 20:00:00,60736.63799775,60706.26967875112,stop,2,606.1130014999997,60736.63799775,62858.03350299999,0.0496087666772435,3058.1724808977674,12232.68992359107,-43.57445562777686,6.069735649236755,3.034856931004157,9.104592580240912,-52.67904820801777,-0.0043064157218948886,-0.003562131951349666,12180.010875383052,not computed,,
cheat-leaked-future,138991c3d0a0,3fd443c,BTC-USD,4h,2025-10-01 00:00:00,2026-07-26,166,train,long,2024-08-28 00:00:00,59415.0,59444.7075,2024-08-28 16:00:00,58129.49502835714,58100.430280842964,stop,5,876.8083144285712,58129.49502835714,61198.32412885714,0.051224118124321885,3045.002718845763,12180.010875383052,-65.84885851683703,6.021146022625591,3.010556549097771,9.031702571723361,-74.88056108856038,-0.0061478238282940325,-0.0054063053958288134,12105.13031429449,not computed,,
cheat-leaked-future,138991c3d0a0,3fd443c,BTC-USD,4h,2025-10-01 00:00:00,2026-07-26,167,train,long,2024-08-28 20:00:00,58967.98047,58997.464460235,2024-09-01 20:00:00,57250.79565694929,57222.170259120816,stop,25,1164.445868857142,57250.79565694929,61326.35619794929,0.05129512948159617,3026.2825785736227,12105.13031429449,-88.08321732926684,5.961501211233166,2.980728584812141,8.942229796045307,-97.02544712531216,-0.008015233591557331,-0.007276519545209084,12008.104867169179,not computed,,
cheat-leaked-future,138991c3d0a0,3fd443c,BTC-USD,4h,2025-10-01 00:00:00,2026-07-26,168,train,long,2024-09-02 00:00:00,57296.0,57324.647999999994,2024-09-02 08:00:00,58651.12009842857,58621.794538379356,target,3,663.236049214286,56329.793926178565,58651.12009842857,0.05236885565860422,3002.0262167922947,12008.104867169179,70.96608883467921,6.071982513421037,3.0360089982322904,9.107991511653328,61.85809732302589,0.005151362184731526,0.00590984919099969,12069.962964492204,not computed,,
cheat-leaked-future,138991c3d0a0,3fd443c,BTC-USD,4h,2025-10-01 00:00:00,2026-07-26,169,train,long,2024-09-02 12:00:00,58436.011719,58465.2297248595,2024-09-03 00:00:00,59772.866444716645,59742.98001149429,target,4,653.818359928572,57484.50218496664,59772.866444716645,0.051611714438197266,3017.490741123051,12069.962964492204,68.9973643490419,6.100928365163221,3.0504814319222504,9.15140979708547,59.84595455195643,0.004958255027626277,0.005716452034858807,12129.80891904416,not computed,,
cheat-leaked-future,138991c3d0a0,3fd443c,BTC-USD,4h,2025-10-01 00:00:00,2026-07-26,170,train,long,2024-09-03 04:00:00,59114.0,59143.55699999999,2024-09-03 12:00:00,58007.76570514285,57978.76182229028,stop,3,757.1941965714292,58007.76570514285,60657.94539314285,0.05127274015259246,3032.45222976104,12129.80891904416,-56.71966354809716,6.005182219044379,3.002576929605631,9.00775914865001,-65.72742269674717,-0.00541866925814084,-0.004676055816431338,12064.081496347413,not computed,,
cheat-leaked-future,138991c3d0a0,3fd443c,BTC-USD,4h,2025-10-01 00:00:00,2026-07-26,171,train,long,2024-09-03 16:00:00,57722.0,57750.861,2024-09-04 00:00:00,56546.190241071425,56517.917145950894,stop,3,803.1138392857148,56546.190241071425,59357.088678571425,0.052224682400611365,3016.0203740868533,12064.081496347413,-61.40629122358426,5.967650646978206,2.9838099719158606,8.951460618894068,-70.35775184247832,-0.005832002367008231,-0.005090009649070753,11993.723744504934,not computed,,
cheat-leaked-future,138991c3d0a0,3fd443c,BTC-USD,4h,2025-10-01 00:00:00,2026-07-26,172,train,long,2024-09-04 04:00:00,56647.23047,56675.554085235,2024-09-04 16:00:00,58455.08533537786,58425.85779271017,target,4,889.7656250714291,55340.90564762786,58455.08533537786,0.05290518962755723,2998.4309361262335,11993.723744504934,95.64490447191743,6.089462021802258,3.0447549221270975,9.134216943929356,86.51068752798807,0.007212996511414894,0.007974579580902743,12080.234432032923,not computed,,
cheat-leaked-future,138991c3d0a0,3fd443c,BTC-USD,4h,2025-10-01 00:00:00,2026-07-26,173,train,short,2024-09-04 20:00:00,58078.89844,58049.85899078,2024-09-05 12:00:00,56234.24738478,56262.36450847238,target,5,907.8058029999999,59411.56769528,56234.24738478,0.052025253127452105,3020.0586080082307,12080.234432032923,95.96843807964203,5.947122363110484,2.9735851736644037,8.920707536774888,87.04773054286714,0.007205798118622961,0.007944252954658263,12167.28216257579,not computed,,
cheat-leaked-future,138991c3d0a0,3fd443c,BTC-USD,4h,2025-10-01 00:00:00,2026-07-26,174,train,long,2024-09-05 16:00:00,55968.19141,55996.175505704996,2024-09-06 12:00:00,54488.53278949071,54461.288523095966,stop,6,1005.0951441428572,54488.53278949071,58006.36579399071,0.054321933831606786,3041.8205406439474,12167.28216257579,-80.37791767667223,6.000263052179613,3.0001114316101223,9.000374483789734,-89.37829216046197,-0.007345789385518841,-0.006606070000077682,12077.903870415328,not computed,,
cheat-leaked-future,138991c3d0a0,3fd443c,BTC-USD,4h,2025-10-01 00:00:00,2026-07-26,175,train,short,2024-09-06 16:00:00,54056.67969,54029.651350155,2024-09-09 12:00:00,55647.021325047855,55674.84483571038,stop,18,1078.2466499285704,55647.021325047855,51873.15805029786,0.05588553492665042,3019.475967603832,12077.903870415328,-88.87709299077342,6.130894453205767,3.0654250073293525,9.196319460535118,-98.07341245130854,-0.008120068970869865,-0.007358652125761386,11979.830457964019,not computed,,
cheat-leaked-future,138991c3d0a0,3fd443c,BTC-USD,4h,2025-10-01 00:00:00,2026-07-26,176,train,long,2024-09-09 16:00:00,55448.019531,55475.74354076549,2024-09-09 16:00:00,56718.491309479774,56690.13206382504,target,1,621.3738843571425,54543.68271422978,56718.491309479774,0.05398679536922667,2994.9576144910047,11979.830457964019,68.58869992716512,6.055476173675163,3.027755234011906,9.08323140768707,59.50546851947806,0.004967137784485062,0.005725348131414359,12039.335926483496,not computed,,
cheat-leaked-future,138991c3d0a0,3fd443c,BTC-USD,4h,2025-10-01 00:00:00,2026-07-26,177,train,short,2024-09-09 20:00:00,57031.10938,57002.59382531,2024-09-12 00:00:00,58090.65088481,58119.6962102524,stop,14,725.3713729999992,58090.65088481,55551.85107931001,0.05280170216191921,3009.833981620874,12039.335926483496,-55.945594965169136,6.078652870655846,3.0393124489288112,9.117965319584657,-65.06356028475379,-0.005404248264360694,-0.004646900402712658,11974.272366198742,not computed,,
cheat-leaked-future,138991c3d0a0,3fd443c,BTC-USD,4h,2025-10-01 00:00:00,2026-07-26,178,train,short,2024-09-12 04:00:00,58247.98828,58218.86428586,2024-09-13 12:00:00,59538.314758931425,59568.08391631089,stop,9,879.6336487142851,59538.314758931425,56459.59698843143,0.05141921142348277,2993.5680915496855,11974.272366198742,-66.34757002549314,6.056511992534239,3.0282394093744927,9.084751401908733,-75.43232142740187,-0.006299532791682107,-0.005540843568314065,11898.84004477134,not computed,,
cheat-leaked-future,138991c3d0a0,3fd443c,BTC-USD,4h,2025-10-01 00:00:00,2026-07-26,179,train,long,2024-09-13 16:00:00,59699.98047,59729.830460234996,2024-09-16 00:00:00,58469.35124709214,58440.1165714686,stop,15,840.3194754285718,58469.35124709214,61410.46941109214,0.049802753302191964,2974.710011192835,11898.84004477134,-61.288723594948394,5.885188719753026,2.9425790376951113,8.827767757448138,-70.11649135239654,-0.005892716524347897,-0.005150814984010165,11828.723553418942,not computed,,
cheat-leaked-future,138991c3d0a0,3fd443c,BTC-USD,4h,2025-10-01 00:00:00,2026-07-26,180,train,long,2024-09-16 04:00:00,58566.0,58595.282999999996,2024-09-16 12:00:00,57785.65465189285,57756.76182456691,stop,3,539.752232071427,57785.65465189285,59674.78746414285,0.05046790009282378,2957.1808883547355,11828.723553418942,-39.38239106617135,5.872043373801997,2.9360118413029213,8.808055215104918,-48.190446281276266,-0.004074019150388161,-0.003329386377855485,11780.533107137666,not computed,,
cheat-leaked-future,138991c3d0a0,3fd443c,BTC-USD,4h,2025-10-01 00:00:00,2026-07-26,181,train,long,2024-09-16 16:00:00,57898.0,57926.94899999999,2024-09-17 08:00:00,59111.47076399999,59081.915028617994,target,5,592.2608819999981,57038.557677,59111.47076399999,0.050842195690030505,2945.1332767844165,11780.533107137666,61.695518047418346,5.948987562411166,2.974509205084587,8.923496767495752,52.77202127992259,0.0044795953459821555,0.005237073525139356,11833.305128417589,not computed,,
cheat-leaked-future,138991c3d0a0,3fd443c,BTC-USD,4h,2025-10-01 00:00:00,2026-07-26,182,train,long,2024-09-17 12:00:00,59080.98828,59110.528774139995,2024-09-17 12:00:00,60509.634244997134,60479.37942787464,target,1,699.5527354285696,58061.19967099714,60509.634244997134,0.05004736623839207,2958.3262821043973,11833.305128417589,71.49996783521276,5.985159934201914,2.9925978420924366,8.97775777629435,62.522210058918404,0.00528357964071862,0.006042265204799473,11895.827338476507,not computed,,
cheat-leaked-future,138991c3d0a0,3fd443c,BTC-USD,4h,2025-10-01 00:00:00,2026-07-26,183,train,short,2024-09-17 16:00:00,61174.85156,61144.26413422001,2024-09-18 08:00:00,59425.73120764858,59455.4440732524,target,5,859.2664632857128,62433.16382914858,59425.73120764858,0.048638361696379,2973.9568346191268,11895.827338476507,85.07434834816623,5.86577222827281,2.9329073827229735,8.798679610995784,76.27566873717043,0.00641196837906854,0.0071516125719980105,11972.103007213678,not computed,,
cheat-leaked-future,138991c3d0a0,3fd443c,BTC-USD,4h,2025-10-01 00:00:00,2026-07-26,184,train,short,2024-09-18 12:00:00,59843.51172,59813.58996414,2024-09-18 16:00:00,61201.989380425715,61232.59037511593,stop,2,925.5996108571427,61201.989380425715,57962.39074242572,0.050039226095571696,2993.0257518034196,11972.103007213678,-67.97717079582553,6.057057186001374,3.0285115987079223,9.085568784709295,-77.06273958053482,-0.00643685904924986,-0.005677964076559191,11895.040267633143,not computed,,
cheat-leaked-future,138991c3d0a0,3fd443c,BTC-USD,4h,2025-10-01 00:00:00,2026-07-26,185,train,long,2024-09-18 20:00:00,60028.0,60058.013999999996,2024-09-19 00:00:00,62136.51065457142,62105.44239924414,target,2,1039.2483272857146,58499.14150907142,62136.51065457142,0.04951479192948814,2973.760066908286,11895.040267633143,104.40246634221283,6.048898124995671,3.0244751631141895,9.07337328810986,95.32909305410297,0.008014188343144752,0.008776974603969683,11990.369360687246,not computed,,
cheat-leaked-future,138991c3d0a0,3fd443c,BTC-USD,4h,2025-10-01 00:00:00,2026-07-26,186,train,short,2024-09-19 04:00:00,62131.98828,62100.922285860004,2024-09-19 16:00:00,63788.27203632429,63820.16617234245,stop,4,1124.8998336428579,63788.27203632429,59851.122618574285,0.048269691170985146,2997.5923401718114,11990.369360687246,-79.94830540929287,6.078172051791735,3.039066038818916,9.117238090610652,-89.06554349990353,-0.0074280900630069166,-0.0066677099765932914,11901.303817187341,not computed,,
cheat-leaked-future,138991c3d0a0,3fd443c,BTC-USD,4h,2025-10-01 00:00:00,2026-07-26,187,train,short,2024-09-19 20:00:00,63249.98828,63218.36328586,2024-09-26 12:00:00,64910.67969489572,64943.135034743165,stop,41,1128.210939357144,64910.67969489572,60961.941407145714,0.047064267400328666,2975.3259542968353,11901.303817187341,-78.15922482008243,6.03182702738764,3.015893973887245,9.047721001274885,-87.20694582135731,-0.007327511939945341,-0.006567282544892964,11814.096871365984,not computed,,
cheat-leaked-future,138991c3d0a0,3fd443c,BTC-USD,4h,2025-10-01 00:00:00,2026-07-26,188,train,short,2024-09-26 16:00:00,65263.23047,65230.598854765005,2024-09-27 12:00:00,66405.369222265,66438.57190687612,stop,6,783.1802450000001,66405.369222265,63664.238364765006,0.04527820179019781,2953.524217841496,11814.096871365984,-51.71398889745926,5.9617432832936,2.9808587131491464,8.942601996442747,-60.656590893902006,-0.005134255419973435,-0.004377312075610222,11753.440280472081,not computed,,
cheat-leaked-future,138991c3d0a0,3fd443c,BTC-USD,4h,2025-10-01 00:00:00,2026-07-26,189,train,short,2024-09-27 16:00:00,66046.0,66012.977,2024-09-30 00:00:00,64559.00266828571,64591.28216961985,target,15,726.9871658571439,67103.45774878572,64559.00266828571,0.04451185514808733,2938.3600701180203,11753.440280472081,66.1890098348587,5.813437865881375,2.9067354801929923,8.720173346074368,57.468836488784326,0.0048895332019737855,0.005631458386258988,11810.909116960866,not computed,,
cheat-leaked-future,138991c3d0a0,3fd443c,BTC-USD,4h,2025-10-01 00:00:00,2026-07-26,190,train,long,2024-09-30 04:00:00,64547.12109,64579.394650545,2024-09-30 08:00:00,63913.30759558071,63881.35094178292,stop,2,444.05803664286003,63913.30759558071,65467.51072383072,0.04572243662577127,2952.7272792402164,11810.909116960866,-28.979497331144778,5.873538299244539,2.936761904747822,8.810300203992362,-37.78979753513714,-0.0031995672103572207,-0.0024536212279822928,11773.119319425728,not computed,,
cheat-leaked-future,138991c3d0a0,3fd443c,BTC-USD,4h,2025-10-01 00:00:00,2026-07-26,191,train,short,2024-09-30 12:00:00,63819.44141,63787.531689295,2024-10-01 12:00:00,62775.44295993785,62806.830681417814,target,7,506.0443646785737,64546.59823631286,62775.44295993785,0.04614193012190784,2943.279829856432,11773.119319425728,48.17210353014784,5.841308222336911,2.9206661541941514,8.761974376531063,39.41012915361677,0.003347467063260778,0.0040917026510266935,11812.529448579346,not computed,,
cheat-leaked-future,138991c3d0a0,3fd443c,BTC-USD,4h,2025-10-01 00:00:00,2026-07-26,192,train,short,2024-10-01 16:00:00,62620.011719,62588.70171314051,2024-10-01 20:00:00,61139.12916749765,61169.6987320814,target,2,724.7862728214293,63675.88112237265,61139.12916749765,0.04718315416861932,2953.1323621448364,11812.529448579346,69.87270973315367,5.839311687868631,2.9196733121113994,8.75898499998003,61.11372473317364,0.005173635756778883,0.0059151352838791894,11873.64317331252,not computed,,
cheat-leaked-future,138991c3d0a0,3fd443c,BTC-USD,4h,2025-10-01 00:00:00,2026-07-26,193,train,long,2024-10-02 00:00:00,60796.0,60826.397999999994,2024-10-06 12:00:00,62637.14800121428,62605.82942721368,target,28,905.3750006071433,59468.33549908928,62637.14800121428,0.04880135748508616,2968.41079332813,11873.64317331252,89.85052179020985,6.023660255855912,3.011852590557808,9.03551284641372,80.81500894379613,0.006806252113541516,0.007567224353866386,11954.458182256316,not computed,,
cheat-leaked-future,138991c3d0a0,3fd443c,BTC-USD,4h,2025-10-01 00:00:00,2026-07-26,194,train,short,2024-10-06 16:00:00,62746.019531,62714.6465212345,2024-10-07 00:00:00,63402.80876955593,63434.510173940704,stop,3,458.7748322142849,63402.80876955593,61797.09685680593,0.04765417189351719,2988.614545564079,11954.458182256316,-31.298747271956636,6.011533597374115,3.0057589739999955,9.01729257137411,-40.31603984333074,-0.0033724690177235105,-0.0026181652731373916,11914.142142412986,not computed,,
cheat-leaked-future,138991c3d0a0,3fd443c,BTC-USD,4h,2025-10-01 00:00:00,2026-07-26,195,train,short,2024-10-07 04:00:00,63559.98047,63528.20047976501,2024-10-07 12:00:00,64204.961640265006,64237.06412108513,stop,3,451.1741069999994,64204.961640265006,62625.85226576501,0.04688524959166707,2978.5355356032464,11914.142142412986,-30.24010314980023,5.990306319956245,2.9951455999517442,8.98545191990799,-39.22555506970822,-0.003292352449789039,-0.00253816874000092,11874.916587343278,not computed,,
cheat-leaked-future,138991c3d0a0,3fd443c,BTC-USD,4h,2025-10-01 00:00:00,2026-07-26,196,train,short,2024-10-07 16:00:00,63685.78125,63653.938359375,2024-10-07 20:00:00,62523.235233946434,62554.4968515634,target,2,565.3515627142853,64501.96570344643,62523.235233946434,0.04663857764895992,2968.7291468358194,11874.916587343278,54.219492640203235,5.886181905539078,2.94310450764236,8.829286413181439,45.3902062270218,0.00382236000507156,0.004565884083597889,11920.3067935703,not computed,,
cheat-leaked-future,138991c3d0a0,3fd443c,BTC-USD,4h,2025-10-01 00:00:00,2026-07-26,197,train,long,2024-10-08 00:00:00,62255.98828,62287.11627414,2024-10-09 16:00:00,61243.052657211425,61212.431130882826,stop,11,696.0424112857139,61243.052657211425,63679.201096711426,0.047844191169110616,2980.076698392575,11920.3067935703,-48.463085578698596,5.908735955344551,2.954355861900531,8.863091817245081,-57.32617739594368,-0.004809119294384678,-0.0040655904598729895,11862.980616174356,not computed,,
cheat-leaked-future,138991c3d0a0,3fd443c,BTC-USD,4h,2025-10-01 00:00:00,2026-07-26,198,train,short,2024-10-09 20:00:00,61031.99,61001.474005000004,2024-10-10 16:00:00,59350.23021,59379.905325105,target,6,825.6218975000005,62239.90685125,59350.23021,0.0486175982206676,2965.745154043589,11862.980616174356,81.76312177389414,5.852653533520825,2.9263472075404593,8.779000741061285,72.98412103283286,0.006152258306257707,0.00689229161029023,11935.964737207189,not computed,,
cheat-leaked-future,138991c3d0a0,3fd443c,BTC-USD,4h,2025-10-01 00:00:00,2026-07-26,199,train,long,2024-10-10 20:00:00,59727.27,59757.13363499999,2024-10-11 12:00:00,61365.57999757142,61334.897207572634,target,5,804.2231812857145,58550.79886307142,61365.57999757142,0.049935313205084216,2983.991184301797,11935.964737207189,81.80952285574968,6.046768486763582,3.0234046957621246,9.070173182525707,72.73934967322397,0.006094132420354631,0.00685403523359367,12008.704086880412,not computed,,
cheat-leaked-future,138991c3d0a0,3fd443c,BTC-USD,4h,2025-10-01 00:00:00,2026-07-26,200,train,long,2024-10-11 16:00:00,62259.04,62290.169519999996,2024-10-14 00:00:00,63953.70380571428,63921.72695381143,target,15,831.7671428571422,61042.51880571428,63953.70380571428,0.048196626287173146,3002.176021720103,12008.704086880412,81.67707812640963,6.082987607343675,3.0415142229408474,9.124501830284522,72.5525762961251,0.006041665759371093,0.006801489780703512,12081.256663176537,not computed,,
cheat-leaked-future,138991c3d0a0,3fd443c,BTC-USD,4h,2025-10-01 00:00:00,2026-07-26,201,train,long,2024-10-14 04:00:00,64300.0,64332.149999999994,2024-10-14 12:00:00,65621.72714285714,65588.91627928571,target,3,644.7885714285715,63364.96714285714,65621.72714285714,0.04694875215260386,3020.314165794134,12081.256663176537,62.05344004336912,6.099631940148203,3.049831483433941,9.149463423582144,52.903976619786974,0.004379012721502506,0.005136339850514636,12134.160639796324,not computed,,
cheat-leaked-future,138991c3d0a0,3fd443c,BTC-USD,4h,2025-10-01 00:00:00,2026-07-26,202,train,long,2024-10-14 16:00:00,65870.0,65902.935,2024-10-15 12:00:00,67445.51214285714,67411.78938678572,target,6,771.288571428571,64746.00214285714,67445.51214285714,0.04603042580651501,3033.540159949081,12134.160639796324,72.52149479904924,6.136533529801937,3.0682848952743456,9.204818425076283,63.31667637397295,0.005218051602705314,0.005976638759932103,12197.477316170298,not computed,,
cheat-leaked-future,138991c3d0a0,3fd443c,BTC-USD,4h,2025-10-01 00:00:00,2026-07-26,203,train,long,2024-10-15 16:00:00,66022.01,66055.02100499999,2024-10-16 08:00:00,68128.90243357142,68094.83798235464,target,5,1036.9407142857137,64499.60993357142,68128.90243357142,0.04616408083212561,3049.3693290425745,12197.477316170298,97.26275260798512,6.192904933910492,3.096476782642739,9.28938171655323,87.97337089143188,0.007212423406174721,0.007974005615000659,12285.45068706173,not computed,,
cheat-leaked-future,138991c3d0a0,3fd443c,BTC-USD,4h,2025-10-01 00:00:00,2026-07-26,204,train,short,2024-10-16 12:00:00,67894.73,67860.782635,2024-10-23 16:00:00,65648.61549214285,65681.43979988892,target,44,1106.0835714285697,69519.90799214285,65648.61549214285,0.04525975906121279,3071.3626717654324,12285.45068706173,101.65860144950881,6.044088811901958,3.0220698206010326,9.06615863250299,92.59244281700582,0.007536755889185116,0.008274714867120773,12378.043129878735,not computed,,
cheat-leaked-future,138991c3d0a0,3fd443c,BTC-USD,4h,2025-10-01 00:00:00,2026-07-26,205,train,long,2024-10-23 20:00:00,66472.0,66505.23599999999,2024-10-24 16:00:00,68230.62599999999,68196.51068699999,target,6,862.6949999999987,65211.193499999994,68230.62599999999,0.04653033307737881,3094.510782469684,12378.043129878735,81.82945353853789,6.267717139450817,3.133879027088412,9.401596166539228,72.42785737199866,0.0058513172568585336,0.006610855421970044,12450.470987250734,not computed,,
cheat-leaked-future,138991c3d0a0,3fd443c,BTC-USD,4h,2025-10-01 00:00:00,2026-07-26,206,train,short,2024-10-24 20:00:00,68309.79,68275.635105,2024-10-25 16:00:00,66724.80367642856,66758.16607826678,target,6,775.4157142857138,69438.75867642857,66724.80367642856,0.04558899733449332,3112.6177468126834,12450.470987250734,72.25793728050625,6.156055602210451,3.0780458655893597,9.23410146779981,63.023835812706444,0.005061963991341594,0.005803630830873651,12513.49482306344,not computed,,
cheat-leaked-future,138991c3d0a0,3fd443c,BTC-USD,4h,2025-10-01 00:00:00,2026-07-26,207,train,short,2024-10-25 20:00:00,66849.99,66816.56500500001,2024-10-27 20:00:00,68193.79964785716,68227.89654768108,stop,13,918.1564285714287,68193.79964785716,64980.25214785715,0.046820331238694446,3128.37370576586,12513.49482306344,-62.917612834425256,6.322826421847665,3.1613974815202255,9.48422390336789,-72.40183673779315,-0.005785900562674975,-0.005027980889756131,12441.092986325646,not computed,,
cheat-leaked-future,138991c3d0a0,3fd443c,BTC-USD,4h,2025-10-01 00:00:00,2026-07-26,208,train,short,2024-10-28 00:00:00,68021.69,67987.679155,2024-10-28 12:00:00,68945.18058357143,68979.65317386322,stop,4,638.3342857142883,68945.18058357143,66711.01058357143,0.045747601407168687,3110.2732465814115,12441.092986325646,-42.24747912049942,6.265926925184045,3.1329529007220884,9.398879825906134,-51.646358946405556,-0.004151271837865975,-0.003395801250495821,12389.44662737924,not computed,,
cheat-leaked-future,138991c3d0a0,3fd443c,BTC-USD,4h,2025-10-01 00:00:00,2026-07-26,209,train,long,2024-10-28 16:00:00,68494.2,68528.44709999999,2024-10-28 16:00:00,69548.38567142856,69513.61147859285,target,1,509.96928571428725,67763.49317142856,69548.38567142856,0.04519818831331449,3097.36165684481,12389.44662737924,47.64728249442628,6.23925095879283,3.119637391216699,9.35888835000953,38.28839414441675,0.0030904038974431543,0.0038457958557350986,12427.735021523657,not computed,,
cheat-leaked-future,138991c3d0a0,3fd443c,BTC-USD,4h,2025-10-01 00:00:00,2026-07-26,210,train,long,2024-10-28 20:00:00,69629.99,69664.804995,2024-10-29 00:00:00,70847.04928071429,70811.62575607393,target,2,591.1221428571454,68778.12178071428,70847.04928071429,0.04459832702616344,3106.933755380914,12427.735021523657,54.2788078115228,6.265013798104597,3.13252046875386,9.397534266858457,44.881273544664346,0.003611379987337535,0.004367554322450315,12472.616295068321,not computed,,
cheat-leaked-future,138991c3d0a0,3fd443c,BTC-USD,4h,2025-10-01 00:00:00,2026-07-26,211,train,long,2024-10-29 04:00:00,70938.15,70973.619075,2024-10-29 12:00:00,72418.759075,72382.5496954625,target,3,722.5700000000028,69889.76407499998,72418.759075,0.04393398722519746,3118.1540737670803,12472.616295068321,65.04906018656143,6.298208087414751,3.1491203059723105,9.44732839338706,55.60173179317437,0.004457904458678756,0.00521535006350527,12528.218026861496,not computed,,
cheat-leaked-future,138991c3d0a0,3fd443c,BTC-USD,4h,2025-10-01 00:00:00,2026-07-26,212,train,long,2024-10-29 16:00:00,72402.0,72438.201,2024-10-31 12:00:00,71176.69778571428,71141.10943682143,stop,12,841.0021428571448,71176.69778571428,74120.20528571428,0.04323760755344233,3132.054506715374,12528.218026861496,-52.97913627564997,6.208025877461152,3.103999693946328,9.31202557140748,-62.29116184705745,-0.004972068790110473,-0.004228784665309822,12465.926865014439,not computed,,
cheat-leaked-future,138991c3d0a0,3fd443c,BTC-USD,4h,2025-10-01 00:00:00,2026-07-26,213,train,short,2024-10-31 16:00:00,70620.01,70584.699995,2024-11-03 00:00:00,68775.79142357143,68810.17931928321,target,15,904.4542857142858,71941.38142357144,68775.79142357143,0.04415236894786507,3116.4817162536096,12465.926865014439,81.42661900698062,6.154614140927357,3.0773274271180497,9.231941568045407,72.1946774389352,0.005791360579978149,0.006531934599705058,12538.121542453373,not computed,,
cheat-leaked-future,138991c3d0a0,3fd443c,BTC-USD,4h,2025-10-01 00:00:00,2026-07-26,214,train,long,2024-11-03 04:00:00,68379.9,68414.08995,2024-11-04 20:00:00,66960.07887857142,66926.59883913214,stop,11,969.3407142857135,66960.07887857142,70352.77137857141,0.04581702961925233,3134.5303856133432,12538.121542453373,-65.05198637453282,6.20090834694168,3.100437910474014,9.301346257415695,-74.3533326319485,-0.005930181198211575,-0.005188335920518114,12463.768209821425,not computed,,
cheat-leaked-future,138991c3d0a0,3fd443c,BTC-USD,4h,2025-10-01 00:00:00,2026-07-26,215,train,long,2024-11-05 00:00:00,67850.01,67883.93500499999,2024-11-05 12:00:00,69698.13500499999,69663.2859374975,target,4,907.1000000000006,66523.285005,69698.13500499999,0.04590102285947112,3115.942052455356,12463.768209821425,84.83082810166492,6.313558132738302,3.1568002740758203,9.470358406814121,75.36046969485079,0.0060463632206724524,0.006806194296426212,12539.128679516276,not computed,,
cheat-leaked-future,138991c3d0a0,3fd443c,BTC-USD,4h,2025-10-01 00:00:00,2026-07-26,216,train,short,2024-11-05 16:00:00,69640.0,69605.18000000001,2024-11-06 00:00:00,71058.12178571429,71093.65084660714,stop,3,968.6278571428577,71058.12178571429,67667.9242857143,0.04503662184163691,3134.782169879069,12539.128679516276,-63.86741458860138,6.3366000383990855,3.168284052345143,9.504884090744229,-73.3722986793456,-0.005851467079941961,-0.00509344917186584,12465.75638083693,not computed,,
cheat-leaked-future,138991c3d0a0,3fd443c,BTC-USD,4h,2025-10-01 00:00:00,2026-07-26,217,train,short,2024-11-06 04:00:00,74348.53,74311.355735,2024-11-07 16:00:00,76422.88430642858,76461.09574858179,stop,10,1407.6857142857148,76422.88430642858,71495.98430642858,0.041937589004871524,3116.4390952092326,12465.75638083693,-86.99341835348697,6.323033103575385,3.161494803432973,9.484527907008358,-96.47794626049533,-0.007739437809710987,-0.006978591245952648,12369.278434576436,not computed,,
cheat-leaked-future,138991c3d0a0,3fd443c,BTC-USD,4h,2025-10-01 00:00:00,2026-07-26,218,train,short,2024-11-07 20:00:00,76530.4,76492.1348,2024-11-10 04:00:00,79014.4823,79053.98954115,stop,15,1681.5650000000003,79014.4823,73129.0048,0.040426634930891076,3092.319608644109,12369.278434576436,-100.42308828038861,6.288206383654662,3.1440780860550603,9.432284469709721,-109.85537275009834,-0.008881308099833403,-0.008118750726774098,12259.423061826337,not computed,,
cheat-leaked-future,138991c3d0a0,3fd443c,BTC-USD,4h,2025-10-01 00:00:00,2026-07-26,219,train,long,2024-11-10 08:00:00,78832.36,78871.77618,2024-11-10 16:00:00,80591.75475142857,80551.45887405286,target,3,859.9892857142861,77581.79225142857,80591.75475142857,0.03885871364760464,3064.8557654565843,12259.423061826337,68.36781683886127,6.1949818397402066,3.09750801182426,9.292489851564467,59.075326987296805,0.004818768933037874,0.005576756466766083,12318.498388813634,not computed,,
cheat-leaked-future,138991c3d0a0,3fd443c,BTC-USD,4h,2025-10-01 00:00:00,2026-07-26,220,train,long,2024-11-10 20:00:00,79748.99,79788.864495,2024-11-11 00:00:00,81785.42020928572,81744.52749918107,target,2,998.2778571428581,78291.44770928571,81785.42020928572,0.03859717288490043,3079.6245972034085,12318.498388813634,78.60044885583454,6.234732257483798,3.1173857788539863,9.352118036337785,69.24833081949676,0.005621491242989553,0.0063806842664533864,12387.74671963313,not computed,,
cheat-leaked-future,138991c3d0a0,3fd443c,BTC-USD,4h,2025-10-01 00:00:00,2026-07-26,221,train,short,2024-11-11 04:00:00,81612.23,81571.423885,2024-11-11 12:00:00,83318.03459928572,83359.69361658535,stop,3,1164.4071428571438,83318.03459928572,79242.60959928572,0.03796595097168302,3096.9366799082827,12387.74671963313,-64.76249378375313,6.26176672077008,3.1308671697613306,9.39263389053141,-74.15512767428454,-0.005986167569664412,-0.005227947846327221,12313.591591958846,not computed,,
cheat-leaked-future,138991c3d0a0,3fd443c,BTC-USD,4h,2025-10-01 00:00:00,2026-07-26,222,train,long,2024-11-11 16:00:00,84059.53,84101.559765,2024-11-11 20:00:00,86952.39405071428,86908.91785368894,target,2,1425.4171428571437,81963.43405071428,86952.39405071428,0.03660333894628704,3078.3978979897115,12313.591591958846,105.88848337382386,6.259554475643305,3.1298037099420526,9.389358185585358,96.49912518823851,0.007836797612424909,0.00859931747638701,12410.090717147084,not computed,,
cheat-leaked-future,138991c3d0a0,3fd443c,BTC-USD,4h,2025-10-01 00:00:00,2026-07-26,223,train,short,2024-11-12 00:00:00,88648.0,88603.676,2024-11-13 12:00:00,91347.28850000001,91392.96214425,stop,10,1829.0750000000012,91347.28850000001,84945.526,0.035015733199227204,3102.522679286771,12410.090717147084,-94.51756594374254,6.302714258016901,3.1513334996166122,9.454047757633514,-103.97161370137606,-0.008377989820631848,-0.007616186545127116,12306.119103445708,not computed,,
cheat-leaked-future,138991c3d0a0,3fd443c,BTC-USD,4h,2025-10-01 00:00:00,2026-07-26,224,train,short,2024-11-13 16:00:00,92540.0,92493.73000000001,2024-11-14 20:00:00,87010.81142857144,87054.31683428572,target,8,2741.459285714285,96605.91892857144,87010.81142857144,0.02992595748201882,2767.963431333329,12306.119103445708,165.46626209863547,5.373147215542359,2.6866149743363508,8.059762189878711,157.40649990875676,0.012790913088488069,0.013445852482632399,12463.525603354465,not computed,,
cheat-leaked-future,138991c3d0a0,3fd443c,BTC-USD,4h,2025-10-01 00:00:00,2026-07-26,225,train,long,2024-11-15 00:00:00,87325.59,87369.252795,2024-11-18 12:00:00,92446.10136642857,92399.87831574536,target,22,2538.424285714286,83561.61636642857,92446.10136642857,0.03273297185054673,2859.855292342036,12463.525603354465,167.6095544177111,5.8843779082452725,2.942230856511088,8.826608764756362,158.78294565295474,0.01273980980230983,0.013448004982843719,12622.308549007419,not computed,,
cheat-leaked-future,138991c3d0a0,3fd443c,BTC-USD,4h,2025-10-01 00:00:00,2026-07-26,226,train,short,2024-11-18 16:00:00,92309.51,92263.355245,2024-11-20 12:00:00,94349.53595928571,94396.71072726535,stop,12,1390.787142857144,94349.53595928571,89481.78095928571,0.03420184675565291,3155.5771372518548,12622.308549007419,-69.77265523704396,6.384118971783482,3.1920420427276497,9.576161014511133,-79.34881625155509,-0.006286394912901638,-0.005527725373385099,12542.959732755864,not computed,,
cheat-leaked-future,138991c3d0a0,3fd443c,BTC-USD,4h,2025-10-01 00:00:00,2026-07-26,227,train,short,2024-11-20 16:00:00,94739.98,94692.61001,2024-11-21 04:00:00,97148.29429571428,97196.86844286213,stop,4,1637.122857142855,97148.29429571428,91418.36429571429,0.03311493824975166,3135.739933188966,12542.959732755864,-79.75117918857269,6.354408229743582,3.177184177076626,9.531592406820208,-89.2827715953929,-0.00711815819373409,-0.006358242463324104,12453.67696116047,not computed,,
cheat-leaked-future,138991c3d0a0,3fd443c,BTC-USD,4h,2025-10-01 00:00:00,2026-07-26,228,train,long,2024-11-21 08:00:00,96912.01,96960.466005,2024-11-25 12:00:00,94891.51279071429,94844.06703431894,stop,26,1379.3021428571406,94891.51279071429,99719.07029071427,0.032110192623554086,3113.4192402901176,12453.67696116047,-64.87855458551749,6.158880501963375,3.0794240313427252,9.2383045333061,-74.1168591188236,-0.005951403697877608,-0.00520959029111286,12379.560102041647,not computed,,
cheat-leaked-future,138991c3d0a0,3fd443c,BTC-USD,4h,2025-10-01 00:00:00,2026-07-26,229,train,short,2024-11-25 16:00:00,96000.57,95952.569715,2024-11-25 20:00:00,93486.64257214287,93533.38589342893,target,2,1232.9635714285719,97802.01507214287,93486.64257214287,0.0322543735379147,3094.8900255104118,12379.560102041647,81.08515430531328,6.111750792382991,3.0558956674798736,9.167646459862866,71.91750784545042,0.005809375070895267,0.006549922100377432,12451.477609887097,not computed,,
cheat-leaked-future,138991c3d0a0,3fd443c,BTC-USD,4h,2025-10-01 00:00:00,2026-07-26,230,train,long,2024-11-26 00:00:00,93010.01,93056.515005,2024-11-27 16:00:00,96097.92357642857,96049.87461464036,target,11,1520.7042857142867,90775.45857642856,96097.92357642857,0.0334513859916688,3112.8694024717743,12451.477609887097,103.29498895402673,6.3258708326574995,3.1629612400758873,9.488832072733388,93.80615688129335,0.007533736944345188,0.008295801686380205,12545.28376676839,not computed,,
cheat-leaked-future,138991c3d0a0,3fd443c,BTC-USD,4h,2025-10-01 00:00:00,2026-07-26,231,train,short,2024-11-27 20:00:00,96627.99,96579.67600500002,2024-12-05 00:00:00,99671.49421928573,99721.32996639537,stop,44,2061.212142857144,99671.49421928573,92457.25171928573,0.03247392279023309,3136.3209416920977,12545.28376676839,-98.83452102883317,6.374663711560178,3.1873071471493546,9.561970858709532,-108.3964918875427,-0.008640417698217212,-0.007878221239653354,12436.887274880848,not computed,,
cheat-leaked-future,138991c3d0a0,3fd443c,BTC-USD,4h,2025-10-01 00:00:00,2026-07-26,232,train,short,2024-12-05 04:00:00,102964.0,102912.51800000001,2024-12-05 16:00:00,99471.62657142858,99521.36238471429,target,4,1720.4457142857148,105493.18657142858,99471.62657142858,0.030212280091331666,3109.221818720212,12436.887274880848,105.51256420752391,6.11598909415812,3.0580209252194805,9.1740100193776,96.3385541881463,0.007746195013178591,0.008483840198554407,12533.225829068995,not computed,,
cheat-leaked-future,138991c3d0a0,3fd443c,BTC-USD,4h,2025-10-01 00:00:00,2026-07-26,233,train,short,2024-12-05 20:00:00,99028.01,98978.495995,2024-12-05 20:00:00,94820.72028071429,94868.13064085464,target,1,2078.887857142857,102096.82778071429,94820.72028071429,0.03165643633770239,3133.306457267249,12533.225829068995,133.1877991528377,6.136493395376298,3.0682799946373223,9.20477339001362,123.98302576282408,0.009892347545135865,0.010626777253460794,12657.208854831819,not computed,,
cheat-leaked-future,138991c3d0a0,3fd443c,BTC-USD,4h,2025-10-01 00:00:00,2026-07-26,234,train,long,2024-12-06 00:00:00,96945.63,96994.102815,2024-12-12 16:00:00,102053.00567214286,102001.9791693068,target,41,2529.451428571428,93199.92567214287,102053.00567214286,0.032623655684957786,3164.3022137079547,12657.208854831819,166.62126538171822,6.491979661311656,3.2460314859717982,9.738011147283455,156.88325423443476,0.01239477486970166,0.013164139684564933,12814.092109066254,not computed,,
cheat-leaked-future,138991c3d0a0,3fd443c,BTC-USD,4h,2025-10-01 00:00:00,2026-07-26,235,train,long,2024-12-12 20:00:00,99481.33,99531.07066499999,2024-12-15 12:00:00,102892.9863792857,102841.53988609607,target,17,1680.9578571428563,97009.63387928571,102892.9863792857,0.03218616062163068,3203.5230272665635,12814.092109066254,109.80812020950067,6.51359734861629,3.256826126337671,9.770423474953962,100.03769673454671,0.007806850136793369,0.008569325027077728,12914.129805800801,not computed,,
cheat-leaked-future,138991c3d0a0,3fd443c,BTC-USD,4h,2025-10-01 00:00:00,2026-07-26,236,train,long,2024-12-15 16:00:00,102704.0,102755.352,2024-12-15 20:00:00,104902.28057142856,104849.82943114286,target,2,1073.4642857142837,101145.15557142858,104902.28057142856,0.03141960383192693,3228.5324514502004,12914.129805800801,69.06910466570743,6.522872554021822,3.261453544286667,9.784326098308489,59.28477856739894,0.004590690929927718,0.005348335947086639,12973.4145843682,not computed,,
cheat-leaked-future,138991c3d0a0,3fd443c,BTC-USD,4h,2025-10-01 00:00:00,2026-07-26,237,train,long,2024-12-16 00:00:00,104463.99,104516.221995,2024-12-16 16:00:00,106801.23485214285,106747.83423471678,target,5,1142.5064285714273,102802.46235214286,106801.23485214285,0.031032059752860282,3243.35364609205,12973.4145843682,72.52952190876186,6.555958816552206,3.277997540656443,9.833956357208649,62.695565551553216,0.0048326186713477685,0.005590627003946472,13036.110149919754,not computed,,
cheat-leaked-future,138991c3d0a0,3fd443c,BTC-USD,4h,2025-10-01 00:00:00,2026-07-26,238,train,short,2024-12-16 20:00:00,106583.13,106529.83843500001,2024-12-18 04:00:00,103613.77129214288,103665.57817778894,target,9,1458.0335714285716,108716.88879214287,103613.77129214288,0.030592626304117215,3259.0275374799385,13036.110149919754,90.84048131234951,6.430429831273284,3.215237625756373,9.645667457029656,81.19481385531985,0.006228454111046282,0.006968373254571549,13117.304963775074,not computed,,
cheat-leaked-future,138991c3d0a0,3fd443c,BTC-USD,4h,2025-10-01 00:00:00,2026-07-26,239,train,long,2024-12-18 08:00:00,104250.75,104302.87537499999,2024-12-18 20:00:00,101808.12787499999,101757.22381106249,stop,4,1663.1649999999997,101808.12787499999,107629.20537499999,0.03144042030628217,3279.3262409437684,13117.304963775074,-76.79706625942438,6.478616126763996,3.2392888641151387,9.717904990879134,-86.51497125030352,-0.006595483713249362,-0.005854637554856596,13030.78999252477,not computed,,
cheat-leaked-future,138991c3d0a0,3fd443c,BTC-USD,4h,2025-10-01 00:00:00,2026-07-26,240,train,long,2024-12-19 00:00:00,100204.01,100254.11200499999,2024-12-19 16:00:00,97728.65414785713,97679.7898207832,stop,5,1683.6385714285705,97728.65414785713,103621.38914785713,0.032494402802836865,3257.6974981311923,13030.78999252477,-80.43521013988972,6.4317439342641665,3.2158518583292732,9.647595792593439,-90.08280593248315,-0.00691307326602301,-0.0061727040483372155,12940.707186592286,not computed,,
cheat-leaked-future,138991c3d0a0,3fd443c,BTC-USD,4h,2025-10-01 00:00:00,2026-07-26,241,train,long,2024-12-19 20:00:00,97199.72,97248.31985999999,2024-12-20 08:00:00,93977.02235999999,93930.03384881999,stop,4,2180.864999999998,93977.02235999999,101610.04985999998,0.03326717419185726,3235.1767966480716,12940.707186592286,-107.21004375756775,6.359963594543815,3.1799549947604078,9.539918589304222,-116.74996234687197,-0.009021915159925358,-0.008284712899511921,12823.957224245414,not computed,,
cheat-leaked-future,138991c3d0a0,3fd443c,BTC-USD,4h,2025-10-01 00:00:00,2026-07-26,242,train,long,2024-12-20 12:00:00,92723.99,92770.351995,2024-12-20 16:00:00,97716.07628071429,97667.21824257393,target,2,2472.8621428571414,89061.05878071429,97716.07628071429,0.03455833935214717,3205.9893060613535,12823.957224245414,172.51821176412247,6.5812061776684425,3.2906462183872236,9.871852396055665,162.6463593680668,0.012683008569348782,0.013452806239711531,12986.603583613482,not computed,,
cheat-leaked-future,138991c3d0a0,3fd443c,BTC-USD,4h,2025-10-01 00:00:00,2026-07-26,243,train,long,2024-12-20 20:00:00,97116.0,97164.55799999999,2024-12-23 16:00:00,93041.99978571427,92995.47878582143,stop,18,2748.372142857141,93041.99978571427,102661.30228571428,0.03150132250070256,3060.8120771962185,12986.603583613482,-128.33639461814602,5.990292645535623,2.995114238668549,8.985406884204172,-137.32180150235018,-0.010574112054642452,-0.009882213913118986,12849.281782111131,not computed,,
cheat-leaked-future,138991c3d0a0,3fd443c,BTC-USD,4h,2025-10-01 00:00:00,2026-07-26,244,train,long,2024-12-23 20:00:00,93044.79,93091.31239499999,2024-12-24 12:00:00,96460.90953785712,96412.6790830882,target,5,1684.798571428569,90564.11453785714,96460.90953785712,0.03450719903805244,3212.320445527783,12849.281782111131,117.88071683061564,6.539251952439782,3.269655446398801,9.808907398838583,108.07180943177706,0.00841072763944172,0.009174109403899141,12957.353591542907,not computed,,
cheat-leaked-future,138991c3d0a0,3fd443c,BTC-USD,4h,2025-10-01 00:00:00,2026-07-26,245,train,short,2024-12-24 16:00:00,98299.99,98250.840005,2024-12-27 12:00:00,94341.56286214286,94388.73364357393,target,18,1954.6385714285684,101182.79786214286,94341.56286214286,0.03297008348957501,3239.338397885727,12957.353591542907,130.50967322254945,6.351342826589616,3.175704040712887,9.527046867302502,120.98262635524695,0.009336985789614533,0.010072247569729931,13078.336217898155,not computed,,
cheat-leaked-future,138991c3d0a0,3fd443c,BTC-USD,4h,2025-10-01 00:00:00,2026-07-26,246,train,long,2024-12-27 16:00:00,94573.75,94621.03687499999,2024-12-30 12:00:00,92266.08187499999,92219.9488340625,stop,18,1569.9700000000012,92266.08187499999,97760.976875,0.03455451517397609,3269.584054474539,13078.336217898155,-79.74035324181384,6.4561996758044495,3.228079902813363,9.684279578617812,-89.42463282043165,-0.006837615376338999,-0.006097132839625763,12988.911585077723,not computed,,
cheat-leaked-future,138991c3d0a0,3fd443c,BTC-USD,4h,2025-10-01 00:00:00,2026-07-26,247,train,long,2024-12-30 16:00:00,92130.21,92176.27510500001,2024-12-30 16:00:00,94010.68510500001,93963.67976244751,target,1,917.2050000000017,90800.46760500001,94010.68510500001,0.03522845648265177,3247.227896269431,12988.911585077723,66.24623540320269,6.557423299730639,3.278728211424095,9.836151511154736,56.41008389204796,0.004342941556154292,0.005100214515226164,13045.321668969771,not computed,,
cheat-leaked-future,138991c3d0a0,3fd443c,BTC-USD,4h,2025-10-01 00:00:00,2026-07-26,248,train,short,2024-12-30 20:00:00,94417.04,94369.83148,2024-12-30 20:00:00,92204.88433714285,92250.98677931142,target,1,1082.4735714285728,95993.54183714285,92204.88433714285,0.034559036146351745,3261.3304172424428,13045.321668969771,76.44996751403666,6.449435603885283,3.2247369144345583,9.674172518319843,66.77579499571682,0.0051187541932793375,0.005860335946784986,13112.097463965489,not computed,,
cheat-leaked-future,138991c3d0a0,3fd443c,BTC-USD,4h,2025-10-01 00:00:00,2026-07-26,249,train,short,2024-12-31 00:00:00,92792.05,92745.65397500001,2024-12-31 08:00:00,94600.6182607143,94647.91856984465,stop,3,1236.6428571428582,94600.6182607143,90272.3682607143,0.035344236904890206,3278.024365991372,13112.097463965489,-63.92246506535129,6.6232828224787195,3.3116254306227972,9.934908253101517,-73.8573733184528,-0.005632765735720525,-0.004875075497342988,13038.240090647036,not computed,,
cheat-leaked-future,138991c3d0a0,3fd443c,BTC-USD,4h,2025-10-01 00:00:00,2026-07-26,250,train,long,2024-12-31 12:00:00,94232.68,94279.79633999999,2025-01-02 12:00:00,96928.02633999998,96879.56232682998,target,13,1324.114999999999,92293.62383999999,96928.02633999998,0.03457326117789702,3259.560022661759,13038.240090647036,93.18691297770845,6.609002433787604,3.304524513621814,9.91352694740942,83.27338603029902,0.006386857846714686,0.0071472002609122036,13121.513476677335,not computed,,
cheat-leaked-future,138991c3d0a0,3fd443c,BTC-USD,4h,2025-10-01 00:00:00,2026-07-26,251,train,long,2025-01-02 16:00:00,96455.01,96503.23750499998,2025-01-03 16:00:00,98952.73464785713,98903.2582805332,target,7,1224.748571428571,94666.11464785713,98952.73464785713,0.03399241780877427,3280.378369169334,13121.513476677335,84.90369980123322,6.642339247290333,3.3211908495694615,9.963530096859795,74.94016970437342,0.005711244349790506,0.0064705721601509,13196.45364638171,not computed,,
cheat-leaked-future,138991c3d0a0,3fd443c,BTC-USD,4h,2025-10-01 00:00:00,2026-07-26,252,train,short,2025-01-03 20:00:00,98592.02,98542.72399000001,2025-01-06 12:00:00,100206.90970428573,100257.01315913787,stop,17,1109.4571428571446,100206.90970428573,96323.80970428573,0.03347901578131955,3299.1134115954274,13196.45364638171,-54.06491789487235,6.655619537338167,3.3277962524392777,9.983415789777444,-64.04833368464979,-0.004853450434557544,-0.004096927806789685,13132.40531269706,not computed,,
cheat-leaked-future,138991c3d0a0,3fd443c,BTC-USD,4h,2025-10-01 00:00:00,2026-07-26,253,train,short,2025-01-06 16:00:00,102147.95,102096.876025,2025-01-07 12:00:00,100139.0003107143,100189.06981086965,target,6,978.9378571428554,103565.28281071429,100139.0003107143,0.03215672659142231,3283.101328174265,13132.40531269706,64.60124589428301,6.504853853531324,3.2524430770767765,9.7572969306081,54.84394896367491,0.004176230298850818,0.004919224190546672,13187.249261660734,not computed,,
cheat-leaked-future,138991c3d0a0,3fd443c,BTC-USD,4h,2025-10-01 00:00:00,2026-07-26,254,train,short,2025-01-07 16:00:00,97952.26,97903.28387,2025-01-08 08:00:00,95172.42672714285,95220.01294050642,target,5,1365.4285714285704,99951.42672714285,95172.42672714285,0.03367417501330013,3296.8123154151835,13187.249261660734,93.60859213798625,6.503267695942501,3.2516572501189955,9.754924946061497,83.85366719192476,0.006358692819715813,0.007098416832851893,13271.102928852659,not computed,,
cheat-leaked-future,138991c3d0a0,3fd443c,BTC-USD,4h,2025-10-01 00:00:00,2026-07-26,255,train,long,2025-01-08 12:00:00,95134.92,95182.48745999999,2025-01-08 16:00:00,92871.57031714285,92825.13453198428,stop,2,1540.6114285714273,92871.57031714285,98263.71031714285,0.03485699755017902,3317.7757322131647,13271.102928852659,-78.8935743505502,6.553381219189579,3.2766708862007192,9.830052105390298,-88.72362645594049,-0.0066854749700604585,-0.005944763956206529,13182.37930239672,not computed,,
cheat-leaked-future,138991c3d0a0,3fd443c,BTC-USD,4h,2025-10-01 00:00:00,2026-07-26,256,train,long,2025-01-08 20:00:00,94243.89,94291.01194499999,2025-01-09 20:00:00,91686.69480214285,91640.85145474179,stop,7,1736.211428571429,91686.69480214285,97763.43480214285,0.0349513146334828,3295.59482559918,13182.37930239672,-89.37733393953637,6.49856305807412,3.249259184703135,9.747822242777254,-99.12515618231363,-0.007519519345365176,-0.006780060859217309,13083.254146214405,not computed,,
cheat-leaked-future,138991c3d0a0,3fd443c,BTC-USD,4h,2025-10-01 00:00:00,2026-07-26,257,train,long,2025-01-10 00:00:00,92552.49,92598.766245,2025-01-13 12:00:00,89926.92767357144,89881.96420973465,stop,22,1781.2257142857165,89926.92767357144,96161.21767357145,0.03532243105593443,3270.8135365536014,13083.254146214405,-92.7412442583319,6.44566302052392,3.2228083249509325,9.668471345474853,-102.40971560380676,-0.007827541562619469,-0.0070885456494144666,12980.8444306106,not computed,,
cheat-leaked-future,138991c3d0a0,3fd443c,BTC-USD,4h,2025-10-01 00:00:00,2026-07-26,258,train,long,2025-01-13 16:00:00,92123.75,92169.811875,2025-01-13 20:00:00,94669.58044642858,94622.24565620537,target,2,1249.884285714286,90294.98544642857,94669.58044642858,0.03520904558266627,3245.21110765265,12980.8444306106,89.63626023404335,6.57677006809623,3.2884074431128454,9.865177511209076,79.77108272283428,0.006145292253462587,0.006905271896077025,13060.615513333434,not computed,,
cheat-leaked-future,138991c3d0a0,3fd443c,BTC-USD,4h,2025-10-01 00:00:00,2026-07-26,259,train,long,2025-01-14 00:00:00,94536.11,94583.378055,2025-01-15 00:00:00,97510.95376928571,97462.19829240108,target,7,1463.787857142858,92387.6962692857,97510.95376928571,0.034521434373328046,3265.1538783333585,13060.615513333434,102.69587395230053,6.629688760564767,3.3148700542502354,9.944558814815004,92.75131513748553,0.007101603675783639,0.007863019460871463,13153.36682847092,not computed,,
cheat-leaked-future,138991c3d0a0,3fd443c,BTC-USD,4h,2025-10-01 00:00:00,2026-07-26,260,train,short,2025-01-15 04:00:00,97317.12,97268.46144,2025-01-15 16:00:00,99912.79001142857,99962.74640643428,stop,4,1762.885714285717,99912.79001142857,93742.69001142857,0.03380686461403671,3288.34170711773,13153.36682847092,-87.75146465908105,6.667768741327338,3.3338624327970763,10.001631174124414,-97.75309583320546,-0.00743179271953516,-0.006671407085609439,13055.613732637714,not computed,,
cheat-leaked-future,138991c3d0a0,3fd443c,BTC-USD,4h,2025-10-01 00:00:00,2026-07-26,261,train,long,2025-01-15 20:00:00,99844.91,99894.832455,2025-01-16 12:00:00,97344.18424071428,97295.51214859393,stop,5,1700.4321428571452,97344.18424071428,103295.69674071428,0.03267339614018304,3263.9034331594285,13055.613732637714,-81.70720337110235,6.44287824425243,3.221418695324985,9.664296939577415,-91.37150031067976,-0.006998636922158646,-0.006258396199854061,12964.242232327035,not computed,,
cheat-leaked-future,138991c3d0a0,3fd443c,BTC-USD,4h,2025-10-01 00:00:00,2026-07-26,262,train,long,2025-01-16 16:00:00,99296.17,99345.81808499999,2025-01-17 08:00:00,102362.46665642856,102311.28542310034,target,5,1508.3242857142864,97083.33165642856,102362.46665642856,0.032624026059242035,3241.0605580817587,12964.242232327035,100.03494202469206,6.578866599879533,3.2894583086750515,9.868324908554584,90.16661711613747,0.006955024096302533,0.007716219755231783,13054.408849443173,not computed,,
cheat-leaked-future,138991c3d0a0,3fd443c,BTC-USD,4h,2025-10-01 00:00:00,2026-07-26,263,train,long,2025-01-17 12:00:00,102237.6,102288.7188,2025-01-17 16:00:00,105210.13737142857,105157.53230274287,target,2,1460.709285714284,100097.65487142857,105210.13737142857,0.03190578834741249,3263.602212360793,13054.408849443173,94.84114822757373,6.618736181148299,3.3093918008607943,9.928127982009094,84.91302024556464,0.006504547331470053,0.007265066486072183,13139.321869688738,not computed,,
cheat-leaked-future,138991c3d0a0,3fd443c,BTC-USD,4h,2025-10-01 00:00:00,2026-07-26,264,train,short,2025-01-17 20:00:00,105834.93,105782.012535,2025-01-18 08:00:00,102559.96967785715,102611.24966269608,target,4,1611.0214285714278,108198.54467785715,102559.96967785715,0.031052826361526592,3284.8304674221845,13139.321869688738,101.69677422439082,6.471199785937141,3.2356253171617766,9.706825103098918,91.9899491212919,0.007001118477316903,0.007739879975008174,13231.31181881003,not computed,,
cheat-leaked-future,138991c3d0a0,3fd443c,BTC-USD,4h,2025-10-01 00:00:00,2026-07-26,265,train,long,2025-01-18 12:00:00,103589.29,103641.08464499998,2025-01-19 20:00:00,101369.55750214284,101318.87272339177,stop,9,1514.3514285714284,101369.55750214284,106669.78750214283,0.031916184262570715,3307.8279547025077,13231.31181881003,-70.84539141522535,6.54153976581823,3.270752171560588,9.812291937378818,-80.65768335260417,-0.006095970260328895,-0.005354373956670677,13150.654135457427,not computed,,
cheat-leaked-future,138991c3d0a0,3fd443c,BTC-USD,4h,2025-10-01 00:00:00,2026-07-26,266,train,long,2025-01-20 00:00:00,101331.57,101382.235785,2025-01-20 04:00:00,105304.655785,105252.00345710751,target,2,1961.2100000000003,98440.420785,105304.655785,0.032428398411300206,3287.663533864357,13150.654135457427,128.84080875825305,6.700817435558985,3.3504409279809266,10.051258363539912,118.78955039471313,0.009032976547868218,0.009797292775791756,13269.44368585214,not computed,,
cheat-leaked-future,138991c3d0a0,3fd443c,BTC-USD,4h,2025-10-01 00:00:00,2026-07-26,267,train,long,2025-01-20 08:00:00,107120.65,107174.210325,2025-01-20 16:00:00,103480.43139642857,103428.69118073035,stop,3,2462.519285714285,103480.43139642857,112099.24889642856,0.030952977506466507,3317.360921463035,13269.44368585214,-112.67560455496726,6.518786873103452,3.2593652676505087,9.77815214075396,-122.45375669572122,-0.009228250979826776,-0.008491358584618119,13146.98992915642,not computed,,
cheat-leaked-future,138991c3d0a0,3fd443c,BTC-USD,4h,2025-10-01 00:00:00,2026-07-26,268,train,short,2025-01-20 20:00:00,103691.64,103639.79418000001,2025-02-02 16:00:00,97485.31275142859,97534.05540780429,target,78,3077.240714285713,108255.65525142859,97485.31275142859,0.028482204567494753,2951.8898191678127,13146.98992915642,176.7698823066278,5.729874737590262,2.8649815612650684,8.59485629885533,168.1750260077725,0.01279190346337806,0.013445654348194233,13315.164955164193,not computed,,
cheat-leaked-future,138991c3d0a0,3fd443c,BTC-USD,4h,2025-10-01 00:00:00,2026-07-26,269,train,short,2025-02-02 20:00:00,98273.17,98224.033415,2025-02-03 00:00:00,95351.20484357142,95398.8804459932,target,2,1436.414285714289,100378.65484357144,95351.20484357142,0.03388978362074369,3328.7912387910483,13315.164955164193,99.02476689871688,6.561838654766954,3.28094408357488,9.842782738341835,89.18198416037504,0.006697775390742451,0.007436991372781365,13404.346939324569,not computed,,
cheat-leaked-future,138991c3d0a0,3fd443c,BTC-USD,4h,2025-10-01 00:00:00,2026-07-26,270,train,long,2025-02-03 04:00:00,94038.75,94085.76937499999,2025-02-03 12:00:00,97483.18794642857,97434.44635245537,target,3,1698.7092857142893,91537.70544642856,97483.18794642857,0.03561736017138397,3351.086734831142,13404.346939324569,122.68178692592868,6.821444503665934,3.41075292227886,10.232197425944793,112.44958949998389,0.008389039019132558,0.009152388212663681,13516.796528824552,not computed,,
cheat-leaked-future,138991c3d0a0,3fd443c,BTC-USD,4h,2025-10-01 00:00:00,2026-07-26,271,train,long,2025-02-03 16:00:00,98842.0,98891.42099999999,2025-02-09 20:00:00,95558.81635714284,95511.03694896428,stop,38,2221.7364285714316,95558.81635714284,103334.89385714284,0.034170801653321765,3379.199132206138,13516.796528824552,-112.18901705150225,6.642887831492283,3.321415868491357,9.96430369998364,-122.1533207514859,-0.009037150222021475,-0.008299970840891131,13394.643208073066,not computed,,
cheat-leaked-future,138991c3d0a0,3fd443c,BTC-USD,4h,2025-10-01 00:00:00,2026-07-26,272,train,long,2025-02-10 00:00:00,96462.75,96510.98137499999,2025-02-11 04:00:00,98382.37566071427,98333.18447288392,target,8,935.6971428571435,95107.43566071427,98382.37566071427,0.034697199782963734,3348.6608020182666,13394.643208073066,66.60563505830683,6.760546948968948,3.3802901258926212,10.140837074861569,56.464797983445266,0.004215476075496617,0.004972557613043626,13451.108006056511,not computed,,
cheat-leaked-future,138991c3d0a0,3fd443c,BTC-USD,4h,2025-10-01 00:00:00,2026-07-26,273,train,short,2025-02-11 08:00:00,98268.98,98219.84551,2025-02-11 16:00:00,96255.83693857143,96303.96485704072,target,3,982.0042857142865,99692.85193857143,96255.83693857143,0.03423724588501573,3362.7770015141277,13451.108006056511,68.92447399584306,6.659959526026545,3.3299969941315766,9.98995652015812,58.934517475684935,0.004381387574105346,0.005124074088529291,13510.042523532196,not computed,,
cheat-leaked-future,138991c3d0a0,3fd443c,BTC-USD,4h,2025-10-01 00:00:00,2026-07-26,274,train,long,2025-02-11 20:00:00,95040.81,95088.33040499999,2025-02-12 16:00:00,97324.75469071427,97276.09231336892,target,6,1118.212142857144,93411.01219071427,97324.75469071427,0.03551971747213947,3377.510630883049,13510.042523532196,81.12507013616384,6.832729946647672,3.4163852545905797,10.24911520123825,70.87595493492559,0.005246168160571792,0.006004797541892097,13580.918478467122,not computed,,
cheat-leaked-future,138991c3d0a0,3fd443c,BTC-USD,4h,2025-10-01 00:00:00,2026-07-26,275,train,long,2025-02-12 20:00:00,97205.06,97253.66252999999,2025-02-13 12:00:00,95347.0457442857,95299.37222141356,stop,5,1271.077857142856,95347.0457442857,99795.81824428569,0.03491107204902899,3395.2296196167804,13580.918478467122,-64.8652695493648,6.722232869465781,3.361100218414933,10.083333087880714,-74.94860263724551,-0.005518669650810316,-0.004776206384878186,13505.969875829876,not computed,,
cheat-leaked-future,138991c3d0a0,3fd443c,BTC-USD,4h,2025-10-01 00:00:00,2026-07-26,276,train,short,2025-02-13 16:00:00,95998.0,95950.001,2025-02-14 16:00:00,98002.001,98051.0020005,stop,7,1367.9999999999989,98002.001,93214.001,0.035190124374855074,3376.492468957469,13505.969875829876,-70.52104443733408,6.8269194244342275,3.4134420819556226,10.24036150638985,-80.76140594372393,-0.005979682072907151,-0.005221472066477633,13425.208469886153,not computed,,
cheat-leaked-future,138991c3d0a0,3fd443c,BTC-USD,4h,2025-10-01 00:00:00,2026-07-26,277,train,short,2025-02-14 20:00:00,97940.44,97891.46978000001,2025-02-17 16:00:00,95229.6140657143,95277.22887274715,target,18,1330.9278571428574,99887.8615657143,95229.6140657143,0.03428595080873182,3356.302117471538,13425.208469886153,92.94324463395418,6.622972499794831,3.3115094857079015,9.934481985502732,83.00876264845145,0.006183052042331182,0.006923039209590936,13508.217232534604,not computed,,
cheat-leaked-future,138991c3d0a0,3fd443c,BTC-USD,4h,2025-10-01 00:00:00,2026-07-26,278,train,long,2025-02-17 20:00:00,95531.36,95579.12568,2025-02-18 16:00:00,94635.12210857144,94587.80454751715,stop,6,629.335714285712,94635.12210857144,96837.79710857142,0.03533255074376875,3377.054308133651,13508.217232534604,-31.6663707773881,6.719082712050482,3.359533439432308,10.078616151482791,-41.74498692887089,-0.0030903402136832603,-0.002344230199461073,13466.472245605733,not computed,,
cheat-leaked-future,138991c3d0a0,3fd443c,BTC-USD,4h,2025-10-01 00:00:00,2026-07-26,279,train,long,2025-02-18 20:00:00,94104.15,94151.202075,2025-02-19 08:00:00,96126.05636071428,96077.99333253394,target,4,987.4271428571426,92670.06136071427,96126.05636071428,0.03575756854086277,3366.6180614014334,13466.472245605733,72.29845527644758,6.802133493258071,3.401084821242435,10.203218314500507,62.09523696194708,0.004611099019062656,0.005368774684107741,13528.56748256768,not computed,,
cheat-leaked-future,138991c3d0a0,3fd443c,BTC-USD,4h,2025-10-01 00:00:00,2026-07-26,280,train,short,2025-02-19 12:00:00,96422.6,96374.38870000001,2025-02-20 12:00:00,98008.48012857143,98057.48436863572,stop,7,1089.394285714284,98008.48012857143,94195.60012857144,0.035093782863516304,3382.14187064192,13528.56748256768,-55.65453287965104,6.823349935217466,3.4116610539753296,10.235010989192794,-65.88954386884384,-0.004870400650604451,-0.004113852627143638,13462.677938698836,not computed,,
cheat-leaked-future,138991c3d0a0,3fd443c,BTC-USD,4h,2025-10-01 00:00:00,2026-07-26,281,train,long,2025-02-20 16:00:00,96903.76,96952.21187999999,2025-02-21 12:00:00,99177.75187999998,99128.16300405998,target,6,1112.769999999998,95283.05687999999,99177.75187999998,0.03471472614611905,3365.669484674709,13462.677938698836,78.94100537269796,6.806876516728502,3.4034579936152483,10.210334510343749,68.7306708623542,0.0051052748327868715,0.005863692627287761,13531.408609561191,not computed,,
cheat-leaked-future,138991c3d0a0,3fd443c,BTC-USD,4h,2025-10-01 00:00:00,2026-07-26,282,train,short,2025-02-21 16:00:00,98104.04,98054.98798,2025-02-21 16:00:00,96109.44655142858,96157.5012747043,target,1,972.7707142857138,99514.14405142858,96109.44655142858,0.034499541757939824,3382.8521523902978,13531.408609561191,68.81255996910255,6.70024188295611,3.3501381446174605,10.05038002757357,58.762179941528984,0.004342650616581637,0.0050853951687247195,13590.17078950272,not computed,,
cheat-leaked-future,138991c3d0a0,3fd443c,BTC-USD,4h,2025-10-01 00:00:00,2026-07-26,283,train,long,2025-02-21 20:00:00,95285.11,95332.752555,2025-02-24 20:00:00,93588.86862642856,93542.07419211535,stop,19,1162.5892857142858,93588.86862642856,97657.93112642856,0.035638776876976745,3397.54269737568,13590.17078950272,-60.45196784220897,6.731267808118084,3.3656187910669217,10.096886599185005,-70.54885444139398,-0.00519116761180714,-0.0044482125190732046,13519.621935061325,not computed,,
cheat-leaked-future,138991c3d0a0,3fd443c,BTC-USD,4h,2025-10-01 00:00:00,2026-07-26,284,train,long,2025-02-25 00:00:00,91552.88,91598.65644,2025-02-25 04:00:00,90104.1057257143,90059.05367285144,stop,2,996.3671428571417,90104.1057257143,93591.39072571429,0.03689907270615127,3379.905483765331,13519.621935061325,-53.458427281669884,6.703001053087056,3.3514871619366744,10.054488215023731,-63.512915496693616,-0.004697832217628911,-0.003954136257540799,13456.10901956463,not computed,,
cheat-leaked-future,138991c3d0a0,3fd443c,BTC-USD,4h,2025-10-01 00:00:00,2026-07-26,285,train,short,2025-02-25 08:00:00,89320.01,89275.349995,2025-02-25 12:00:00,86561.08142357142,86604.3619642832,target,2,1357.134285714286,91311.05142357142,86561.08142357142,0.03768147932301094,3364.0272548911576,13456.10901956463,103.96051010635733,6.62740772953085,3.3137298548928413,9.941137584423691,94.01937252193365,0.00698711435714688,0.007725896836537443,13550.128392086564,not computed,,
cheat-leaked-future,138991c3d0a0,3fd443c,BTC-USD,4h,2025-10-01 00:00:00,2026-07-26,286,train,long,2025-02-25 16:00:00,87231.63,87275.245815,2025-02-26 16:00:00,84607.780815,84565.47692459251,stop,7,1778.3099999999997,84607.780815,90831.865815,0.03881435184040955,3387.532098021641,13550.128392086564,-101.84300544276182,6.669886272924811,3.3349176757106562,10.004803948635466,-111.84780939139729,-0.008254372663857396,-0.0075160177450598435,13438.280582695166,not computed,,
cheat-leaked-future,138991c3d0a0,3fd443c,BTC-USD,4h,2025-10-01 00:00:00,2026-07-26,287,train,long,2025-02-26 20:00:00,83856.98,83898.90848999999,2025-02-28 00:00:00,80248.03491857141,80207.91090111213,stop,8,2433.9157142857125,80248.03491857141,88766.73991857142,0.03680839755137513,3088.184377826362,13438.280582695166,-132.83948529830312,6.040509049039772,3.020221314648097,9.06073036368787,-141.90021566199098,-0.010559402654884264,-0.00988515491106534,13296.380367033174,not computed,,
cheat-leaked-future,138991c3d0a0,3fd443c,BTC-USD,4h,2025-10-01 00:00:00,2026-07-26,288,train,short,2025-02-28 04:00:00,80452.89,80412.663555,2025-02-28 12:00:00,83888.20426928572,83930.14837142036,stop,3,2317.0271428571423,83888.20426928572,75778.60926928572,0.03825701224669962,3076.3482544133713,13296.380367033174,-131.4248600713258,6.287264968526117,3.143599628047781,9.430864596573898,-140.85572466789972,-0.01059353905196147,-0.009884258455570241,13155.524642365275,not computed,,
cheat-leaked-future,138991c3d0a0,3fd443c,BTC-USD,4h,2025-10-01 00:00:00,2026-07-26,289,train,long,2025-02-28 16:00:00,84005.05,84047.05252499999,2025-03-02 16:00:00,89415.38538214285,89370.67768945178,target,13,2684.1664285714287,80020.80288214285,89415.38538214285,0.03267438884646438,2746.186075601066,13155.524642365275,176.77940206591984,5.666318349898253,2.833203369799122,8.499521719697375,168.27988034622246,0.012791575016651473,0.013437655043921994,13323.804522711498,not computed,,
cheat-leaked-future,138991c3d0a0,3fd443c,BTC-USD,4h,2025-10-01 00:00:00,2026-07-26,290,train,long,2025-03-02 20:00:00,93522.01,93568.77100499999,2025-03-03 12:00:00,90497.85636214285,90452.60743396178,stop,5,2047.2764285714281,90497.85636214285,97663.32386214285,0.03559896207784839,3330.9511306778745,13323.804522711498,-107.65673067166385,6.550970072561988,3.27545812209803,9.826428194660018,-117.48315886632386,-0.008817538464037381,-0.008080029280537273,13206.321363845174,not computed,,
cheat-leaked-future,138991c3d0a0,3fd443c,BTC-USD,4h,2025-10-01 00:00:00,2026-07-26,291,train,short,2025-03-03 16:00:00,90035.38,89990.36231000001,2025-03-03 16:00:00,85783.61373857144,85826.50554544073,target,1,2103.374285714286,93145.42373857144,85783.61373857144,0.03668815477804129,3301.5803409612936,13206.321363845174,155.98945867934518,6.450396460470842,3.225237227599905,9.675633688070747,146.31382499127443,0.01107907500962656,0.011811726701305035,13352.635188836448,not computed,,
cheat-leaked-future,138991c3d0a0,3fd443c,BTC-USD,4h,2025-10-01 00:00:00,2026-07-26,292,train,long,2025-03-03 20:00:00,85606.01,85648.81300499999,2025-03-04 12:00:00,82031.068005,81990.0524709975,stop,5,2411.830000000001,82031.068005,90472.47300499999,0.036908724050026924,3161.188404413902,13352.635188836448,-131.94654758830777,6.187336625913177,3.0936353263192586,9.280971952232434,-141.22751954054021,-0.010576752644198228,-0.009881685953542899,13211.407669295908,not computed,,
cheat-leaked-future,138991c3d0a0,3fd443c,BTC-USD,4h,2025-10-01 00:00:00,2026-07-26,293,train,long,2025-03-04 16:00:00,82985.05,83026.542525,2025-03-05 08:00:00,89006.71538214285,88962.21202445179,target,5,2990.086428571429,78541.41288214285,89006.71538214285,0.02945602183503413,2445.6316495037895,13211.407669295908,177.3743069796689,5.066104509388977,2.5330965982708733,7.599201107659851,169.77510587200905,0.012850644694476913,0.013425844650293946,13381.182775167917,not computed,,
cheat-leaked-future,138991c3d0a0,3fd443c,BTC-USD,4h,2025-10-01 00:00:00,2026-07-26,294,train,short,2025-03-05 12:00:00,89814.26,89769.35287,2025-03-09 12:00:00,83911.99287,83953.94886643499,target,25,2928.6800000000026,94162.37287,83911.99287,0.030460099829201562,2734.383450023022,13381.182775167917,179.78364599841478,5.291629113550315,2.645859502686136,7.937488616236451,171.84615738217832,0.012842374270612402,0.013435557156580182,13553.028932550096,not computed,,
cheat-leaked-future,138991c3d0a0,3fd443c,BTC-USD,4h,2025-10-01 00:00:00,2026-07-26,295,train,short,2025-03-09 16:00:00,83080.4,83038.8598,2025-03-09 20:00:00,80094.38122857144,80134.42841918572,target,2,1472.239285714284,85247.21872857143,80094.38122857144,0.040803272603913136,3388.257233137524,13553.028932550096,121.83933793100118,6.658004160884322,3.3290325402758327,9.987036701160154,111.85230122984103,0.008252937537911332,0.008989823495350295,13664.881233779937,not computed,,
cheat-leaked-future,138991c3d0a0,3fd443c,BTC-USD,4h,2025-10-01 00:00:00,2026-07-26,296,train,long,2025-03-10 00:00:00,80734.48,80774.84723999999,2025-03-10 08:00:00,83759.1329542857,83717.25338780857,target,3,1492.1428571428562,78536.6329542857,83759.1329542857,0.042293120014138014,3416.2203084449843,13664.881233779937,127.92201039672231,6.9568841532295735,3.4784740571165855,10.435358210346159,117.48665218637615,0.00859770752313208,0.009361370084980747,13782.367885966314,not computed,,
cheat-leaked-future,138991c3d0a0,3fd443c,BTC-USD,4h,2025-10-01 00:00:00,2026-07-26,297,train,short,2025-03-10 12:00:00,83582.0,83540.209,2025-03-10 12:00:00,80639.6132857143,80679.93309235715,target,1,1450.297857142857,85715.65578571429,80639.6132857143,0.04124471332710669,3445.5919714915785,13782.367885966314,121.3578965282013,6.7732126831359984,3.38663668104212,10.159849364178118,111.19804716402318,0.008068138079324445,0.008805300912898438,13893.565933130338,not computed,,
cheat-leaked-future,138991c3d0a0,3fd443c,BTC-USD,4h,2025-10-01 00:00:00,2026-07-26,298,train,short,2025-03-10 16:00:00,80043.84,80003.81808,2025-03-11 16:00:00,82563.54022285715,82604.82199296857,stop,7,1706.481428571429,82563.54022285715,76590.85522285714,0.04341532150139833,3473.3914832825844,13893.565933130338,-109.39359526248823,7.059706387673096,3.529825845437557,10.589532233110653,-119.9831274955989,-0.008635877072385669,-0.007873687416822941,13773.582805634738,not computed,,
cheat-leaked-future,138991c3d0a0,3fd443c,BTC-USD,4h,2025-10-01 00:00:00,2026-07-26,299,train,short,2025-03-11 20:00:00,83104.01,83062.457995,2025-03-19 20:00:00,86837.30442357143,86880.72307578321,stop,49,2516.564285714286,86837.30442357143,78029.32942357143,0.03648779643427051,3030.7660586517054,13773.582805634738,-136.21968695647192,6.200852196303113,3.1003920432293057,9.30124423953242,-145.52093119600434,-0.010565219903166523,-0.009889923985554782,13628.061874438734,not computed,,
cheat-leaked-future,138991c3d0a0,3fd443c,BTC-USD,4h,2025-10-01 00:00:00,2026-07-26,300,train,short,2025-03-20 00:00:00,86845.93,86802.507035,2025-03-20 16:00:00,84357.457035,84399.6357635175,target,5,1222.5249999999994,88636.29453500001,84357.457035,0.039250196624343196,3407.0154686096835,13628.061874438734,97.67305317061205,6.719717767350693,3.3598833019380407,10.079601069288735,87.59345210132332,0.0064274328153452725,0.007167053838654124,13715.655326540058,not computed,,
cheat-leaked-future,138991c3d0a0,3fd443c,BTC-USD,4h,2025-10-01 00:00:00,2026-07-26,301,train,long,2025-03-20 20:00:00,84176.87,84218.958435,2025-03-24 04:00:00,86909.43986357142,86865.98514363964,target,21,1345.2407142857119,82201.09736357143,86909.43986357142,0.04071427497267664,3428.9138316350145,13715.655326540058,111.25460080749636,6.965599436545602,3.4828275319224815,10.448426968468084,100.80617383902828,0.0073497161775395725,0.008111504566042612,13816.461500379086,not computed,,
cheat-leaked-future,138991c3d0a0,3fd443c,BTC-USD,4h,2025-10-01 00:00:00,2026-07-26,302,train,long,2025-03-24 08:00:00,86874.52,86917.95726,2025-03-24 12:00:00,88073.83154571429,88029.79462994143,target,2,577.9371428571436,86051.05154571428,88073.83154571429,0.039739951144530286,3454.1153750947715,13816.461500379086,47.660582233756784,6.9524151129516785,3.476219471621036,10.428634584572714,37.23194764918407,0.002694752751865051,0.003449550540306511,13853.69344802827,not computed,,
cheat-leaked-future,138991c3d0a0,3fd443c,BTC-USD,4h,2025-10-01 00:00:00,2026-07-26,303,train,short,2025-03-24 16:00:00,88350.01,88305.834995,2025-03-25 00:00:00,86853.84928071428,86897.27620535463,target,3,725.9928571428588,89394.82428071428,86853.84928071428,0.03922077586609279,3463.4233620070677,13853.69344802827,58.680584230757354,6.87160195543124,3.4358156478615456,10.307417603292786,48.37316662746457,0.0034917162566744458,0.004235735722816147,13902.066614655736,not computed,,
cheat-leaked-future,138991c3d0a0,3fd443c,BTC-USD,4h,2025-10-01 00:00:00,2026-07-26,304,train,short,2025-03-25 04:00:00,86520.89,86477.629555,2025-03-25 12:00:00,87847.00419785715,87890.92769995608,stop,3,912.9164285714297,87847.00419785715,84651.79669785715,0.04018977707354358,3475.516653663934,13902.066614655736,-53.296233985940084,7.007833444712105,3.5039033982972754,10.51173684300938,-63.807970828949465,-0.004589819096513484,-0.0038336914548916428,13838.258643826786,not computed,,
cheat-leaked-future,138991c3d0a0,3fd443c,BTC-USD,4h,2025-10-01 00:00:00,2026-07-26,305,train,long,2025-03-25 16:00:00,87774.37,87818.257185,2025-03-26 16:00:00,86268.00504214285,86224.87103962178,stop,7,1033.501428571429,86268.00504214285,89885.26004214285,0.03939459483543037,3459.5646609566966,13838.258643826786,-59.34263718907254,6.85635852029983,3.4281644244904115,10.284522944790242,-69.62716013386279,-0.005031497237184774,-0.0042883023591660605,13768.631483692923,not computed,,
cheat-leaked-future,138991c3d0a0,3fd443c,BTC-USD,4h,2025-10-01 00:00:00,2026-07-26,306,train,long,2025-03-26 20:00:00,86567.18,86610.46358999998,2025-03-28 08:00:00,84933.18608999999,84890.71949695499,stop,10,1118.1849999999988,84933.18608999999,88846.83358999998,0.039742979407405704,3442.157870923231,13768.631483692923,-64.93978631695651,6.815967987770567,3.407967758938355,10.223935746708921,-75.16372206366543,-0.0054590554008716605,-0.004716502609127776,13693.467761629257,not computed,,
cheat-leaked-future,138991c3d0a0,3fd443c,BTC-USD,4h,2025-10-01 00:00:00,2026-07-26,307,train,short,2025-03-28 12:00:00,85255.25,85212.622375,2025-03-29 08:00:00,83244.54951785714,83286.17179261606,target,6,984.0364285714293,86688.67701785715,83244.54951785714,0.040174411313642126,3423.3669404073144,13693.467761629257,80.77870819814565,6.76933986274253,3.3846901260477154,10.154029988790246,70.62467820935541,0.005157545147713003,0.005899068782598466,13764.092439838612,not computed,,
cheat-leaked-future,138991c3d0a0,3fd443c,BTC-USD,4h,2025-10-01 00:00:00,2026-07-26,308,train,long,2025-03-29 12:00:00,82293.56,82334.70678,2025-04-01 08:00:00,84349.44963714285,84307.27491232428,target,18,1007.3714285714304,80823.64963714285,84349.44963714285,0.04179310578167402,3441.023109959653,13764.092439838612,85.92201308055881,6.964485968535095,3.4822644647706085,10.446750433305702,75.4752626472531,0.005483489955995825,0.006242475735767891,13839.567702485865,not computed,,
cheat-leaked-future,138991c3d0a0,3fd443c,BTC-USD,4h,2025-10-01 00:00:00,2026-07-26,309,train,long,2025-04-01 12:00:00,83930.31,83972.275155,2025-04-02 12:00:00,85925.30944071428,85882.34678599393,target,7,976.5171428571432,82507.49944071428,85925.30944071428,0.04120278888758265,3459.8919256214663,13839.567702485865,82.19954078659595,6.998484129414938,3.4992626145923538,10.49774674400729,71.70179404258866,0.0051809272936834275,0.005939458699409466,13911.269496528454,not computed,,
cheat-leaked-future,138991c3d0a0,3fd443c,BTC-USD,4h,2025-10-01 00:00:00,2026-07-26,310,train,long,2025-04-02 16:00:00,86757.67,86801.048835,2025-04-02 20:00:00,84874.76597785714,84832.32859486822,stop,2,1284.1885714285713,84874.76597785714,89369.42597785714,0.0400665363012271,3477.8173741321134,13911.269496528454,-75.44144235491336,6.8767549472960265,3.438358613287022,10.315113560583049,-85.7565559154964,-0.006164538465515091,-0.005423045134287688,13825.512940612956,not computed,,
cheat-leaked-future,138991c3d0a0,3fd443c,BTC-USD,4h,2025-10-01 00:00:00,2026-07-26,311,train,long,2025-04-03 00:00:00,82516.28,82557.53813999999,2025-04-06 16:00:00,80196.40421142855,80156.30600932284,stop,23,1574.0892857142858,80196.40421142855,85705.71671142855,0.04186629486567245,3456.378235153239,13825.512940612956,-97.12460381606647,6.812225777882622,3.4060886077899397,10.218314385672562,-107.34291820173902,-0.0077641183124869985,-0.007025027153297101,13718.170022411217,not computed,,
cheat-leaked-future,138991c3d0a0,3fd443c,BTC-USD,4h,2025-10-01 00:00:00,2026-07-26,312,train,short,2025-04-06 20:00:00,79614.34,79574.53283,2025-04-06 20:00:00,77354.62854428572,77393.30585855785,target,1,1109.95214285714,81239.46104428571,77354.62854428572,0.04309849374710811,3429.5425056028043,13718.170022411217,97.39016004437038,6.765077414215885,3.3825630546476617,10.147640468863546,87.24251957550683,0.006359632475248501,0.0070993550805439195,13805.412541986725,not computed,,
cheat-leaked-future,138991c3d0a0,3fd443c,BTC-USD,4h,2025-10-01 00:00:00,2026-07-26,313,train,short,2025-04-07 00:00:00,78430.0,78390.785,2025-04-07 04:00:00,76046.68357142858,76084.7069132143,target,2,1172.0507142857116,80148.86107142858,76046.68357142858,0.044027536342398935,3451.3531354966813,13805.412541986725,104.93155067436443,6.801175334218995,3.4006138999967703,10.201789234215767,94.72976144014866,0.006861784184430912,0.007600754439987479,13900.142303426874,not computed,,
cheat-leaked-future,138991c3d0a0,3fd443c,BTC-USD,4h,2025-10-01 00:00:00,2026-07-26,314,train,long,2025-04-07 08:00:00,75126.01,75163.57300499998,2025-04-07 12:00:00,77883.16014785712,77844.2185677832,target,2,1359.7935714285693,73123.88264785713,77883.16014785712,0.04623297478987001,3475.0355758567184,13900.142303426874,127.47125327776507,7.07400537043817,3.5370345530316314,10.6110399234698,116.86021335429527,0.008407123524590472,0.009170499876561619,14017.00251678117,not computed,,
cheat-leaked-future,138991c3d0a0,3fd443c,BTC-USD,4h,2025-10-01 00:00:00,2026-07-26,315,train,short,2025-04-07 16:00:00,78479.91,78440.670045,2025-04-09 00:00:00,74791.67861642857,74829.07445573679,target,9,1824.4957142857133,81177.41361642857,74791.67861642857,0.044673899740848295,3504.2506291952923,14017.00251678117,164.76767905072026,6.847157199131351,3.4236197914852937,10.270776990616644,154.49690206010362,0.011022107035733194,0.011754844079785264,14171.499418841273,not computed,,
cheat-leaked-future,138991c3d0a0,3fd443c,BTC-USD,4h,2025-10-01 00:00:00,2026-07-26,316,train,long,2025-04-09 04:00:00,75073.34,75110.87667,2025-04-09 16:00:00,79760.87381285714,79720.99337595071,target,4,2324.9985714285754,71623.37881285713,79760.87381285714,0.04063514874945696,3052.141646187566,14171.499418841273,190.47863375355925,6.291616070473796,3.1458556548954846,9.437471725369281,181.04116202818997,0.01277501813163767,0.013440965428140536,14352.540580869463,not computed,,
cheat-leaked-future,138991c3d0a0,3fd443c,BTC-USD,4h,2025-10-01 00:00:00,2026-07-26,317,train,long,2025-04-09 20:00:00,82332.08,82373.24604,2025-04-10 12:00:00,78610.73818285714,78571.43281376571,stop,5,2508.338571428575,78610.73818285714,87389.92318285715,0.03814620759827029,3142.2269439852357,14352.540580869463,-141.95507750085608,6.1394291313926885,3.0696790769266613,9.20910820831935,-151.16418570917543,-0.010532224929617168,-0.009890588826487511,14201.376395160287,not computed,,
cheat-leaked-future,138991c3d0a0,3fd443c,BTC-USD,4h,2025-10-01 00:00:00,2026-07-26,318,train,long,2025-04-10 16:00:00,78757.24,78796.61862,2025-04-11 12:00:00,83193.47719142857,83151.88045283286,target,6,2198.4292857142873,75498.97469142856,83193.47719142857,0.04306522081452395,3393.393780308129,14201.376395160287,191.04753423447454,6.974347873152274,3.4872216984587965,10.46156957161107,180.58596466286346,0.012716088894341655,0.013452747742083788,14381.96235982315,not computed,,
cheat-leaked-future,138991c3d0a0,3fd443c,BTC-USD,4h,2025-10-01 00:00:00,2026-07-26,319,train,long,2025-04-11 16:00:00,82521.74,82563.00087,2025-04-21 00:00:00,86587.66087,86544.36703956501,target,57,2012.3300000000017,79544.50587,86587.66087,0.04354844848259677,3595.4905899557875,14381.96235982315,177.0645455415101,7.364363499437231,3.6822260158547238,11.046589515291956,166.01795602621817,0.011543484252886033,0.01231157064046769,14547.980315849369,not computed,,
cheat-leaked-future,138991c3d0a0,3fd443c,BTC-USD,4h,2025-10-01 00:00:00,2026-07-26,320,train,long,2025-04-21 04:00:00,87205.56,87249.16278,2025-04-22 00:00:00,88550.07992285714,88505.80488289571,target,6,650.4585714285703,86273.47492285715,88550.07992285714,0.04168515734796306,3636.995078962342,14547.980315849369,56.04652454177119,7.326373481713968,3.663200752488251,10.98957423420222,45.056950307568975,0.0030971275276253612,0.0038525295831415875,14593.037266156938,not computed,,
cheat-leaked-future,138991c3d0a0,3fd443c,BTC-USD,4h,2025-10-01 00:00:00,2026-07-26,321,train,long,2025-04-22 04:00:00,88157.55,88201.628775,2025-04-22 12:00:00,90218.52020357143,90173.41094346966,target,3,1008.4457142857136,86688.96020357143,90218.52020357143,0.04136272047589786,3648.2593165392345,14593.037266156938,85.24733443947933,7.37807690775224,3.6890597657093025,11.067136673461542,74.18019776601778,0.005083259667817806,0.005841644401003379,14667.217463922956,not computed,,
cheat-leaked-future,138991c3d0a0,3fd443c,BTC-USD,4h,2025-10-01 00:00:00,2026-07-26,322,train,long,2025-04-22 16:00:00,90934.61,90980.077305,2025-04-22 20:00:00,93390.91016214286,93344.2147070618,target,2,1205.4164285714287,89171.95266214285,93390.91016214286,0.0403033771194567,3666.804365980739,14667.217463922956,98.99719175342616,7.428891453238987,3.714470475917011,11.143361929155997,87.85382982427016,0.005989808908224397,0.006749555053433288,14755.071293747225,not computed,,
cheat-leaked-future,138991c3d0a0,3fd443c,BTC-USD,4h,2025-10-01 00:00:00,2026-07-26,323,train,short,2025-04-23 00:00:00,93442.99,93396.26850500001,2025-04-25 12:00:00,95472.12064785715,95519.85670818108,stop,16,1383.9014285714293,95472.12064785715,90628.46564785716,0.03949588010830782,3688.7678234368063,14755.071293747225,-80.14230079185896,7.461408631945868,3.730684280397071,11.19209291234294,-91.3343937042019,-0.006190034049032809,-0.005431508882361074,14663.736900043023,not computed,,
cheat-leaked-future,138991c3d0a0,3fd443c,BTC-USD,4h,2025-10-01 00:00:00,2026-07-26,324,train,long,2025-04-25 16:00:00,95061.21,95108.740605,2025-04-28 00:00:00,93261.12739071429,93214.49682701894,stop,15,1231.7421428571408,93261.12739071429,97572.22489071428,0.03854466163352848,3665.9342250107557,14663.736900043023,-69.38357508731701,7.258855464547814,3.629410386379476,10.88826585092729,-80.27184093824431,-0.005474173567449154,-0.004731643479440322,14583.465059104778,not computed,,
cheat-leaked-future,138991c3d0a0,3fd443c,BTC-USD,4h,2025-10-01 00:00:00,2026-07-26,325,train,long,2025-04-28 04:00:00,93849.93,93896.85496499999,2025-04-28 08:00:00,95355.35496499999,95307.6772875175,target,2,729.249999999998,92802.97996499999,95355.35496499999,0.03882841726845047,3645.8662647761944,14583.465059104778,58.453268707362376,7.346512527382743,3.6732708770083917,11.019783404391134,47.43348530297124,0.00325255247026203,0.004008187935477564,14630.898544407748,not computed,,
cheat-leaked-future,138991c3d0a0,3fd443c,BTC-USD,4h,2025-10-01 00:00:00,2026-07-26,326,train,short,2025-04-28 12:00:00,95319.99,95272.33000500001,2025-04-28 12:00:00,93730.1742907143,93777.03937785966,target,1,771.0778571428558,96428.9467907143,93730.1742907143,0.03839230798606453,3657.724636101937,14630.898544407748,61.03669435198022,7.258041613918027,3.6290360661324,10.887077680050428,50.1496166719298,0.0034276511808017484,0.00417176663256337,14681.048161079678,not computed,,
cheat-leaked-future,138991c3d0a0,3fd443c,BTC-USD,4h,2025-10-01 00:00:00,2026-07-26,327,train,long,2025-04-28 16:00:00,93833.5,93880.41674999999,2025-05-01 08:00:00,95650.55674999999,95602.731471625,target,17,885.0699999999997,92552.81175,95650.55674999999,0.03909507613332916,3670.2620402699195,14681.048161079678,71.03797197982921,7.407858105707323,3.703946812345933,11.111804918053256,59.926167061775956,0.004081872520563194,0.0048387534187208136,14740.974328141454,not computed,,
cheat-leaked-future,138991c3d0a0,3fd443c,BTC-USD,4h,2025-10-01 00:00:00,2026-07-26,328,train,long,2025-05-01 12:00:00,96180.01,96228.10000499999,2025-05-04 20:00:00,94748.80429071427,94701.42988856892,stop,21,986.1971428571435,94748.80429071427,98200.49429071427,0.03829695880770668,3685.2435820353635,14740.974328141454,-54.81082609387016,7.312020341508809,3.6559964680470998,10.968016809555909,-65.77884290342607,-0.00446231310354093,-0.003718263452181232,14675.195485238028,not computed,,
cheat-leaked-future,138991c3d0a0,3fd443c,BTC-USD,4h,2025-10-01 00:00:00,2026-07-26,329,train,short,2025-05-05 00:00:00,94277.61,94230.471195,2025-05-06 20:00:00,95240.00226642858,95287.62226756179,stop,12,673.0207142857149,95240.00226642858,92884.42976642857,0.038934315246257394,3668.798871309507,14675.195485238028,-37.4700838916904,7.378757195741053,3.689369230349243,11.068126426090295,-48.538210317780695,-0.003307500085201994,-0.002553293680440717,14626.657274920248,not computed,,
cheat-leaked-future,138991c3d0a0,3fd443c,BTC-USD,4h,2025-10-01 00:00:00,2026-07-26,330,train,short,2025-05-07 00:00:00,96834.02,96785.60299000001,2025-05-08 00:00:00,98402.18941857143,98451.39051328071,stop,7,1077.7242857142835,98402.18941857143,94630.15441857144,0.03778107699662596,3656.664318730062,14626.657274920248,-59.24712954680134,7.376263884137211,3.688117130285576,11.064381014422787,-70.31151056122413,-0.004807079925348665,-0.004050626772283101,14556.345764359025,not computed,,
cheat-leaked-future,138991c3d0a0,3fd443c,BTC-USD,4h,2025-10-01 00:00:00,2026-07-26,331,train,long,2025-05-08 04:00:00,99152.79,99202.36639499999,2025-05-08 12:00:00,101504.79639499998,101454.04399680249,target,3,1151.2149999999997,97475.543895,101504.79639499998,0.03668346404761947,3639.086441089756,14556.345764359025,86.27974203075318,7.360772216532065,3.6804076782012345,11.0411798947333,75.23856213601988,0.005168780912050075,0.0059272940769247,14631.584326495044,not computed,,
cheat-leaked-future,138991c3d0a0,3fd443c,BTC-USD,4h,2025-10-01 00:00:00,2026-07-26,332,train,long,2025-05-08 16:00:00,100758.08,100808.45904,2025-05-08 20:00:00,103288.38761142857,103236.74341762286,target,2,1239.9642857142858,98948.51261142857,103288.38761142857,0.03628560654986638,3657.896081623761,14631.584326495044,91.81374643842909,7.403903934765132,3.7019749208190262,11.105878855584159,80.70786758284494,0.005516003310502622,0.006275037917265849,14712.292194077889,not computed,,
cheat-leaked-future,138991c3d0a0,3fd443c,BTC-USD,4h,2025-10-01 00:00:00,2026-07-26,333,train,short,2025-05-09 00:00:00,103261.61,103209.979195,2025-05-12 04:00:00,105277.17526642857,105329.81385406178,stop,20,1378.1307142857133,105277.17526642857,100453.71776642858,0.03563679672457153,3678.073048519472,14712.292194077889,-71.82828968482194,7.4316902138736305,3.7158271498638697,11.1475173637375,-82.97580704855945,-0.005639896622088538,-0.004882195699847156,14629.31638702933,not computed,,
cheat-leaked-future,138991c3d0a0,3fd443c,BTC-USD,4h,2025-10-01 00:00:00,2026-07-26,334,train,short,2025-05-12 08:00:00,104467.99,104415.75600500002,2025-05-12 16:00:00,102116.35600500002,102167.41418300252,target,3,1149.7000000000003,106140.30600500002,102116.35600500002,0.035026601699672595,3657.3290967573325,14629.31638702933,82.36974728627422,7.235906420030842,3.6179738024516297,10.853880222482472,71.51586706379175,0.004888531027136666,0.005630457712932166,14700.832254093122,not computed,,
cheat-leaked-future,138991c3d0a0,3fd443c,BTC-USD,4h,2025-10-01 00:00:00,2026-07-26,335,train,long,2025-05-12 20:00:00,101859.99,101910.919995,2025-05-13 16:00:00,104710.03285214286,104657.6778357168,target,6,1399.5564285714293,99811.58535214287,104710.03285214286,0.03606294657828224,3675.2080635232805,14700.832254093122,102.78094312264292,7.449472308319809,3.7247618493954775,11.174234157715286,91.60670896492763,0.006231396112925632,0.006991505062172642,14792.43896305805,not computed,,
cheat-leaked-future,138991c3d0a0,3fd443c,BTC-USD,4h,2025-10-01 00:00:00,2026-07-26,336,train,short,2025-05-13 20:00:00,104792.21,104739.81389500001,2025-05-15 04:00:00,101837.80532357143,101888.72422623321,target,9,1451.0042857142876,106916.32032357145,101837.80532357143,0.035307583651731596,3698.1097407645125,14792.43896305805,104.31289025406889,7.295554394550454,3.6478032754973952,10.943357670047849,93.36953258402104,0.006311976869885877,0.007051770875281288,14885.808495642072,not computed,,
cheat-leaked-future,138991c3d0a0,3fd443c,BTC-USD,4h,2025-10-01 00:00:00,2026-07-26,337,train,long,2025-05-15 08:00:00,101779.99,101830.879995,2025-05-15 16:00:00,104051.68856642857,103999.66272214535,target,3,1110.404285714287,100165.27356642857,104051.68856642857,0.036545418483010704,3721.452123910518,14885.808495642072,83.02017477738723,7.522163320183289,3.7611024151349284,11.283265735318217,71.73690904206902,0.0048191476508024755,0.0055771357532707734,14957.54540468414,not computed,,
cheat-leaked-future,138991c3d0a0,3fd443c,BTC-USD,4h,2025-10-01 00:00:00,2026-07-26,338,train,long,2025-05-15 20:00:00,103157.26,103208.83862999998,2025-05-18 12:00:00,105503.08720142856,105450.33565782785,target,17,1147.124285714285,101488.15220142856,105503.08720142856,0.03623126081843244,3739.386351171035,14957.54540468414,84.99227716993165,7.559984965781043,3.7800137309592117,11.339998696740254,73.6522784731914,0.004924088577402966,0.005682234275104742,15031.197683157332,not computed,,
cheat-leaked-future,138991c3d0a0,3fd443c,BTC-USD,4h,2025-10-01 00:00:00,2026-07-26,339,train,short,2025-05-18 16:00:00,105518.0,105465.24100000001,2025-05-18 16:00:00,103960.00385714287,104011.98385907144,target,1,752.6185714285706,106594.16885714287,103960.00385714287,0.035630691070903,3757.799420789333,15031.197683157332,55.512479255800706,7.463818285343657,3.7319230207909513,11.195741306134607,44.3167379496661,0.0029483171523533103,0.003693150767220846,15075.514421106998,not computed,,
cheat-leaked-future,138991c3d0a0,3fd443c,BTC-USD,4h,2025-10-01 00:00:00,2026-07-26,340,train,long,2025-05-18 20:00:00,103883.98,103935.92198999999,2025-05-18 20:00:00,105631.08484714285,105578.26930471929,target,1,847.5814285714285,102664.54984714284,105631.08484714285,0.036261559363848866,3768.8786052767496,15075.514421106998,63.3527461295386,7.597311285202251,3.798671480786929,11.39598276598918,51.95676336354942,0.0034464338603799514,0.004202360487336962,15127.471184470547,not computed,,
cheat-leaked-future,138991c3d0a0,3fd443c,BTC-USD,4h,2025-10-01 00:00:00,2026-07-26,341,train,short,2025-05-19 00:00:00,106454.27,106401.04286500001,2025-05-19 00:00:00,104358.54286500001,104410.72213643251,target,1,1021.25,107932.91786500001,104358.54286500001,0.03554352188931091,3781.8677961176368,15127.471184470547,74.48952329689511,7.492992583852685,3.7465149143068857,11.239507498159572,63.25001579873555,0.004181136095216384,0.004924122636793653,15190.721200269283,not computed,,
cheat-leaked-future,138991c3d0a0,3fd443c,BTC-USD,4h,2025-10-01 00:00:00,2026-07-26,342,train,short,2025-05-19 04:00:00,103605.9,103554.09705,2025-05-19 16:00:00,105365.70276428571,105418.38561566785,stop,4,1207.7371428571423,105365.70276428571,101138.62276428571,0.036673394952530476,3797.680300067321,15190.721200269283,-64.5379418132051,7.663730391008865,3.8318490610187155,11.495579452027581,-76.03352126523268,-0.005005260794588531,-0.004248510716664397,15114.68767900405,not computed,,
cheat-leaked-future,138991c3d0a0,3fd443c,BTC-USD,4h,2025-10-01 00:00:00,2026-07-26,343,train,long,2025-05-19 20:00:00,105517.64,105570.39881999999,2025-05-21 12:00:00,108482.17024857142,108427.92916344714,target,11,1455.8857142857128,103386.57024857141,108482.17024857142,0.03579291128940165,3778.6719197510124,15114.68767900405,106.10916820186466,7.659623169591803,3.829838112087131,11.489461281678935,94.61970692018573,0.006260116578632507,0.007020268658892759,15209.307385924236,not computed,,
cheat-leaked-future,138991c3d0a0,3fd443c,BTC-USD,4h,2025-10-01 00:00:00,2026-07-26,344,train,short,2025-05-21 16:00:00,108973.34,108918.85333,2025-05-22 00:00:00,111045.11833,111100.64088916499,stop,3,1417.510000000001,111045.11833,106083.83333,0.03490972159760855,3802.326846481059,15209.307385924236,-72.32520471225841,7.680819289237694,3.840391563317411,11.521210852555104,-83.84641556481351,-0.005512835886426419,-0.0047553253331702175,15125.460970359421,not computed,,
cheat-leaked-future,138991c3d0a0,3fd443c,BTC-USD,4h,2025-10-01 00:00:00,2026-07-26,345,train,short,2025-05-22 04:00:00,111780.84,111724.94958,2025-05-23 12:00:00,108183.27386571428,108237.36550264712,target,9,1770.83785714286,114381.20636571429,108183.27386571428,0.033845307219245876,3781.3652425898554,15125.460970359421,121.76073105645497,7.444692130628753,3.7223765054966975,11.16706863612545,110.59366242032952,0.007311754837558615,0.008050050923741309,15236.054632779751,not computed,,
cheat-leaked-future,138991c3d0a0,3fd443c,BTC-USD,4h,2025-10-01 00:00:00,2026-07-26,346,train,short,2025-05-23 16:00:00,108940.0,108885.53,2025-05-30 00:00:00,105234.99428571429,105287.61178285714,target,39,1825.267857142857,111623.43178571429,105234.99428571429,0.03498181675926028,3809.0136581949378,15236.054632779751,129.607830989155,7.49216560060298,3.746115202259219,11.2382808028622,118.3695501862928,0.007769042120105394,0.00850665307476051,15354.424182966044,not computed,,
cheat-leaked-future,138991c3d0a0,3fd443c,BTC-USD,4h,2025-10-01 00:00:00,2026-07-26,347,train,short,2025-05-30 04:00:00,106024.33,105971.31783500001,2025-05-31 00:00:00,103435.12640642858,103486.8439696318,target,6,1268.095714285715,107873.46140642859,103435.12640642858,0.03622306605376293,3838.606045741511,15354.424182966044,93.788892796578,7.587216830548941,3.793631862497463,11.380848693046405,82.4080441035316,0.005367055326956108,0.006108265062823125,15436.832227069575,not computed,,
cheat-leaked-future,138991c3d0a0,3fd443c,BTC-USD,4h,2025-10-01 00:00:00,2026-07-26,348,train,long,2025-05-31 04:00:00,103684.0,103735.84199999999,2025-06-03 12:00:00,106531.62342857142,106478.35761685713,target,21,1397.8907142857145,101639.00592857142,106531.62342857142,0.03720226280871557,3859.208056767394,15436.832227069575,105.93803516996951,7.820443900270114,3.9102484346434636,11.730692334913577,94.20734283505593,0.006102763925221439,0.006862679700839119,15531.039569904631,not computed,,
cheat-leaked-future,138991c3d0a0,3fd443c,BTC-USD,4h,2025-10-01 00:00:00,2026-07-26,349,train,short,2025-06-03 16:00:00,106610.66,106557.35467000002,2025-06-04 12:00:00,104457.73324142858,104509.96210804928,target,6,1049.8107142857157,108132.07074142859,104457.73324142858,0.03643821587445342,3882.759892476158,15531.039569904631,78.44880999071289,7.690916452800206,3.845477838601738,11.536394291401944,66.91241569931094,0.00430830244158098,0.005051098455941582,15597.951985603942,not computed,,
cheat-leaked-future,138991c3d0a0,3fd443c,BTC-USD,4h,2025-10-01 00:00:00,2026-07-26,350,train,short,2025-06-04 16:00:00,105298.26,105245.61087,2025-06-05 16:00:00,103183.55944142857,103235.15122114928,target,7,1031.0257142857154,106792.14944142857,103183.55944142857,0.037051312298597004,3899.4879964009856,15597.951985603942,78.35243081364726,7.724485824488676,3.8622625003514486,11.586748324840125,66.76568248880713,0.004280413386990049,0.005023251186178947,15664.71766809275,not computed,,
cheat-leaked-future,138991c3d0a0,3fd443c,BTC-USD,4h,2025-10-01 00:00:00,2026-07-26,351,train,short,2025-06-05 20:00:00,101914.76,101863.80262,2025-06-06 08:00:00,103511.47869142857,103563.23443077428,stop,4,1098.450714285713,103511.47869142857,99666.90119142858,0.038445250582607664,3916.1794170231874,15664.71766809275,-61.38625020190479,7.897693915859645,3.9488316113668276,11.846525527226472,-73.23277572913126,-0.0046750140845690505,-0.003918758799396787,15591.484892363618,not computed,,
cheat-leaked-future,138991c3d0a0,3fd443c,BTC-USD,4h,2025-10-01 00:00:00,2026-07-26,352,train,long,2025-06-06 12:00:00,103927.99,103979.953995,2025-06-08 16:00:00,106264.26256642857,106211.13043514536,target,14,1142.154285714286,102266.72256642858,106264.26256642857,0.037486756565388926,3897.8712230909046,15591.484892363618,87.57928096810416,7.8793820142479705,3.9397129019441905,11.81909491619216,75.760186051912,0.004859074461151404,0.005617122523782109,15667.24507841553,not computed,,
cheat-leaked-future,138991c3d0a0,3fd443c,BTC-USD,4h,2025-10-01 00:00:00,2026-07-26,353,train,short,2025-06-08 20:00:00,106289.99,106236.84500500001,2025-06-09 08:00:00,107297.50036214288,107351.14911232394,stop,4,707.1035714285733,107297.50036214288,104822.63786214286,0.03686867084032417,3916.8112696038825,15667.24507841553,-37.14556791006134,7.8747054505567124,3.9373434388858684,11.81204888944258,-48.95761679950392,-0.0031248388950621516,-0.0023709061627711493,15618.287461616026,not computed,,
cheat-leaked-future,138991c3d0a0,3fd443c,BTC-USD,4h,2025-10-01 00:00:00,2026-07-26,354,train,short,2025-06-09 12:00:00,107759.21,107705.33039500001,2025-06-09 16:00:00,108738.31825214287,108792.68741126894,stop,2,688.6585714285726,108738.31825214287,106328.01325214286,0.0362523549306643,3904.5718654040065,15618.287461616026,-35.49497987222538,7.848562983298143,3.924272617903931,11.772835601202074,-47.267815473427454,-0.00302644035651119,-0.0022726550500148566,15571.019646142599,not computed,,
cheat-leaked-future,138991c3d0a0,3fd443c,BTC-USD,4h,2025-10-01 00:00:00,2026-07-26,355,train,long,2025-06-09 20:00:00,108565.86,108620.14293,2025-06-09 20:00:00,110146.26435857142,110091.19122639214,target,1,763.0607142857147,107475.55185857143,110146.26435857142,0.03583824147648495,3892.7549115356496,15571.019646142599,56.63891303297201,7.838229607140973,3.9191289632987463,11.75735857043972,44.88155446253229,0.002882377357583694,0.0036374569116289788,15615.90120060513,not computed,,
cheat-leaked-future,138991c3d0a0,3fd443c,BTC-USD,4h,2025-10-01 00:00:00,2026-07-26,356,train,short,2025-06-10 00:00:00,110263.02,110207.88849000001,2025-06-10 12:00:00,108478.32563285716,108532.56479567358,target,4,864.7814285714287,111505.06063285716,108478.32563285716,0.03542373738977423,3903.9753001512827,15615.90120060513,63.22054458267747,7.74860437371188,3.874317991991454,11.622922365703335,51.59762221697414,0.003304171917722858,0.0040484723725216455,15667.498822822105,not computed,,
cheat-leaked-future,138991c3d0a0,3fd443c,BTC-USD,4h,2025-10-01 00:00:00,2026-07-26,357,train,long,2025-06-10 16:00:00,109015.41,109069.917705,2025-06-12 04:00:00,107523.13484785715,107469.37328043322,stop,10,1031.1885714285713,107523.13484785715,111132.29484785715,0.035911594948658955,3916.874705705526,15667.498822822105,-53.58998081570274,7.776271308338675,3.888122256673711,11.664393565012386,-65.25437438071512,-0.004164951605782932,-0.0034204553912358204,15602.24444844139,not computed,,
cheat-leaked-future,138991c3d0a0,3fd443c,BTC-USD,4h,2025-10-01 00:00:00,2026-07-26,358,train,short,2025-06-12 08:00:00,107633.53,107579.713235,2025-06-13 00:00:00,105555.14609214287,105607.92366518894,target,5,1012.2835714285704,109098.13859214286,105555.14609214287,0.036257403880505405,3900.5611121103475,15602.24444844139,75.3568047659192,7.729630253420688,3.864833965911359,11.594464219332046,63.76234054658715,0.004086741542685981,0.004829869511078394,15666.006788987977,not computed,,
cheat-leaked-future,138991c3d0a0,3fd443c,BTC-USD,4h,2025-10-01 00:00:00,2026-07-26,359,train,long,2025-06-13 04:00:00,104277.22,104329.35861,2025-06-16 04:00:00,106704.54718142857,106651.19490783787,target,19,1187.5942857142852,102547.96718142857,106704.54718142857,0.037539785055973655,3916.5016972469944,15666.006788987977,91.12134065135085,7.92016463004998,3.960105095359509,11.88026972540949,79.24107092594136,0.0050581537460868365,0.005816500776407316,15745.24785991392,not computed,,
cheat-leaked-future,138991c3d0a0,3fd443c,BTC-USD,4h,2025-10-01 00:00:00,2026-07-26,360,train,short,2025-06-16 08:00:00,107061.8,107008.2691,2025-06-16 16:00:00,108226.88945714287,108281.00290187143,stop,3,812.413571428572,108226.88945714287,105383.44195714286,0.036785119487354453,3936.31196497848,15745.24785991392,-42.85795489445724,7.919441594934395,3.959710082977921,11.879151677912315,-54.737106572369555,-0.0034764207625924796,-0.002721961272109917,15690.51075334155,not computed,,
cheat-leaked-future,138991c3d0a0,3fd443c,BTC-USD,4h,2025-10-01 00:00:00,2026-07-26,361,train,short,2025-06-16 20:00:00,108652.01,108597.683995,2025-06-16 20:00:00,106746.233995,106799.6071119975,target,1,925.7250000000006,109986.271495,106746.233995,0.036120730608914194,3922.6276883353876,15690.51075334155,68.83802167753744,7.780307525965726,3.8901709724878515,11.670478498453576,57.167543179083864,0.0036434469264749144,0.004387239061856368,15747.678296520635,not computed,,
cheat-leaked-future,138991c3d0a0,3fd443c,BTC-USD,4h,2025-10-01 00:00:00,2026-07-26,362,train,long,2025-06-17 00:00:00,106794.53,106847.92726499999,2025-06-17 12:00:00,105273.28512214284,105220.64847958178,stop,4,1049.7614285714299,105273.28512214284,108947.45012214285,0.036846007918955384,3936.9195741301587,15747.678296520635,-56.05180081619509,7.813880421246449,3.9069261976723624,11.720806618918811,-67.7726074351139,-0.004303657095286731,-0.003559369181968839,15679.90568908552,not computed,,
cheat-leaked-future,138991c3d0a0,3fd443c,BTC-USD,4h,2025-10-01 00:00:00,2026-07-26,363,train,long,2025-06-17 16:00:00,104241.62,104293.74080999999,2025-06-20 16:00:00,102427.61009571428,102376.39629066642,stop,19,1244.087142857143,102427.61009571428,106781.91509571427,0.03758592214476903,3919.97642227138,15679.90568908552,-68.18123503232293,7.76788768271439,3.88392679604803,11.65181447876242,-79.83304951108535,-0.005091424087241519,-0.004348319204482369,15600.072639574435,not computed,,
cheat-leaked-future,138991c3d0a0,3fd443c,BTC-USD,4h,2025-10-01 00:00:00,2026-07-26,364,train,short,2025-06-20 20:00:00,103307.21,103255.556395,2025-06-21 20:00:00,101028.12925214287,101078.64331676894,target,7,1113.7135714285707,104926.12675214287,101028.12925214287,0.03777054035692031,3900.0181598936088,15600.072639574435,86.08211136361811,7.717813136512384,3.858928088783955,11.576741225296338,74.50537013832177,0.004775963026564103,0.0055180583675773455,15674.578009712757,not computed,,
cheat-leaked-future,138991c3d0a0,3fd443c,BTC-USD,4h,2025-10-01 00:00:00,2026-07-26,365,train,long,2025-06-22 00:00:00,102120.02,102171.08001,2025-06-22 12:00:00,100567.16001,100516.87642999501,stop,4,1069.2799999999988,100567.16001,104309.64001,0.0383537543309188,3918.6445024281893,15674.578009712757,-59.55801056677292,7.773844087135541,3.88690715406495,11.66075124120049,-71.21876180797341,-0.004543583997211452,-0.0037996563945688223,15603.359247904784,not computed,,
cheat-leaked-future,138991c3d0a0,3fd443c,BTC-USD,4h,2025-10-01 00:00:00,2026-07-26,366,train,short,2025-06-22 16:00:00,98906.21,98856.75689500001,2025-06-22 20:00:00,100810.58296642858,100860.9882579118,stop,2,1302.5507142857136,100810.58296642858,96251.65546642858,0.03945951631934926,3900.839811976196,15603.359247904784,-75.14563614691605,7.880765624124961,3.940364025653153,11.821129649778115,-86.96676579669416,-0.005573592481911999,-0.004815990899972812,15516.39248210809,not computed,,
cheat-leaked-future,138991c3d0a0,3fd443c,BTC-USD,4h,2025-10-01 00:00:00,2026-07-26,367,train,long,2025-06-23 00:00:00,100963.87,101014.35193499998,2025-06-23 20:00:00,103835.54622071427,103783.62844760391,target,6,1410.5971428571418,98898.45622071427,103835.54622071427,0.03840145530036284,3879.0981205270223,15516.39248210809,110.27654602687412,7.864540489267148,3.932297813769594,11.796838303036743,98.47970772383738,0.006346817266796652,0.0071070995499781095,15614.872189831927,not computed,,
cheat-leaked-future,138991c3d0a0,3fd443c,BTC-USD,4h,2025-10-01 00:00:00,2026-07-26,368,train,short,2025-06-24 00:00:00,105333.94,105281.27303000001,2025-06-26 00:00:00,108163.3248157143,108217.40647812215,stop,13,1921.3678571428568,108163.3248157143,101438.5373157143,0.03707894039565435,3903.718047457982,15614.872189831927,-104.91059093823972,7.916304812032571,3.9581261783682606,11.874430990400832,-116.78502192864056,-0.00747908919835338,-0.006718632702389666,15498.087167903286,not computed,,
cheat-leaked-future,138991c3d0a0,3fd443c,BTC-USD,4h,2025-10-01 00:00:00,2026-07-26,369,train,short,2025-06-26 04:00:00,107853.79,107799.863105,2025-07-01 16:00:00,105545.04881928572,105597.82134369535,target,34,1127.4071428571417,109490.9738192857,105545.04881928572,0.03594180623589412,3874.5217919758215,15498.087167903286,82.980328166062,7.669898225643485,3.834969857903431,11.504868083546917,71.47546008251508,0.0046118891517490995,0.005354230316752586,15569.5626279858,not computed,,
cheat-leaked-future,138991c3d0a0,3fd443c,BTC-USD,4h,2025-10-01 00:00:00,2026-07-26,370,train,long,2025-07-01 20:00:00,105398.52,105451.21926,2025-07-02 04:00:00,107138.71068857143,107085.14133322715,target,3,843.7457142857155,104185.60068857143,107138.71068857143,0.03691176531017049,3892.39065699645,15569.5626279858,64.23351029149251,7.845092262094969,3.9225621894247524,11.767654451519721,52.46585583997279,0.00336977069257341,0.004125582190474303,15622.028483825774,not computed,,
cheat-leaked-future,138991c3d0a0,3fd443c,BTC-USD,4h,2025-10-01 00:00:00,2026-07-26,371,train,long,2025-07-02 08:00:00,107080.0,107133.54,2025-07-02 16:00:00,108889.56142857143,108835.11664785714,target,3,878.0107142857149,105816.52392857142,108889.56142857143,0.03645456988499067,3905.5071209564435,15622.028483825774,65.96678355904058,7.8730444867368625,3.9365387350640972,11.80958322180096,54.157200337239615,0.003466720112135958,0.004222677204009653,15676.185684163014,not computed,,
cheat-leaked-future,138991c3d0a0,3fd443c,BTC-USD,4h,2025-10-01 00:00:00,2026-07-26,372,train,short,2025-07-02 20:00:00,109676.14,109621.30193,2025-07-04 12:00:00,107682.93764428572,107736.77911310786,target,11,969.182142857142,111075.07514428571,107682.93764428572,0.0357507742750885,3919.0464210407536,15676.185684163014,71.25852750371595,7.770719692238542,3.885377660750919,11.65609735298946,59.60243015072649,0.0038021002909489838,0.0045456547236299594,15735.78811431374,not computed,,
cheat-leaked-future,138991c3d0a0,3fd443c,BTC-USD,4h,2025-10-01 00:00:00,2026-07-26,373,train,short,2025-07-04 16:00:00,107573.29,107519.503355,2025-07-06 12:00:00,108962.28799785713,109016.76914185606,stop,12,961.8564285714268,108962.28799785713,105595.79049785715,0.03658821800533823,3933.947028578435,15735.78811431374,-50.82096155457519,7.922676344178293,3.9613254668487485,11.88400181102704,-62.70496336560223,-0.003984863224522192,-0.003229641959168663,15673.083150948138,not computed,,
cheat-leaked-future,138991c3d0a0,3fd443c,BTC-USD,4h,2025-10-01 00:00:00,2026-07-26,374,train,short,2025-07-06 16:00:00,108906.0,108851.547,2025-07-06 20:00:00,109665.5745,109720.40728725,stop,2,542.6850000000007,109665.5745,107766.17700000001,0.0359964639522949,3918.2707877370344,15673.083150948138,-27.341996108332513,7.867817473483644,3.933901901242365,11.801719374726009,-39.14371548305852,-0.0024975121427011976,-0.0017445193038919382,15633.93943546508,not computed,,
cheat-leaked-future,138991c3d0a0,3fd443c,BTC-USD,4h,2025-10-01 00:00:00,2026-07-26,375,train,long,2025-07-07 00:00:00,109203.85,109258.451925,2025-07-07 12:00:00,108466.144425,108411.91135278752,stop,4,528.2050000000007,108466.144425,110314.861925,0.035772837615795916,3908.48485886627,15633.93943546508,-26.389821742742352,7.7866865593076,3.893336682197834,11.680023241505435,-38.06984498424779,-0.002435076913365008,-0.0016879828562516947,15595.869590480832,not computed,,
cheat-leaked-future,138991c3d0a0,3fd443c,BTC-USD,4h,2025-10-01 00:00:00,2026-07-26,376,train,short,2025-07-07 16:00:00,108292.59,108238.443705,2025-07-08 12:00:00,109092.65299071428,109147.19931720964,stop,6,569.4728571428568,109092.65299071428,107099.49799071428,0.03602202012666317,3898.967397620208,15595.869590480832,-28.81988515410836,7.830670008193651,3.91532779912551,11.74599780731916,-40.56588296142752,-0.0026010657966893686,-0.001847917808424033,15555.303707519404,not computed,,
cheat-leaked-future,138991c3d0a0,3fd443c,BTC-USD,4h,2025-10-01 00:00:00,2026-07-26,377,train,long,2025-07-08 16:00:00,108268.35,108322.484175,2025-07-09 16:00:00,109947.29274642857,109892.31910005536,target,7,812.4042857142849,107103.87774642858,109947.29274642857,0.03590044999888732,3888.825926879851,15555.303707519404,60.2748001191534,7.834009633993159,3.917019885696483,11.751029519689641,48.52377059946375,0.0031194357572078423,0.003874871314149699,15603.827478118868,not computed,,
cheat-leaked-future,138991c3d0a0,3fd443c,BTC-USD,4h,2025-10-01 00:00:00,2026-07-26,378,train,short,2025-07-09 20:00:00,111749.99,111694.11500500001,2025-07-10 16:00:00,113127.61250500001,113184.17631125251,stop,6,955.6649999999988,113127.61250500001,109782.78500500001,0.03492535725230546,3900.956869529717,15603.827478118868,-48.1139581459412,7.85395466250814,3.9269653027640743,11.780919965272215,-59.89487811121341,-0.003838473489610389,-0.003083471552951418,15543.932600007654,not computed,,
cheat-leaked-future,138991c3d0a0,3fd443c,BTC-USD,4h,2025-10-01 00:00:00,2026-07-26,379,train,long,2025-07-10 20:00:00,113301.8,113358.4509,2025-07-10 20:00:00,115518.45375714285,115460.69453026429,target,1,1080.0014285714278,111738.44875714285,115518.45375714285,0.03428048918408353,3885.9831500019136,15543.932600007654,75.98797514659356,7.844032240033411,3.922035117010097,11.766067357043507,64.22190778955004,0.004131638333887167,0.004888593967948377,15608.154507797204,not computed,,
cheat-leaked-future,138991c3d0a0,3fd443c,BTC-USD,4h,2025-10-01 00:00:00,2026-07-26,380,train,long,2025-07-11 00:00:00,116010.01,116068.015005,2025-07-11 08:00:00,118599.09357642857,118539.79402964035,target,3,1265.5392857142858,114169.70607642857,118599.09357642857,0.03361855224956857,3902.038626949301,15608.154507797204,87.04124149266384,7.8871748861878626,3.9436092034042645,11.830784089592127,75.21045740307171,0.004818664331231447,0.005576651707873698,15683.364965200275,not computed,,
cheat-leaked-future,138991c3d0a0,3fd443c,BTC-USD,4h,2025-10-01 00:00:00,2026-07-26,381,train,short,2025-07-11 12:00:00,117821.91,117762.999045,2025-07-14 00:00:00,119959.81761642857,120019.79752523678,stop,16,1464.5457142857142,119959.81761642857,114833.90761642858,0.033294339249986524,3920.8412413000688,15683.364965200275,-71.18022146650272,7.916821096819996,3.9583927533543743,11.87521385017437,-83.05543531667709,-0.00529576627853578,-0.004538580950226185,15600.309529883598,not computed,,
cheat-leaked-future,138991c3d0a0,3fd443c,BTC-USD,4h,2025-10-01 00:00:00,2026-07-26,382,train,long,2025-07-14 04:00:00,120750.25,120810.62512499999,2025-07-14 04:00:00,122593.68655357142,122532.38971029464,target,1,891.5307142857138,119473.32905357142,122593.68655357142,0.0322825693388771,3900.0773824708995,15600.309529883598,59.51086836248989,7.855737749551798,3.927883752492562,11.78362150204436,47.727246860445526,0.003059378198171023,0.0038147235635608524,15648.036776744044,not computed,,
cheat-leaked-future,138991c3d0a0,3fd443c,BTC-USD,4h,2025-10-01 00:00:00,2026-07-26,383,train,short,2025-07-14 08:00:00,122736.04,122674.67198,2025-07-14 12:00:00,120648.98769428571,120709.31218813284,target,2,1012.8421428571424,124193.93519428572,120648.98769428571,0.03188929818229958,3912.009194186011,15648.036776744044,66.55463329897871,7.76134444393367,3.8806888606246517,11.642033304558321,54.91259999442039,0.003509232549608456,0.004253225771931438,15702.949376738465,not computed,,
cheat-leaked-future,138991c3d0a0,3fd443c,BTC-USD,4h,2025-10-01 00:00:00,2026-07-26,384,train,long,2025-07-14 16:00:00,119878.22,119938.15911,2025-07-15 00:00:00,118133.14696714285,118074.08039365929,stop,3,1203.3414285714284,118133.14696714285,122344.84196714286,0.032731345664428355,3925.737344184616,15702.949376738465,-57.11858864811977,7.790460883558982,3.895216162131824,11.685677045690806,-68.80426569381058,-0.00438161418234804,-0.0036374433412319526,15634.145111044654,not computed,,
cheat-leaked-future,138991c3d0a0,3fd443c,BTC-USD,4h,2025-10-01 00:00:00,2026-07-26,385,train,short,2025-07-15 04:00:00,117148.46,117089.88577000001,2025-07-16 08:00:00,119239.77684142858,119299.3967298493,stop,8,1433.2607142857148,119239.77684142858,114223.36434142858,0.03338064814102486,3908.5362777611635,15634.145111044654,-69.80951163512675,7.8908274634367945,3.9453962793403434,11.836223742777138,-81.64573537790389,-0.0052222705365722695,-0.004465195323395727,15552.49937566675,not computed,,
cheat-leaked-future,138991c3d0a0,3fd443c,BTC-USD,4h,2025-10-01 00:00:00,2026-07-26,386,train,long,2025-07-16 12:00:00,118769.06,118828.44453,2025-07-22 00:00:00,116247.81667285714,116189.69276452072,stop,34,1720.4185714285716,116247.81667285714,122269.28167285713,0.03272048926749246,3888.1248439166875,15552.49937566675,-82.49631522651492,7.689908439011433,3.8449335954264825,11.534842034437915,-94.03115726095284,-0.006046047968860416,-0.0053043766943072605,15458.468218405797,not computed,,
cheat-leaked-future,138991c3d0a0,3fd443c,BTC-USD,4h,2025-10-01 00:00:00,2026-07-26,387,train,long,2025-07-22 04:00:00,117210.0,117268.605,2025-07-22 16:00:00,119706.77928571428,119646.92589607142,target,4,1219.087142857144,115439.97428571428,119706.77928571428,0.0329552573308214,3864.617054601449,15458.468218405797,82.28200385897847,7.807612286348202,3.9038267136749027,11.711439000023105,70.57056485895536,0.004565171908490244,0.005322778602410845,15529.038783264752,not computed,,
cheat-leaked-future,138991c3d0a0,3fd443c,BTC-USD,4h,2025-10-01 00:00:00,2026-07-26,388,train,long,2025-07-22 20:00:00,119282.11,119341.751055,2025-07-25 00:00:00,116946.536055,116888.06278697251,stop,14,1596.8100000000018,116946.536055,122535.37105500001,0.03253060778391801,3882.259695816188,15529.038783264752,-75.97763995513297,7.684699420961173,3.842330716070279,11.527030137031453,-87.50467009216442,-0.005634905760327288,-0.004892617052190773,15441.534113172587,not computed,,
cheat-leaked-future,138991c3d0a0,3fd443c,BTC-USD,4h,2025-10-01 00:00:00,2026-07-26,389,train,short,2025-07-25 04:00:00,115419.65,115361.940175,2025-07-25 20:00:00,117281.17088928571,117339.81147473035,stop,5,1279.4871428571412,117281.17088928571,112802.96588928571,0.033463233389080325,3860.383528293147,15441.534113172587,-62.292507976816374,7.786953025502734,3.893460939624042,11.680413965126775,-73.97292194194316,-0.004790516369668196,-0.004034088032980933,15367.561191230645,not computed,,
cheat-leaked-future,138991c3d0a0,3fd443c,BTC-USD,4h,2025-10-01 00:00:00,2026-07-26,390,train,short,2025-07-26 00:00:00,117614.31,117555.50284500001,2025-07-27 20:00:00,119692.7896307143,119752.63602552965,stop,12,1424.8578571428557,119692.7896307143,114705.78713071429,0.03268150111929081,3841.890297807661,15367.561191230645,-67.92783437761244,7.755586206114034,3.877776121097824,11.63336232721186,-79.5611967048243,-0.005177216847538902,-0.004420209136136372,15287.99999452582,not computed,,
cheat-leaked-future,138991c3d0a0,3fd443c,BTC-USD,4h,2025-10-01 00:00:00,2026-07-26,391,train,short,2025-07-28 00:00:00,119415.56,119355.85222,2025-07-28 12:00:00,117984.32507714287,118043.31723968143,target,4,685.7635714285674,120384.49757714286,117984.32507714287,0.032021890234478316,3821.999998631455,15287.99999452582,45.830847599482915,7.601970146194236,3.8009965308085967,11.402966677002834,34.427880922480085,0.002251954535243831,0.0029978314767068015,15322.4278754483,not computed,,
cheat-leaked-future,138991c3d0a0,3fd443c,BTC-USD,4h,2025-10-01 00:00:00,2026-07-26,392,train,short,2025-07-28 16:00:00,118174.89,118115.802555,2025-07-29 04:00:00,119159.72862642856,119219.30849074178,stop,4,695.950714285712,119159.72862642856,116723.90112642858,0.0324309439211436,3830.606968862075,15322.4278754483,-31.9392462650809,7.6970016768428415,3.8484928536097875,11.545494530452629,-43.484740795533526,-0.0028379797998730185,-0.0020844768547586606,15278.943134652767,not computed,,
cheat-leaked-future,138991c3d0a0,3fd443c,BTC-USD,4h,2025-10-01 00:00:00,2026-07-26,393,train,short,2025-07-29 08:00:00,118882.37,118822.928815,2025-07-29 16:00:00,117160.07310071429,117218.65313726464,target,3,831.4278571428555,120070.07060071429,117160.07310071429,0.032146453733776295,3819.735783663192,15278.943134652767,55.36573758871432,7.587899793475841,3.7939637381718185,11.38186353164766,43.98387405706666,0.002878724900632091,0.0036236627822211326,15322.927008709834,not computed,,
cheat-leaked-future,138991c3d0a0,3fd443c,BTC-USD,4h,2025-10-01 00:00:00,2026-07-26,394,train,long,2025-07-29 20:00:00,117525.28,117584.04263999999,2025-07-30 16:00:00,116072.51621142856,116014.47995332285,stop,6,1007.6842857142848,116072.51621142856,119599.41121142855,0.032578670252950734,3830.7317521774585,15322.927008709834,-47.329112423296245,7.610329239144327,3.805152787293551,11.415482026437878,-58.74459444973412,-0.0038337710814874085,-0.003088777515966336,15264.1824142601,not computed,,
cheat-leaked-future,138991c3d0a0,3fd443c,BTC-USD,4h,2025-10-01 00:00:00,2026-07-26,395,train,long,2025-07-30 20:00:00,116916.73,116975.188365,2025-08-01 00:00:00,115229.47872214286,115171.8639827818,stop,8,1163.8064285714281,115229.47872214286,119302.80122214285,0.03262269252910063,3816.045603565025,15264.1824142601,-55.042679656865616,7.573261910278714,3.7866171944689953,11.359879104747709,-66.40255876161332,-0.004350220467725723,-0.0036060024810397745,15197.779855498487,not computed,,
cheat-leaked-future,138991c3d0a0,3fd443c,BTC-USD,4h,2025-10-01 00:00:00,2026-07-26,396,train,short,2025-08-01 04:00:00,115648.03,115590.20598500001,2025-08-01 16:00:00,113233.6902707143,113290.30711584965,target,4,1178.2578571428562,117357.5927707143,113233.6902707143,0.032869955819333614,3799.444963874622,15197.779855498487,79.35924023448274,7.523292353531337,3.761666016575006,11.284958370106343,68.0742818643764,0.004479225420530581,0.005221765349217829,15265.854137362863,not computed,,
cheat-leaked-future,138991c3d0a0,3fd443c,BTC-USD,4h,2025-10-01 00:00:00,2026-07-26,397,train,short,2025-08-01 20:00:00,113328.67,113272.005665,2025-08-04 12:00:00,115403.82923642857,115461.53115104679,stop,17,1421.2157142857145,115403.82923642857,110429.57423642857,0.033692910370350826,3816.463534340716,15265.854137362863,-69.91815415719364,7.706698554636405,3.853331797779447,11.56003035241585,-81.47818450960949,-0.005337283048590993,-0.004580035517702898,15184.375952853254,not computed,,
cheat-leaked-future,138991c3d0a0,3fd443c,BTC-USD,4h,2025-10-01 00:00:00,2026-07-26,398,train,short,2025-08-04 16:00:00,114826.01,114768.596995,2025-08-05 12:00:00,112996.76985214285,113053.26823706891,target,6,885.913571428571,116097.46735214286,112996.76985214285,0.03307606860767579,3796.0939882133134,15184.375952853254,60.504072630437804,7.5354516447445805,3.767740948389921,11.3031925931345,49.2008800373033,0.003240230628513785,0.003984626883468902,15233.576832890558,not computed,,
cheat-leaked-future,138991c3d0a0,3fd443c,BTC-USD,4h,2025-10-01 00:00:00,2026-07-26,399,train,long,2025-08-05 16:00:00,112934.0,112990.46699999999,2025-08-06 12:00:00,114842.67128571427,114785.24995007142,target,6,926.1021428571423,111601.31378571427,114842.67128571427,0.033705447099556106,3808.3942082226395,15233.576832890558,64.33261905108407,7.677282378224096,3.838657272266275,11.51593965049037,52.81667940059369,0.003467122658058749,0.0042230803544565185,15286.393512291152,not computed,,
cheat-leaked-future,138991c3d0a0,3fd443c,BTC-USD,4h,2025-10-01 00:00:00,2026-07-26,400,train,short,2025-08-06 16:00:00,115413.87,115356.163065,2025-08-07 16:00:00,116955.86270785714,117014.34063921106,stop,7,1066.4664285714296,116955.86270785714,113223.23020785714,0.033128688372891034,3821.598378072788,15286.393512291152,-51.084195891869896,7.69813000426853,3.8490522310847766,11.547182235353308,-62.6313781272232,-0.004097197816925485,-0.003341808246058511,15223.762134163928,not computed,,
cheat-leaked-future,138991c3d0a0,3fd443c,BTC-USD,4h,2025-10-01 00:00:00,2026-07-26,401,train,long,2025-08-07 20:00:00,117461.99,117520.720995,2025-08-11 00:00:00,119785.37670928572,119725.48402093108,target,20,1132.3278571428589,115822.22920928571,119785.37670928572,0.03238527215726415,3805.940533540982,15223.762134163928,75.24351090678812,7.6832829177190165,3.8416602697367637,11.52494318745578,63.718567719332334,0.004185467899313818,0.0049425043720259364,15287.48070188326,not computed,,
cheat-leaked-future,138991c3d0a0,3fd443c,BTC-USD,4h,2025-10-01 00:00:00,2026-07-26,402,train,short,2025-08-11 04:00:00,121729.0,121668.1355,2025-08-11 12:00:00,119580.47264285714,119640.26287917857,target,3,1043.8314285714307,123233.88264285715,119580.47264285714,0.03141225235156837,3821.870175470815,15287.48070188326,67.49008352681963,7.58004030443955,3.7900370247403714,11.37007732917992,56.12000619763971,0.003670978056621606,0.004414728943435759,15343.6007080809,not computed,,
cheat-leaked-future,138991c3d0a0,3fd443c,BTC-USD,4h,2025-10-01 00:00:00,2026-07-26,403,train,short,2025-08-11 16:00:00,120314.4,120254.2428,2025-08-13 12:00:00,122027.62744285715,122088.64125657857,stop,12,1182.2564285714304,122027.62744285715,117889.72994285714,0.031898252300335675,3835.900177020225,15343.6007080809,-54.64896122011643,7.730314458827739,3.8651435671729857,11.595458026000724,-66.24441924611716,-0.004317397233312302,-0.003561677748257283,15277.356288834782,not computed,,
cheat-leaked-future,138991c3d0a0,3fd443c,BTC-USD,4h,2025-10-01 00:00:00,2026-07-26,404,train,long,2025-08-13 16:00:00,120920.61,120981.070305,2025-08-13 20:00:00,123454.02887642858,123392.30186199037,target,2,1236.479285714286,119126.35137642857,123454.02887642858,0.03156972460716317,3819.3390722086956,15277.356288834782,79.97933624343898,7.714800060635678,3.85742002515164,11.572220085787318,68.40711615765166,0.004477680225841557,0.005235155528963518,15345.763404992435,not computed,,
cheat-leaked-future,138991c3d0a0,3fd443c,BTC-USD,4h,2025-10-01 00:00:00,2026-07-26,405,train,long,2025-08-14 00:00:00,123306.44,123368.09322,2025-08-14 04:00:00,121463.31500571428,121402.58334821142,stop,2,1269.8521428571435,121463.31500571428,125907.79750571428,0.03109751274510384,3836.4408512481086,15345.763404992435,-57.31660300061977,7.6117592342076446,3.805865287952706,11.41762452216035,-68.73422752278012,-0.004479036051110942,-0.003735011513469116,15277.029177469654,not computed,,
cheat-leaked-future,138991c3d0a0,3fd443c,BTC-USD,4h,2025-10-01 00:00:00,2026-07-26,406,train,short,2025-08-14 08:00:00,121725.31,121664.44734500001,2025-08-14 12:00:00,119121.0516307143,119180.61215652965,target,2,1271.6978571428574,123571.99413071429,119121.0516307143,0.03139172846063458,3819.2572943674136,15277.029177469654,81.75217156995173,7.560542708957397,3.780291792521112,11.340834501478508,70.41133706847322,0.004608967898831721,0.005351313440607855,15347.440514538128,not computed,,
cheat-leaked-future,138991c3d0a0,3fd443c,BTC-USD,4h,2025-10-01 00:00:00,2026-07-26,407,train,short,2025-08-14 16:00:00,118257.26,118198.13137,2025-08-18 00:00:00,115156.49422714286,115214.07247425642,target,21,1520.8185714285707,120479.35922714286,115156.49422714286,0.03246125877086725,3836.860128634532,15347.440514538128,100.65476014056367,7.576853949266824,3.788452138322839,11.365306087589662,89.28945405297401,0.0058178726262788265,0.006558406924282697,15436.729968591102,not computed,,
cheat-leaked-future,138991c3d0a0,3fd443c,BTC-USD,4h,2025-10-01 00:00:00,2026-07-26,408,train,short,2025-08-18 04:00:00,115319.0,115261.3405,2025-08-18 16:00:00,116364.6205,116422.80281025,stop,4,735.5199999999999,116364.6205,113790.30050000001,0.03348201986378751,3859.1824921477755,15436.729968591102,-35.00948635098358,7.757253088438382,3.8786177918471125,11.635870880285495,-46.645357231269074,-0.0030217123267802007,-0.0022679341040632885,15390.084611359833,not computed,,
cheat-leaked-future,138991c3d0a0,3fd443c,BTC-USD,4h,2025-10-01 00:00:00,2026-07-26,409,train,short,2025-08-18 20:00:00,116314.0,116255.84300000001,2025-08-19 04:00:00,114612.50442857144,114669.81068078573,target,3,821.6692857142843,117488.34692857144,114612.50442857144,0.03309529270576067,3847.521152839958,15390.084611359833,56.31149397398373,7.642552101834723,3.821290128790615,11.463842230625339,44.84765174335839,0.002914061415247525,0.003658946353837373,15434.932263103192,not computed,,
cheat-leaked-future,138991c3d0a0,3fd443c,BTC-USD,4h,2025-10-01 00:00:00,2026-07-26,410,train,long,2025-08-19 08:00:00,114978.15,115035.63907499998,2025-08-19 16:00:00,113494.97836071427,113438.23087153392,stop,3,1027.107142857143,113494.97836071427,117089.85336071427,0.03354380517901946,3858.733065775798,15434.932263103192,-49.75122051524711,7.663882981983162,3.831929053186144,11.495812035169306,-61.24703255041642,-0.003968079127682722,-0.0032232872595220987,15373.685230552775,not computed,,
cheat-leaked-future,138991c3d0a0,3fd443c,BTC-USD,4h,2025-10-01 00:00:00,2026-07-26,411,train,short,2025-08-19 20:00:00,113132.49,113075.92375500001,2025-08-22 12:00:00,114890.61839785715,114948.06370705608,stop,17,1209.7964285714293,114890.61839785715,110656.33089785716,0.03398974052129505,3843.421307638194,15373.685230552775,-59.75832804628454,7.750476166466323,3.8752231436509135,11.625699310117238,-71.38402735640177,-0.00464326062917805,-0.0038870529186797896,15302.301203196374,not computed,,
cheat-leaked-future,138991c3d0a0,3fd443c,BTC-USD,4h,2025-10-01 00:00:00,2026-07-26,412,train,long,2025-08-22 16:00:00,116370.75,116428.93537499999,2025-08-24 12:00:00,114411.64644642855,114354.44062320534,stop,12,1344.8592857142867,114411.64644642855,119118.65394642856,0.03285759925981883,3825.5753007990934,15302.301203196374,-64.37143947173762,7.582987684377122,3.7914777493280525,11.374465433705176,-75.74590490544279,-0.004949968236778716,-0.004206650922430647,15226.55529829093,not computed,,
cheat-leaked-future,138991c3d0a0,3fd443c,BTC-USD,4h,2025-10-01 00:00:00,2026-07-26,413,train,short,2025-08-24 16:00:00,114400.01,114342.809995,2025-08-24 16:00:00,112140.15428071428,112196.22435785463,target,1,1101.3278571428568,115994.80178071429,112140.15428071428,0.03329145772033405,3806.6388245727326,15226.55529829093,75.23389113265536,7.541814684163365,3.770926150553933,11.312740834717298,63.92115029793806,0.004198004673132652,0.004940965941331445,15290.476448588868,not computed,,
cheat-leaked-future,138991c3d0a0,3fd443c,BTC-USD,4h,2025-10-01 00:00:00,2026-07-26,414,train,long,2025-08-24 20:00:00,112600.0,112656.29999999999,2025-08-25 12:00:00,110672.69357142856,110617.35722464285,stop,5,1322.404285714286,110672.69357142856,115301.10857142856,0.0339316941187241,3822.619112147217,15290.476448588868,-65.39677220733653,7.576053441715434,3.7880103716641997,11.364063813379634,-76.76083602071616,-0.005020172934362702,-0.004276961050050987,15213.715612568152,not computed,,
cheat-leaked-future,138991c3d0a0,3fd443c,BTC-USD,4h,2025-10-01 00:00:00,2026-07-26,415,train,short,2025-08-25 16:00:00,112200.65,112144.549675,2025-08-25 20:00:00,109692.09253214285,109746.93857840891,target,2,1226.2285714285722,113983.89253214285,109692.09253214285,0.03391541465157734,3803.428903142038,15213.715612568152,85.0787666996859,7.525541831769966,3.762792185575961,11.288334017345928,73.79043268233997,0.004850257133857635,0.005592241163585427,15287.506045250491,not computed,,
cheat-leaked-future,138991c3d0a0,3fd443c,BTC-USD,4h,2025-10-01 00:00:00,2026-07-26,416,train,short,2025-08-26 00:00:00,110111.98,110056.92401,2025-08-26 20:00:00,112167.91151,112223.995465755,stop,6,1407.3249999999991,112167.91151,107242.27401000001,0.034726361341566835,3821.876511312623,15287.506045250491,-71.39502050977346,7.7190075290507885,3.8594859157697385,11.578493444820527,-82.97351395459398,-0.005427537605479615,-0.004670154850532628,15204.532531295898,not computed,,
cheat-leaked-future,138991c3d0a0,3fd443c,BTC-USD,4h,2025-10-01 00:00:00,2026-07-26,417,train,short,2025-08-27 00:00:00,111763.22,111707.33839,2025-08-29 12:00:00,108236.50981857143,108290.62807348071,target,16,1735.414285714287,114310.45981857143,108236.50981857143,0.034027604520960014,3801.1331328239744,15204.532531295898,120.00549931369454,7.486003798234746,3.7430319004918005,11.229035698726546,108.776463614968,0.007154212955319111,0.007892745078921959,15313.308994910865,not computed,,
cheat-leaked-future,138991c3d0a0,3fd443c,BTC-USD,4h,2025-10-01 00:00:00,2026-07-26,418,train,short,2025-08-29 16:00:00,108386.23,108332.03688500001,2025-09-02 00:00:00,110366.08831357144,110421.27135772821,stop,21,1356.0342857142844,110366.08831357144,105619.96831357144,0.035338828280240694,3828.3272487277163,15313.308994910865,-69.96587296250817,7.730485595724335,3.8652253063930146,11.59571090211735,-81.56158386462552,-0.005326189388050043,-0.004568958478259677,15231.747411046239,not computed,,
cheat-leaked-future,138991c3d0a0,3fd443c,BTC-USD,4h,2025-10-01 00:00:00,2026-07-26,419,train,short,2025-09-02 04:00:00,110322.19,110267.02890500001,2025-09-03 12:00:00,111945.47961928572,112001.45235909536,stop,9,1118.9671428571403,111945.47961928572,108029.09461928574,0.034533775785708966,3807.9368527615597,15231.747411046239,-56.05831974768176,7.675769896204324,3.837870933521863,11.513640829726187,-67.57196057740795,-0.004436257952150913,-0.0036803603838012453,15164.17545046883,not computed,,
cheat-leaked-future,138991c3d0a0,3fd443c,BTC-USD,4h,2025-10-01 00:00:00,2026-07-26,420,train,short,2025-09-03 16:00:00,112222.73,112166.618635,2025-09-04 12:00:00,109592.43863500001,109647.2348543175,target,6,1287.0899999999997,114097.253635,109592.43863500001,0.03379832528386718,3791.0438626172077,15164.17545046883,88.89944314561643,7.4969367727000105,3.7484906112101015,11.245427383910112,77.65401576170632,0.005120886131616572,0.005862464690941566,15241.829466230536,not computed,,
cheat-leaked-future,138991c3d0a0,3fd443c,BTC-USD,4h,2025-10-01 00:00:00,2026-07-26,421,train,long,2025-09-04 16:00:00,109510.32,109565.07516000001,2025-09-05 04:00:00,111880.65801714286,111824.7176881343,target,4,1157.7914285714307,107828.38801714286,111880.65801714286,0.034778029047971254,3810.457366557634,15241.829466230536,82.4356844137049,7.6995006465967535,3.849770932219144,11.549271578815897,70.886412834889,0.004650781127812996,0.005408516385539387,15312.715879065425,not computed,,
cheat-leaked-future,138991c3d0a0,3fd443c,BTC-USD,4h,2025-10-01 00:00:00,2026-07-26,422,train,short,2025-09-05 08:00:00,112954.32,112897.84284000001,2025-09-05 12:00:00,110653.78284000001,110709.10973142,target,2,1122.030000000002,114580.88784000001,110653.78284000001,0.033908344689913085,3828.178969766356,15312.715879065425,78.00740699323347,7.582141622852756,3.7910903132775076,11.373231936130264,66.6341750571032,0.004351558246320056,0.005094289452590201,15379.350054122528,not computed,,
cheat-leaked-future,138991c3d0a0,3fd443c,BTC-USD,4h,2025-10-01 00:00:00,2026-07-26,423,train,long,2025-09-05 16:00:00,110716.82,110772.17841000001,2025-09-10 12:00:00,113364.57269571429,113307.89040936645,target,30,1296.1971428571435,108827.88269571429,113364.57269571429,0.03470941502386792,3844.837513530632,15379.350054122528,91.90194719611215,7.777688107228276,3.888867029100524,11.6665551363288,80.23539205978335,0.0052170860132204205,0.005975671720371387,15459.585446182311,not computed,,
cheat-leaked-future,138991c3d0a0,3fd443c,BTC-USD,4h,2025-10-01 00:00:00,2026-07-26,424,train,short,2025-09-10 16:00:00,113853.99,113797.06300500002,2025-09-11 20:00:00,115386.80264785716,115444.49604918108,stop,8,1059.826428571428,115386.80264785716,111677.41014785717,0.03396305897082565,3864.8963615455777,15459.585446182311,-52.05900635039981,7.785744588721164,3.892859279608345,11.678603868329509,-63.73761021872932,-0.004122853775129468,-0.003367425765175068,15395.847835963581,not computed,,
cheat-leaked-future,138991c3d0a0,3fd443c,BTC-USD,4h,2025-10-01 00:00:00,2026-07-26,425,train,short,2025-09-12 00:00:00,115482.69,115424.94865500001,2025-09-15 04:00:00,116718.0354407143,116776.39445843465,stop,20,862.057857142857,116718.0354407143,113700.8329407143,0.03334601404498147,3848.9619589908953,15395.847835963581,-41.19384641646287,7.742989248724154,3.8714843258996297,11.614473574623783,-52.80831999108665,-0.003430036497745207,-0.0026756465025743526,15343.039515972494,not computed,,
cheat-leaked-future,138991c3d0a0,3fd443c,BTC-USD,4h,2025-10-01 00:00:00,2026-07-26,426,train,short,2025-09-15 08:00:00,115806.62,115748.71669,2025-09-15 12:00:00,114548.46526142857,114605.73949405928,target,2,600.1257142857149,116648.90526142858,114548.46526142857,0.03313868169498686,3835.7598789931235,15343.039515972494,41.69358940455776,7.633643000505339,3.8168319236495236,11.450474924154863,30.2431144804029,0.001971129283015862,0.0027174269714389824,15373.282630452897,not computed,,
cheat-leaked-future,138991c3d0a0,3fd443c,BTC-USD,4h,2025-10-01 00:00:00,2026-07-26,427,train,long,2025-09-15 16:00:00,114842.9,114900.32144999999,2025-09-16 16:00:00,116225.43430714284,116167.32158998928,target,7,662.5564285714291,113906.48680714285,116225.43430714284,0.03344917237055497,3843.3206576132243,15373.282630452897,46.244628347826996,7.729021421302467,3.864522271807843,11.593543693110309,34.65108465471668,0.002253980850262678,0.0030081167086736,15407.933715107614,not computed,,
cheat-leaked-future,138991c3d0a0,3fd443c,BTC-USD,4h,2025-10-01 00:00:00,2026-07-26,428,train,short,2025-09-16 20:00:00,116800.13,116741.72993500001,2025-09-17 16:00:00,114968.56279214287,115026.04707353894,target,6,886.5835714285723,118071.60529214286,114968.56279214287,0.03299577135717989,3851.9834287769036,15407.933715107614,60.433972815762466,7.647356578135605,3.8236933975608167,11.471049975696422,48.96292284006604,0.0031777734604385966,0.003922263291962791,15456.89663794768,not computed,,
cheat-leaked-future,138991c3d0a0,3fd443c,BTC-USD,4h,2025-10-01 00:00:00,2026-07-26,429,train,long,2025-09-17 20:00:00,115652.02,115709.84601,2025-09-18 00:00:00,117537.93315285713,117479.16418628072,target,2,914.0435714285715,114338.78065285714,117537.93315285713,0.03339581109763954,3864.22415948692,15456.89663794768,62.98159939937054,7.787536134560531,3.893783812679459,11.68131994723999,51.300279452130546,0.0033189249209433828,0.004074660061111274,15508.196917399811,not computed,,
cheat-leaked-future,138991c3d0a0,3fd443c,BTC-USD,4h,2025-10-01 00:00:00,2026-07-26,430,train,short,2025-09-18 04:00:00,117581.67,117522.879165,2025-09-19 16:00:00,115437.42202214287,115495.14073315394,target,10,1042.7285714285713,119086.97202214286,115437.42202214287,0.032989740013998854,3877.049229349953,15508.196917399811,70.73818331504945,7.68720389501691,3.8436196320539295,11.53082352707084,59.20735978797862,0.0038178106780130854,0.004561341572577207,15567.40427718779,not computed,,
cheat-leaked-future,138991c3d0a0,3fd443c,BTC-USD,4h,2025-10-01 00:00:00,2026-07-26,431,train,long,2025-09-19 20:00:00,115125.13,115182.692565,2025-09-22 04:00:00,113683.04506500001,113626.20354246751,stop,15,999.7649999999994,113683.04506500001,117182.222565,0.03378850574360983,3891.8510692969476,15567.40427718779,-48.72589510902043,7.731110700316191,3.865543168684347,11.596653869000537,-60.32254897802097,-0.0038749266033012712,-0.0031299948431622944,15507.081728209769,not computed,,
cheat-leaked-future,138991c3d0a0,3fd443c,BTC-USD,4h,2025-10-01 00:00:00,2026-07-26,432,train,long,2025-09-22 08:00:00,112520.0,112576.26,2025-09-23 00:00:00,111663.48857142856,111607.65682714286,stop,5,608.5142857142845,111663.48857142856,113793.28857142857,0.03443683803363553,3876.770432052442,15507.081728209769,-29.49554533967237,7.720185233522336,3.860085242874433,11.58027047639677,-41.07581581606914,-0.002648842415097736,-0.0019020693807278665,15466.005912393699,not computed,,
cheat-leaked-future,138991c3d0a0,3fd443c,BTC-USD,4h,2025-10-01 00:00:00,2026-07-26,433,train,long,2025-09-23 04:00:00,112339.99,112396.159995,2025-09-24 04:00:00,111133.79856642857,111078.23166714536,stop,7,841.5742857142842,111133.79856642857,114079.30856642856,0.034400654597723165,3866.5014780984247,15466.005912393699,-41.493774885023626,7.687665359005769,3.8438223060585415,11.531487665064311,-53.02526255008794,-0.0034285039622024257,-0.002682901786024312,15412.980649843612,not computed,,
cheat-leaked-future,138991c3d0a0,3fd443c,BTC-USD,4h,2025-10-01 00:00:00,2026-07-26,434,train,long,2025-09-24 08:00:00,112583.54,112639.83176999999,2025-09-25 12:00:00,110860.51462714285,110805.08436982929,stop,8,1186.211428571428,110860.51462714285,115012.25462714284,0.034208548627175414,3853.245162460903,15412.980649843612,-58.94219725324054,7.643726279264482,3.8218484040825658,11.465574683347047,-70.4077719365876,-0.004568082808648824,-0.003824191997142266,15342.572877907025,not computed,,
cheat-leaked-future,138991c3d0a0,3fd443c,BTC-USD,4h,2025-10-01 00:00:00,2026-07-26,435,train,short,2025-09-25 16:00:00,111580.77,111524.979615,2025-09-25 16:00:00,109566.98818642859,109621.7716805218,target,1,978.9957142857123,112993.47318642857,109566.98818642859,0.03439268254267285,3835.6432194767563,15342.572877907025,69.25935862436981,7.605830012650308,3.8029323211646044,11.408762333814913,57.8505962905549,0.0037705928953975193,0.004514194534092897,15400.42347419758,not computed,,
cheat-leaked-future,138991c3d0a0,3fd443c,BTC-USD,4h,2025-10-01 00:00:00,2026-07-26,436,train,short,2025-09-25 20:00:00,109360.0,109305.32,2025-09-28 20:00:00,111035.55285714286,111091.07063357142,stop,19,1153.4885714285701,111035.55285714286,106998.34285714287,0.03522340786843124,3850.105868549395,15400.42347419758,-59.01868169225821,7.763111960016386,3.8815412253371804,11.644653185353565,-70.66333487761177,-0.004588402065436944,-0.0038322765468845857,15329.760139319967,not computed,,
cheat-leaked-future,138991c3d0a0,3fd443c,BTC-USD,4h,2025-10-01 00:00:00,2026-07-26,437,train,short,2025-09-29 00:00:00,112163.96,112107.87802000002,2025-09-29 12:00:00,112996.89266285716,113053.39110918858,stop,4,592.6764285714287,112996.89266285716,110922.52516285716,0.03418528744381626,3832.440034829992,15329.760139319967,-28.47404250111525,7.697202706395785,3.8485942346864874,11.545796941082273,-40.01983944219752,-0.002610597887930999,-0.0018574356181921556,15289.74029987777,not computed,,
cheat-leaked-future,138991c3d0a0,3fd443c,BTC-USD,4h,2025-10-01 00:00:00,2026-07-26,438,train,long,2025-09-29 16:00:00,113815.57,113872.477785,2025-09-30 08:00:00,112849.54742785713,112793.12265414321,stop,5,681.9535714285719,112849.54742785713,115236.38492785714,0.03356768157962185,3822.4350749694427,15289.74029987777,-32.42713810041922,7.6086387005949545,3.8043112435123803,11.412949944107336,-43.84008804452655,-0.002867287945033116,-0.0021208429616478477,15245.900211833245,not computed,,
cheat-leaked-future,138991c3d0a0,3fd443c,BTC-USD,4h,2025-10-01 00:00:00,2026-07-26,439,train,long,2025-09-30 12:00:00,113055.0,113111.5275,2025-10-01 08:00:00,114797.63321428571,114740.23439767858,target,6,843.0528571428555,111846.94821428572,114797.63321428571,0.03369661021471319,3811.475052958311,15245.900211833245,58.72083216899845,7.6778320074017135,3.8389306839085435,11.516762691310257,47.20406947768819,0.0030961811911277186,0.0038515818254813016,15293.104281310932,not computed,,
cheat-leaked-future,138991c3d0a0,3fd443c,BTC-USD,4h,2025-10-01 00:00:00,2026-07-26,440,holdout,long,2025-10-01 12:00:00,116789.57,116847.964785,2025-10-02 00:00:00,118880.66621357143,118821.22588046466,target,4,1016.3507142857135,115323.43871357144,118880.66621357143,0.032720091251589645,3823.276070327733,15293.104281310932,68.4208589239105,7.711117423762282,3.8555758170953567,11.566693240857639,56.85416568305286,0.0037176340811676785,0.004473967983565298,15349.958446993985,not computed,,
cheat-leaked-future,138991c3d0a0,3fd443c,BTC-USD,4h,2025-10-01 00:00:00,2026-07-26,441,holdout,short,2025-10-02 04:00:00,118733.99,118674.62300500002,2025-10-02 16:00:00,120323.9222907143,120384.08425185965,stop,4,1099.5328571428565,120323.9222907143,116475.5572907143,0.03233622753186934,3837.4896117484964,15349.958446993985,-51.41241231280359,7.73025675133236,3.865115522562519,11.595372273894878,-63.00778458669847,-0.00410475277860035,-0.0033493518884978994,15286.950662407287,not computed,,
cheat-leaked-future,138991c3d0a0,3fd443c,BTC-USD,4h,2025-10-01 00:00:00,2026-07-26,442,holdout,short,2025-10-02 20:00:00,120836.49,120776.07175500001,2025-10-03 16:00:00,122561.6085407143,122622.88934498465,stop,6,1190.3578571428577,122561.6085407143,118395.3560407143,0.03164316913166706,3821.737665601822,15286.950662407287,-54.58821775599698,7.701914492558866,3.8509435992247063,11.552858091783573,-66.14107584778056,-0.004326636312788694,-0.003570902985265525,15220.809586559506,not computed,,
cheat-leaked-future,138991c3d0a0,3fd443c,BTC-USD,4h,2025-10-01 00:00:00,2026-07-26,443,holdout,short,2025-10-03 20:00:00,122661.0,122599.6695,2025-10-05 04:00:00,124537.12735714286,124599.39592082142,stop,9,1291.6385714285705,124537.12735714286,120016.39235714286,0.031037623609906032,3805.2023966398765,15220.809586559506,-58.23053475524787,7.672471549251993,3.8362212169918735,11.508692766243867,-69.73922752149173,-0.0045818343055203745,-0.003825718627126603,15151.070359038014,not computed,,
cheat-leaked-future,138991c3d0a0,3fd443c,BTC-USD,4h,2025-10-01 00:00:00,2026-07-26,444,holdout,short,2025-10-05 08:00:00,124713.63,124651.27318500001,2025-10-05 16:00:00,122341.96604214287,122403.13702516393,target,3,1154.653571428571,126383.25354214286,122341.96604214287,0.030386914573571375,3787.7675897595036,15151.070359038014,72.06755008462291,7.507221258080312,3.753628645927094,11.260849904007406,60.8067001806155,0.004013360029335663,0.004756597941717874,15211.87705921863,not computed,,
cheat-leaked-future,138991c3d0a0,3fd443c,BTC-USD,4h,2025-10-01 00:00:00,2026-07-26,445,holdout,long,2025-10-05 20:00:00,122591.8,122653.0959,2025-10-06 12:00:00,125184.93447142857,125122.34200419286,target,5,1265.9192857142843,120754.21697142857,125184.93447142857,0.031005897053795098,3802.9692648046575,15211.87705921863,80.40246046776149,7.682499720116405,3.841269960673003,11.523769680789407,68.87869078697207,0.004527954736869934,0.00528550553983319,15280.755750005603,not computed,,
cheat-leaked-future,138991c3d0a0,3fd443c,BTC-USD,4h,2025-10-01 00:00:00,2026-07-26,446,holdout,long,2025-10-06 16:00:00,125000.0,125062.5,2025-10-07 12:00:00,123299.07,123237.42046500002,stop,6,1175.6199999999985,123299.07,127413.73999999999,0.030546238380820795,3820.1889375014007,15280.755750005603,-51.9570132490893,7.5846285604627335,3.79230129097774,11.376929851440472,-63.33394310052977,-0.004144686567646142,-0.003400159920039966,15217.421806905073,not computed,,
cheat-leaked-future,138991c3d0a0,3fd443c,BTC-USD,4h,2025-10-01 00:00:00,2026-07-26,447,holdout,short,2025-10-07 16:00:00,121846.01,121785.086995,2025-10-08 16:00:00,123875.07449500001,123937.0120322475,stop,7,1393.3250000000003,123875.07449500001,118998.43699500001,0.031238270182312712,3804.3554517262683,15217.421806905073,-63.38446491214832,7.675933319178157,3.8379508134722045,11.513884132650361,-74.89834904479868,-0.004921881642974023,-0.004165256488019995,15142.523457860274,not computed,,
cheat-leaked-future,138991c3d0a0,3fd443c,BTC-USD,4h,2025-10-01 00:00:00,2026-07-26,448,holdout,short,2025-10-08 20:00:00,123450.01,123388.284995,2025-10-09 16:00:00,120425.22213785713,120485.43474892605,target,6,1481.5314285714308,125610.58213785714,120425.22213785713,0.03068063442666759,3785.6308644650685,15142.523457860274,92.80241061662673,7.48220044173498,3.741123421470121,11.223323863205101,81.57908675342163,0.00538741689788006,0.006128596126985313,15224.102544613695,not computed,,
cheat-leaked-future,138991c3d0a0,3fd443c,BTC-USD,4h,2025-10-01 00:00:00,2026-07-26,449,holdout,long,2025-10-09 20:00:00,120951.72,121012.19585999999,2025-10-10 16:00:00,118462.70693142856,118403.47557796286,stop,6,1699.6592857142864,118462.70693142856,124411.51443142857,0.031451587247922075,3806.025636153424,15224.102544613695,-78.28341168739287,7.530002878750935,3.7649818685218435,11.294984747272778,-89.57839643466565,-0.0058839853562572455,-0.005142070703871449,15134.524148179029,not computed,,
cheat-leaked-future,138991c3d0a0,3fd443c,BTC-USD,4h,2025-10-01 00:00:00,2026-07-26,450,holdout,short,2025-10-10 20:00:00,116661.5,116603.16925,2025-10-10 20:00:00,113017.72210714286,113074.23096819643,target,1,1792.7235714285719,119292.25460714287,113017.72210714286,0.032448783865664584,3783.6310370447572,15134.524148179029,118.2361612998079,7.452752318507999,3.726405718293762,11.179158036801761,107.05700326300614,0.007073694700595336,0.00781234746082413,15241.581151442035,not computed,,
cheat-leaked-future,138991c3d0a0,3fd443c,BTC-USD,4h,2025-10-01 00:00:00,2026-07-26,451,holdout,short,2025-10-11 00:00:00,112774.49,112718.10275500001,2025-10-17 04:00:00,107202.03846928573,107255.63948852038,target,38,2758.032142857143,116855.15096928572,107202.03846928573,0.033804643573026115,3810.3952878605087,15241.581151442035,188.37473782375974,7.436133951966925,3.7181140696676493,11.154248021634574,177.22048980212517,0.011627434715679614,0.012359264826401378,15418.80164124416,not computed,,
cheat-leaked-future,138991c3d0a0,3fd443c,BTC-USD,4h,2025-10-01 00:00:00,2026-07-26,452,holdout,long,2025-10-17 08:00:00,105633.75,105686.56687499999,2025-10-19 16:00:00,109261.6525892857,109207.02176299106,target,15,1787.5428571428586,103005.25258928571,109261.6525892857,0.036472945657040394,3854.70041031104,15418.80164124416,132.32029398805358,7.837802180439841,3.918934170292971,11.756736350732812,120.56355763732077,0.007819256025372433,0.008581749546223264,15539.36519888148,not computed,,
cheat-leaked-future,138991c3d0a0,3fd443c,BTC-USD,4h,2025-10-01 00:00:00,2026-07-26,453,holdout,short,2025-10-19 20:00:00,108908.43,108853.975785,2025-10-20 04:00:00,110486.21042785715,110541.45353307108,stop,3,1088.1564285714287,110486.21042785715,106677.66292785715,0.03568855681847955,3884.84129972037,15539.36519888148,-56.30870644666511,7.829906244932694,3.9149390452894153,11.74484529022211,-68.05355173688721,-0.004379429330986165,-0.0036236169062245993,15471.311647144592,not computed,,
cheat-leaked-future,138991c3d0a0,3fd443c,BTC-USD,4h,2025-10-01 00:00:00,2026-07-26,454,holdout,short,2025-10-20 08:00:00,111169.91,111114.325045,2025-10-21 04:00:00,108866.82933071429,108921.26274537964,target,6,1123.7478571428562,112799.9468307143,108866.82933071429,0.034809444328800294,3867.827911786148,15471.311647144592,80.16895834223722,7.65931654354407,3.829678314011545,11.488994857555614,68.67996348468161,0.004439181696489016,0.005181781620760857,15539.991610629273,not computed,,
cheat-leaked-future,138991c3d0a0,3fd443c,BTC-USD,4h,2025-10-01 00:00:00,2026-07-26,455,holdout,long,2025-10-21 08:00:00,108086.38,108140.42319,2025-10-21 12:00:00,110850.70604714286,110795.2806941193,target,2,1355.1414285714272,106107.71104714286,110850.70604714286,0.03592549194884761,3884.9979026573183,15539.991610629273,99.30977315062023,7.865372867204212,3.932711261044801,11.798084128249013,87.51168902237121,0.005631385860112928,0.006390593742836571,15627.503299651644,not computed,,
cheat-leaked-future,138991c3d0a0,3fd443c,BTC-USD,4h,2025-10-01 00:00:00,2026-07-26,456,holdout,short,2025-10-21 16:00:00,113422.6,113365.88870000001,2025-10-21 20:00:00,109855.83012857144,109910.75804363572,target,2,1755.0292857142838,115998.43262857143,109855.83012857144,0.0344625342747647,3906.875824912911,15627.503299651644,122.91992894430501,7.694679091157077,3.847370275560536,11.542049366717613,111.37787957758741,0.007127042461099346,0.007865615292946063,15738.88117922923,not computed,,
cheat-leaked-future,138991c3d0a0,3fd443c,BTC-USD,4h,2025-10-01 00:00:00,2026-07-26,457,holdout,short,2025-10-22 00:00:00,108297.66,108243.51117000001,2025-10-23 16:00:00,111198.28831285716,111253.88745701358,stop,11,1969.8514285714284,111198.28831285716,104303.80831285716,0.0363506343454408,3934.7202948073077,15738.88117922923,-105.4396791727032,7.97886967726603,3.9894084787127895,11.968278155978819,-117.40795732868202,-0.0074597397357333475,-0.0066993122301382555,15621.47322190055,not computed,,
cheat-leaked-future,138991c3d0a0,3fd443c,BTC-USD,4h,2025-10-01 00:00:00,2026-07-26,458,holdout,short,2025-10-23 20:00:00,110200.01,110144.909995,2025-10-26 08:00:00,113046.65785214286,113103.18118106893,stop,16,1934.4985714285742,113046.65785214286,106275.91285214285,0.035456638946388175,3905.3683054751373,15621.47322190055,-100.93256510094096,7.915626964300223,3.9577882490086154,11.873415213308839,-112.80598031424981,-0.007221212667451959,-0.006461142535483682,15508.6672415863,not computed,,
cheat-leaked-future,138991c3d0a0,3fd443c,BTC-USD,4h,2025-10-01 00:00:00,2026-07-26,459,holdout,long,2025-10-26 12:00:00,113286.09,113342.73304499999,2025-10-26 20:00:00,115129.61018785712,115072.0453827632,target,3,893.4385714285703,112002.57518785713,115129.61018785712,0.03420745826604728,3877.166810396575,15508.6672415863,63.062139888738216,7.813489000416145,3.906760265742399,11.720249266158543,51.34189062257967,0.003310528868973797,0.0040662514003548846,15560.00913220888,not computed,,
cheat-leaked-future,138991c3d0a0,3fd443c,BTC-USD,4h,2025-10-01 00:00:00,2026-07-26,460,holdout,long,2025-10-27 00:00:00,114559.41,114616.689705,2025-10-27 04:00:00,116305.13827642857,116246.98570729035,target,2,844.2242857142836,113350.35327642858,116305.13827642857,0.03393923077925469,3890.00228305222,15560.00913220888,59.248674851579516,7.835335558364668,3.9176825913507543,11.753018149715423,47.49565670186409,0.0030524183050477213,0.0038077532184049977,15607.504788910743,not computed,,
cheat-leaked-future,138991c3d0a0,3fd443c,BTC-USD,4h,2025-10-01 00:00:00,2026-07-26,461,holdout,short,2025-10-27 08:00:00,115554.59,115496.812705,2025-10-28 00:00:00,113703.1869907143,113760.03858420964,target,5,896.8128571428564,116842.03199071428,113703.1869907143,0.03378341017248494,3901.8761972276857,15607.504788910743,62.54670725727173,7.745078241955753,3.872554757654086,11.617632999609839,50.92907425766189,0.0032631144405508945,0.00400747640979176,15658.433863168404,not computed,,
cheat-leaked-future,138991c3d0a0,3fd443c,BTC-USD,4h,2025-10-01 00:00:00,2026-07-26,462,holdout,long,2025-10-28 04:00:00,113908.25,113965.20412499999,2025-10-28 12:00:00,116015.54269642856,115957.53492508036,target,3,1025.1692857142843,112427.45019642856,116015.54269642856,0.03434915504120413,3914.608465792101,15658.433863168404,72.38372354682164,7.8976518111295295,3.9488440014948765,11.846495812624406,60.53722773419724,0.003866109999454814,0.004622666875841386,15718.971090902602,not computed,,
cheat-leaked-future,138991c3d0a0,3fd443c,BTC-USD,4h,2025-10-01 00:00:00,2026-07-26,463,holdout,short,2025-10-28 16:00:00,114641.38,114584.05931000001,2025-10-28 20:00:00,112255.86216714287,112311.99009822644,target,2,1164.0985714285696,116330.20716714287,112255.86216714287,0.03429571963490992,3929.7427727256504,15718.971090902602,81.81305077974619,7.781563296773203,3.890802101648916,11.67236539842212,70.14068538132408,0.004462167719229295,0.0052047332046494905,15789.111776283926,not computed,,
cheat-leaked-future,138991c3d0a0,3fd443c,BTC-USD,4h,2025-10-01 00:00:00,2026-07-26,464,holdout,short,2025-10-29 00:00:00,112898.44,112841.99078000001,2025-10-29 16:00:00,110365.28792285715,110420.47056681858,target,5,1238.3514285714284,114699.51792285715,110365.28792285715,0.03498057697126868,3947.2779440709814,15789.111776283926,88.61112121442453,7.809849713937287,3.9049470097485823,11.714796723685868,76.89632449073866,0.004870212180411629,0.005612166312453566,15866.008100774665,not computed,,
cheat-leaked-future,138991c3d0a0,3fd443c,BTC-USD,4h,2025-10-01 00:00:00,2026-07-26,465,holdout,short,2025-10-29 20:00:00,110640.0,110584.68000000001,2025-10-30 12:00:00,107893.01714285715,107946.96365142857,target,5,1345.8314285714264,112603.42714285715,107893.01714285715,0.03586845867975262,3966.502025193666,15866.008100774665,98.53004110541717,7.8383932305296895,3.9192212477744732,11.757614478304163,86.772426627113,0.005469077418590017,0.006210134299667123,15952.780527401777,not computed,,
cheat-leaked-future,138991c3d0a0,3fd443c,BTC-USD,4h,2025-10-01 00:00:00,2026-07-26,466,holdout,short,2025-10-30 16:00:00,107711.56,107657.70422,2025-10-31 08:00:00,110358.16172,110413.34080086,stop,5,1800.3049999999982,110358.16172,104057.09422,0.03704514377996128,3988.1951318504443,15952.780527401777,-98.04374124569304,8.078473217044168,4.039212097586358,12.117685314630526,-110.16142656032356,-0.006905468696889639,-0.006145871628916679,15842.619100841453,not computed,,
cheat-leaked-future,138991c3d0a0,3fd443c,BTC-USD,4h,2025-10-01 00:00:00,2026-07-26,467,holdout,short,2025-10-31 12:00:00,110415.62,110360.41219,2025-11-03 12:00:00,106584.03361857144,106637.32563538072,target,19,1888.1892857142843,113192.69611857143,106584.03361857144,0.03588836519015146,3960.6547752103634,15842.619100841453,137.50937131431894,7.787694060514007,3.893881407599423,11.68157546811343,125.8277958462055,0.007942360732482823,0.008679712012202285,15968.44689668766,not computed,,
cheat-leaked-future,138991c3d0a0,3fd443c,BTC-USD,4h,2025-10-01 00:00:00,2026-07-26,468,holdout,long,2025-11-03 16:00:00,105745.71,105798.582855,2025-11-04 08:00:00,104160.55714071429,104108.47686214393,stop,5,1092.0171428571412,104160.55714071429,107982.61714071428,0.037733130411049254,3992.111724171915,15968.44689668766,-59.812779560875725,7.920450458506895,3.960210276058305,11.8806607345652,-71.69344029544092,-0.004489694004638129,-0.003745685472598009,15896.753456392218,not computed,,
cheat-leaked-future,138991c3d0a0,3fd443c,BTC-USD,4h,2025-10-01 00:00:00,2026-07-26,469,holdout,short,2025-11-04 12:00:00,104584.75,104532.45762500001,2025-11-04 16:00:00,101335.79333928572,101386.46123595536,target,2,1598.3321428571423,106929.95583928573,101335.79333928572,0.03801870207964561,3974.1883640980545,15896.753456392218,123.52111535337635,7.828770028737379,3.9144158946468366,11.743185923384216,111.77792942999213,0.007031494181288022,0.0077702101685239045,16008.53138582221,not computed,,
cheat-leaked-future,138991c3d0a0,3fd443c,BTC-USD,4h,2025-10-01 00:00:00,2026-07-26,470,holdout,long,2025-11-04 20:00:00,100542.64,100592.91132,2025-11-05 16:00:00,104292.18132,104240.03522934,target,6,1849.635,97818.45882,104292.18132,0.0397854361101471,4002.1328464555527,16008.53138582221,149.1771366292168,8.149368108191942,4.074721348379995,12.224089456571937,136.95304717264486,0.008555003820896145,0.009318602252379876,16145.484432994856,not computed,,
cheat-leaked-future,138991c3d0a0,3fd443c,BTC-USD,4h,2025-10-01 00:00:00,2026-07-26,471,holdout,short,2025-11-05 20:00:00,104008.09,103956.085955,2025-11-07 12:00:00,99774.1302407143,99824.01730583464,target,11,2090.9778571428574,107092.5527407143,99774.1302407143,0.03882765565063654,4036.371108248714,16145.484432994856,164.39473157219723,7.912303677862844,3.956192937613679,11.868496615476523,152.5262349567207,0.009446990308015697,0.010182087273655334,16298.010667951576,not computed,,
cheat-leaked-future,138991c3d0a0,3fd443c,BTC-USD,4h,2025-10-01 00:00:00,2026-07-26,472,holdout,long,2025-11-07 16:00:00,100797.95,100848.34897499999,2025-11-07 20:00:00,103852.59897499999,103800.6726755125,target,2,1502.125,98595.16147499999,103852.59897499999,0.040402274389221296,4074.502666987894,16298.010667951576,123.41476605070315,8.268285926209694,4.134173816795439,12.402459743005133,111.01230630769801,0.006811402236101901,0.007572382210632987,16409.022974259275,not computed,,
cheat-leaked-future,138991c3d0a0,3fd443c,BTC-USD,4h,2025-10-01 00:00:00,2026-07-26,473,holdout,short,2025-11-08 00:00:00,103339.09,103287.420455,2025-11-10 00:00:00,105659.31581214286,105712.14547004893,stop,13,1581.2635714285727,105659.31581214286,100124.89331214286,0.03971689607014708,4102.255743564819,16409.022974259275,-92.15216744015058,8.300814038551021,4.150383981233475,12.451198019784496,-104.60336545993508,-0.006374746724654215,-0.005615944811870217,16304.419608799339,not computed,,
cheat-leaked-future,138991c3d0a0,3fd443c,BTC-USD,4h,2025-10-01 00:00:00,2026-07-26,474,holdout,long,2025-11-10 04:00:00,106027.97,106080.983985,2025-11-11 12:00:00,104414.48291357142,104362.27567211464,stop,9,1111.000714285714,104414.48291357142,108302.98541357143,0.038424463547361155,4076.1049021998347,16304.419608799339,-61.9973757366128,8.08616935948266,4.043069180397133,12.129238539879793,-74.1266142764926,-0.004546412325924633,-0.003802488970729962,16230.292994522846,not computed,,
cheat-leaked-future,138991c3d0a0,3fd443c,BTC-USD,4h,2025-10-01 00:00:00,2026-07-26,475,holdout,short,2025-11-11 16:00:00,103455.99,103404.26200500001,2025-11-13 16:00:00,100427.77629071429,100477.99017885965,target,13,1488.2428571428577,105636.6262907143,100427.77629071429,0.03923990336524535,4057.5732486307115,16230.292994522846,118.82681332168265,8.000319873583235,4.000189643494721,12.000509517077957,106.82630380460469,0.0065819085238112965,0.007321298103600627,16337.11929832745,not computed,,
cheat-leaked-future,138991c3d0a0,3fd443c,BTC-USD,4h,2025-10-01 00:00:00,2026-07-26,476,holdout,long,2025-11-13 20:00:00,98682.13,98731.471065,2025-11-14 04:00:00,96138.05142214286,96089.98239643179,stop,3,1728.9464285714287,96138.05142214286,102189.36392214286,0.041367557684752525,4084.2798245818626,16337.11929832745,-105.24231732404859,8.05928771429311,4.029617546567152,12.088905260860262,-117.33122258490884,-0.007181879524924623,-0.0064419139875426515,16219.788075742541,not computed,,
cheat-leaked-future,138991c3d0a0,3fd443c,BTC-USD,4h,2025-10-01 00:00:00,2026-07-26,477,holdout,short,2025-11-14 08:00:00,97151.97,97103.39401500001,2025-11-16 20:00:00,93224.91401500002,93271.5264720075,target,16,1939.2400000000011,100012.25401500001,93224.91401500002,0.04175906578825915,4054.9470189356352,16219.788075742541,163.9901892317912,7.949878829051552,3.9749804120721706,11.924859241123723,152.06532999066746,0.009375296969390639,0.010110501349709141,16371.853405733209,not computed,,
cheat-leaked-future,138991c3d0a0,3fd443c,BTC-USD,4h,2025-10-01 00:00:00,2026-07-26,478,holdout,long,2025-11-17 00:00:00,94261.45,94308.58072499999,2025-11-17 16:00:00,92319.95251071428,92273.79253445893,stop,5,1325.7521428571397,92319.95251071428,96960.08501071428,0.04339969194710095,4092.9633514333023,16371.853405733209,-84.26039295106989,8.097617522219524,4.048787696011118,12.146405218230642,-96.40679816930053,-0.0058885695944199045,-0.005146661826422353,16275.446607563908,not computed,,
cheat-leaked-future,138991c3d0a0,3fd443c,BTC-USD,4h,2025-10-01 00:00:00,2026-07-26,479,holdout,long,2025-11-17 20:00:00,91678.93,91724.76946499999,2025-11-18 04:00:00,89666.74482214285,89621.91144973178,stop,3,1372.0164285714284,89666.74482214285,94468.80232214284,0.04435946446770366,4068.861651890977,16275.446607563908,-89.25945689959393,8.044441648373038,4.022198509322152,12.06664015769519,-101.32609705728912,-0.006225703017587147,-0.0054843015403406,16174.12051050662,not computed,,
cheat-leaked-future,138991c3d0a0,3fd443c,BTC-USD,4h,2025-10-01 00:00:00,2026-07-26,480,holdout,long,2025-11-18 08:00:00,90512.1,90557.35605,2025-11-18 16:00:00,93722.59176428572,93675.73046840359,target,3,1582.6178571428577,88183.42926428572,93722.59176428572,0.044651592140058455,4043.530127626655,16174.12051050662,143.35356882790256,8.22630063792386,4.113186157353482,12.339486795277342,131.01408203262523,0.008100229125133524,0.008863144597864277,16305.134592539245,not computed,,
cheat-leaked-future,138991c3d0a0,3fd443c,BTC-USD,4h,2025-10-01 00:00:00,2026-07-26,481,holdout,short,2025-11-18 20:00:00,93195.61,93149.012195,2025-11-19 16:00:00,89741.80362357142,89786.6745253832,target,6,1703.6042857142872,95704.41862357143,89741.80362357142,0.04376088969791153,4076.2836481348113,16305.134592539245,151.14163987683443,8.00542840838239,4.002751989600824,12.008180397983214,139.13345947885122,0.008533107082876497,0.00926957327576998,16444.268052018095,not computed,,
cheat-leaked-future,138991c3d0a0,3fd443c,BTC-USD,4h,2025-10-01 00:00:00,2026-07-26,482,holdout,long,2025-11-19 20:00:00,88884.56,88929.00227999999,2025-11-20 00:00:00,92431.21370857142,92384.99810171714,target,2,1751.105714285714,86302.34370857141,92431.21370857142,0.046228642035817565,4111.067013004524,16444.268052018095,163.95698471855312,8.38190001972849,4.190990999109744,12.572891018838234,151.38409369971487,0.009205888229311399,0.009970464127677107,16595.65214571781,not computed,,
cheat-leaked-future,138991c3d0a0,3fd443c,BTC-USD,4h,2025-10-01 00:00:00,2026-07-26,483,holdout,short,2025-11-20 04:00:00,92440.33,92394.10983500001,2025-11-20 16:00:00,88992.56983500002,89037.06611991751,target,4,1700.77,94945.26483500001,88992.56983500002,0.04490451873868039,4148.913036429452,16595.65214571781,154.82001093571762,8.147079640448414,4.073578525226168,12.220658165674582,142.59935277004303,0.008592573013579225,0.009328950111530626,16738.251498487854,not computed,,
cheat-leaked-future,138991c3d0a0,3fd443c,BTC-USD,4h,2025-10-01 00:00:00,2026-07-26,484,holdout,short,2025-11-20 20:00:00,86921.27,86877.80936500001,2025-11-21 04:00:00,83132.07222214287,83173.63825825394,target,3,1872.8685714285707,89687.11222214287,83132.07222214287,0.04816607261632653,4184.562874621964,16738.251498487854,182.51077532588968,8.190710374733097,4.095400815059833,12.28611118979293,170.22466413609675,0.010169799644334116,0.010903813659531752,16908.476162623952,not computed,,
cheat-leaked-future,138991c3d0a0,3fd443c,BTC-USD,4h,2025-10-01 00:00:00,2026-07-26,485,holdout,short,2025-11-21 08:00:00,84049.38,84007.35531000001,2025-11-23 16:00:00,87262.50423857145,87306.13549069072,stop,15,2170.0992857142846,87262.50423857145,79667.15673857144,0.05031843967777906,4227.119040655988,16908.476162623952,-161.67939817576695,8.620227552844316,4.310073356571564,12.93030090941588,-174.60969908518283,-0.010326755492677461,-0.009562032475354457,16733.86646353877,not computed,,
cheat-leaked-future,138991c3d0a0,3fd443c,BTC-USD,4h,2025-10-01 00:00:00,2026-07-26,486,holdout,short,2025-11-23 20:00:00,87325.01,87281.347495,2025-11-26 16:00:00,89677.64356642857,89722.48238821178,stop,18,1597.5307142857127,89677.64356642857,84086.28606642857,0.0479308206845036,4183.466615884692,16733.86646353877,-112.76365760883209,8.483938830602604,4.24194122438675,12.725880054989354,-125.48953766382144,-0.007499135835537421,-0.0067386493046619885,16608.37692587495,not computed,,
cheat-leaked-future,138991c3d0a0,3fd443c,BTC-USD,4h,2025-10-01 00:00:00,2026-07-26,487,holdout,long,2025-11-26 20:00:00,89957.37,90002.34868499999,2025-11-28 12:00:00,92998.48725642856,92951.98801280036,target,11,1498.0692857142858,87755.24475642855,92998.48725642856,0.0461331764352138,4152.094231468737,16608.37692587495,140.29639895099237,8.440264694467134,4.220167421332604,12.660432115799738,127.63596683519263,0.00768503553386621,0.008447327488841984,16736.012892710143,not computed,,
cheat-leaked-future,138991c3d0a0,3fd443c,BTC-USD,4h,2025-10-01 00:00:00,2026-07-26,488,holdout,short,2025-11-28 16:00:00,92362.5,92316.31875,2025-12-01 00:00:00,89823.85303571429,89868.76496223213,target,15,1246.2328571428568,94185.66803571429,89823.85303571429,0.045322466058337445,4184.003223177536,16736.012892710143,115.05774087294057,8.257077272883008,4.128567400875923,12.38564467375893,102.67209619918164,0.006134800257228737,0.006874859717815903,16838.684988909325,not computed,,
cheat-leaked-future,138991c3d0a0,3fd443c,BTC-USD,4h,2025-10-01 00:00:00,2026-07-26,489,holdout,long,2025-12-01 04:00:00,86346.13,86389.303065,2025-12-01 12:00:00,84972.72235071429,84930.23598953894,stop,3,944.3871428571427,84972.72235071429,88278.07735071429,0.048729079849850636,4209.671247227331,16838.684988909325,-66.92489100843916,8.348243498428234,4.174105017990968,12.522348516419202,-79.44723952485836,-0.004718138000514036,-0.003974472534673506,16759.237749384465,not computed,,
cheat-leaked-future,138991c3d0a0,3fd443c,BTC-USD,4h,2025-10-01 00:00:00,2026-07-26,490,holdout,long,2025-12-01 16:00:00,84677.87,84720.20893499999,2025-12-02 00:00:00,87022.90322071427,86979.39176910392,target,3,1151.347142857143,82993.18822071428,87022.90322071427,0.0494546636512744,4189.809437346116,16759.237749384465,115.97282918148935,8.491346001879576,4.24570199414633,12.737047996025906,103.23578118546344,0.006159932971250741,0.006919934600590579,16862.47353056993,not computed,,
cheat-leaked-future,138991c3d0a0,3fd443c,BTC-USD,4h,2025-10-01 00:00:00,2026-07-26,491,holdout,long,2025-12-02 04:00:00,86977.0,87020.48849999999,2025-12-02 12:00:00,89693.26278571428,89648.41615432143,target,3,1336.3871428571426,85015.90778571428,89693.26278571428,0.048443975152385896,4215.618382642482,16862.47353056993,131.58656689849306,8.558544027273179,4.279304910277645,12.837848937550824,118.74871796094223,0.007042188546399378,0.007803515104705141,16981.22224853087,not computed,,
cheat-leaked-future,138991c3d0a0,3fd443c,BTC-USD,4h,2025-10-01 00:00:00,2026-07-26,492,holdout,long,2025-12-02 16:00:00,90850.01,90895.43500499999,2025-12-05 16:00:00,88422.99571928571,88378.78422142607,stop,19,1648.2928571428565,88422.99571928571,94192.0207192857,0.046705377029101526,4245.305562132718,16981.22224853087,-113.35461703577427,8.37307000056803,4.186506661629338,12.559576662197367,-125.91419369797164,-0.007414907587636402,-0.006675292000585007,16855.308054832898,not computed,,
cheat-leaked-future,138991c3d0a0,3fd443c,BTC-USD,4h,2025-10-01 00:00:00,2026-07-26,493,holdout,short,2025-12-05 20:00:00,89629.27,89584.45536500002,2025-12-07 16:00:00,91693.58607928573,91739.43287232537,stop,12,1406.087142857142,91693.58607928573,86772.28107928573,0.04703747984557749,4213.8270137082245,16855.308054832898,-97.10022597430375,8.529018738484938,4.264485094185446,12.793503832670384,-109.89372980697414,-0.006519829210446525,-0.005760809927556462,16745.414325025922,not computed,,
cheat-leaked-future,138991c3d0a0,3fd443c,BTC-USD,4h,2025-10-01 00:00:00,2026-07-26,494,holdout,short,2025-12-07 20:00:00,91425.51,91379.797245,2025-12-07 20:00:00,89207.28867357143,89251.8923179082,target,1,1086.2542857142835,93009.17867357141,89207.28867357143,0.04581268187794698,4186.3535812564805,16745.414325025922,101.62266796254954,8.27522213102159,4.13763647117743,12.41285860219902,89.20980936035052,0.005327417263544623,0.006068686387214383,16834.62413438627,not computed,,
cheat-leaked-future,138991c3d0a0,3fd443c,BTC-USD,4h,2025-10-01 00:00:00,2026-07-26,495,holdout,long,2025-12-08 00:00:00,90395.32,90440.51766,2025-12-09 12:00:00,92743.18337428571,92696.81178259857,target,10,1151.3328571428542,88713.51837428572,92743.18337428571,0.04653507236013943,4208.656033596568,16834.62413438627,109.25799201410643,8.522308877454018,4.261181753224648,12.783490630678665,96.47450138342776,0.005730719059320707,0.006490076115862719,16931.0986357697,not computed,,
cheat-leaked-future,138991c3d0a0,3fd443c,BTC-USD,4h,2025-10-01 00:00:00,2026-07-26,496,holdout,long,2025-12-09 16:00:00,92707.5,92753.85375,2025-12-11 00:00:00,90464.37482142857,90419.14263401786,stop,9,1526.3192857142847,90464.37482142857,95806.49232142857,0.04563448835615011,4232.774658942425,16931.0986357697,-102.3638698429049,8.359005970647587,4.1794773943561125,12.5384833650037,-114.9023532079086,-0.006786467652202952,-0.0060459083042989645,16816.196282561792,not computed,,
cheat-leaked-future,138991c3d0a0,3fd443c,BTC-USD,4h,2025-10-01 00:00:00,2026-07-26,497,holdout,long,2025-12-11 04:00:00,89880.0,89924.93999999999,2025-12-11 20:00:00,92872.2757142857,92825.83957642857,target,5,1473.6678571428586,87714.4382142857,92872.2757142857,0.046750646379529956,4204.049070640448,16816.196282561792,139.89082378862622,8.543717071561037,4.271893508485476,12.815610580046513,127.07521320857971,0.00755671562542091,0.00831881487573331,16943.271495770372,not computed,,
cheat-leaked-future,138991c3d0a0,3fd443c,BTC-USD,4h,2025-10-01 00:00:00,2026-07-26,498,holdout,short,2025-12-12 00:00:00,92513.38,92467.12331000001,2025-12-14 08:00:00,89407.60331,89452.307111655,target,15,1529.760000000001,94761.76331000001,89407.60331,0.04580890723443219,4235.817873942593,16943.271495770372,142.2722362830718,8.333530312326337,4.166800724221645,12.500331036547982,129.77190524652383,0.007659200012165266,0.008396975537964311,17073.043401016897,not computed,,
cheat-leaked-future,138991c3d0a0,3fd443c,BTC-USD,4h,2025-10-01 00:00:00,2026-07-26,499,holdout,short,2025-12-14 12:00:00,89360.01,89315.329995,2025-12-14 20:00:00,87855.35713785714,87899.28481642606,target,3,729.9864285714274,90410.30963785714,87855.35713785714,0.047788670214767924,4268.260850254224,17073.043401016897,71.90535941665175,8.468850784460367,4.234443368570155,12.703294153030521,59.20206526362123,0.003467575397840028,0.004211631033068712,17132.245466280518,not computed,,
cheat-leaked-future,138991c3d0a0,3fd443c,BTC-USD,4h,2025-10-01 00:00:00,2026-07-26,500,holdout,long,2025-12-15 00:00:00,88172.16,88216.24608,2025-12-15 00:00:00,89505.9817942857,89461.22880338857,target,1,644.8678571428567,87248.94429428571,89505.9817942857,0.048551843417662346,4283.061366570129,17132.245466280518,64.75950690322479,8.626568939383917,4.313300659567936,12.939869598951853,51.81963730427294,0.0030246844995458263,0.0037799777636086107,17184.06510358479,not computed,,
cheat-leaked-future,138991c3d0a0,3fd443c,BTC-USD,4h,2025-10-01 00:00:00,2026-07-26,501,holdout,long,2025-12-15 04:00:00,89282.6,89327.2413,2025-12-15 12:00:00,88275.05344285714,88230.91591613572,stop,3,701.4585714285713,88275.05344285714,90730.15844285714,0.048093014106058575,4296.016275896198,17184.06510358479,-48.45595078518255,8.539306959641381,4.2696413658318875,12.808948325473269,-61.26489911065582,-0.0035652157240649227,-0.00281981885503181,17122.800204474137,not computed,,
cheat-leaked-future,138991c3d0a0,3fd443c,BTC-USD,4h,2025-10-01 00:00:00,2026-07-26,502,holdout,short,2025-12-15 16:00:00,87033.21,86989.69339500001,2025-12-17 12:00:00,88397.3726807143,88441.57136705465,stop,12,938.4528571428548,88397.3726807143,85112.7876807143,0.04920927852545552,4280.700051118534,17122.800204474137,-67.12946130930152,8.63284596974888,4.316406202509015,12.949252172257895,-80.07871348155942,-0.004676730004747418,-0.00392047214869451,17042.72149099258,not computed,,
cheat-leaked-future,138991c3d0a0,3fd443c,BTC-USD,4h,2025-10-01 00:00:00,2026-07-26,503,holdout,short,2025-12-17 16:00:00,87233.44,87189.82328000001,2025-12-18 12:00:00,89403.88220857143,89448.58414967572,stop,6,1476.039285714285,89403.88220857143,84237.74470857144,0.04886671646374903,4260.680372748145,17042.72149099258,-106.06238400721341,8.631738972474144,4.315842970640631,12.947581943114775,-119.00996595032818,-0.006983037657056553,-0.006223324371243731,16923.71152504225,not computed,,
cheat-leaked-future,138991c3d0a0,3fd443c,BTC-USD,4h,2025-10-01 00:00:00,2026-07-26,504,holdout,short,2025-12-18 16:00:00,88513.43,88469.173285,2025-12-18 16:00:00,85701.17471357142,85744.0253009282,target,1,1383.999285714286,90545.17221357142,85701.17471357142,0.04782375288656528,4230.927881260563,16923.71152504225,134.49260187209669,8.331528958751555,4.165798102525656,12.497327061277211,121.99527481081947,0.007208541378780971,0.007946992104721598,17045.70679985307,not computed,,
cheat-leaked-future,138991c3d0a0,3fd443c,BTC-USD,4h,2025-10-01 00:00:00,2026-07-26,505,holdout,long,2025-12-18 20:00:00,84483.8,84526.0419,2025-12-19 04:00:00,87673.07904285713,87629.24250333571,target,3,1573.5185714285722,82165.76404285713,87673.07904285713,0.05041554773148874,4261.426699963267,17045.70679985307,160.78924981420045,8.67930295806439,4.339691676343904,13.018994634408294,147.77025517979214,0.008669060011114699,0.009432829726696132,17193.47705503286,not computed,,
cheat-leaked-future,138991c3d0a0,3fd443c,BTC-USD,4h,2025-10-01 00:00:00,2026-07-26,506,holdout,long,2025-12-19 08:00:00,87953.39,87997.36669499999,2026-01-04 00:00:00,91430.25669499999,91384.5415666525,target,95,1716.4450000000008,85422.699195,91430.25669499999,0.048846566950763635,4298.369263758215,17193.47705503286,169.8330017961973,8.76219039165855,4.381137654079055,13.143328045737604,156.6896737504597,0.009113320897740904,0.009877757782942684,17350.166728783322,not computed,,
cheat-leaked-future,138991c3d0a0,3fd443c,BTC-USD,4h,2025-10-01 00:00:00,2026-07-26,507,holdout,long,2026-01-04 04:00:00,91236.78,91282.39838999999,2026-01-05 00:00:00,93006.99410428571,92960.49060723357,target,6,862.2978571428581,89988.9516042857,93006.99410428571,0.04751783211987788,4337.541682195831,17350.166728783322,84.11673662368841,8.754822668651839,4.377432363509271,13.13225503216111,70.9844815915273,0.004091285271268692,0.004848180305042353,17421.15121037485,not computed,,
cheat-leaked-future,138991c3d0a0,3fd443c,BTC-USD,4h,2025-10-01 00:00:00,2026-07-26,508,holdout,short,2026-01-05 04:00:00,92878.22,92831.78089000001,2026-01-05 12:00:00,93896.44981857143,93943.39804348072,stop,3,709.779285714287,93896.44981857143,91412.22231857144,0.04691591350331265,4355.2878025937125,17421.15121037485,-47.771182094591026,8.762728139408926,4.38135212690846,13.144080266317387,-60.915262360908415,-0.003496626693913973,-0.0027421369298569528,17360.235948013942,not computed,,
cheat-leaked-future,138991c3d0a0,3fd443c,BTC-USD,4h,2025-10-01 00:00:00,2026-07-26,509,holdout,long,2026-01-05 16:00:00,93957.74,94004.71887,2026-01-06 16:00:00,92850.59744142857,92804.17214270786,stop,7,769.4142857142859,92850.59744142857,95543.54744142857,0.046168522593056135,4340.0589870034855,17360.235948013942,-51.11513622913911,8.624690505303965,4.312332473867556,12.937022979171521,-64.05215920831063,-0.0036895903604143333,-0.0029443802712247596,17296.183788805633,not computed,,
cheat-leaked-future,138991c3d0a0,3fd443c,BTC-USD,4h,2025-10-01 00:00:00,2026-07-26,510,holdout,long,2026-01-06 20:00:00,92104.49,92150.542245,2026-01-08 04:00:00,90584.98260214286,90539.6901108418,stop,9,1043.7064285714296,90584.98260214286,94237.95510214286,0.0469237167992468,4324.045947201408,17296.183788805633,-71.30093481140912,8.572504725054115,4.286234537292998,12.858739262347113,-84.15967407375624,-0.00486579439149032,-0.004122350668912077,17212.024114731877,not computed,,
cheat-leaked-future,138991c3d0a0,3fd443c,BTC-USD,4h,2025-10-01 00:00:00,2026-07-26,511,holdout,short,2026-01-08 08:00:00,90548.02,90502.74599000001,2026-01-12 00:00:00,92280.9927757143,92327.13327210215,stop,23,1185.4978571428594,92280.9927757143,88131.7502757143,0.04754558529261007,4303.006028682969,17212.024114731877,-82.39520491749535,8.69275361849388,4.346356210444824,13.039109828938704,-95.43431474643405,-0.005544630550729431,-0.004787072361057918,17116.589799985442,not computed,,
cheat-leaked-future,138991c3d0a0,3fd443c,BTC-USD,4h,2025-10-01 00:00:00,2026-07-26,512,holdout,short,2026-01-12 04:00:00,91808.12,91762.21594,2026-01-12 08:00:00,90821.65879714285,90867.06962654142,target,2,470.2785714285689,92467.63379714284,90821.65879714285,0.04663300037124584,4279.147449996361,17116.589799985442,46.001645639056754,8.516551541624889,4.25828727122348,12.774838812848369,33.22680682620839,0.0019412048319482802,0.0026875473547362735,17149.81660681165,not computed,,
cheat-leaked-future,138991c3d0a0,3fd443c,BTC-USD,4h,2025-10-01 00:00:00,2026-07-26,513,holdout,long,2026-01-12 12:00:00,90620.95,90666.26047499999,2026-01-12 16:00:00,91792.13190357141,91746.23583761964,target,2,562.9357142857126,89821.85690357142,91792.13190357141,0.04728830911566184,4287.454151702913,17149.81660681165,55.383211886754296,8.625978512190683,4.313003101897436,12.938981614088119,42.444230272666175,0.002474908697029912,0.003229376334249365,17192.26083708432,not computed,,
cheat-leaked-future,138991c3d0a0,3fd443c,BTC-USD,4h,2025-10-01 00:00:00,2026-07-26,514,holdout,short,2026-01-12 20:00:00,91861.27,91815.339365,2026-01-13 12:00:00,92914.72579357143,92961.1831564682,stop,5,732.9242857142838,92914.72579357143,90349.49079357144,0.0468120603702686,4298.06520927108,17192.26083708432,-49.314436206074795,8.649769727283267,4.32487253503205,12.974642262315317,-62.289078468390116,-0.003623088263879196,-0.0028684090285381082,17129.971758615928,not computed,,
cheat-leaked-future,138991c3d0a0,3fd443c,BTC-USD,4h,2025-10-01 00:00:00,2026-07-26,515,holdout,long,2026-01-13 16:00:00,93449.99,93496.714995,2026-01-13 20:00:00,95483.71213785715,95435.97028178822,target,2,993.4985714285701,92006.46713785715,95483.71213785715,0.0458036727801934,4282.492939653982,17129.971758615928,93.15194332824387,8.653810893901271,4.326928734936203,12.980739628837474,80.1712036994064,0.004680171387853128,0.005437950782457705,17210.142962315334,not computed,,
cheat-leaked-future,138991c3d0a0,3fd443c,BTC-USD,4h,2025-10-01 00:00:00,2026-07-26,516,holdout,long,2026-01-14 00:00:00,95413.99,95461.696995,2026-01-14 20:00:00,97862.626995,97813.6956815025,target,6,1200.4649999999997,93660.99949500001,97862.626995,0.0450708072034817,4302.535740578834,17210.142962315334,110.3620459129575,8.711077960499864,4.355566570761198,13.066644531261062,97.29540138169644,0.005653375546893597,0.006412616452670661,17307.43836369703,not computed,,
cheat-leaked-future,138991c3d0a0,3fd443c,BTC-USD,4h,2025-10-01 00:00:00,2026-07-26,517,holdout,short,2026-01-15 00:00:00,96951.78,96903.30411,2026-01-16 12:00:00,94421.25125285714,94468.46187848356,target,10,1241.0264285714281,98764.84375285714,94421.25125285714,0.044651311228899,4326.859590924258,17307.43836369703,112.99142666235171,8.545000283575808,4.272528389644407,12.817528673220215,100.1738979891315,0.005787910139217934,0.006528489328574197,17407.61226168616,not computed,,
cheat-leaked-future,138991c3d0a0,3fd443c,BTC-USD,4h,2025-10-01 00:00:00,2026-07-26,518,holdout,long,2026-01-16 16:00:00,94585.99,94633.282995,2026-01-19 00:00:00,92877.61335214286,92831.17454546678,stop,15,1170.4464285714275,92877.61335214286,96974.17585214286,0.04598702409649547,4351.90306542154,17407.61226168616,-78.56315807089686,8.6209325261499,4.310446622285326,12.931379148435227,-91.49453721933209,-0.005256007305534367,-0.004513149585932181,17316.11772446683,not computed,,
cheat-leaked-future,138991c3d0a0,3fd443c,BTC-USD,4h,2025-10-01 00:00:00,2026-07-26,519,holdout,long,2026-01-19 04:00:00,92690.08,92736.42504,2026-01-20 04:00:00,91818.14004,91772.23096998001,stop,7,612.1900000000003,91818.14004,93960.80504,0.046681004031042465,4329.029431116707,17316.11772446683,-40.70303278758716,8.613049314964105,4.306514481723326,12.91956379668743,-53.62259658427459,-0.0030966869963299265,-0.0023505865134005044,17262.495127882554,not computed,,
cheat-leaked-future,138991c3d0a0,3fd443c,BTC-USD,4h,2025-10-01 00:00:00,2026-07-26,520,holdout,long,2026-01-20 08:00:00,91177.99,91223.578995,2026-01-20 12:00:00,90032.21792357143,89987.20181460965,stop,2,794.240714285715,90032.21792357143,92812.06042357143,0.047308205066227224,4315.623781970638,17262.495127882554,-54.20442035084009,8.572756778752165,4.286364838270444,12.859121617022609,-67.0635419678627,-0.0038849274957674573,-0.003140010754487546,17195.431585914692,not computed,,
cheat-leaked-future,138991c3d0a0,3fd443c,BTC-USD,4h,2025-10-01 00:00:00,2026-07-26,521,holdout,short,2026-01-20 16:00:00,90684.95,90639.607525,2026-01-20 20:00:00,88814.47895357142,88858.88619304821,target,2,912.5642857142874,92008.45395357143,88814.47895357142,0.047428028583342795,4298.857896478673,17195.431585914692,88.71275425432954,8.513259690726569,4.256652023551766,12.769911714278335,75.9428425400512,0.004416454577520364,0.005159088552740769,17271.374428454743,not computed,,
cheat-leaked-future,138991c3d0a0,3fd443c,BTC-USD,4h,2025-10-01 00:00:00,2026-07-26,522,holdout,long,2026-01-21 00:00:00,88427.66,88471.87383,2026-01-23 16:00:00,90711.29383,90665.938183085,target,17,1119.7100000000023,86792.30883,90711.29383,0.048804703915398984,4317.843607113686,17271.374428454743,111.45207292433817,8.742767875351015,4.371411800693011,13.114179676044026,98.33789324829414,0.005693692395799236,0.006452993847479787,17369.71232170304,not computed,,
cheat-leaked-future,138991c3d0a0,3fd443c,BTC-USD,4h,2025-10-01 00:00:00,2026-07-26,523,holdout,short,2026-01-23 20:00:00,89982.79,89937.798605,2026-01-25 16:00:00,87481.18431928572,87524.92491144536,target,12,1228.307142857144,91780.25931928572,87481.18431928572,0.048282570262781,4342.42808042576,17369.71232170304,120.78395204885904,8.568356417207251,4.284208404590842,12.852564821798094,107.93138722706094,0.006213769418172992,0.0069537105630668615,17477.6437089301,not computed,,
cheat-leaked-future,138991c3d0a0,3fd443c,BTC-USD,4h,2025-10-01 00:00:00,2026-07-26,524,holdout,long,2026-01-25 20:00:00,86495.17,86538.41758499999,2026-01-26 04:00:00,88015.79472785714,87971.78683049322,target,3,738.6885714285725,85430.38472785713,88015.79472785714,0.05049099635940062,4369.410927232525,17477.6437089301,76.77785759824937,8.811194095820925,4.40561624237381,13.216810338194735,63.561047260054636,0.0036367057435538917,0.004392918111668575,17541.204756190153,not computed,,
cheat-leaked-future,138991c3d0a0,3fd443c,BTC-USD,4h,2025-10-01 00:00:00,2026-07-26,525,holdout,short,2026-01-26 08:00:00,88000.64,87956.63968000001,2026-01-27 04:00:00,88984.76753714286,89029.25992091143,stop,6,685.4185714285704,88984.76753714286,86585.80253714287,0.049857534405611095,4385.301189047538,17541.204756190153,-49.06617254260964,8.824080578660473,4.412028022786309,13.236108601446782,-62.30228114405642,-0.003551767510271519,-0.0027971951313831268,17478.902475046096,not computed,,
cheat-leaked-future,138991c3d0a0,3fd443c,BTC-USD,4h,2025-10-01 00:00:00,2026-07-26,526,holdout,short,2026-01-27 08:00:00,88320.41,88276.24979500001,2026-01-28 08:00:00,89785.88836642858,89830.7813106118,stop,7,1006.4257142857126,89785.88836642858,86263.39836642859,0.049500580608138,4369.725618761524,17478.902475046096,-72.54203000688025,8.81640145011948,4.408182589551927,13.224584039671408,-85.76661404655167,-0.004906864957281906,-0.004150262301105319,17393.135860999544,not computed,,
cheat-leaked-future,138991c3d0a0,3fd443c,BTC-USD,4h,2025-10-01 00:00:00,2026-07-26,527,holdout,short,2026-01-28 12:00:00,90079.99,90034.950005,2026-01-29 00:00:00,88055.70429071429,88099.73214285965,target,4,989.6228571428562,91519.3842907143,88055.70429071429,0.048295511520897255,4348.283965249886,17393.135860999544,97.76391379439596,8.603105593943326,4.301577237950141,12.904682831893467,84.8592309625025,0.004878891974435817,0.005620833101960126,17477.995091962046,not computed,,
cheat-leaked-future,138991c3d0a0,3fd443c,BTC-USD,4h,2025-10-01 00:00:00,2026-07-26,528,holdout,long,2026-01-29 04:00:00,88053.71,88097.736855,2026-01-29 12:00:00,86490.34114071428,86447.09597014393,stop,3,1071.597142857143,86490.34114071428,90240.93114071428,0.049598308980198506,4369.4987729905115,17477.995091962046,-77.54045173287369,8.657128549358582,4.328544889565819,12.985673438924401,-90.5261251717981,-0.005179434179692049,-0.004436461466254431,17387.46896679025,not computed,,
cheat-leaked-future,138991c3d0a0,3fd443c,BTC-USD,4h,2025-10-01 00:00:00,2026-07-26,529,holdout,short,2026-01-29 16:00:00,84934.02,84891.55299000001,2026-01-30 00:00:00,82385.16584714287,82426.35843006644,target,3,1253.193571428573,86771.34334714287,82385.16584714287,0.05120494429180264,4346.867241697562,17387.46896679025,130.5139349049795,8.567504333285271,4.283784795125911,12.851289128411182,117.66264577656831,0.006767094509344738,0.007506206633884365,17505.131612566816,not computed,,
cheat-leaked-future,138991c3d0a0,3fd443c,BTC-USD,4h,2025-10-01 00:00:00,2026-07-26,530,holdout,long,2026-01-30 04:00:00,82676.42,82717.75821,2026-01-31 16:00:00,80439.38999571429,80399.17030071643,stop,10,1518.9121428571452,80439.38999571429,85755.58249571429,0.052906207782268476,4376.282903141704,17505.131612566816,-118.35277422190885,8.629898112593397,4.314919468103028,12.944817580696425,-131.29759180260527,-0.007500520116532435,-0.006761033098256981,17373.83402076421,not computed,,
cheat-leaked-future,138991c3d0a0,3fd443c,BTC-USD,4h,2025-10-01 00:00:00,2026-07-26,531,holdout,long,2026-01-31 20:00:00,77750.01,77788.88500499999,2026-02-02 00:00:00,74655.90893357141,74618.58097910463,stop,8,2088.6507142857176,74655.90893357141,81966.18643357142,0.05545472938400725,4313.761567035934,17373.83402076421,-171.58253732556548,8.451714782250813,4.225814495490141,12.677529277740954,-184.26006660330643,-0.010605607627141444,-0.009875916687157243,17189.573954160904,not computed,,
cheat-leaked-future,138991c3d0a0,3fd443c,BTC-USD,4h,2025-10-01 00:00:00,2026-07-26,532,holdout,long,2026-02-02 04:00:00,76292.98,76331.12649,2026-02-03 16:00:00,73469.15863285713,73432.4240535407,stop,10,1907.9785714285733,73469.15863285713,80147.08363285715,0.05629935893980577,4297.393488540226,17189.573954160904,-158.97933273066934,8.43159188815054,4.2157561992420085,12.64734808739255,-171.62668081806189,-0.009984347562989947,-0.009248590637244203,17017.94727334284,not computed,,
cheat-leaked-future,138991c3d0a0,3fd443c,BTC-USD,4h,2025-10-01 00:00:00,2026-07-26,533,holdout,long,2026-02-03 20:00:00,74935.0,74972.4675,2026-02-04 20:00:00,72107.42142857143,72071.36771785714,stop,7,1910.0307142857148,72107.42142857143,78792.52892857142,0.05674732285336227,4254.48681833571,17017.94727334284,-160.45751408610616,8.344343990704342,4.172131880973723,12.516475871678065,-172.97398995778423,-0.010164210006028941,-0.009428723189044612,16844.973283385058,not computed,,
cheat-leaked-future,138991c3d0a0,3fd443c,BTC-USD,4h,2025-10-01 00:00:00,2026-07-26,534,holdout,short,2026-02-05 00:00:00,73165.84,73129.25708,2026-02-05 12:00:00,69593.88850857143,69628.68545282571,target,4,1767.684285714287,75780.78350857143,69593.88850857143,0.05758629977929847,4211.243320846264,16844.973283385058,205.69546938251779,8.220901674571163,4.110502261152732,12.331403935723895,193.3640654467939,0.011479036635666108,0.012211089084089218,17038.33734883185,not computed,,
cheat-leaked-future,138991c3d0a0,3fd443c,BTC-USD,4h,2025-10-01 00:00:00,2026-07-26,535,holdout,short,2026-02-05 16:00:00,67489.08,67455.33546,2026-02-05 20:00:00,63176.08260285714,63207.67064415856,target,2,2139.62642857143,70664.77510285715,63176.08260285714,0.05308819995026846,3581.0823366129143,17038.33734883185,228.9692682045077,6.936663794160718,3.4683891393971464,10.405052933557865,218.56421527094983,0.01282779010628843,0.013438474865049309,17256.9015641028,not computed,,
cheat-leaked-future,138991c3d0a0,3fd443c,BTC-USD,4h,2025-10-01 00:00:00,2026-07-26,536,holdout,long,2026-02-06 00:00:00,62909.87,62941.324935,2026-02-06 12:00:00,67834.744935,67800.8275625325,target,4,2446.7100000000014,59271.259934999995,67834.744935,0.047020697355776506,2959.544990940224,17256.9015641028,231.57105383368415,6.147587184229255,3.0738514848773946,9.22143866910665,222.3496151645775,0.012884677723786831,0.013419040085121079,17479.25117926738,not computed,,
cheat-leaked-future,138991c3d0a0,3fd443c,BTC-USD,4h,2025-10-01 00:00:00,2026-07-26,537,holdout,long,2026-02-06 16:00:00,68625.99,68660.302995,2026-02-23 00:00:00,64512.13013785715,64479.874072788225,stop,99,2765.448571428572,64512.13013785715,74191.20013785714,0.042137229525450876,2893.154946587317,17479.25117926738,-173.3466572466531,5.610158200164564,2.8050357634179193,8.415193963582484,-181.7618512102356,-0.010398720708689645,-0.009917281665490588,17297.489328057145,not computed,,
cheat-leaked-future,138991c3d0a0,3fd443c,BTC-USD,4h,2025-10-01 00:00:00,2026-07-26,538,holdout,long,2026-02-23 04:00:00,64934.18,64966.64709,2026-02-23 08:00:00,66460.53137571429,66427.30111002643,target,2,746.9421428571414,63846.233875714286,66460.53137571429,0.06656296000659569,4324.372332014286,17297.489328057145,101.59846557768235,8.745970119147065,4.373010459189999,13.118980578337064,88.47948499934529,0.0051151634391141615,0.005873596083848192,17385.96881305649,not computed,,
cheat-leaked-future,138991c3d0a0,3fd443c,BTC-USD,4h,2025-10-01 00:00:00,2026-07-26,539,holdout,short,2026-02-23 12:00:00,66207.23,66174.126385,2026-02-23 16:00:00,64525.20495642857,64557.46755890678,target,2,824.4607142857136,67410.81745642857,64525.20495642857,0.06568265333759453,4346.4922032641225,17385.96881305649,110.47986784205432,8.586797965288802,4.293426602610921,12.880224567899724,97.5996432741546,0.005613701734059212,0.00635454193148479,17483.568456330646,not computed,,
cheat-leaked-future,138991c3d0a0,3fd443c,BTC-USD,4h,2025-10-01 00:00:00,2026-07-26,540,holdout,long,2026-02-23 20:00:00,64295.11,64327.257555,2026-02-24 04:00:00,62895.597555,62864.149756222505,stop,3,954.4399999999997,62895.597555,66236.137555,0.06794774532935025,4370.8921140826615,17483.568456330646,-95.09371519811631,8.642369352064605,4.321160902602912,12.963530254667518,-108.05724545278383,-0.006180502894628313,-0.0054390335380123,17375.511210877863,not computed,,
cheat-leaked-future,138991c3d0a0,3fd443c,BTC-USD,4h,2025-10-01 00:00:00,2026-07-26,541,holdout,long,2026-02-24 08:00:00,63192.79,63224.386394999994,2026-02-25 00:00:00,65377.93925214285,65345.25028251678,target,5,1076.7764285714277,61609.221752142854,65377.93925214285,0.06870573287308321,4343.877802719466,17375.511210877863,150.13228080554433,8.833471113154829,4.416773089647023,13.250244202801852,136.88203660274246,0.007877871041690448,0.008640452587752047,17512.393247480606,not computed,,
cheat-leaked-future,138991c3d0a0,3fd443c,BTC-USD,4h,2025-10-01 00:00:00,2026-07-26,542,holdout,short,2026-02-25 04:00:00,65391.74,65359.04413,2026-02-25 12:00:00,67379.17020142857,67412.85978652928,stop,3,1346.7507142857144,67379.17020142857,62665.542701428574,0.06698534793688317,4378.0983118701515,17512.393247480606,-133.12870354296265,8.893772180091135,4.446852807869391,13.340624987960526,-146.46932853092318,-0.008363752826986955,-0.007601970882084607,17365.923918949684,not computed,,
cheat-leaked-future,138991c3d0a0,3fd443c,BTC-USD,4h,2025-10-01 00:00:00,2026-07-26,543,holdout,long,2026-02-25 16:00:00,67412.32,67446.02616000001,2026-02-25 20:00:00,69962.35330285715,69927.37212620574,target,2,1258.1635714285705,65558.78080285716,69962.35330285715,0.06436970755605774,4341.480979737421,17365.923918949684,164.14489796312262,8.842685473664908,4.421383773056334,13.264069246721242,150.88082871640137,0.008688327175714522,0.009452125825796565,17516.804747666087,not computed,,
cheat-leaked-future,138991c3d0a0,3fd443c,BTC-USD,4h,2025-10-01 00:00:00,2026-07-26,544,holdout,long,2026-02-26 00:00:00,67988.04,68022.03401999999,2026-02-27 12:00:00,65864.91402,65831.98156299,stop,10,1438.0799999999997,65864.91402,70898.19402,0.06437915669544576,4379.201186916522,17516.804747666087,-136.68506015059165,8.617408643531952,4.308670150500831,12.926078794032783,-149.61113894462443,-0.008541006256552491,-0.007803081790290742,17367.193608721464,not computed,,
cheat-leaked-future,138991c3d0a0,3fd443c,BTC-USD,4h,2025-10-01 00:00:00,2026-07-26,545,holdout,short,2026-02-27 16:00:00,66095.4,66062.3523,2026-02-28 04:00:00,63409.89658571428,63441.60153400714,target,4,1326.2278571428562,68051.69408571428,63409.89658571428,0.06572273391755028,4341.798402180366,17367.193608721464,176.49862633177258,8.511353899103167,4.255721074207798,12.767074973310965,163.73155135846162,0.009427634368988599,0.010162760334700158,17530.925160079925,not computed,,
cheat-leaked-future,138991c3d0a0,3fd443c,BTC-USD,4h,2025-10-01 00:00:00,2026-07-26,546,holdout,long,2026-02-28 08:00:00,63825.99,63857.902995,2026-02-28 16:00:00,66169.47870928572,66136.39396993107,target,3,1155.7878571428566,62124.22120928571,66169.47870928572,0.06863255892325723,4382.731290019981,17530.925160079925,160.83962692604,8.921841246133031,4.460960832973171,13.382802079106202,147.4568248469338,0.00841124033674567,0.009174622871147248,17678.38198492686,not computed,,
cheat-leaked-future,138991c3d0a0,3fd443c,BTC-USD,4h,2025-10-01 00:00:00,2026-07-26,547,holdout,long,2026-02-28 20:00:00,66362.01,66395.19100499999,2026-03-02 12:00:00,68922.22957642855,68887.76846164034,target,11,1263.5192857142854,64499.91207642856,68922.22957642855,0.06656499408065399,4419.595496231715,17678.38198492686,170.42100095014135,9.005109396110267,4.502597303304469,13.507706699414737,156.9132942507266,0.00887599862841044,0.0096400791144488,17835.295279177586,not computed,,
cheat-leaked-future,138991c3d0a0,3fd443c,BTC-USD,4h,2025-10-01 00:00:00,2026-07-26,548,holdout,short,2026-03-02 16:00:00,69130.2,69095.6349,2026-03-04 08:00:00,71494.72204285715,71530.46940387857,stop,11,1599.3914285714288,71494.72204285715,65896.85204285715,0.06453119399289863,4458.8238197943965,17835.295279177586,-152.5854306480996,9.074770417299183,4.537347062291019,13.612117479590202,-166.1975481276898,-0.009318463503193172,-0.008555251161231996,17669.097731049897,not computed,,
cheat-leaked-future,138991c3d0a0,3fd443c,BTC-USD,4h,2025-10-01 00:00:00,2026-07-26,549,holdout,long,2026-03-04 12:00:00,71111.4,71146.95569999999,2026-03-06 12:00:00,68568.91855714285,68534.63409786428,stop,13,1718.6914285714286,68568.91855714285,74584.33855714285,0.0620866260446682,4417.274432762474,17669.097731049897,-157.85409456817973,8.672358631104741,4.336139852028452,13.008498483133193,-170.86259305131293,-0.00967013684864373,-0.008933908056367972,17498.235137998585,not computed,,
cheat-leaked-future,138991c3d0a0,3fd443c,BTC-USD,4h,2025-10-01 00:00:00,2026-07-26,550,holdout,short,2026-03-06 16:00:00,68504.71,68470.45764500002,2026-03-10 08:00:00,70780.76514500001,70816.15552757251,stop,23,1540.2050000000006,70780.76514500001,65390.04764500001,0.06388972609443475,4374.558784499646,17498.235137998585,-145.41653978987932,8.898983564217145,4.449455427972907,13.348438992190053,-158.76497878206936,-0.009073199527265503,-0.008310354652515648,17339.470159216515,not computed,,
cheat-leaked-future,138991c3d0a0,3fd443c,BTC-USD,4h,2025-10-01 00:00:00,2026-07-26,551,holdout,long,2026-03-10 12:00:00,70580.95,70616.240475,2026-03-13 12:00:00,73160.81476071429,73124.23435333393,target,19,1272.2871428571432,68707.80976071428,73160.81476071429,0.061386269088323744,4334.867539804129,17339.470159216515,158.36827241269148,8.823691466695532,4.411885325416108,13.23557679211164,145.13269562057985,0.008370076725985593,0.009133397442857467,17484.602854837096,not computed,,
cheat-leaked-future,138991c3d0a0,3fd443c,BTC-USD,4h,2025-10-01 00:00:00,2026-07-26,552,holdout,short,2026-03-13 16:00:00,71831.46,71795.54427000001,2026-03-16 00:00:00,73514.06319857144,73550.82023017072,stop,15,1145.6792857142843,73514.06319857144,69504.18569857144,0.0608833146702082,4371.150713709274,17484.602854837096,-102.44246000372357,8.849168446034673,4.424558612401455,13.273727058436128,-115.71618706215969,-0.0066181764620491185,-0.0058590098302051495,17368.886667774936,not computed,,
cheat-leaked-future,138991c3d0a0,3fd443c,BTC-USD,4h,2025-10-01 00:00:00,2026-07-26,553,holdout,short,2026-03-16 04:00:00,73573.31,73536.52334500001,2026-03-16 20:00:00,74726.66513071429,74764.02846327964,stop,5,793.4278571428544,74726.66513071429,71949.6676307143,0.05904850364725566,4342.221666943734,17368.886667774936,-68.10389464256387,8.756925674341229,4.378445811195888,13.135371485537117,-81.239266128101,-0.004677286902840288,-0.003921028212413825,17287.647401646835,not computed,,
cheat-leaked-future,138991c3d0a0,3fd443c,BTC-USD,4h,2025-10-01 00:00:00,2026-07-26,554,holdout,short,2026-03-17 00:00:00,74884.67,74847.227665,2026-03-18 08:00:00,72920.84337928571,72957.30380097535,target,9,963.192142857141,76292.01587928571,72920.84337928571,0.057743112006174116,4321.911850411709,17287.647401646835,113.39746052061153,8.5346936154599,4.267375157094918,12.802068772554819,100.59539174805671,0.005818917369778951,0.006559450102493946,17388.242793394893,not computed,,
cheat-leaked-future,138991c3d0a0,3fd443c,BTC-USD,4h,2025-10-01 00:00:00,2026-07-26,555,holdout,short,2026-03-18 12:00:00,72952.85,72916.373575,2026-03-18 20:00:00,70607.49500357143,70642.7987510732,target,3,1154.4392857142864,74648.03250357143,70607.49500357143,0.059617072067872964,4347.060698348723,17388.242793394893,139.82319784682844,8.5585775225677,4.279323717082832,12.837901239650533,126.9852966071779,0.00730294015996916,0.008041249452759065,17515.22809000207,not computed,,
cheat-leaked-future,138991c3d0a0,3fd443c,BTC-USD,4h,2025-10-01 00:00:00,2026-07-26,556,holdout,short,2026-03-19 00:00:00,71246.55,71210.92672500001,2026-03-19 12:00:00,68815.24243928572,68849.65006050536,target,4,1197.8421428571423,73007.68993928573,68815.24243928572,0.06149066195150709,4378.807022500518,17515.22809000207,149.5027113160252,8.61241757985061,4.306246165602261,12.918663745452871,136.58404757057232,0.007798017066562573,0.00853558460944984,17651.812137572644,not computed,,
cheat-leaked-future,138991c3d0a0,3fd443c,BTC-USD,4h,2025-10-01 00:00:00,2026-07-26,557,holdout,long,2026-03-19 16:00:00,69412.52,69447.22626,2026-03-22 20:00:00,67700.66911714285,67666.81878258429,stop,20,1164.3714285714273,67700.66911714285,71775.96911714286,0.06354397824143079,4412.953034393161,17651.812137572644,-108.77781525284885,8.712771894780538,4.356358752935407,13.069130647715944,-121.8469459005648,-0.0069028009674546855,-0.006162416323325273,17529.96519167208,not computed,,
cheat-leaked-future,138991c3d0a0,3fd443c,BTC-USD,4h,2025-10-01 00:00:00,2026-07-26,558,holdout,long,2026-03-23 00:00:00,67859.0,67892.9295,2026-03-23 08:00:00,69533.6695,69498.90266525,target,3,820.3699999999995,66662.3745,69533.6695,0.06455003974924989,4382.49129791802,17529.96519167208,108.09998279185666,8.868648227489157,4.434351138740183,13.30299936622934,94.79698342562732,0.005407710876155208,0.0061665828545519,17624.762175097705,not computed,,
cheat-leaked-future,138991c3d0a0,3fd443c,BTC-USD,4h,2025-10-01 00:00:00,2026-07-26,559,holdout,long,2026-03-23 12:00:00,70122.15,70157.21107499998,2026-03-26 16:00:00,68522.7092892857,68488.44793464107,stop,20,1089.6678571428577,68522.7092892857,72336.5467892857,0.06280452823394145,4406.190543774426,17624.762175097705,-100.45211927457105,8.707575205784421,4.353762489861438,13.06133769564586,-113.51345697021691,-0.006440566734602626,-0.005699487929346438,17511.24871812749,not computed,,
cheat-leaked-future,138991c3d0a0,3fd443c,BTC-USD,4h,2025-10-01 00:00:00,2026-07-26,560,holdout,long,2026-03-26 20:00:00,68534.37,68568.63718499999,2026-03-27 08:00:00,66920.31182785712,66886.8516719432,stop,4,1098.8835714285722,66920.31182785712,70766.40432785713,0.06384569329736596,4377.812179531872,17511.24871812749,-103.05066302274112,8.648249597005169,4.324099035836042,12.97234863284121,-116.02301165558234,-0.006625627533659342,-0.005884826643805475,17395.225706471905,not computed,,
cheat-leaked-future,138991c3d0a0,3fd443c,BTC-USD,4h,2025-10-01 00:00:00,2026-07-26,561,holdout,short,2026-03-27 12:00:00,66702.78,66669.42861,2026-03-31 00:00:00,68292.68468142858,68326.8310237693,stop,22,1082.1707142857153,68292.68468142858,64505.08718142857,0.06522939400092116,4348.806426617976,17395.225706471905,-103.70851888881408,8.805724208301788,4.402836177020717,13.208560385322505,-116.91707927413658,-0.0067212165709719714,-0.005961895559091783,17278.30862719777,not computed,,
cheat-leaked-future,138991c3d0a0,3fd443c,BTC-USD,4h,2025-10-01 00:00:00,2026-07-26,562,holdout,short,2026-03-31 04:00:00,67704.74,67670.88763000001,2026-04-01 04:00:00,69091.39834428573,69125.94404345787,stop,7,947.0071428571443,69091.39834428573,65776.87334428572,0.06383213384782732,4319.5771567994425,17278.30862719777,-88.51336103365287,8.732033669338866,4.36599470632882,13.098028375667687,-101.61138940932055,-0.0058808643601477376,-0.005122802407541446,17176.69723778845,not computed,,
cheat-leaked-future,138991c3d0a0,3fd443c,BTC-USD,4h,2025-10-01 00:00:00,2026-07-26,563,holdout,long,2026-04-01 08:00:00,68692.0,68726.34599999999,2026-04-02 00:00:00,66996.11957142856,66962.62151164285,stop,5,1153.4842857142855,66996.11957142856,71033.31457142856,0.06248221474552296,4294.174309447112,17176.69723778845,-105.96236512073042,8.478147206660756,4.239047112738021,12.717194319398777,-118.6795594401292,-0.006909335234659439,-0.006168960403378071,17058.01767834832,not computed,,
cheat-leaked-future,138991c3d0a0,3fd443c,BTC-USD,4h,2025-10-01 00:00:00,2026-07-26,564,holdout,long,2026-04-02 04:00:00,66576.25,66609.53812499999,2026-04-05 20:00:00,68918.06098214285,68883.60195165178,target,23,1154.2614285714299,64878.14598214284,68918.06098214285,0.06402242891377323,4264.50441958708,17058.01767834832,149.92842713373417,8.674599928861356,4.337337446536651,13.011937375398007,136.91648975833616,0.008026518223868637,0.00878932300111506,17194.934168106654,not computed,,
cheat-leaked-future,138991c3d0a0,3fd443c,BTC-USD,4h,2025-10-01 00:00:00,2026-07-26,565,holdout,long,2026-04-06 00:00:00,69034.18,69068.69708999999,2026-04-06 08:00:00,70063.38566142855,70028.35396859783,target,3,497.3442857142831,68322.68066142856,70063.38566142855,0.06223852082261227,4298.733542026664,17194.934168106654,64.05623798957149,8.657194708674503,4.328613368396404,12.985808077070907,51.07042991250058,0.0029700858062734867,0.0037252970766461944,17246.004598019153,not computed,,
cheat-leaked-future,138991c3d0a0,3fd443c,BTC-USD,4h,2025-10-01 00:00:00,2026-07-26,566,holdout,long,2026-04-06 12:00:00,69614.91,69649.717455,2026-04-06 20:00:00,68695.29852642858,68660.95087716538,stop,3,636.2792857142839,68695.29852642858,70922.27602642858,0.06190263660854628,4311.501149504788,17246.004598019153,-56.92637486954148,8.561795040851205,4.28088328883134,12.842678329682546,-69.76905319922403,-0.004045519807366721,-0.003300844235892176,17176.23554481993,not computed,,
cheat-leaked-future,138991c3d0a0,3fd443c,BTC-USD,4h,2025-10-01 00:00:00,2026-07-26,567,holdout,short,2026-04-07 00:00:00,68853.66,68819.23317,2026-04-07 20:00:00,70033.71459857143,70068.73145587071,stop,6,809.6542857142849,70033.71459857143,67199.92459857144,0.062396203625193374,4294.058886204983,17176.23554481993,-73.6309270213086,8.666081721884485,4.333022453210191,12.999104175094676,-86.63003119640327,-0.005043598230261197,-0.004286790713202257,17089.605513623526,not computed,,
cheat-leaked-future,138991c3d0a0,3fd443c,BTC-USD,4h,2025-10-01 00:00:00,2026-07-26,568,holdout,short,2026-04-08 00:00:00,71924.22,71888.25789000001,2026-04-11 16:00:00,73660.26039000001,73697.09052019501,stop,23,1181.3350000000003,73660.26039000001,69525.58789000001,0.05943114360822747,4272.401378405882,17089.605513623526,-103.17486572777376,8.652303748620131,4.326126080593099,12.97842982921323,-116.15329555698699,-0.006796721870753053,-0.006037287732916048,16973.45221806654,not computed,,
cheat-leaked-future,138991c3d0a0,3fd443c,BTC-USD,4h,2025-10-01 00:00:00,2026-07-26,569,holdout,short,2026-04-11 20:00:00,73687.16,73650.31642,2026-04-12 00:00:00,71904.9707057143,71940.92319106715,target,2,872.6728571428549,74959.32570571429,71904.9707057143,0.05761500100445373,4243.363054516635,16973.45221806654,102.68083798039777,8.388239416431297,4.194145378425134,12.58238479485643,90.09845318554133,0.005308198475360277,0.006049496393615454,17063.550671252084,not computed,,
cheat-leaked-future,138991c3d0a0,3fd443c,BTC-USD,4h,2025-10-01 00:00:00,2026-07-26,570,holdout,long,2026-04-12 04:00:00,71593.18,71628.97658999999,2026-04-13 16:00:00,73367.78516142856,73331.10126884785,target,10,869.4042857142849,70324.87016142857,73367.78516142856,0.059555334599162416,4265.887667813021,17063.550671252084,105.687204170279,8.633145940404319,4.316599392002814,12.949745332407133,92.73745883787187,0.0054348277579830935,0.00619374045920795,17156.288130089957,not computed,,
cheat-leaked-future,138991c3d0a0,3fd443c,BTC-USD,4h,2025-10-01 00:00:00,2026-07-26,571,holdout,long,2026-04-13 20:00:00,73322.0,73358.661,2026-04-14 12:00:00,75098.01814285714,75060.46913378571,target,5,869.6785714285704,72054.14314285714,75098.01814285714,0.05846715267229986,4289.072032522489,17156.288130089957,103.83872390720273,8.67764394102199,4.338847930191633,13.016491871213624,90.82223203598912,0.005293815966910606,0.006052516903413551,17247.110362125946,not computed,,
cheat-leaked-future,138991c3d0a0,3fd443c,BTC-USD,4h,2025-10-01 00:00:00,2026-07-26,572,holdout,short,2026-04-14 16:00:00,75317.06,75279.40147,2026-04-16 12:00:00,73363.62718428571,73400.30899787784,target,12,957.8871428571407,76716.2321842857,73363.62718428571,0.057276990867811246,4311.777590531487,17247.110362125946,111.8867535465501,8.51592641869746,4.257991181036701,12.77391759973416,99.11283594681593,0.005746634297909073,0.006487275328871874,17346.223198072763,not computed,,
cheat-leaked-future,138991c3d0a0,3fd443c,BTC-USD,4h,2025-10-01 00:00:00,2026-07-26,573,holdout,long,2026-04-16 16:00:00,74697.2,74734.5486,2026-04-17 12:00:00,76749.13431428571,76710.75974712857,target,6,1007.2928571428555,73223.60931428571,76749.13431428571,0.05802611885339187,4336.555799518191,17346.223198072763,119.0657844000958,8.787783461939064,4.393921497415192,13.181704959354256,105.88407944074154,0.0061041575582000875,0.006864075426708708,17452.107277513504,not computed,,
cheat-leaked-future,138991c3d0a0,3fd443c,BTC-USD,4h,2025-10-01 00:00:00,2026-07-26,574,holdout,short,2026-04-17 16:00:00,77785.03,77746.137485,2026-04-18 16:00:00,75612.13891357143,75649.94498302821,target,7,1066.999285714286,79346.63641357142,75612.13891357143,0.05611888848137516,4363.026819378376,17452.107277513504,121.94023256145913,8.608417645503101,4.30423930780951,12.912656953312611,109.02757560814652,0.006247244179424977,0.006987135170695135,17561.13485312165,not computed,,
cheat-leaked-future,138991c3d0a0,3fd443c,BTC-USD,4h,2025-10-01 00:00:00,2026-07-26,575,holdout,long,2026-04-18 20:00:00,75649.86,75687.68493,2026-04-19 20:00:00,74131.54100142857,74094.47523092787,stop,7,1037.4292857142864,74131.54100142857,77762.54350142858,0.05800525828397025,4390.2837132804125,17561.13485312165,-88.07048566959467,8.68815288646562,4.344054425610906,13.032207312076526,-101.1026929816712,-0.005757184477385827,-0.005015079401542171,17460.032160139977,not computed,,
cheat-leaked-future,138991c3d0a0,3fd443c,BTC-USD,4h,2025-10-01 00:00:00,2026-07-26,576,holdout,long,2026-04-20 00:00:00,73801.8,73838.7009,2026-04-20 04:00:00,75439.71089999999,75401.99104455,target,2,800.5050000000005,72637.94339999999,75439.71089999999,0.0591154501207509,4365.008040034994,17460.032160139977,96.82584011118351,8.822430680634396,4.4112395467763434,13.23367022741074,83.59216988377277,0.004787629777372794,0.005545570547815489,17543.62433002375,not computed,,
cheat-leaked-future,138991c3d0a0,3fd443c,BTC-USD,4h,2025-10-01 00:00:00,2026-07-26,577,holdout,long,2026-04-20 08:00:00,74837.18,74874.59859,2026-04-20 20:00:00,76542.14573285714,76503.87465999072,target,4,833.7735714285726,73623.93823285714,76542.14573285714,0.05857668909214967,4385.906082505938,17543.62433002375,99.8712476463423,8.867249762809003,4.4336498492162235,13.300899612025226,86.57034803431708,0.004934576026355204,0.005692737473603157,17630.19467805807,not computed,,
cheat-leaked-future,138991c3d0a0,3fd443c,BTC-USD,4h,2025-10-01 00:00:00,2026-07-26,578,holdout,short,2026-04-21 00:00:00,75840.97,75803.049515,2026-04-22 00:00:00,77192.06987214286,77230.66590707893,stop,7,926.0135714285716,77192.06987214286,73951.02237214286,0.05814474084769302,4407.548669514517,17630.19467805807,-78.5593519250979,8.898105724176384,4.449033222249753,13.347138946426137,-91.90649087152404,-0.005213016223009023,-0.004455954875125126,17538.288187186547,not computed,,
cheat-leaked-future,138991c3d0a0,3fd443c,BTC-USD,4h,2025-10-01 00:00:00,2026-07-26,579,holdout,long,2026-04-22 04:00:00,77521.47,77560.23073499999,2026-04-28 12:00:00,75884.5464492857,75846.60417606105,stop,39,1117.1228571428571,75884.5464492857,79794.4764492857,0.05653118879670952,4384.572046796637,17538.288187186547,-92.53723429121032,8.672270747062841,4.336112239222388,13.008382986285229,-105.54561727749555,-0.0060180113447221755,-0.005276297966116096,17432.742569909053,not computed,,
cheat-leaked-future,138991c3d0a0,3fd443c,BTC-USD,4h,2025-10-01 00:00:00,2026-07-26,580,holdout,long,2026-04-28 16:00:00,76066.37,76104.40318499999,2026-04-29 08:00:00,77783.43461357141,77744.54289626464,target,5,839.5157142857133,74845.12961357142,77783.43461357141,0.05726588029188109,4358.185642477263,17432.742569909053,98.32921661420598,8.81029532932177,4.405172246964014,13.215467576285784,85.11374903792019,0.004882407268770001,0.005640490371488286,17517.85631894697,not computed,,
cheat-leaked-future,138991c3d0a0,3fd443c,BTC-USD,4h,2025-10-01 00:00:00,2026-07-26,581,holdout,short,2026-04-29 12:00:00,77590.04,77551.24498,2026-04-29 12:00:00,75916.13069428572,75954.08875963285,target,1,817.557142857141,78777.58069428572,75916.13069428572,0.056471873286704555,4379.464079736743,17517.85631894697,94.52879420573211,8.668733755777842,4.334390510086479,13.00312426586432,81.5256699398678,0.004653861092106985,0.00539613937257218,17599.38198888684,not computed,,
cheat-leaked-future,138991c3d0a0,3fd443c,BTC-USD,4h,2025-10-01 00:00:00,2026-07-26,582,holdout,short,2026-04-29 16:00:00,75924.24,75886.27788000001,2026-05-01 00:00:00,77133.62645142857,77172.19326465428,stop,9,831.565714285712,77133.62645142857,74223.14645142859,0.05797946111125973,4399.84549722171,17599.38198888684,-70.11957472908699,8.874247675480355,4.437106307846193,13.311353983326548,-83.43092871241353,-0.0047405601381398585,-0.00398420664847005,17515.951060174426,not computed,,
cheat-leaked-future,138991c3d0a0,3fd443c,BTC-USD,4h,2025-10-01 00:00:00,2026-07-26,583,holdout,short,2026-05-01 04:00:00,77131.08,77092.51446,2026-05-01 12:00:00,78311.43481714286,78350.59053455142,stop,3,812.6135714285712,78311.43481714286,75467.28731714287,0.056801724469833906,4378.9877650436065,17515.951060174426,-67.04618909998966,8.829436420635972,4.414701448769904,13.244137869405876,-80.29032696939554,-0.004583840563013996,-0.003827721878741194,17435.66073320503,not computed,,
cheat-leaked-future,138991c3d0a0,3fd443c,BTC-USD,4h,2025-10-01 00:00:00,2026-07-26,584,holdout,short,2026-05-01 16:00:00,78445.88,78406.65706000001,2026-05-04 00:00:00,79712.3963457143,79752.25254388715,stop,15,870.4928571428567,79712.3963457143,76665.6713457143,0.05559368740801735,4358.9151833012575,17435.66073320503,-70.41031382078476,8.792636981311377,4.396300888076766,13.188937869388143,-83.5992516901729,-0.004794728055872516,-0.004038293409018513,17352.06148151486,not computed,,
cheat-leaked-future,138991c3d0a0,3fd443c,BTC-USD,4h,2025-10-01 00:00:00,2026-07-26,585,holdout,short,2026-05-04 04:00:00,80316.3,80276.14185000001,2026-05-04 08:00:00,79071.50756428573,79111.04331806787,target,2,602.3171428571441,81179.61756428573,79071.50756428573,0.05403866292533731,4338.015370378715,17352.06148151486,67.2669188455734,8.613070373915544,4.306552003686704,12.919622377602249,54.34729646797115,0.00313203687791605,0.003876595234360644,17406.40877798283,not computed,,
cheat-leaked-future,138991c3d0a0,3fd443c,BTC-USD,4h,2025-10-01 00:00:00,2026-07-26,586,holdout,long,2026-05-04 12:00:00,78793.67,78833.06683499999,2026-05-04 12:00:00,80301.18112071427,80261.03053015392,target,1,734.057142857143,77731.98112071428,80301.18112071427,0.055200214443055264,4351.602194495707,17406.40877798283,83.21493713871862,8.78202829118081,4.391034949324165,13.173063240504975,70.04187389821365,0.004023912961690802,0.004780706818972117,17476.450651881045,not computed,,
cheat-leaked-future,138991c3d0a0,3fd443c,BTC-USD,4h,2025-10-01 00:00:00,2026-07-26,587,holdout,long,2026-05-04 16:00:00,80028.85,80068.864425,2026-05-05 20:00:00,81770.7187107143,81729.83335135895,target,8,850.9271428571426,78792.47371071429,81770.7187107143,0.054566936778062854,4369.112662970261,17476.450651881045,95.04843981323255,8.828859312335476,4.41445341827739,13.243312730612866,81.80512708261968,0.004680877639980904,0.005438658095200937,17558.255778963663,not computed,,
cheat-leaked-future,138991c3d0a0,3fd443c,BTC-USD,4h,2025-10-01 00:00:00,2026-07-26,588,holdout,long,2026-05-06 00:00:00,80905.53,80945.982765,2026-05-08 00:00:00,79339.08526499999,79299.41572236748,stop,13,1071.2650000000015,79339.08526499999,83088.51276499999,0.054228311211991446,4389.563944740916,17558.255778963663,-84.94565258596612,8.689837339462548,4.3448974333179535,13.034734772780501,-97.98038735874661,-0.005580302997757656,-0.004837932289819954,17460.275391604915,not computed,,
cheat-leaked-future,138991c3d0a0,3fd443c,BTC-USD,4h,2025-10-01 00:00:00,2026-07-26,589,holdout,long,2026-05-08 04:00:00,79578.84,79618.62942,2026-05-10 16:00:00,81563.36370571429,81522.58202386144,target,16,972.3671428571439,78160.07870571429,81563.36370571429,0.05482471727659173,4365.068847901229,17460.275391604915,108.80095109448035,8.834521359017192,4.417287879746127,13.251809238763318,95.54914185571704,0.005472373127726157,0.006231342212780504,17555.824533460633,not computed,,
cheat-leaked-future,138991c3d0a0,3fd443c,BTC-USD,4h,2025-10-01 00:00:00,2026-07-26,590,holdout,long,2026-05-10 20:00:00,81437.83,81478.54891499999,2026-05-10 20:00:00,80812.28427214285,80771.87813000678,stop+target same candle (loss counted),1,444.17642857142863,80812.28427214285,82366.90177214285,0.053866400320209465,4388.956133365158,17555.824533460633,-33.695896595350355,8.739846455331275,4.369914803690762,13.109761259022036,-46.80565785437239,-0.0026661042188683795,-0.0019193571074447374,17509.01887560626,not computed,,
cheat-leaked-future,138991c3d0a0,3fd443c,BTC-USD,4h,2025-10-01 00:00:00,2026-07-26,591,holdout,short,2026-05-11 00:00:00,82210.07,82168.964965,2026-05-11 00:00:00,81102.17067928571,81142.72176462536,target,1,533.3971428571427,82969.06067928571,81102.17067928571,0.05327138684010518,4377.254718901565,17509.01887560626,59.01933329366081,8.699840039283943,4.349934774475216,13.049774813759159,45.96955847990165,0.0026254788350218126,0.003370796143003029,17554.98843408616,not computed,,
cheat-leaked-future,138991c3d0a0,3fd443c,BTC-USD,4h,2025-10-01 00:00:00,2026-07-26,592,holdout,long,2026-05-11 04:00:00,80736.0,80776.368,2026-05-11 16:00:00,82027.98514285714,81986.97115028572,target,4,625.8085714285709,79837.65514285714,82027.98514285714,0.05433206787066163,4388.74710852154,17554.98843408616,70.1962244696007,8.843268789568842,4.421651943840047,13.26492073340889,56.93130373619181,0.0032430271287248167,0.003998648289240802,17611.919737822354,not computed,,
cheat-leaked-future,138991c3d0a0,3fd443c,BTC-USD,4h,2025-10-01 00:00:00,2026-07-26,593,holdout,short,2026-05-11 20:00:00,81961.99,81921.00900500001,2026-05-12 12:00:00,80495.50186214288,80535.74961307395,target,5,712.7535714285696,82990.13936214287,80495.50186214288,0.053746651657901996,4402.979934455589,17611.919737822354,78.81882710585252,8.73150681491749,4.365773112164959,13.097279927082448,65.72154717877007,0.0037316515267572007,0.004475311509431064,17677.641285001126,not computed,,
cheat-leaked-future,138991c3d0a0,3fd443c,BTC-USD,4h,2025-10-01 00:00:00,2026-07-26,594,holdout,long,2026-05-12 16:00:00,80336.01,80376.178005,2026-05-13 12:00:00,79139.04336214285,79099.47384046178,stop,6,824.7564285714283,79139.04336214285,82025.69086214284,0.05498408148960954,4419.410321250281,17677.641285001126,-65.81411115628104,8.76862223667947,4.38429466481189,13.15291690149136,-78.96702805777241,-0.004467056819665938,-0.003723014292190784,17598.67425694335,not computed,,
cheat-leaked-future,138991c3d0a0,3fd443c,BTC-USD,4h,2025-10-01 00:00:00,2026-07-26,595,holdout,long,2026-05-13 16:00:00,78827.21,78866.623605,2026-05-14 12:00:00,80450.40217642857,80410.17697534036,target,6,791.8892857142876,77678.78967642857,80450.40217642857,0.05578619146004504,4399.668564235838,17598.67425694335,90.55170953069116,8.885446092318281,4.442745684085821,13.328191776404102,77.22351775428706,0.004388030406541528,0.0051453710778790645,17675.897774697638,not computed,,
cheat-leaked-future,138991c3d0a0,3fd443c,BTC-USD,4h,2025-10-01 00:00:00,2026-07-26,596,holdout,long,2026-05-14 16:00:00,81301.22,81341.87061,2026-05-15 12:00:00,79968.5263242857,79928.54206112356,stop,6,915.5628571428585,79968.5263242857,83172.99632428572,0.05432595059021362,4418.9744436744095,17675.897774697638,-72.3998507787451,8.76116847043482,4.380566135254568,13.141734605689388,-85.5415853844345,-0.00483944784444748,-0.0040959645558927525,17590.356189313203,not computed,,
cheat-leaked-future,138991c3d0a0,3fd443c,BTC-USD,4h,2025-10-01 00:00:00,2026-07-26,597,holdout,short,2026-05-15 16:00:00,79150.26,79110.68487,2026-05-17 20:00:00,77053.25772714286,77091.78435600642,target,14,1028.7135714285719,80653.75522714286,77053.25772714286,0.05558780150310562,4397.589047328301,17590.356189313203,116.56774609514373,8.68295185363021,4.341505068750919,13.024456922381129,103.5432891727626,0.00588636682841414,0.006626798504851368,17693.899478485964,not computed,,
cheat-leaked-future,138991c3d0a0,3fd443c,BTC-USD,4h,2025-10-01 00:00:00,2026-07-26,598,holdout,short,2026-05-18 00:00:00,77457.67,77418.941165,2026-05-18 12:00:00,76217.32687928571,76255.43554272535,target,4,600.8071428571451,78320.15187928571,76217.32687928571,0.0571368556978054,4423.474869621491,17693.899478485964,70.86930590401776,8.780470686399491,4.390253060525822,13.170723746925313,57.69858215709245,0.003260930821227296,0.004005296062079919,17751.598060643057,not computed,,
cheat-leaked-future,138991c3d0a0,3fd443c,BTC-USD,4h,2025-10-01 00:00:00,2026-07-26,599,holdout,long,2026-05-18 16:00:00,76409.46,76447.66473,2026-05-21 00:00:00,77886.73187285714,77847.78850692071,target,15,719.5335714285715,75368.36437285715,77886.73187285714,0.058051472609852266,4437.899515160764,17751.598060643057,85.7578076644711,8.957078277407843,4.478560578155751,13.435638855563594,72.3221688089075,0.004074121583974599,0.004830990842148693,17823.920229451964,not computed,,
cheat-leaked-future,138991c3d0a0,3fd443c,BTC-USD,4h,2025-10-01 00:00:00,2026-07-26,600,holdout,short,2026-05-21 04:00:00,78078.72,78039.68064,2026-05-21 12:00:00,76738.28349714287,76776.65263889144,target,3,650.6985714285713,79015.72849714286,76738.28349714287,0.057098901748696224,4455.980057362991,17823.920229451964,76.53745217700545,8.839842602984831,4.419940435854997,13.259783038839828,63.27766913816562,0.0035501544174107447,0.004294086328468648,17887.19789859013,not computed,,
cheat-leaked-future,138991c3d0a0,3fd443c,BTC-USD,4h,2025-10-01 00:00:00,2026-07-26,601,holdout,long,2026-05-21 16:00:00,77259.45,77298.07972499999,2026-05-22 16:00:00,76277.959725,76239.82074513749,stop,7,680.0799999999997,76277.959725,78658.23972499999,0.05785136565561083,4471.799474647532,17887.19789859013,-56.780552786451246,8.882377222092705,4.441174415907803,13.323551638000508,-70.10410442445175,-0.003919233455228746,-0.0031743682329878338,17817.093794165678,not computed,,
cheat-leaked-future,138991c3d0a0,3fd443c,BTC-USD,4h,2025-10-01 00:00:00,2026-07-26,602,holdout,short,2026-05-22 20:00:00,75860.44,75822.50978000001,2026-05-23 04:00:00,74322.52549428571,74359.68675703285,target,3,749.9921428571439,76947.49799428572,74322.52549428571,0.05874605656638841,4454.273448541419,17817.093794165678,90.34641254696088,8.822611813028994,4.411328493116756,13.23394030614575,77.11247224081512,0.0043280050681478765,0.005070771563011325,17894.206266406494,not computed,,
cheat-leaked-future,138991c3d0a0,3fd443c,BTC-USD,4h,2025-10-01 00:00:00,2026-07-26,603,holdout,long,2026-05-23 08:00:00,74609.37,74646.67468499999,2026-05-23 20:00:00,76194.89039928571,76156.79295408606,target,4,774.1078571428588,73485.5128992857,76194.89039928571,0.0599296832106651,4473.551566601624,17894.206266406494,95.01973525324003,9.037604042680213,4.518825776273744,13.556429818953957,81.46330543428607,0.004552496166718519,0.005310083824820124,17975.66957184078,not computed,,
cheat-leaked-future,138991c3d0a0,3fd443c,BTC-USD,4h,2025-10-01 00:00:00,2026-07-26,604,holdout,short,2026-05-24 00:00:00,76752.0,76713.62400000001,2026-05-26 12:00:00,77948.1057857143,77987.07983860715,stop,16,822.9878571428593,77948.1057857143,75067.6482857143,0.058580434069445006,4493.917392960195,17975.66957184078,-70.06839612011841,9.062434381714265,4.531199673757186,13.593634055471451,-83.66203017558986,-0.004654181578117568,-0.0038979575052871386,17892.00754166519,not computed,,
cheat-leaked-future,138991c3d0a0,3fd443c,BTC-USD,4h,2025-10-01 00:00:00,2026-07-26,605,holdout,short,2026-05-26 16:00:00,76518.1,76479.84095000001,2026-05-27 12:00:00,74927.61809285716,74965.08190190358,target,6,776.1114285714284,77644.00809285716,74927.61809285716,0.058486024942711344,4473.001885416297,17892.00754166519,93.02096449208784,8.857411535363429,4.428729022922454,13.286140558285883,79.73482393380196,0.004456449269212701,0.005199023322311347,17971.74236559899,not computed,,
cheat-leaked-future,138991c3d0a0,3fd443c,BTC-USD,4h,2025-10-01 00:00:00,2026-07-26,606,holdout,short,2026-05-27 16:00:00,75326.02,75288.35699000001,2026-05-28 00:00:00,73784.80841857144,73821.70082278072,target,3,751.7742857142855,76416.01841857145,73784.80841857144,0.05967636658609127,4492.935591399748,17971.74236559899,91.97390732006046,8.898346471708766,4.449196229330468,13.347542701039234,78.62636461902123,0.004374999542032475,0.005117695627337411,18050.36873021801,not computed,,
cheat-leaked-future,138991c3d0a0,3fd443c,BTC-USD,4h,2025-10-01 00:00:00,2026-07-26,607,holdout,long,2026-05-28 04:00:00,73258.0,73294.629,2026-06-01 12:00:00,71958.65935714285,71922.68002746429,stop,27,890.6464285714288,71958.65935714285,75075.92185714286,0.061567842611694,4512.592182554503,18050.36873021801,-79.99760019840613,8.940716426696651,4.470338213947912,13.411054640644563,-93.4086548390507,-0.005174889013911159,-0.004431909474762288,17956.96007537896,not computed,,
cheat-leaked-future,138991c3d0a0,3fd443c,BTC-USD,4h,2025-10-01 00:00:00,2026-07-26,608,holdout,long,2026-06-01 16:00:00,71129.62,71165.18480999999,2026-06-02 00:00:00,70270.71981,70235.584450095,stop,3,596.3099999999997,70270.71981,72357.80480999999,0.0630819695168405,4489.24001884474,17956.96007537896,-54.18111560358854,8.919839016123111,4.459905962781832,13.379744978904943,-67.56086058249348,-0.0037623773900977327,-0.0030172766089666273,17889.399214796467,not computed,,
cheat-leaked-future,138991c3d0a0,3fd443c,BTC-USD,4h,2025-10-01 00:00:00,2026-07-26,609,holdout,short,2026-06-02 04:00:00,70953.7,70918.22315,2026-06-02 08:00:00,69405.28029285715,69439.98293300357,target,2,756.471428571429,72052.93029285714,69405.28029285715,0.06306347797574673,4472.349803699117,17889.399214796467,97.6487320986153,8.851476638030817,4.425762731197651,13.277239369228468,84.37149272938683,0.00471628430426006,0.005458469059030738,17973.770707525855,not computed,,
cheat-leaked-future,138991c3d0a0,3fd443c,BTC-USD,4h,2025-10-01 00:00:00,2026-07-26,610,holdout,short,2026-06-02 12:00:00,69461.73,69426.999135,2026-06-02 12:00:00,67703.69199214286,67737.54383813892,target,1,861.653571428572,70719.47949214287,67703.69199214286,0.06472183347783786,4493.442676881464,17973.770707525855,113.78344319223913,8.877540709371234,4.4387988005451575,13.316339509916391,100.46710368232274,0.005589650903928347,0.006330527135555174,18074.23781120818,not computed,,
cheat-leaked-future,138991c3d0a0,3fd443c,BTC-USD,4h,2025-10-01 00:00:00,2026-07-26,611,holdout,long,2026-06-02 16:00:00,67304.29,67337.942145,2026-06-03 00:00:00,65821.87607357142,65788.96513553463,stop,3,1010.7107142857151,65821.87607357142,69359.36357357142,0.06710272557887424,4518.559452802045,18074.23781120818,-99.47401489943826,8.933178326409951,4.4665642947014135,13.399742621111365,-112.87375752054962,-0.006245007878039231,-0.0055036353919030835,17961.36405368763,not computed,,
cheat-leaked-future,138991c3d0a0,3fd443c,BTC-USD,4h,2025-10-01 00:00:00,2026-07-26,612,holdout,long,2026-06-03 04:00:00,65849.9,65882.82495,2026-06-04 00:00:00,63935.76495,63903.797067525,stop,6,1298.0400000000009,63935.76495,68478.90495,0.06815647350929065,4490.3410134219075,17961.36405368763,-130.46069482852954,8.845798465397761,4.422866617524761,13.268665082922523,-143.72935991145206,-0.008002140565818727,-0.007263406856994515,17817.634693776177,not computed,,
cheat-leaked-future,138991c3d0a0,3fd443c,BTC-USD,4h,2025-10-01 00:00:00,2026-07-26,613,holdout,short,2026-06-04 04:00:00,64363.49,64331.308255,2026-06-05 04:00:00,61228.295397857146,61258.909545556075,target,7,1551.50642857143,66658.56789785715,61228.295397857146,0.06924169264190015,4454.408673444044,17817.634693776177,217.0861810141198,8.6960792597754,4.348093901432577,13.044173161207977,204.04200785291184,0.011451688810534717,0.012183782232888045,18021.67670162909,not computed,,
cheat-leaked-future,138991c3d0a0,3fd443c,BTC-USD,4h,2025-10-01 00:00:00,2026-07-26,614,holdout,short,2026-06-05 08:00:00,63115.99,63084.432005,2026-06-05 16:00:00,59827.14343357143,59857.05700528821,target,3,1628.644285714285,65527.39843357143,59827.14343357143,0.07141887518381997,4505.419175407273,18021.67670162909,234.8857224264968,8.780342858538749,4.390230150699324,13.170573009238073,221.71514941725874,0.012302692645530399,0.013033511049793943,18243.391851046348,not computed,,
cheat-leaked-future,138991c3d0a0,3fd443c,BTC-USD,4h,2025-10-01 00:00:00,2026-07-26,615,holdout,long,2026-06-05 20:00:00,60300.24,60330.39012,2026-06-07 20:00:00,63857.548691428565,63825.619917082855,target,13,1763.5792857142842,57685.02119142857,63857.548691428565,0.06896350695741438,4160.595278784143,18243.391851046348,245.3244826910046,8.562233861997173,4.281178262118829,12.843412124116002,232.48107056688858,0.012743303025284447,0.01344730654770944,18475.872921613238,not computed,,
cheat-leaked-future,138991c3d0a0,3fd443c,BTC-USD,4h,2025-10-01 00:00:00,2026-07-26,616,holdout,short,2026-06-08 00:00:00,63332.01,63300.343995,2026-06-14 20:00:00,65271.975066428575,65304.61105396179,stop,42,1314.4207142857142,65271.975066428575,60671.50256642857,0.07296908577255369,4618.9682304033095,18475.872921613238,-141.55747732798434,9.384185995743104,4.69205760850204,14.076243604245144,-155.6337209322295,-0.008423619365240807,-0.007661747725185378,18320.239200681008,not computed,,
cheat-leaked-future,138991c3d0a0,3fd443c,BTC-USD,4h,2025-10-01 00:00:00,2026-07-26,617,holdout,long,2026-06-15 00:00:00,65746.45,65779.323225,2026-06-15 12:00:00,66865.94465357142,66832.51168124464,target,4,543.3107142857142,64964.35715357143,66865.94465357142,0.0696276516026781,4580.059800170252,18320.239200681008,77.94778370993208,9.233450639243868,4.616744806568192,13.85019544581206,64.09758826412002,0.0034987309697210372,0.004254736133960225,18384.33678894513,not computed,,
cheat-leaked-future,138991c3d0a0,3fd443c,BTC-USD,4h,2025-10-01 00:00:00,2026-07-26,618,holdout,short,2026-06-15 16:00:00,67292.15,67258.503925,2026-06-16 00:00:00,65976.01106785714,66008.99907339107,target,3,641.2464285714284,68220.37356785714,65976.01106785714,0.06833461836084517,4596.084197236282,18384.33678894513,89.9378516378325,9.106783957297845,4.553414463111778,13.660198420409623,76.27765321742287,0.004149056563372476,0.004892091168168434,18460.61444216255,not computed,,
cheat-leaked-future,138991c3d0a0,3fd443c,BTC-USD,4h,2025-10-01 00:00:00,2026-07-26,619,holdout,long,2026-06-16 04:00:00,66165.21,66198.29260500001,2026-06-17 08:00:00,65101.214033571436,65068.66342655465,stop,8,731.3857142857139,65101.214033571436,67661.06403357144,0.06971710944387788,4615.153610540638,18460.61444216255,-74.17872323934527,9.151552740016603,4.575757825327528,13.727310565344132,-87.9060338046894,-0.004761815164934008,-0.004018215291357099,18372.70840835786,not computed,,
cheat-leaked-future,138991c3d0a0,3fd443c,BTC-USD,4h,2025-10-01 00:00:00,2026-07-26,620,holdout,long,2026-06-17 12:00:00,64810.01,64842.415004999995,2026-06-18 12:00:00,63637.18643357142,63605.36784035464,stop,7,803.4857142857145,63637.18643357142,66449.38643357143,0.070835996804488,4593.177102089465,18372.70840835786,-83.07812640376326,9.09872673517711,4.549342598056313,13.648069333233423,-96.72619573699669,-0.005264667222008234,-0.004521822507451896,18275.982212620864,not computed,,
cheat-leaked-future,138991c3d0a0,3fd443c,BTC-USD,4h,2025-10-01 00:00:00,2026-07-26,621,holdout,long,2026-06-18 16:00:00,62369.43,62400.614714999996,2026-06-21 00:00:00,64438.604714999994,64406.3854126425,target,15,1018.9950000000006,60872.122214999996,64438.604714999994,0.07322036127405185,4568.995553155216,18275.982212620864,151.5057201714328,9.284854361424722,4.642465057141692,13.927319418566414,137.5784007528664,0.007527825271019291,0.008289881135187763,18413.56061337373,not computed,,
cheat-leaked-future,138991c3d0a0,3fd443c,BTC-USD,4h,2025-10-01 00:00:00,2026-07-26,622,holdout,short,2026-06-21 04:00:00,64426.0,64393.787000000004,2026-06-22 12:00:00,65282.647357142865,65315.28868082143,stop,9,592.5735714285719,65282.647357142865,63208.63985714286,0.07148811038778373,4603.390153343433,18413.56061337373,-61.24010083083233,9.272656720567957,4.6363130502581384,13.908969770826095,-75.14907060165842,-0.00408118083077739,-0.003325815257389914,18338.41154277207,not computed,,
cheat-leaked-future,138991c3d0a0,3fd443c,BTC-USD,4h,2025-10-01 00:00:00,2026-07-26,623,holdout,short,2026-06-22 16:00:00,64836.95,64804.531525,2026-06-23 04:00:00,63463.28009642857,63495.01173647678,target,4,670.6257142857133,65810.47009642857,63463.28009642857,0.07074509726105173,4584.602885693018,18338.41154277207,97.18041093274012,9.07656366658169,4.538306128393089,13.614869794974778,83.56554113776534,0.004556858206767749,0.005299281821987628,18421.97708390984,not computed,,
cheat-leaked-future,138991c3d0a0,3fd443c,BTC-USD,4h,2025-10-01 00:00:00,2026-07-26,624,holdout,short,2026-06-23 08:00:00,62886.04,62854.59698,2026-06-24 12:00:00,61389.05126571429,61419.745791347144,target,8,732.7728571428561,63953.756265714284,61389.05126571429,0.07327219475200682,4605.49427097746,18421.97708390984,109.6876500801428,9.105853846219798,4.552954345022144,13.658808191241942,96.02884188890086,0.00521273267529871,0.005954173625367628,18518.005925798738,not computed,,
cheat-leaked-future,138991c3d0a0,3fd443c,BTC-USD,4h,2025-10-01 00:00:00,2026-07-26,625,holdout,short,2026-06-24 16:00:00,60250.0,60219.875,2026-06-25 04:00:00,61622.94714285714,61653.75861642857,stop,4,935.3814285714288,61622.94714285714,58349.11214285714,0.07687663718082584,4629.501481449684,18518.005925798738,-105.54755936987992,9.369235113439078,4.684591169829517,14.053826283268595,-119.60138565314851,-0.00645865360084605,-0.005699725974427634,18398.404540145588,not computed,,
cheat-leaked-future,138991c3d0a0,3fd443c,BTC-USD,4h,2025-10-01 00:00:00,2026-07-26,626,holdout,short,2026-06-25 08:00:00,61911.03,61880.074485000005,2026-06-25 12:00:00,59804.03019928572,59833.93221438536,target,2,1038.0221428571433,63437.10769928572,59804.03019928572,0.07433089202488533,4599.601135036397,18398.404540145588,156.61517468334793,9.047110689888182,4.5235944987368555,13.570705188625038,143.0444694947229,0.007774830104566827,0.008512432387363334,18541.44900964031,not computed,,
cheat-leaked-future,138991c3d0a0,3fd443c,BTC-USD,4h,2025-10-01 00:00:00,2026-07-26,627,holdout,short,2026-06-25 16:00:00,59557.99,59528.211005000005,2026-07-02 08:00:00,61356.019933571435,61386.697943538216,stop,41,1218.5392857142858,61356.019933571435,57091.13243357143,0.07786832787601723,4635.362252410077,18541.44900964031,-140.00958439823415,9.415441775103544,4.7076858851548025,14.123127660258346,-154.1327120584925,-0.00831287306500985,-0.007551167350806216,18387.316297581816,not computed,,
cheat-leaked-future,138991c3d0a0,3fd443c,BTC-USD,4h,2025-10-01 00:00:00,2026-07-26,628,holdout,long,2026-07-02 12:00:00,61358.0,61388.679,2026-07-04 16:00:00,63371.28614285714,63339.600499785716,target,14,991.3035714285709,59901.72364285714,63371.28614285714,0.07488072962761512,4596.829074395454,18387.316297581816,150.7563353263097,9.339744574141063,4.669909976153832,14.009654550294895,136.7466807760148,0.007437011392140944,0.008198930876396369,18524.06297835783,not computed,,
cheat-leaked-future,138991c3d0a0,3fd443c,BTC-USD,4h,2025-10-01 00:00:00,2026-07-26,629,holdout,short,2026-07-04 20:00:00,63294.72,63263.072640000006,2026-07-06 12:00:00,62088.98978285715,62120.03427774857,target,11,587.0414285714277,64143.634782857145,62088.98978285715,0.07320251058531982,4631.015744589457,18524.06297835783,88.26247898343965,9.178358211366776,4.589201171302378,13.767559382669154,74.4949196007705,0.004021521611527933,0.004764747295804334,18598.5578979586,not computed,,
cheat-leaked-future,138991c3d0a0,3fd443c,BTC-USD,4h,2025-10-01 00:00:00,2026-07-26,630,holdout,long,2026-07-06 16:00:00,63545.98,63577.75299,2026-07-08 04:00:00,62503.56977571429,62472.317990826436,stop,10,716.1221428571417,62503.56977571429,65009.99727571428,0.07313312056217182,4649.63947448965,18598.5578979586,-76.2347126079275,9.218435037911094,4.609198460277156,13.82763349818825,-90.06234610611575,-0.0048424370642199685,-0.00409895826473165,18508.495551852484,not computed,,
cheat-leaked-future,138991c3d0a0,3fd443c,BTC-USD,4h,2025-10-01 00:00:00,2026-07-26,631,holdout,short,2026-07-08 08:00:00,62888.34,62856.89583,2026-07-10 08:00:00,64242.841187142854,64274.96260773642,stop,13,923.9635714285703,64242.841187142854,61008.968687142864,0.07361362388110028,4627.123887963121,18508.495551852484,-99.70974093683816,9.358636810340814,4.679293477734603,14.037930288075417,-113.74767122491357,-0.006145700546337963,-0.005387241802419666,18394.74788062757,not computed,,
cheat-leaked-future,138991c3d0a0,3fd443c,BTC-USD,4h,2025-10-01 00:00:00,2026-07-26,632,holdout,short,2026-07-10 12:00:00,64425.18,64392.967410000005,2026-07-13 00:00:00,62889.87312428572,62921.31806084786,target,16,751.5471428571426,65520.28812428572,62889.87312428572,0.07141598151357646,4598.686970156892,18394.74788062757,109.64544745367806,9.092274657600269,4.546164740161501,13.63843939776177,96.00700805591629,0.005219261969718328,0.00596069313725964,18490.754888683485,not computed,,
cheat-leaked-future,138991c3d0a0,3fd443c,BTC-USD,4h,2025-10-01 00:00:00,2026-07-26,633,holdout,long,2026-07-13 04:00:00,62806.41,62837.813205,2026-07-13 16:00:00,62072.09963357143,62041.06358375465,stop,4,510.475714285714,62072.09963357143,63858.76463357142,0.07356539775007709,4622.688722170871,18490.754888683485,-54.019834178322874,9.186764241547603,4.59336861581442,13.780132857362023,-67.7999670356849,-0.0036666954618050297,-0.0029214509901585206,18422.9549216478,not computed,,
cheat-leaked-future,138991c3d0a0,3fd443c,BTC-USD,4h,2025-10-01 00:00:00,2026-07-26,634,holdout,long,2026-07-13 20:00:00,62288.23,62319.374115,2026-07-14 12:00:00,63546.46554357142,63514.69231079964,target,5,613.5457142857138,61399.05554357143,63546.46554357142,0.07390540736036322,4605.73873041195,18422.9549216478,92.99041040293383,9.299817939009726,4.64993221710688,13.949750156116606,79.04066024681723,0.004290335648270023,0.005047529606320966,18501.99558189462,not computed,,
cheat-leaked-future,138991c3d0a0,3fd443c,BTC-USD,4h,2025-10-01 00:00:00,2026-07-26,635,holdout,short,2026-07-14 16:00:00,64744.0,64711.628000000004,2026-07-17 04:00:00,63323.768000000004,63355.429884,target,16,693.9300000000003,65752.523,63323.768000000004,0.07147863588710292,4625.498895473655,18501.99558189462,101.51624600321169,9.154058599622969,4.57705467887223,13.731113278495199,87.78513272471649,0.004744630509512165,0.005486772794527733,18589.780714619334,not computed,,
cheat-leaked-future,138991c3d0a0,3fd443c,BTC-USD,4h,2025-10-01 00:00:00,2026-07-26,636,holdout,long,2026-07-17 08:00:00,62828.11,62859.524054999994,2026-07-17 16:00:00,64223.836912142855,64191.72499368679,target,3,682.1564285714293,61836.28941214285,64223.836912142855,0.07393382702975086,4647.445178654833,18589.780714619334,103.19143210313808,9.393385071079408,4.69671833339693,14.090103404476338,89.10132869866175,0.004793027420091668,0.005550976296454456,18678.882043317994,not computed,,
cheat-leaked-future,138991c3d0a0,3fd443c,BTC-USD,4h,2025-10-01 00:00:00,2026-07-26,637,holdout,short,2026-07-17 20:00:00,64160.8,64128.719600000004,2026-07-20 12:00:00,65260.61102857143,65293.24133408572,stop,17,754.5942857142857,65260.61102857143,62619.53102857143,0.07281792837837196,4669.720510829498,18678.882043317994,-80.08596070825787,9.424239081886709,4.712099519453062,14.136338601339771,-94.22229930959764,-0.005044322197179024,-0.004287513595435282,18584.659744008397,not computed,,
cheat-leaked-future,138991c3d0a0,3fd443c,BTC-USD,4h,2025-10-01 00:00:00,2026-07-26,638,holdout,short,2026-07-20 16:00:00,65598.75,65565.950625,2026-07-21 12:00:00,66534.51776785713,66567.78502674105,stop,6,645.711428571428,66534.51776785713,64274.527767857144,0.0708624658334556,4646.164936002099,18584.659744008397,-66.3108114778252,9.363322328068355,4.681644586330833,14.044966914399188,-80.35577839222438,-0.004323769146116904,-0.0035680401143315782,18504.30396561617,not computed,,
cheat-leaked-future,138991c3d0a0,3fd443c,BTC-USD,4h,2025-10-01 00:00:00,2026-07-26,639,holdout,short,2026-07-21 16:00:00,66676.53,66643.191735,2026-07-23 12:00:00,65147.44030642857,65180.01402658178,target,12,747.8757142857129,67765.00530642857,65147.44030642857,0.06941558276198974,4626.075991404043,18504.30396561617,106.14265217461288,9.150584649493881,4.575318860409595,13.725903509903477,92.4167486647094,0.004994338011115353,0.005736106171398944,18596.72071428088,not computed,,
cheat-leaked-future,138991c3d0a0,3fd443c,BTC-USD,4h,2025-10-01 00:00:00,2026-07-26,640,holdout,short,2026-07-23 16:00:00,64958.37,64925.890815000006,2026-07-24 04:00:00,65762.140815,65795.0218854075,stop,4,557.5000000000006,65762.140815,63810.890815000006,0.07160749156014826,4649.18017857022,18596.72071428088,-57.55601185140623,9.360596652929308,4.680283937461468,14.040880590390776,-71.59689244179701,-0.003849974064879944,-0.003094954897462516,18525.123821839083,not computed,,
cheat-leaked-future,138991c3d0a0,3fd443c,BTC-USD,4h,2025-10-01 00:00:00,2026-07-26,641,holdout,short,2026-07-24 08:00:00,65499.94,65467.190030000005,2026-07-24 12:00:00,64366.53717285715,64398.72044144358,target,2,550.3264285714301,66292.67967285715,64366.53717285715,0.07074201524973822,4631.280955459771,18525.123821839083,80.1792000818362,9.186976218992001,4.59350815429579,13.780484373287791,66.39871570854841,0.003584252194323885,0.004328133018323675,18591.52253754763,not computed,,
cheat-leaked-future,138991c3d0a0,3fd443c,BTC-USD,4h,2025-10-01 00:00:00,2026-07-26,642,holdout,long,2026-07-24 16:00:00,64093.86,64125.90693,2026-07-26 04:00:00,64370.0,64337.815,end of data (forced close),10,604.4964285714299,63219.162287142855,65334.89978714286,0.07248054424338272,4647.880634386907,18591.52253754763,20.014777487367663,9.31112048101698,4.65556524420246,13.96668572521944,6.048091762148223,0.00032531449481522747,0.0010765539749068756,18597.57062930978,not computed,,
