strategy,fingerprint,commit,asset,timeframe,train_end,run_date,trade_no,window,direction,entry_time,entry_price_raw,entry_price_fill,exit_time,exit_price_raw,exit_price_fill,exit_reason,bars_held,atr_at_entry,stop_loss,take_profit,size_units,position_value,equity_at_entry,gross_pnl,fees_paid,slippage_paid,costs_paid,net_pnl,return_pct,gross_return_pct,equity_after,regime_at_entry,regime_adx,regime_entropy
cheat-degraded-to-a-guess,1dd169613d57,3fd443c,BTC-USD,4h,2025-10-01 00:00:00,2026-07-26,1,train,short,2024-01-03 12:00:00,43702.89,43681.038555,2024-01-03 12:00:00,42192.068555,42213.1645892775,target,1,744.485,44797.766055,42192.068555,0.057233071435611155,2500.0,10000.0,86.46895168813835,4.91598906446133,2.458016149468577,7.374005213929907,79.09494647420844,0.007909494647420844,0.008646895168813834,10079.094946474208,not computed,,
cheat-degraded-to-a-guess,1dd169613d57,3fd443c,BTC-USD,4h,2025-10-01 00:00:00,2026-07-26,2,train,short,2024-01-03 16:00:00,43000.01,42978.50999500001,2024-01-04 16:00:00,44378.819995000005,44401.0094049975,stop,7,933.5399999999998,44378.819995000005,41111.429995000006,0.05862868994089593,2519.773736618552,10079.094946474208,-80.83782368426345,5.122946750086954,2.5614531655869968,7.684399915673951,-88.5222235999374,-0.00878275520471246,-0.008020345488712905,9990.57272287427,not computed,,
cheat-degraded-to-a-guess,1dd169613d57,3fd443c,BTC-USD,4h,2025-10-01 00:00:00,2026-07-26,3,train,short,2024-01-04 20:00:00,43956.48,43934.50176000001,2024-01-08 16:00:00,45421.645688571436,45444.35651141572,stop,24,991.4292857142854,45421.645688571436,41951.643188571434,0.05684924332048616,2497.6431807185677,9990.57272287427,-83.29356073442503,5.081120461578959,2.540539407398853,7.621659868977813,-90.91522060340284,-0.009100100977719192,-0.00833721579782081,9899.657502270868,not computed,,
cheat-degraded-to-a-guess,1dd169613d57,3fd443c,BTC-USD,4h,2025-10-01 00:00:00,2026-07-26,4,train,long,2024-01-08 20:00:00,46979.36,47002.84968,2024-01-09 12:00:00,45925.70718,45902.74432641,stop,5,718.0949999999996,45925.70718,48439.03968,0.05265456014725014,2474.914375567717,9899.657502270868,-55.47962578500988,4.891903187626517,2.44593772390661,7.337840911533127,-62.81746669654301,-0.006345418180591945,-0.00560419648581615,9836.840035574325,not computed,,
cheat-degraded-to-a-guess,1dd169613d57,3fd443c,BTC-USD,4h,2025-10-01 00:00:00,2026-07-26,5,train,long,2024-01-09 16:00:00,46868.08,46891.51404,2024-01-09 20:00:00,45584.564040000005,45561.77175798001,stop,2,871.2999999999998,45584.564040000005,48634.11404,0.052444670624108965,2459.2100088935813,9836.840035574325,-67.31357176298685,4.848682121791673,2.4243242325027268,7.2730063542944,-74.58657811728125,-0.00758237176243016,-0.006843007665017574,9762.253457457044,not computed,,
cheat-degraded-to-a-guess,1dd169613d57,3fd443c,BTC-USD,4h,2025-10-01 00:00:00,2026-07-26,6,train,short,2024-01-10 00:00:00,46110.0,46086.945,2024-01-11 12:00:00,47702.00892857143,47725.85993303571,stop,10,1076.7092857142864,47702.00892857143,43933.52642857143,0.052955633409076275,2440.563364364261,9762.253457457044,-84.30584120540482,4.967916507111022,2.483937177095058,7.45185368420608,-91.7576948896109,-0.009399233003883997,-0.00863589964886709,9670.495762567432,not computed,,
cheat-degraded-to-a-guess,1dd169613d57,3fd443c,BTC-USD,4h,2025-10-01 00:00:00,2026-07-26,7,train,short,2024-01-11 16:00:00,46783.77,46760.378115,2024-01-12 16:00:00,44115.38240071428,44137.440091914636,target,7,1322.4978571428578,48744.12490071428,44115.38240071428,0.04874863985770944,2279.504832338453,9670.495762567432,130.08026607835717,4.4311450036204265,2.215605021876385,6.646750025496812,123.43351605286036,0.012763928456558243,0.013451251029122212,9793.929278620293,not computed,,
cheat-degraded-to-a-guess,1dd169613d57,3fd443c,BTC-USD,4h,2025-10-01 00:00:00,2026-07-26,8,train,short,2024-01-12 20:00:00,43472.56,43450.82372,2024-01-18 16:00:00,40835.20800571429,40855.62560971714,target,36,1307.807857142857,45412.53550571429,40835.20800571429,0.04992542406046759,2169.300799997624,9793.929278620293,131.67091671143393,4.209035233818452,2.104550534638122,6.313585768456574,125.35733094297736,0.012799493173452536,0.013444135950508201,9919.28660956327,not computed,,
cheat-degraded-to-a-guess,1dd169613d57,3fd443c,BTC-USD,4h,2025-10-01 00:00:00,2026-07-26,9,train,short,2024-01-18 20:00:00,41022.33,41001.818835000005,2024-01-19 16:00:00,41886.87240642858,41907.81584263179,stop,6,590.0357142857138,41886.87240642858,39821.74740642858,0.060480771898684414,2479.8216523908177,9919.28660956327,-52.288192079946434,5.014438703141105,2.507206279522144,7.521644982663249,-59.80983706260968,-0.006029651064316107,-0.005271366191751625,9859.47677250066,not computed,,
cheat-degraded-to-a-guess,1dd169613d57,3fd443c,BTC-USD,4h,2025-10-01 00:00:00,2026-07-26,10,train,long,2024-01-19 20:00:00,41814.27,41835.177135,2024-01-22 04:00:00,40805.69820642857,40785.295357325354,stop,15,686.3192857142848,40805.69820642857,43207.81570642857,0.05891857909842612,2464.869193125165,9859.47677250066,-59.42361699597964,4.86788084368841,2.433925565940079,7.301806409628489,-66.72542340560813,-0.006767643450584908,-0.006027055833400784,9792.751349095051,not computed,,
cheat-degraded-to-a-guess,1dd169613d57,3fd443c,BTC-USD,4h,2025-10-01 00:00:00,2026-07-26,11,train,short,2024-01-22 08:00:00,41043.7,41023.17815,2024-01-22 08:00:00,40484.54529285715,40504.787565503575,target,1,269.31642857142805,41427.152792857145,40484.54529285715,0.05967816116835314,2448.187837273763,9792.751349095051,33.36932473091432,4.865439077697791,2.432727881179904,7.298166958877695,26.071157772036628,0.002662291407454746,0.003407553560930349,9818.822506867087,not computed,,
cheat-degraded-to-a-guess,1dd169613d57,3fd443c,BTC-USD,4h,2025-10-01 00:00:00,2026-07-26,12,train,short,2024-01-22 12:00:00,40815.92,40795.51204,2024-01-22 16:00:00,40194.13918285714,40214.23625244857,target,2,300.6864285714286,41246.54168285715,40194.13918285714,0.06017097234396599,2454.705626716772,9818.822506867087,37.41315635231131,4.874435324096569,2.4372270153372284,7.311662339433798,30.101494012877513,0.0030656928559229107,0.0038103506124227524,9848.924000879964,not computed,,
cheat-degraded-to-a-guess,1dd169613d57,3fd443c,BTC-USD,4h,2025-10-01 00:00:00,2026-07-26,13,train,short,2024-01-22 20:00:00,39820.31,39800.399845,2024-01-23 08:00:00,38924.93555928572,38944.398027065356,target,4,437.7321428571418,40456.99805928571,38924.93555928572,0.06186447899541174,2462.231000219991,9848.924000879964,55.39187328059713,4.871505893954331,2.43576679494506,7.307272688899391,48.08460059169774,0.004882218665450314,0.005624154808753532,9897.008601471662,not computed,,
cheat-degraded-to-a-guess,1dd169613d57,3fd443c,BTC-USD,4h,2025-10-01 00:00:00,2026-07-26,14,train,short,2024-01-23 12:00:00,38845.56,38826.13722,2024-01-23 20:00:00,39744.47900571428,39764.351245217134,stop,3,612.2278571428568,39744.47900571428,37601.68150571428,0.06372645664821343,2474.2521503679154,9897.008601471662,-57.284923047906446,5.008293356140578,2.5041323568392926,7.51242571297987,-64.79734876088632,-0.006547165044521747,-0.005788104805667069,9832.211252710775,not computed,,
cheat-degraded-to-a-guess,1dd169613d57,3fd443c,BTC-USD,4h,2025-10-01 00:00:00,2026-07-26,15,train,long,2024-01-24 00:00:00,39897.59,39917.53879499999,2024-01-26 12:00:00,41417.375937857134,41396.66724988821,target,16,749.9185714285715,38792.66093785714,41417.375937857134,0.06157826577939182,2458.0528131776937,9832.211252710775,93.58578240914908,5.007187791472355,2.5036172921812465,7.510805083653602,86.07497732549547,0.008754386486739114,0.00951828434151546,9918.28623003627,not computed,,
cheat-degraded-to-a-guess,1dd169613d57,3fd443c,BTC-USD,4h,2025-10-01 00:00:00,2026-07-26,16,train,long,2024-01-26 16:00:00,41422.98,41443.69149,2024-01-28 04:00:00,42555.11577571428,42533.83821782642,target,10,555.7121428571425,40610.123275714286,42555.11577571428,0.05982989131427558,2479.5715575090676,9918.28623003627,67.73556041398821,5.024366475260604,2.512200171520078,7.536566646780682,60.198993767207526,0.006069495512733089,0.006829361327449864,9978.485223803478,not computed,,
cheat-degraded-to-a-guess,1dd169613d57,3fd443c,BTC-USD,4h,2025-10-01 00:00:00,2026-07-26,17,train,long,2024-01-28 08:00:00,42388.82,42410.014409999996,2024-01-28 20:00:00,41702.49869571428,41681.64744636643,stop,4,471.6771428571436,41702.49869571428,43353.368695714285,0.05882151516936657,2494.6213059508696,9978.485223803478,-40.370459011101744,4.946398963501501,2.4731893891356975,7.419588352637199,-47.79004736373894,-0.004789308827129065,-0.004045750242210993,9930.69517643974,not computed,,
cheat-degraded-to-a-guess,1dd169613d57,3fd443c,BTC-USD,4h,2025-10-01 00:00:00,2026-07-26,18,train,long,2024-01-29 00:00:00,42031.05,42052.065525,2024-01-29 16:00:00,42858.962667857144,42837.533186523215,target,5,403.44857142857137,41446.892667857144,42858.962667857144,0.05903809392273449,2482.673794109935,9930.69517643974,48.87838584477158,5.011720101794148,2.505872270493299,7.517592372287447,41.36079347248413,0.004164944421072485,0.00492195007261264,9972.055969912224,not computed,,
cheat-degraded-to-a-guess,1dd169613d57,3fd443c,BTC-USD,4h,2025-10-01 00:00:00,2026-07-26,19,train,long,2024-01-29 20:00:00,42995.99,43017.487994999996,2024-01-31 20:00:00,42316.99870928571,42295.84020993107,stop,13,466.99285714285674,42316.99870928571,43951.47370928571,0.05795350004555877,2493.013992478056,9972.055969912224,-39.34992179734439,4.944205970011242,2.4720931475250083,7.4162991175362505,-46.76622091488064,-0.004689727078947822,-0.003946018946952496,9925.289748997344,not computed,,
cheat-degraded-to-a-guess,1dd169613d57,3fd443c,BTC-USD,4h,2025-10-01 00:00:00,2026-07-26,20,train,short,2024-02-01 00:00:00,42580.0,42558.71,2024-02-05 12:00:00,43503.32,43525.071659999994,stop,28,629.7399999999996,43503.32,41299.23,0.05830351618386309,2481.322437249336,9925.289748997344,-53.83280256288445,5.018987157181946,2.5094801203900587,7.5284672775720045,-61.36126984045646,-0.006182315216203657,-0.005423801614287649,9863.928479156888,not computed,,
cheat-degraded-to-a-guess,1dd169613d57,3fd443c,BTC-USD,4h,2025-10-01 00:00:00,2026-07-26,21,train,short,2024-02-05 16:00:00,42644.04,42622.71798,2024-02-06 12:00:00,43207.93333714286,43229.53730381143,stop,6,390.1435714285716,43207.93333714286,41842.430837142856,0.05785605040359798,2465.982119789222,9863.928479156888,-32.62464133599023,4.967072408962755,2.483528048320842,7.450600457283597,-40.07524179327383,-0.004062807417749975,-0.0033074693723629677,9823.853237363614,not computed,,
cheat-degraded-to-a-guess,1dd169613d57,3fd443c,BTC-USD,4h,2025-10-01 00:00:00,2026-07-26,22,train,long,2024-02-06 16:00:00,43244.89,43266.512445,2024-02-07 20:00:00,44215.351016428576,44193.243340920366,target,8,474.41928571428747,42554.88351642857,44215.351016428576,0.056763607015076656,2455.9633093409034,9823.853237363614,55.086867760003585,4.96453120706656,2.4822793752500445,7.446810582316605,47.640057177686984,0.0048494268009313165,0.005607460375170163,9871.4932945413,not computed,,
cheat-degraded-to-a-guess,1dd169613d57,3fd443c,BTC-USD,4h,2025-10-01 00:00:00,2026-07-26,23,train,long,2024-02-08 00:00:00,44349.6,44371.7748,2024-02-08 12:00:00,45252.90622857143,45230.27977545715,target,4,440.5657142857152,43710.92622857143,45252.90622857143,0.055618089083858895,2467.873323635325,9871.4932945413,50.240166290690574,4.983495053474562,2.491760086778605,7.475255140253167,42.764911150437406,0.004332162305584038,0.005089419076896115,9914.258205691738,not computed,,
cheat-degraded-to-a-guess,1dd169613d57,3fd443c,BTC-USD,4h,2025-10-01 00:00:00,2026-07-26,24,train,long,2024-02-08 16:00:00,45432.3,45455.01615,2024-02-09 04:00:00,46394.19329285715,46370.99619621072,target,4,469.5885714285713,44750.63329285714,46394.19329285715,0.05452785547900271,2478.5645514229345,9914.258205691738,52.449978459136425,5.007075530427297,2.503550877708278,7.510626408135575,44.93935205100085,0.004532800247748373,0.005290358327466708,9959.197557742738,not computed,,
cheat-degraded-to-a-guess,1dd169613d57,3fd443c,BTC-USD,4h,2025-10-01 00:00:00,2026-07-26,25,train,long,2024-02-09 08:00:00,46202.01,46225.111005,2024-02-09 12:00:00,47300.863862142854,47277.213430211785,target,2,537.8764285714278,45418.29636214286,47300.863862142854,0.053862485893573564,2489.7993894356846,9959.197557742738,59.18700064876822,5.0362676309079335,2.5181486122038663,7.5544162431118,51.63258440565642,0.0051844121081336385,0.005942948747186315,10010.830142148396,not computed,,
cheat-degraded-to-a-guess,1dd169613d57,3fd443c,BTC-USD,4h,2025-10-01 00:00:00,2026-07-26,26,train,short,2024-02-09 16:00:00,47159.99,47136.410005,2024-02-09 16:00:00,48104.51321928571,48128.56547589535,stop,1,645.4021428571422,48104.51321928571,45845.60571928571,0.05309499673970979,2502.707535537099,10010.830142148396,-50.14945724855522,5.058093562566672,2.5290342439189075,7.587127806485579,-57.736585055040806,-0.00576741231598303,-0.005009520343114401,9953.093557093354,not computed,,
cheat-degraded-to-a-guess,1dd169613d57,3fd443c,BTC-USD,4h,2025-10-01 00:00:00,2026-07-26,27,train,long,2024-02-09 20:00:00,47509.48,47533.23474,2024-02-12 12:00:00,48924.61188285714,48900.14957691572,target,17,695.6885714285709,46489.701882857145,48924.61188285714,0.052348076096311105,2488.2733892733386,9953.093557093354,74.0794314901215,5.0481021404467175,2.5240695900807424,7.57217173052746,66.50725975959404,0.0066820691856348275,0.00744285493401463,10019.600816852948,not computed,,
cheat-degraded-to-a-guess,1dd169613d57,3fd443c,BTC-USD,4h,2025-10-01 00:00:00,2026-07-26,28,train,long,2024-02-12 16:00:00,49917.8,49942.7589,2024-02-13 12:00:00,48918.81282857143,48894.353422157146,stop,6,682.6307142857144,48918.81282857143,51308.02032857143,0.05015542311606732,2504.900204213237,10019.600816852948,-50.10462427052353,4.957217188088063,2.4785960678875796,7.435813255975643,-57.540437526499176,-0.005742787420205032,-0.005000660723553743,9962.060379326449,not computed,,
cheat-degraded-to-a-guess,1dd169613d57,3fd443c,BTC-USD,4h,2025-10-01 00:00:00,2026-07-26,29,train,short,2024-02-13 16:00:00,48727.47,48703.106265,2024-02-14 04:00:00,49873.54340785714,49898.48017956107,stop,4,780.2914285714281,49873.54340785714,47142.523407857145,0.0511366786602972,2490.5150948316123,9962.060379326449,-58.60638757870232,5.042157641411035,2.521064169108527,7.563221810519562,-66.16960938922188,-0.006642161045975883,-0.005882958479184081,9895.890769937227,not computed,,
cheat-degraded-to-a-guess,1dd169613d57,3fd443c,BTC-USD,4h,2025-10-01 00:00:00,2026-07-26,30,train,long,2024-02-14 08:00:00,49838.93,49863.849465,2024-02-14 08:00:00,51547.26803642857,51521.49440241036,target,1,841.7092857142858,48601.28553642857,51547.26803642857,0.049614554813318536,2473.9726924843067,9895.890769937227,84.75843114806221,5.03018870057678,2.5151155398958736,7.545304240472653,77.21312690758955,0.007802544379547486,0.00856501280365283,9973.103896844816,not computed,,
cheat-degraded-to-a-guess,1dd169613d57,3fd443c,BTC-USD,4h,2025-10-01 00:00:00,2026-07-26,31,train,long,2024-02-14 12:00:00,51555.12,51580.89756,2024-02-26 16:00:00,53430.68756,53403.97221622,target,74,924.8949999999999,50193.55506,53430.68756,0.04833719636830616,2493.275974211204,9973.103896844816,90.65967744974465,5.074674266074196,2.537359797956256,7.6120340640304525,83.0476433857142,0.00832716115711859,0.009090417425454335,10056.15154023053,not computed,,
cheat-degraded-to-a-guess,1dd169613d57,3fd443c,BTC-USD,4h,2025-10-01 00:00:00,2026-07-26,32,train,long,2024-02-26 20:00:00,54487.1,54514.34355,2024-02-27 00:00:00,55646.52212142857,55618.69886036786,target,2,566.0892857142862,53665.20962142857,55646.52212142857,0.04611699823096618,2514.0378850576326,10056.15154023053,53.4690679228645,5.079005322009858,2.539516028271599,7.6185213502814575,45.85054657258304,0.004559452628488527,0.005317050733469631,10102.002086803113,not computed,,
cheat-degraded-to-a-guess,1dd169613d57,3fd443c,BTC-USD,4h,2025-10-01 00:00:00,2026-07-26,33,train,long,2024-02-27 04:00:00,55667.6,55695.4338,2024-02-27 12:00:00,57188.245228571424,57159.65110595714,target,3,746.4057142857143,54575.825228571426,57188.245228571424,0.045344839772139066,2525.5005217007783,10102.002086803113,68.95341423983909,5.117395742531777,2.5587151096192997,7.676110852151076,61.277303387688015,0.006065857328196205,0.0068257176792625406,10163.2793901908,not computed,,
cheat-degraded-to-a-guess,1dd169613d57,3fd443c,BTC-USD,4h,2025-10-01 00:00:00,2026-07-26,34,train,long,2024-02-27 16:00:00,56745.66,56774.032830000004,2024-02-28 08:00:00,58502.09283,58472.841783585005,target,5,864.0299999999988,55477.987830000005,58502.09283,0.04475320354916031,2540.8198475477,10163.2793901908,78.6059959614176,5.1576668379863255,2.578853070492002,7.736519908478328,70.86947605293928,0.006973091394234397,0.0077343141857622285,10234.14886624374,not computed,,
cheat-degraded-to-a-guess,1dd169613d57,3fd443c,BTC-USD,4h,2025-10-01 00:00:00,2026-07-26,35,train,long,2024-02-28 12:00:00,58941.11,58970.580555,2024-02-28 12:00:00,61214.84912642857,61184.24170186536,target,1,1122.1342857142845,57287.379126428576,61214.84912642857,0.04338667166714881,2558.537216560935,10234.14886624374,98.64997293510608,5.213117822483242,2.6065835737347385,7.81970139621798,90.8302715388881,0.008875215000876346,0.009639294310100627,10324.979137782628,not computed,,
cheat-degraded-to-a-guess,1dd169613d57,3fd443c,BTC-USD,4h,2025-10-01 00:00:00,2026-07-26,36,train,long,2024-02-28 16:00:00,60966.22,60996.703109999995,2024-02-28 16:00:00,59082.17810999999,59052.637020944996,stop+target same candle (loss counted),1,1276.349999999999,59082.17810999999,63549.40310999999,0.04231777543436572,2581.244784445657,10324.979137782628,-79.72846160995829,5.080221016705118,2.5400905762367785,7.6203115929418965,-87.34877320290019,-0.008459946701806028,-0.007721900504205824,10237.630364579727,not computed,,
cheat-degraded-to-a-guess,1dd169613d57,3fd443c,BTC-USD,4h,2025-10-01 00:00:00,2026-07-26,37,train,short,2024-02-28 20:00:00,60951.1,60920.62445,2024-02-29 04:00:00,63352.30445,63383.980602225,stop,3,1621.119999999999,63352.30445,57678.384450000005,0.04201216934743569,2559.4075911449318,10237.630364579727,-100.87980799121638,5.222306118120188,2.611127839107681,7.833433957227869,-108.71324194844425,-0.010618984870226571,-0.009853824019691267,10128.917122631283,not computed,,
cheat-degraded-to-a-guess,1dd169613d57,3fd443c,BTC-USD,4h,2025-10-01 00:00:00,2026-07-26,38,train,long,2024-02-29 08:00:00,62707.17,62738.523584999995,2024-03-04 12:00:00,66310.33072785713,66277.17556249321,target,26,1785.903571428571,60059.66822785714,66310.33072785713,0.03781061599919422,2372.182223628825,10128.917122631283,136.23772666438316,4.878163058333436,2.439115588597872,7.317278646931308,128.92044801745186,0.012727959608772176,0.013450374310989666,10257.837570648735,not computed,,
cheat-degraded-to-a-guess,1dd169613d57,3fd443c,BTC-USD,4h,2025-10-01 00:00:00,2026-07-26,39,train,long,2024-03-04 16:00:00,66451.65,66484.875825,2024-03-04 20:00:00,68307.70296785714,68273.54911637322,target,2,911.4135714285704,65117.75546785714,68307.70296785714,0.0385720716304306,2564.4593926621837,10257.837570648735,71.5918080260592,5.197911619642653,2.598973707773027,7.79688532741568,63.79492269864352,0.006219139488149348,0.0069792300309870796,10321.632493347379,not computed,,
cheat-degraded-to-a-guess,1dd169613d57,3fd443c,BTC-USD,4h,2025-10-01 00:00:00,2026-07-26,40,train,long,2024-03-05 00:00:00,68245.71,68279.832855,2024-03-05 04:00:00,66683.39249785714,66650.05080160822,stop,2,1064.2935714285716,66683.39249785714,70408.41999785714,0.037791658465489146,2580.4081233368447,10321.632493347379,-59.042569455639125,5.099224079938724,2.5495972793267683,7.648821359265492,-66.69139081490462,-0.006461321971876963,-0.005720274335837276,10254.941102532473,not computed,,
cheat-degraded-to-a-guess,1dd169613d57,3fd443c,BTC-USD,4h,2025-10-01 00:00:00,2026-07-26,41,train,short,2024-03-05 08:00:00,66129.64,66096.57518,2024-03-05 12:00:00,68061.83018,68095.86109509,stop,2,1310.1700000000003,68061.83018,63476.235179999996,0.03878771734619123,2563.7352756331184,10254.941102532473,-74.94524656092655,5.205018288234969,2.602490407805803,7.807508696040772,-82.75275525696732,-0.008069549540029187,-0.007308208385752572,10172.188347275505,not computed,,
cheat-degraded-to-a-guess,1dd169613d57,3fd443c,BTC-USD,4h,2025-10-01 00:00:00,2026-07-26,42,train,long,2024-03-05 16:00:00,66773.05,66806.436525,2024-03-05 16:00:00,64506.12009642857,64473.867036380354,stop,1,1533.544285714286,64506.12009642857,69873.52509642857,0.03806589932194975,2543.0470868188763,10172.188347275505,-86.29272547926753,4.997302818322505,2.498629835979628,7.495932654302133,-93.78865813356967,-0.009220106326353051,-0.008483201699895773,10078.399689141936,not computed,,
cheat-degraded-to-a-guess,1dd169613d57,3fd443c,BTC-USD,4h,2025-10-01 00:00:00,2026-07-26,43,train,short,2024-03-05 20:00:00,61410.98,61380.27451000001,2024-03-06 04:00:00,64483.544152857154,64515.78592493358,stop,3,2068.846428571429,64483.544152857154,57242.58165285715,0.03247671278691359,1993.4295460431836,10078.399689141936,-99.78678351170814,4.088690195749254,2.0443201511784963,6.13301034692775,-105.91979385863588,-0.010509584569537328,-0.00990105439251575,9972.479895283299,not computed,,
cheat-degraded-to-a-guess,1dd169613d57,3fd443c,BTC-USD,4h,2025-10-01 00:00:00,2026-07-26,44,train,long,2024-03-06 08:00:00,66676.46,66709.79823,2024-03-11 08:00:00,71660.71823,71624.88787088501,target,31,2475.46,62996.60823,71660.71823,0.026856907121055734,1791.6188551274781,9972.479895283299,133.86176035046745,3.715241816231868,1.8576543735555617,5.57289618978743,128.28886416068002,0.012864289074311098,0.013423116592471676,10100.76875944398,not computed,,
cheat-degraded-to-a-guess,1dd169613d57,3fd443c,BTC-USD,4h,2025-10-01 00:00:00,2026-07-26,45,train,long,2024-03-11 12:00:00,71487.21,71522.953605,2024-03-12 16:00:00,70076.23039071429,70041.19227551894,stop,8,964.4821428571429,70076.23039071429,73451.91789071429,0.03530603900681843,2525.192189860995,10100.76875944398,-49.816101123266854,4.998069256424537,2.4990221741865213,7.497091430611058,-57.31319255387791,-0.005674141634050521,-0.004931911848461037,10043.455566890101,not computed,,
cheat-degraded-to-a-guess,1dd169613d57,3fd443c,BTC-USD,4h,2025-10-01 00:00:00,2026-07-26,46,train,short,2024-03-12 20:00:00,71349.99,71314.31500500001,2024-03-13 08:00:00,73569.12679071429,73605.91135410964,stop,4,1503.2078571428553,73569.12679071429,68307.8992907143,0.03520841350781372,2510.8638917225253,10043.455566890101,-78.13228575787122,5.102411255297499,2.5511860945770195,7.653597349874518,-85.78588310774573,-0.00854147086492352,-0.007779422653637969,9957.669683782355,not computed,,
cheat-degraded-to-a-guess,1dd169613d57,3fd443c,BTC-USD,4h,2025-10-01 00:00:00,2026-07-26,47,train,long,2024-03-13 12:00:00,73065.4,73101.93269999999,2024-03-14 12:00:00,70979.54734285713,70944.05756918571,stop,7,1414.923571428571,70979.54734285713,75931.77984285713,0.034054057519406586,2489.4174209455887,9957.669683782355,-71.03174636335024,4.905350438066731,2.4526574610963223,7.358007899163053,-78.38975426251329,-0.007872299117351066,-0.007133370418887936,9879.279929519842,not computed,,
cheat-degraded-to-a-guess,1dd169613d57,3fd443c,BTC-USD,4h,2025-10-01 00:00:00,2026-07-26,48,train,short,2024-03-14 16:00:00,70844.0,70808.57800000001,2024-03-15 00:00:00,68120.42085714286,68154.48106757143,target,3,1344.0785714285719,72824.69585714287,68120.42085714286,0.03488023700151075,2469.8199823799605,9879.279929519842,94.99908599522853,4.84706443473183,2.4235559671368776,7.270620401868707,87.72846559335981,0.008880046543799437,0.00961599293399572,9967.008395113202,not computed,,
cheat-degraded-to-a-guess,1dd169613d57,3fd443c,BTC-USD,4h,2025-10-01 00:00:00,2026-07-26,49,train,short,2024-03-15 04:00:00,68224.01,68189.89799499999,2024-03-16 20:00:00,64839.80228071428,64872.22218185463,target,11,1675.047857142858,70702.46978071428,64839.80228071428,0.03654136715325498,2491.7520987783005,9967.008395113202,123.66357679329909,4.8622717875729835,2.4311668096806898,7.293438597253673,116.37013819604542,0.011675533277678524,0.0124072913246397,10083.378533309247,not computed,,
cheat-degraded-to-a-guess,1dd169613d57,3fd443c,BTC-USD,4h,2025-10-01 00:00:00,2026-07-26,50,train,short,2024-03-17 00:00:00,65300.64,65267.989680000006,2024-03-17 16:00:00,68688.86932285715,68723.21375751858,stop,5,2280.586428571432,68688.86932285715,60706.816822857145,0.02947598157790648,1923.8380614346706,10083.378533309247,-99.87138510225992,3.9495222441258173,1.9747361542163873,5.924258398342205,-105.79564350060213,-0.010492082901690018,-0.009904555776850649,9977.582889808646,not computed,,
cheat-degraded-to-a-guess,1dd169613d57,3fd443c,BTC-USD,4h,2025-10-01 00:00:00,2026-07-26,51,train,long,2024-03-17 20:00:00,68536.72,68570.98836,2024-03-19 00:00:00,65973.11586,65940.12930207001,stop,8,1731.9150000000025,65973.11586,72034.81836,0.036376837815965256,2494.3957224521614,9977.582889808646,-93.25581202511694,4.893089111637341,2.4465212418655398,7.339610353502881,-100.59542237861982,-0.010082143490020064,-0.009346533429491303,9876.987467430026,not computed,,
cheat-degraded-to-a-guess,1dd169613d57,3fd443c,BTC-USD,4h,2025-10-01 00:00:00,2026-07-26,52,train,short,2024-03-19 04:00:00,65876.01,65843.07199499999,2024-03-19 12:00:00,62426.413423571415,62457.6266302832,target,3,1708.3292857142862,68405.56592357143,62426.413423571415,0.037501999709931774,2469.2468668575066,9876.987467430026,129.36676980860622,4.811532762629414,2.4057987230072797,7.217331485636694,122.14943832296953,0.01236707434587366,0.013097796290134123,9999.136905752996,not computed,,
cheat-degraded-to-a-guess,1dd169613d57,3fd443c,BTC-USD,4h,2025-10-01 00:00:00,2026-07-26,53,train,long,2024-03-19 16:00:00,64051.85,64083.87592499999,2024-03-20 04:00:00,61510.20056785714,61479.44546757321,stop,4,1715.7835714285725,61510.20056785714,67515.44306785714,0.03885158583813559,2489.760206340568,9999.136905752996,-98.74711108334697,4.8783341592049645,2.439142392824351,7.317476552029316,-106.06458763537628,-0.01060737427990931,-0.009875563462535741,9893.07231811762,not computed,,
cheat-degraded-to-a-guess,1dd169613d57,3fd443c,BTC-USD,4h,2025-10-01 00:00:00,2026-07-26,54,train,long,2024-03-20 08:00:00,62957.85,62989.328924999994,2024-03-20 20:00:00,66875.34035357143,66841.90268339466,target,4,1943.0057142857165,60074.82035357142,66875.34035357143,0.033944221043304176,2138.1237043995934,9893.07231811762,132.97615849664055,4.407020024039769,2.203543256059021,6.6105632800987895,126.36559521654176,0.012773139743972444,0.013441340993041711,10019.43791333416,not computed,,
cheat-degraded-to-a-guess,1dd169613d57,3fd443c,BTC-USD,4h,2025-10-01 00:00:00,2026-07-26,55,train,long,2024-03-21 00:00:00,67840.51,67874.43025499998,2024-03-21 20:00:00,64637.77739785713,64605.458509158205,stop,6,2157.768571428572,64637.77739785713,72189.96739785712,0.030956170944383517,2101.1324657264163,10019.43791333416,-99.14433792108484,4.101070083276194,2.050510255553121,6.151580338829315,-105.29591825991416,-0.010509164203690835,-0.009895199588905147,9914.141995074247,not computed,,
cheat-degraded-to-a-guess,1dd169613d57,3fd443c,BTC-USD,4h,2025-10-01 00:00:00,2026-07-26,56,train,long,2024-03-22 00:00:00,65501.28,65534.03064,2024-03-22 20:00:00,62582.73885428571,62551.44748485857,stop,6,1967.527857142857,62582.73885428571,69469.08635428571,0.03359255104176278,2201.455269246646,9914.141995074247,-98.04124240489213,4.302717961617902,2.1513344704982416,6.454052432116144,-104.49529483700827,-0.010540024027185188,-0.009889029474623527,9809.64670023724,not computed,,
cheat-degraded-to-a-guess,1dd169613d57,3fd443c,BTC-USD,4h,2025-10-01 00:00:00,2026-07-26,57,train,short,2024-03-23 00:00:00,63796.64,63764.74168000001,2024-03-24 20:00:00,66478.16560857143,66511.40469137572,stop,12,1808.9492857142852,66478.16560857143,60146.84310857143,0.03615228198198227,2305.240921723618,9809.64670023724,-96.94326994298115,4.709779979143972,2.354865753754197,7.064645732898169,-104.00791567587932,-0.010602615859077163,-0.009882442549193605,9705.638784561359,not computed,,
cheat-degraded-to-a-guess,1dd169613d57,3fd443c,BTC-USD,4h,2025-10-01 00:00:00,2026-07-26,58,train,long,2024-03-25 00:00:00,67210.0,67243.605,2024-03-25 12:00:00,69637.515,69602.69624250001,target,4,1196.9550000000013,65448.17249999999,69637.515,0.03608387289974028,2426.4096961403397,9705.638784561359,87.59414272221301,4.93794454083394,2.4689941689521504,7.406938709786091,80.18720401242692,0.008261919260788864,0.00902507755198431,9785.825988573786,not computed,,
cheat-degraded-to-a-guess,1dd169613d57,3fd443c,BTC-USD,4h,2025-10-01 00:00:00,2026-07-26,59,train,long,2024-03-25 16:00:00,69792.06,69826.95602999999,2024-04-02 00:00:00,68030.58281571427,67996.56752430642,stop,45,1197.582142857144,68030.58281571427,72222.12031571427,0.03503598948366541,2446.4564971434465,9785.825988573786,-61.71509610435139,4.828783521850392,2.4143763321505247,7.2431598540009166,-68.95825595835231,-0.007046748638170142,-0.006306580167725414,9716.867732615434,not computed,,
cheat-degraded-to-a-guess,1dd169613d57,3fd443c,BTC-USD,4h,2025-10-01 00:00:00,2026-07-26,60,train,short,2024-04-02 04:00:00,66703.97,66670.618015,2024-04-03 00:00:00,64520.708015,64552.968369007496,target,6,1074.9550000000006,68283.050515,64520.708015,0.03643609442179337,2429.2169331538585,9716.867732615434,79.5495398329722,4.781274983854057,2.3906573793120174,7.171932363166074,72.37760746980612,0.007448656240000568,0.008186747213400661,9789.24534008524,not computed,,
cheat-degraded-to-a-guess,1dd169613d57,3fd443c,BTC-USD,4h,2025-10-01 00:00:00,2026-07-26,61,train,long,2024-04-03 04:00:00,66225.79,66258.90289499999,2024-04-04 16:00:00,69182.34718071428,69147.75600712393,target,10,1461.7221428571434,64066.319680714274,69182.34718071428,0.0369355849265954,2447.31133502131,9789.24534008524,109.2021688386079,5.001324149505933,2.5006893752948542,7.5020135248007875,101.70015531380712,0.010388967870420292,0.011155320460857612,9890.945495399046,not computed,,
cheat-degraded-to-a-guess,1dd169613d57,3fd443c,BTC-USD,4h,2025-10-01 00:00:00,2026-07-26,62,train,long,2024-04-04 20:00:00,68500.0,68534.25,2024-04-05 04:00:00,66730.97035714285,66697.60487196429,stop,3,1202.1864285714307,66730.97035714285,70938.62285714287,0.03608030107354734,2472.7363738497615,9890.945495399046,-63.82712212231573,4.879206038514731,2.4395870624767326,7.3187931009914635,-71.14591522330718,-0.007193034807077039,-0.006453086022160983,9819.799580175739,not computed,,
cheat-degraded-to-a-guess,1dd169613d57,3fd443c,BTC-USD,4h,2025-10-01 00:00:00,2026-07-26,63,train,short,2024-04-05 08:00:00,66930.75,66897.284625,2024-04-06 20:00:00,68698.77391071428,68733.12329766963,stop,10,1200.9928571428588,68698.77391071428,64495.298910714286,0.036697302570730984,2454.9498950439347,9819.799580175739,-64.88170840376915,4.977270117329876,2.4886188382375423,7.465888955567419,-72.34759735933658,-0.007367522806208008,-0.006607233464800307,9747.451982816403,not computed,,
cheat-degraded-to-a-guess,1dd169613d57,3fd443c,BTC-USD,4h,2025-10-01 00:00:00,2026-07-26,64,train,long,2024-04-07 00:00:00,68896.0,68930.44799999999,2024-04-08 08:00:00,71242.74514285714,71207.12377028572,target,9,1156.1485714285704,67196.22514285713,71242.74514285714,0.03535249032044738,2436.8629957041007,9747.451982816403,82.96328494741383,4.954212149540024,2.4771268155905375,7.4313389651305615,75.53194598228326,0.00774889131184612,0.008511279162356297,9822.983928798687,not computed,,
cheat-degraded-to-a-guess,1dd169613d57,3fd443c,BTC-USD,4h,2025-10-01 00:00:00,2026-07-26,65,train,long,2024-04-08 12:00:00,72404.0,72440.20199999999,2024-04-09 00:00:00,71066.6027142857,71031.06941292857,stop,4,915.7328571428546,71066.6027142857,74271.6677142857,0.03390031935857484,2455.7459821996717,9822.983928798687,-45.338195095005744,4.8637219196790475,2.431849625290191,7.295571544969238,-52.63376663997498,-0.005358225873266993,-0.004615521660590809,9770.350162158711,not computed,,
cheat-degraded-to-a-guess,1dd169613d57,3fd443c,BTC-USD,4h,2025-10-01 00:00:00,2026-07-26,66,train,short,2024-04-09 04:00:00,71285.0,71249.3575,2024-04-09 12:00:00,69226.46892857143,69261.08216303571,target,3,1011.4442857142848,72766.52392857142,69226.46892857143,0.034282239535137954,2442.587540539678,9770.350162158711,70.57105528123853,4.817012549715739,2.4085239176216504,7.225536467337389,63.34551881390114,0.006483444069307057,0.007222981173649789,9833.695680972613,not computed,,
cheat-degraded-to-a-guess,1dd169613d57,3fd443c,BTC-USD,4h,2025-10-01 00:00:00,2026-07-26,67,train,short,2024-04-09 16:00:00,69264.0,69229.368,2024-04-10 20:00:00,70969.61228571429,71005.09709185714,stop,8,1160.162857142856,70969.61228571429,66909.04228571428,0.035511286485284004,2458.423920243153,9833.695680972613,-60.56848651082026,4.979906264987497,2.4899379903717644,7.469844255359262,-68.03833076617951,-0.006918897327464389,-0.006159280140020529,9765.657350206433,not computed,,
cheat-degraded-to-a-guess,1dd169613d57,3fd443c,BTC-USD,4h,2025-10-01 00:00:00,2026-07-26,68,train,long,2024-04-11 00:00:00,70631.08,70666.39554,2024-04-12 16:00:00,68946.37125428571,68911.89806865857,stop,11,1146.682857142856,68946.37125428571,72959.76125428571,0.034548448649396164,2441.4143375516082,9765.657350206433,-58.20407359049882,4.822213509309082,2.4110922036358744,7.233305712944956,-65.43737930344378,-0.006700765443307359,-0.00596007739195032,9700.219970902988,not computed,,
cheat-degraded-to-a-guess,1dd169613d57,3fd443c,BTC-USD,4h,2025-10-01 00:00:00,2026-07-26,69,train,short,2024-04-12 20:00:00,66843.98,66810.55801,2024-04-13 16:00:00,63999.27658142857,64031.27621971928,target,6,1405.6407142857133,68919.01908142856,63999.27658142857,0.03629748149031733,2425.054992725747,9700.219970902988,103.25556968103888,4.749229056112404,2.374640341948634,7.123869398061038,96.13170028297785,0.009910259826203612,0.01064466269741993,9796.351671185967,not computed,,
cheat-degraded-to-a-guess,1dd169613d57,3fd443c,BTC-USD,4h,2025-10-01 00:00:00,2026-07-26,70,train,short,2024-04-13 20:00:00,64788.01,64755.61599500001,2024-04-13 20:00:00,61843.42885214287,61874.35056656894,target,1,1456.0935714285708,66939.75635214287,61843.42885214287,0.037820471323839984,2449.0879177964916,9796.351671185967,111.36544686325057,4.789205019080635,2.3946303509017497,7.1838353699823845,104.18161149326818,0.01063473576593803,0.011368053189720622,9900.533282679235,not computed,,
cheat-degraded-to-a-guess,1dd169613d57,3fd443c,BTC-USD,4h,2025-10-01 00:00:00,2026-07-26,71,train,short,2024-04-14 00:00:00,63924.52,63892.557740000004,2024-04-15 04:00:00,66442.56202571429,66475.78330672714,stop,8,1700.0028571428568,66442.56202571429,60492.55202571429,0.03873899258724227,2475.1333206698087,9900.533282679235,-97.5464113685104,5.050338197420235,2.525144712106922,7.575482909527157,-105.12189427803756,-0.010617801210965677,-0.009852642133850073,9795.411388401197,not computed,,
cheat-degraded-to-a-guess,1dd169613d57,3fd443c,BTC-USD,4h,2025-10-01 00:00:00,2026-07-26,72,train,long,2024-04-15 08:00:00,66263.84,66296.97192,2024-04-15 16:00:00,63467.94192,63436.20794904,stop,3,1886.0199999999988,63467.94192,70069.01191999999,0.0346246288954207,2295.5080496201267,9795.411388401197,-96.80693344941922,4.491963208388373,2.2459574024607605,6.737920610849134,-103.54485406026835,-0.010570750931694038,-0.009882885936168937,9691.866534340928,not computed,,
cheat-degraded-to-a-guess,1dd169613d57,3fd443c,BTC-USD,4h,2025-10-01 00:00:00,2026-07-26,73,train,short,2024-04-15 20:00:00,63301.11,63269.45944500001,2024-04-22 04:00:00,66436.47801642858,66469.6962554368,stop,39,2111.3457142857137,66436.47801642858,59046.76801642858,0.030602493530592564,1936.2032233497014,9691.866534340928,-95.95007943878234,3.970341672987159,1.9851468489735566,5.955488521960715,-101.90556796074306,-0.010514545118802844,-0.009900061984841106,9589.960966380186,not computed,,
cheat-degraded-to-a-guess,1dd169613d57,3fd443c,BTC-USD,4h,2025-10-01 00:00:00,2026-07-26,74,train,long,2024-04-22 08:00:00,65980.01,66013.000005,2024-04-24 12:00:00,64712.312504999994,64679.956348747495,stop,14,867.1250000000006,64712.312504999994,67747.250005,0.03631845608309658,2397.4902415950464,9589.960966380186,-46.04081579880906,4.746566395703636,2.3732716876478293,7.119838083351465,-53.160653882160524,-0.005543364990590413,-0.004800938810931111,9536.800312498026,not computed,,
cheat-degraded-to-a-guess,1dd169613d57,3fd443c,BTC-USD,4h,2025-10-01 00:00:00,2026-07-26,75,train,short,2024-04-24 16:00:00,64610.1,64577.79495,2024-04-25 12:00:00,62976.09780714286,63007.58585604643,target,6,800.8485714285707,65779.06780714286,62976.09780714286,0.036919812452105204,2384.2000781245065,9536.800312498026,60.32705450661413,4.710428330989657,2.3552292472582863,7.065657578247944,53.26139692836619,0.005584828787760907,0.006325712244132365,9590.061709426393,not computed,,
cheat-degraded-to-a-guess,1dd169613d57,3fd443c,BTC-USD,4h,2025-10-01 00:00:00,2026-07-26,76,train,long,2024-04-25 16:00:00,64135.93,64167.997964999995,2024-04-27 00:00:00,62801.998322142856,62770.59732298179,stop,9,910.6664285714287,62801.998322142856,65989.33082214286,0.037363101598779924,2397.515427356598,9590.061709426393,-49.83982480560747,4.74281963255127,2.371397356319015,7.114216988870285,-56.95404179447775,-0.005938860824899147,-0.005197028581851381,9533.107667631915,not computed,,
cheat-degraded-to-a-guess,1dd169613d57,3fd443c,BTC-USD,4h,2025-10-01 00:00:00,2026-07-26,77,train,short,2024-04-27 04:00:00,63082.0,63050.459,2024-04-30 00:00:00,64414.95114285714,64447.15861842857,stop,18,909.6614285714287,64414.95114285714,61231.13614285715,0.037799517318469936,2383.276916907979,9533.107667631915,-50.384909809102844,4.819348405231449,2.409661606388134,7.229010011619583,-57.61391982072243,-0.006043561221524952,-0.005285255508041354,9475.493747811193,not computed,,
cheat-degraded-to-a-guess,1dd169613d57,3fd443c,BTC-USD,4h,2025-10-01 00:00:00,2026-07-26,78,train,short,2024-04-30 04:00:00,63647.99,63616.166005,2024-04-30 08:00:00,61943.24743357143,61974.21905728821,target,2,836.4592857142858,64870.85493357143,61943.24743357143,0.037236972702294154,2368.8734369527983,9475.493747811193,63.47945241053951,4.676605740235038,2.3383187399804086,7.014924480215447,56.46452793032406,0.005959006404639038,0.006699329248695146,9531.958275741517,not computed,,
cheat-degraded-to-a-guess,1dd169613d57,3fd443c,BTC-USD,4h,2025-10-01 00:00:00,2026-07-26,79,train,short,2024-04-30 12:00:00,61204.41,61173.80779500001,2024-04-30 16:00:00,59276.27493785715,59305.913075326076,target,2,948.7664285714288,62596.95743785715,59276.27493785715,0.03895440965390013,2382.9895689353793,9531.958275741517,75.10936307876077,4.693216401770224,2.3466269782254727,7.0398433799956965,68.06951969876506,0.007141189431346912,0.00787974106746893,9600.027795440283,not computed,,
cheat-degraded-to-a-guess,1dd169613d57,3fd443c,BTC-USD,4h,2025-10-01 00:00:00,2026-07-26,80,train,short,2024-04-30 20:00:00,59292.95,59263.303525,2024-04-30 20:00:00,60887.38566785715,60917.829360691074,stop,1,1082.7214285714294,60887.38566785715,57097.860667857145,0.04049735343976626,2400.0069488600707,9600.027795440283,-64.57042477818074,4.867017815263347,2.4334927650251927,7.30051058028854,-71.87093535846928,-0.00748653409030813,-0.006726066440021111,9528.156860081814,not computed,,
cheat-degraded-to-a-guess,1dd169613d57,3fd443c,BTC-USD,4h,2025-10-01 00:00:00,2026-07-26,81,train,long,2024-05-01 00:00:00,60672.01,60702.346005,2024-05-01 04:00:00,58934.42779071428,58904.96057681893,stop,2,1178.612142857144,58934.42779071428,63059.570290714284,0.03924130403171316,2382.0392150204534,9528.156860081814,-68.18499175467677,4.693546681991482,2.346756294747564,7.040302976739047,-75.22529473141581,-0.00789505208993483,-0.0071561575607909655,9452.931565350398,not computed,,
cheat-degraded-to-a-guess,1dd169613d57,3fd443c,BTC-USD,4h,2025-10-01 00:00:00,2026-07-26,82,train,short,2024-05-01 08:00:00,57500.0,57471.25,2024-05-02 16:00:00,59566.48857142857,59596.27181571428,stop,9,1396.8257142857146,59566.48857142857,54677.59857142857,0.04112026258933988,2363.2328913375995,9452.931565350398,-84.97455269501265,4.813847237745446,2.406902375234395,7.220749612979842,-92.19530230799249,-0.009753091056528242,-0.008989227533021164,9360.736263042405,not computed,,
cheat-degraded-to-a-guess,1dd169613d57,3fd443c,BTC-USD,4h,2025-10-01 00:00:00,2026-07-26,83,train,long,2024-05-02 20:00:00,59351.1,59380.77555,2024-05-03 20:00:00,62541.95412142857,62510.68314436786,target,7,1580.5892857142874,57009.89162142857,62541.95412142857,0.03940979288473778,2340.1840657606012,9360.736263042405,125.75090005091198,4.803717141563608,2.401890008506669,7.205607150070277,118.5452929008417,0.012664099229980056,0.013433868503206896,9479.281555943247,not computed,,
cheat-degraded-to-a-guess,1dd169613d57,3fd443c,BTC-USD,4h,2025-10-01 00:00:00,2026-07-26,84,train,long,2024-05-04 00:00:00,62882.01,62913.451004999995,2024-05-09 08:00:00,60887.77707642857,60857.333187890355,stop,33,1350.449285714288,60887.77707642857,65614.34957642858,0.0376679446307511,2369.820388985812,9479.281555943247,-75.1186553459097,4.6621910458824365,2.3310767432770234,6.99326778915946,-82.11192313506916,-0.008662251738222425,-0.007924509352590375,9397.169632808178,not computed,,
cheat-degraded-to-a-guess,1dd169613d57,3fd443c,BTC-USD,4h,2025-10-01 00:00:00,2026-07-26,85,train,short,2024-05-09 12:00:00,61053.99,61023.463005,2024-05-09 16:00:00,62399.80836214285,62431.00826632392,stop,2,917.5635714285719,62399.80836214285,59188.335862142856,0.0384981823796128,2349.2924082020445,9397.169632808178,-51.81156075560739,4.752772750582097,2.3763734224008317,7.129146172982929,-58.940706928590316,-0.006272176541627134,-0.005513528304811969,9338.228925879588,not computed,,
cheat-degraded-to-a-guess,1dd169613d57,3fd443c,BTC-USD,4h,2025-10-01 00:00:00,2026-07-26,86,train,long,2024-05-09 20:00:00,62454.92,62486.14745999999,2024-05-10 12:00:00,61056.583174285704,61026.05488269856,stop,5,953.0428571428571,61056.583174285704,64392.233174285706,0.037361196463013585,2334.557231469897,9338.228925879588,-52.243536866978516,4.614563657305047,2.3072687677681145,6.921832425073162,-59.16536929205168,-0.006335823394528611,-0.0055945872907648365,9279.063556587536,not computed,,
cheat-degraded-to-a-guess,1dd169613d57,3fd443c,BTC-USD,4h,2025-10-01 00:00:00,2026-07-26,87,train,short,2024-05-10 16:00:00,60928.02,60897.55599,2024-05-13 04:00:00,62365.65206142857,62396.83488745928,stop,16,978.7307142857135,62365.65206142857,58940.094561428574,0.038092922637614775,2319.765889146884,9279.063556587536,-54.763606897353256,4.696643693346894,2.348308155771349,7.044951849118243,-61.8085587464715,-0.006661077205640154,-0.005901846297676734,9217.254997841064,not computed,,
cheat-degraded-to-a-guess,1dd169613d57,3fd443c,BTC-USD,4h,2025-10-01 00:00:00,2026-07-26,88,train,long,2024-05-13 08:00:00,62334.36,62365.52718,2024-05-14 12:00:00,61392.80075142857,61362.10435105286,stop,8,648.4842857142851,61392.80075142857,63662.49575142857,0.03694851713206133,2304.313749460266,9217.254997841064,-34.78921802669226,4.5715525133344785,2.2857675593624265,6.857320072696905,-41.64653809938917,-0.004518323308744733,-0.0037743577708158078,9175.608459741676,not computed,,
cheat-degraded-to-a-guess,1dd169613d57,3fd443c,BTC-USD,4h,2025-10-01 00:00:00,2026-07-26,89,train,short,2024-05-14 16:00:00,61787.6,61756.7062,2024-05-15 12:00:00,63053.5687,63085.09548435,stop,6,864.5750000000007,63053.5687,60027.5562,0.037144178439610806,2293.902114935419,9175.608459741676,-47.023367291762305,4.637146158486001,2.318561323400985,6.955707481886986,-53.97907477364929,-0.005882887768204636,-0.005124822784023434,9121.629384968026,not computed,,
cheat-degraded-to-a-guess,1dd169613d57,3fd443c,BTC-USD,4h,2025-10-01 00:00:00,2026-07-26,90,train,long,2024-05-15 16:00:00,64725.12,64757.48256,2024-05-16 00:00:00,66583.05256,66549.76103372,target,3,912.7850000000014,63388.30505999999,66583.05256,0.03521457685031428,2280.4073462420065,9121.629384968026,65.42630891682093,4.62392902053399,2.311980866843811,6.935909887377801,58.490399029443125,0.006412275325045795,0.007172655909989075,9180.119783997468,not computed,,
cheat-degraded-to-a-guess,1dd169613d57,3fd443c,BTC-USD,4h,2025-10-01 00:00:00,2026-07-26,91,train,short,2024-05-16 04:00:00,65975.39,65942.402305,2024-05-17 12:00:00,67384.38123357143,67418.07342418822,stop,9,961.3192857142868,67384.38123357143,64019.763733571424,0.03480355379508747,2295.029945999367,9180.119783997468,-49.03790219441,4.641418491179258,2.3206969861141644,6.962115477293422,-56.000017671703425,-0.006100140193085619,-0.00534174971005188,9124.119766325764,not computed,,
cheat-degraded-to-a-guess,1dd169613d57,3fd443c,BTC-USD,4h,2025-10-01 00:00:00,2026-07-26,92,train,long,2024-05-17 16:00:00,67195.09,67228.687545,2024-05-20 16:00:00,69425.62468785714,69390.91187551322,target,19,1098.4685714285717,65580.98468785714,69425.62468785714,0.033929413541720826,2281.029941581441,9124.119766325764,75.6807338434582,4.635422886642837,2.3177303635044098,6.953153250147246,68.72758059331095,0.007532516270442073,0.008294579179327721,9192.847346919076,not computed,,
cheat-degraded-to-a-guess,1dd169613d57,3fd443c,BTC-USD,4h,2025-10-01 00:00:00,2026-07-26,93,train,long,2024-05-20 20:00:00,70000.0,70035.0,2024-05-21 00:00:00,71558.75142857143,71522.97205285715,target,2,761.8757142857149,68892.18642857143,71558.75142857143,0.032815190072531863,2298.211836729769,9192.847346919076,51.15072440440198,4.645251759196661,2.3226386672792074,6.9678904264758685,44.18283397792611,0.0048062186078542575,0.005564187294108045,9237.030180897002,not computed,,
cheat-degraded-to-a-guess,1dd169613d57,3fd443c,BTC-USD,4h,2025-10-01 00:00:00,2026-07-26,94,train,short,2024-05-21 04:00:00,71283.99,71248.348005,2024-05-21 16:00:00,69298.25514785715,69332.90427543108,target,4,975.0464285714291,72710.91764785715,69298.25514785715,0.032411383700604444,2309.2575452242504,9237.030180897002,64.36041422046496,4.556432908772526,2.278232544489633,6.834665453262159,57.5257487672028,0.006227732035148175,0.006967652260525034,9294.555929664204,not computed,,
cheat-degraded-to-a-guess,1dd169613d57,3fd443c,BTC-USD,4h,2025-10-01 00:00:00,2026-07-26,95,train,short,2024-05-21 20:00:00,69285.99,69251.347005,2024-05-23 16:00:00,66981.70986214286,67015.20071707392,target,12,1134.8185714285707,70953.57486214286,66981.70986214286,0.033553700872392886,2323.638982416051,9294.555929664204,77.3171264718549,4.572246981180118,2.286142819871486,6.8583898010516045,70.4587366708033,0.00758064583224783,0.00831853905199409,9365.014666335008,not computed,,
cheat-degraded-to-a-guess,1dd169613d57,3fd443c,BTC-USD,4h,2025-10-01 00:00:00,2026-07-26,96,train,short,2024-05-23 20:00:00,67199.98,67166.38001,2024-05-24 16:00:00,68796.99251,68831.391006255,stop,6,1087.0750000000003,68796.99251,64992.23000999999,0.03485752345496626,2341.253666583752,9365.014666335008,-55.667901025199555,4.74054549302224,2.37025882953602,7.11080432255826,-62.778705347757814,-0.006703535187556328,-0.005944240666841918,9302.23596098725,not computed,,
cheat-degraded-to-a-guess,1dd169613d57,3fd443c,BTC-USD,4h,2025-10-01 00:00:00,2026-07-26,97,train,long,2024-05-24 20:00:00,69115.98,69150.53799,2024-05-28 16:00:00,67399.28922857143,67365.58958395715,stop,24,1167.4991742857133,67399.28922857143,71485.53633857143,0.033630381741688205,2325.5589902468123,9302.23596098725,-57.73296597557577,4.591089484209186,2.2955303088631993,6.886619793072385,-64.61958576864816,-0.006946672395718294,-0.006206353635588551,9237.6163752186,not computed,,
cheat-degraded-to-a-guess,1dd169613d57,3fd443c,BTC-USD,4h,2025-10-01 00:00:00,2026-07-26,98,train,long,2024-05-28 20:00:00,68424.28,68458.49214,2024-05-31 16:00:00,66903.96178285715,66870.50980196573,stop,18,1036.3535714285722,66903.96178285715,70531.19928285715,0.03373436985848064,2309.40409380465,9237.6163752186,-51.286977039682746,4.565238604089317,2.2826064803001955,6.847845084389513,-58.13482212407226,-0.006293270878841464,-0.005551970871757389,9179.481553094529,not computed,,
cheat-degraded-to-a-guess,1dd169613d57,3fd443c,BTC-USD,4h,2025-10-01 00:00:00,2026-07-26,99,train,long,2024-05-31 20:00:00,67681.25781,67715.098438905,2024-06-03 12:00:00,69493.96473426215,69459.21775189502,target,17,889.4331476785717,66380.94871738715,69493.96473426215,0.03389008420838592,2294.870388273632,9179.481553094529,61.43279030836854,4.6488491269339685,2.324439921664549,6.9732890485985175,54.45950125977002,0.005932742600415268,0.0066924030461893245,9233.941054354298,not computed,,
cheat-degraded-to-a-guess,1dd169613d57,3fd443c,BTC-USD,4h,2025-10-01 00:00:00,2026-07-26,100,train,long,2024-06-03 16:00:00,69633.53906,69668.35582952999,2024-06-03 20:00:00,68790.31342202998,68755.91826531898,stop,2,585.3616050000003,68790.31342202998,70839.07903952998,0.03313534869743672,2308.4852635885745,9233.941054354298,-27.940575544754886,4.586736590322377,2.293361310016735,6.880097900339112,-34.820673445093995,-0.0037709438732743674,-0.0030258559568754674,9199.120380909204,not computed,,
cheat-degraded-to-a-guess,1dd169613d57,3fd443c,BTC-USD,4h,2025-10-01 00:00:00,2026-07-26,101,train,short,2024-06-04 00:00:00,68814.78906,68780.38166547,2024-06-04 12:00:00,69787.249966095,69822.14359107804,stop,4,671.2455337499996,69787.249966095,67437.89059797,0.03343657071303903,2299.780095227301,9199.120380909204,-32.51575785231156,4.634393136746347,2.317188439433245,6.951581576179592,-39.46733942849115,-0.004290338401310317,-0.003534659457201041,9159.653041480713,not computed,,
cheat-degraded-to-a-guess,1dd169613d57,3fd443c,BTC-USD,4h,2025-10-01 00:00:00,2026-07-26,102,train,long,2024-06-04 16:00:00,70494.85938,70530.10680968998,2024-06-07 16:00:00,69249.87690138641,69215.25196293571,stop,19,853.4866055357145,69249.87690138641,72237.08002076141,0.03246717414662375,2289.9132603701783,9159.653041480713,-40.4210629426426,4.5371368994532535,2.268558344460615,6.805695243913869,-47.22675818655647,-0.005155954922384481,-0.004412946948928132,9112.426283294157,not computed,,
cheat-degraded-to-a-guess,1dd169613d57,3fd443c,BTC-USD,4h,2025-10-01 00:00:00,2026-07-26,103,train,short,2024-06-07 20:00:00,69240.96875,69206.348265625,2024-06-11 04:00:00,67592.68085341071,67626.47719383742,target,21,806.8337061071413,70416.59882478572,67592.68085341071,0.03291759539283597,2278.106570823539,9112.426283294157,54.25767407083487,4.504207584933129,2.2521173568851864,6.756324941818315,47.50134912901655,0.005212810249680806,0.005954251083523787,9159.927632423174,not computed,,
cheat-degraded-to-a-guess,1dd169613d57,3fd443c,BTC-USD,4h,2025-10-01 00:00:00,2026-07-26,104,train,short,2024-06-11 08:00:00,67564.14844,67530.36636578,2024-06-11 12:00:00,66524.53489413715,66557.79716158421,target,2,502.9157358214278,68284.73996951214,66524.53489413715,0.03391040255434194,2289.9819081057935,9159.927632423174,35.25371384115627,4.546983602985351,2.273500614920856,6.820484217906207,28.433229623250064,0.0031040888928647917,0.003848689122430351,9188.360862046424,not computed,,
cheat-degraded-to-a-guess,1dd169613d57,3fd443c,BTC-USD,4h,2025-10-01 00:00:00,2026-07-26,105,train,short,2024-06-11 16:00:00,66293.25781,66260.111181095,2024-06-11 16:00:00,67177.35113554142,67210.93981110919,stop,1,611.4933029642842,67177.35113554142,65037.124575166425,0.034667768806385585,2297.090215511606,9188.360862046424,-30.649543013138796,4.627143538143037,2.31356410668554,6.940707644828577,-37.590250657967374,-0.0040910725234179915,-0.0033356921297834786,9150.770611388456,not computed,,
cheat-degraded-to-a-guess,1dd169613d57,3fd443c,BTC-USD,4h,2025-10-01 00:00:00,2026-07-26,106,train,long,2024-06-11 20:00:00,67330.0078125,67363.67281640625,2024-06-12 12:00:00,68764.08910947767,68729.70706492294,target,5,700.2081465357135,66313.36059660268,68764.08910947767,0.03396033139526134,2287.692652847114,9150.770611388456,48.70187609310802,4.621776281471131,2.3109003162044033,6.932676597675535,41.76919949543249,0.004564555409513735,0.005322161177605832,9192.539810883889,not computed,,
cheat-degraded-to-a-guess,1dd169613d57,3fd443c,BTC-USD,4h,2025-10-01 00:00:00,2026-07-26,107,train,long,2024-06-12 16:00:00,69779.85938,69814.74930968999,2024-06-12 16:00:00,68490.3815656007,68456.13637481791,stop,1,882.911829392856,68490.3815656007,71580.5729684757,0.03291761376276977,2298.1349527209723,9192.539810883889,-42.446532650056284,4.551547609598724,2.275763193165645,6.8273108027643685,-49.27384345282065,-0.005360199081703278,-0.00461749783229657,9143.265967431069,not computed,,
cheat-degraded-to-a-guess,1dd169613d57,3fd443c,BTC-USD,4h,2025-10-01 00:00:00,2026-07-26,108,train,short,2024-06-12 20:00:00,67593.78125,67559.984359375,2024-06-14 16:00:00,65475.795744517854,65508.53364239011,target,12,1042.094307428571,69123.12582051786,65475.795744517854,0.033833881306110376,2285.8164918577672,9143.265967431069,71.6596702005451,4.502224443651732,2.2511301367433845,6.753354580395117,64.90631562014998,0.007098810846293946,0.007837425976210436,9208.172283051219,not computed,,
cheat-degraded-to-a-guess,1dd169613d57,3fd443c,BTC-USD,4h,2025-10-01 00:00:00,2026-07-26,109,train,short,2024-06-14 20:00:00,65528.0,65495.236000000004,2024-06-17 16:00:00,67133.27199480358,67166.83863080098,stop,18,1092.0239965357152,67133.27199480358,63311.188006928576,0.035148252168490615,2302.0430707628047,9208.172283051219,-56.42250487237222,4.662840052318515,2.3314059205327666,6.994245972851282,-63.416750845223504,-0.0068870074207831545,-0.006127438012451703,9144.755532205996,not computed,,
cheat-degraded-to-a-guess,1dd169613d57,3fd443c,BTC-USD,4h,2025-10-01 00:00:00,2026-07-26,110,train,long,2024-06-17 20:00:00,66695.5625,66728.91028124999,2024-06-18 00:00:00,65900.86089583929,65867.91046539137,stop,2,552.0329236071406,65900.86089583929,67832.97612846427,0.034260845462868145,2286.188883051499,9144.755532205996,-27.2271488492436,4.542879184468308,2.2714327854466454,6.814311969914954,-34.04146081915856,-0.003722511848378161,-0.0029773511990949394,9110.714071386838,not computed,,
cheat-degraded-to-a-guess,1dd169613d57,3fd443c,BTC-USD,4h,2025-10-01 00:00:00,2026-07-26,111,train,short,2024-06-18 04:00:00,65487.14844,65454.40486578,2024-06-21 08:00:00,64085.88980013715,64117.932745037215,target,20,684.2575328214261,66480.79116501214,64085.88980013715,0.03479794098681806,2277.6785178467094,9110.714071386838,48.76091545721633,4.5088505577052835,2.2544374690812674,6.763288026786551,41.99762743042977,0.004609696572777733,0.005352041022816768,9152.711698817267,not computed,,
cheat-degraded-to-a-guess,1dd169613d57,3fd443c,BTC-USD,4h,2025-10-01 00:00:00,2026-07-26,112,train,short,2024-06-21 12:00:00,63765.078125,63733.1955859375,2024-06-24 04:00:00,62459.629180651784,62490.85899524211,target,17,636.7832026428587,64688.370389901786,62459.629180651784,0.03590245089184254,2288.177924704317,9152.711698817267,46.86881661626951,4.531752920970053,2.265888177689142,6.797641098659195,40.071175517610314,0.004378065958615128,0.005120757449655712,9192.782874334878,not computed,,
cheat-degraded-to-a-guess,1dd169613d57,3fd443c,BTC-USD,4h,2025-10-01 00:00:00,2026-07-26,113,train,short,2024-06-24 08:00:00,62463.98828,62432.75628586,2024-06-24 08:00:00,62946.285305109996,62977.75844776255,stop+target same candle (loss counted),1,342.3526794999998,62946.285305109996,61748.05092686,0.0368107361472398,2298.1957185837196,9192.782874334878,-17.753708535922815,4.616453367948909,2.308222245547224,6.924675613496133,-24.678384149418946,-0.0026845390005150634,-0.0019312659483657546,9168.104490185458,not computed,,
cheat-degraded-to-a-guess,1dd169613d57,3fd443c,BTC-USD,4h,2025-10-01 00:00:00,2026-07-26,114,train,short,2024-06-24 12:00:00,61272.19141,61241.555314295,2024-06-24 16:00:00,60315.63622786643,60345.79404598036,target,2,462.9595432142851,61935.99462911643,60315.63622786643,0.03742599466626152,2292.0261225463646,9168.104490185458,35.800029144515754,4.550527488642541,2.275272694328251,6.825800182970792,28.974228961544963,0.0031603292689958047,0.003904845236312481,9197.078719147003,not computed,,
cheat-degraded-to-a-guess,1dd169613d57,3fd443c,BTC-USD,4h,2025-10-01 00:00:00,2026-07-26,115,train,short,2024-06-24 20:00:00,59529.39844,59499.63374078,2024-06-25 00:00:00,60437.86155878,60468.08048955939,stop,2,625.4852119999996,60437.86155878,58248.66331678,0.03864342576970977,2299.2696797867507,9197.078719147003,-35.10612709509412,4.635963459621875,2.3179729532789253,6.9539364129008,-42.060063507994926,-0.004573198163502927,-0.003817095424225106,9155.018655639007,not computed,,
cheat-degraded-to-a-guess,1dd169613d57,3fd443c,BTC-USD,4h,2025-10-01 00:00:00,2026-07-26,116,train,long,2024-06-25 04:00:00,61317.51953,61348.178289765,2024-07-01 00:00:00,63015.643690907855,62984.135869062404,target,36,833.7327005714282,60097.579238907856,63015.643690907855,0.037307622291558665,2288.754663909752,9155.018655639007,63.35297479932032,4.638543015272944,2.319287345880049,6.957830361152993,56.39514443816733,0.00616002507034007,0.00692002683798992,9211.413800077175,not computed,,
cheat-degraded-to-a-guess,1dd169613d57,3fd443c,BTC-USD,4h,2025-10-01 00:00:00,2026-07-26,117,train,long,2024-07-01 04:00:00,63442.0,63473.721,2024-07-01 08:00:00,62702.28489760714,62670.93375515834,stop,2,514.2907349285716,62702.28489760714,64502.30246985714,0.036280423043408686,2302.8534500192936,9211.413800077175,-26.83717684641133,4.576581439181879,2.288284010296607,6.864865449478486,-33.70204229588982,-0.003658726339664326,-0.0029134699003736525,9177.711757781284,not computed,,
cheat-degraded-to-a-guess,1dd169613d57,3fd443c,BTC-USD,4h,2025-10-01 00:00:00,2026-07-26,118,train,short,2024-07-01 12:00:00,62686.35156,62655.008384220004,2024-07-01 16:00:00,63428.486479470004,63460.200722709735,stop,2,515.6520635000005,63428.486479470004,61623.70425722,0.036620024457983874,2294.427939445321,9177.711757781284,-27.176998902115347,4.618342042019518,2.3091642267598296,6.927506268779347,-34.1045051708947,-0.0037160139772290557,-0.0029611955157638767,9143.607252610389,not computed,,
cheat-degraded-to-a-guess,1dd169613d57,3fd443c,BTC-USD,4h,2025-10-01 00:00:00,2026-07-26,119,train,long,2024-07-01 20:00:00,63177.23047,63208.819085235,2024-07-02 12:00:00,62367.04411391357,62335.86059185662,stop,5,561.1833142142854,62367.04411391357,64331.18571366357,0.03616428603214583,2285.9018131525972,9143.607252610389,-29.29981112085159,4.540233705656467,2.2701095278753876,6.810343233531855,-36.11015435438345,-0.003949224125311642,-0.0032044039416158046,9107.497098256006,not computed,,
cheat-degraded-to-a-guess,1dd169613d57,3fd443c,BTC-USD,4h,2025-10-01 00:00:00,2026-07-26,120,train,short,2024-07-02 16:00:00,61928.058594,61897.094564703,2024-07-03 08:00:00,60572.236865988714,60602.5229844217,target,5,662.4288493571429,62890.737838738714,60572.236865988714,0.03678483280316029,2276.8742745640016,9107.497098256006,49.87367557578708,4.506127949995633,2.2530764434164894,6.759204393412122,43.11447118237496,0.004733953875278308,0.00547611215658113,9150.61156943838,not computed,,
cheat-degraded-to-a-guess,1dd169613d57,3fd443c,BTC-USD,4h,2025-10-01 00:00:00,2026-07-26,121,train,short,2024-07-03 12:00:00,60356.0,60325.822,2024-07-04 00:00:00,58962.073114142855,58991.55415069992,target,4,681.8744429285715,61348.63366439286,58962.073114142855,0.03792161990531344,2287.652892359595,9150.61156943838,52.85996554127188,4.524708186486153,2.262367308234275,6.787075494720428,46.07289004655146,0.0050349520025992295,0.005776659312894008,9196.684459484932,not computed,,
cheat-degraded-to-a-guess,1dd169613d57,3fd443c,BTC-USD,4h,2025-10-01 00:00:00,2026-07-26,122,train,short,2024-07-04 04:00:00,59092.039062,59062.49304246901,2024-07-04 08:00:00,57307.51257375472,57336.1663300416,target,2,877.4902343571432,60378.72839400473,57307.51257375472,0.03892776949354321,2299.171114871233,9196.684459484932,69.46763578953451,4.531140181410545,2.265587457613904,6.796727639024449,62.670908150510066,0.006814511080226841,0.007553552162800322,9259.355367635442,not computed,,
cheat-degraded-to-a-guess,1dd169613d57,3fd443c,BTC-USD,4h,2025-10-01 00:00:00,2026-07-26,123,train,short,2024-07-04 12:00:00,57724.39844,57695.53624078,2024-07-05 00:00:00,55743.79795878,55771.669857759385,target,4,975.8691409999998,59159.339952279995,55743.79795878,0.04012162799299369,2314.8388419088606,9259.355367635442,79.46491571025301,4.552489032489942,2.2762643824736557,6.828753414963598,72.63616229528941,0.00784462410301015,0.008582121816817787,9331.991529930732,not computed,,
cheat-degraded-to-a-guess,1dd169613d57,3fd443c,BTC-USD,4h,2025-10-01 00:00:00,2026-07-26,124,train,short,2024-07-05 04:00:00,55210.0,55182.395000000004,2024-07-06 12:00:00,57033.94954903572,57062.46652381024,stop,9,1234.369699357143,57033.94954903572,52713.65560128572,0.04227793814463259,2332.997882482683,9331.991529930732,-77.11282621306277,4.7454813125565,2.372721378071475,7.1182026906279745,-84.23102890369074,-0.00902605072384972,-0.008263276489882879,9247.760501027042,not computed,,
cheat-degraded-to-a-guess,1dd169613d57,3fd443c,BTC-USD,4h,2025-10-01 00:00:00,2026-07-26,125,train,long,2024-07-06 16:00:00,57296.0,57324.647999999994,2024-07-08 00:00:00,55498.070292749995,55470.321257603624,stop,9,1217.7184714999992,55498.070292749995,59760.084942999994,0.04033064669244477,2311.9401252567604,9247.760501027042,-72.5116678009506,4.549094053813581,2.2745288989894448,6.823622952803026,-79.33529075375363,-0.008578865201466104,-0.007840997589945973,9168.425210273288,not computed,,
cheat-degraded-to-a-guess,1dd169613d57,3fd443c,BTC-USD,4h,2025-10-01 00:00:00,2026-07-26,126,train,short,2024-07-08 04:00:00,55173.98828,55146.40128586,2024-07-08 08:00:00,56379.40881993143,56407.59852434139,stop,2,822.005022714285,56379.40881993143,53502.39124043143,0.04156402320229076,2292.106302568322,9168.425210273288,-50.102127290227834,4.636633036419549,2.3183039926774924,6.954937029097041,-57.05706431932487,-0.006223213148468726,-0.0054646382711491205,9111.368145953964,not computed,,
cheat-degraded-to-a-guess,1dd169613d57,3fd443c,BTC-USD,4h,2025-10-01 00:00:00,2026-07-26,127,train,long,2024-07-08 12:00:00,57169.94922,57198.53419461,2024-07-08 12:00:00,55752.19644303857,55724.32034481705,stop,1,964.2251677142849,55752.19644303857,59126.98453003857,0.03982343373937613,2277.842036488491,9111.368145953964,-56.45978377214008,4.496975815412082,2.248473792759988,6.74544960817207,-63.20523338031215,-0.006936964061580517,-0.006196630721941783,9048.162912573653,not computed,,
cheat-degraded-to-a-guess,1dd169613d57,3fd443c,BTC-USD,4h,2025-10-01 00:00:00,2026-07-26,128,train,short,2024-07-08 16:00:00,55792.0,55764.10400000001,2024-07-09 04:00:00,57391.56005621429,57420.255836242395,stop,4,1084.9707041428567,57391.56005621429,53594.162591714296,0.040564459318550385,2262.040728143413,9048.162912573653,-64.88528882788287,4.591262360073423,2.2956149587140118,6.886877318787435,-71.77216614667032,-0.00793223628267492,-0.007171100858243384,8976.390746426983,not computed,,
cheat-degraded-to-a-guess,1dd169613d57,3fd443c,BTC-USD,4h,2025-10-01 00:00:00,2026-07-26,129,train,short,2024-07-09 08:00:00,57116.0,57087.442,2024-07-10 04:00:00,58794.54119189286,58823.938462488804,stop,6,1138.06612792857,58794.54119189286,54811.30974414286,0.03930983081369709,2244.097686606746,8976.390746426983,-65.98317026712974,4.556456755362509,2.278211881888552,6.834668637251061,-72.81783890438079,-0.008112151193213782,-0.007350746210930499,8903.572907522603,not computed,,
cheat-degraded-to-a-guess,1dd169613d57,3fd443c,BTC-USD,4h,2025-10-01 00:00:00,2026-07-26,130,train,long,2024-07-10 08:00:00,58981.75,59011.240874999996,2024-07-10 20:00:00,57300.16860835714,57271.51852405297,stop,4,1140.71484442857,57300.16860835714,61292.67056385714,0.03771981734116773,2225.8932268806507,8903.572907522603,-63.4289429370753,4.386164444459233,2.1930663649934914,6.579230809452724,-70.00817374652803,-0.00786293036218958,-0.0071239875941808,8833.564733776075,not computed,,
cheat-degraded-to-a-guess,1dd169613d57,3fd443c,BTC-USD,4h,2025-10-01 00:00:00,2026-07-26,131,train,long,2024-07-11 00:00:00,57674.32031,57703.157470155,2024-07-11 12:00:00,59370.79139901214,59341.106003312634,target,4,833.8169644285705,56452.43202351214,59370.79139901214,0.03827158305134748,2208.3911834440187,8833.564733776075,64.92663417733783,4.479469250208613,2.2397508567625763,6.719220106971189,58.20741407036664,0.006589345957674866,0.0073499924587730634,8891.772147846441,not computed,,
cheat-degraded-to-a-guess,1dd169613d57,3fd443c,BTC-USD,4h,2025-10-01 00:00:00,2026-07-26,132,train,short,2024-07-11 16:00:00,57451.98047,57423.254479765004,2024-07-13 12:00:00,58835.87403819358,58865.29197521267,stop,12,941.7463722857137,58835.87403819358,55539.76173519358,0.038711547387913,2222.9430369616102,8891.772147846441,-53.57266144495364,4.501709576763391,2.250841395216007,6.752550971979398,-60.325212416933034,-0.006784385768538121,-0.00602497011328937,8831.446935429507,not computed,,
cheat-degraded-to-a-guess,1dd169613d57,3fd443c,BTC-USD,4h,2025-10-01 00:00:00,2026-07-26,133,train,long,2024-07-13 16:00:00,58837.14062,58866.55919030999,2024-07-14 20:00:00,60432.47046359571,60402.25422836391,target,8,782.9556366428582,57692.125735345704,60432.47046359571,0.03750621344657787,2207.8617338573767,8831.446935429507,59.834781631596435,4.473321573600854,2.2366757454955817,6.709997319096436,53.1247843125,0.006015411143940292,0.006775195737354724,8884.571719742007,not computed,,
cheat-degraded-to-a-guess,1dd169613d57,3fd443c,BTC-USD,4h,2025-10-01 00:00:00,2026-07-26,134,train,long,2024-07-15 00:00:00,60795.76953,60826.167414765,2024-07-15 00:00:00,62206.944759765,62175.84128738512,target,1,690.3886725000017,59790.584406015,62206.944759765,0.03651624003843352,2221.142929935502,8884.571719742007,51.53081342639038,4.491570874977202,2.2457983201918594,6.7373691951690615,44.79344423122132,0.005041711141988738,0.005800033479597681,8929.365163973229,not computed,,
cheat-degraded-to-a-guess,1dd169613d57,3fd443c,BTC-USD,4h,2025-10-01 00:00:00,2026-07-26,135,train,long,2024-07-15 04:00:00,62685.87109,62717.214025545,2024-07-15 20:00:00,64261.428870545,64229.29815610973,target,5,772.1074225000017,61559.052891795,64261.428870545,0.035593757243171945,2232.341290993307,8929.365163973229,56.080021163309546,4.518503337461189,2.2592656887357023,6.777769026196891,49.30225213711265,0.005521361399355632,0.00628040405263884,8978.667416110342,not computed,,
cheat-degraded-to-a-guess,1dd169613d57,3fd443c,BTC-USD,4h,2025-10-01 00:00:00,2026-07-26,136,train,long,2024-07-16 00:00:00,64776.011719,64808.3997248595,2024-07-16 04:00:00,63427.41702332378,63395.703314812126,stop,2,920.655134357144,63427.41702332378,66649.70999357378,0.03463543095582047,2244.6668540275855,8978.667416110342,-46.70915846947944,4.44040435908344,2.220190502251711,6.660594861335151,-53.36975333081459,-0.005944061725134592,-0.005202237292548515,8925.297662779527,not computed,,
cheat-degraded-to-a-guess,1dd169613d57,3fd443c,BTC-USD,4h,2025-10-01 00:00:00,2026-07-26,137,train,short,2024-07-16 08:00:00,62888.73047,62857.28610476501,2024-07-16 12:00:00,64323.98602130073,64356.14801431137,stop,2,977.7999443571441,64323.98602130073,60901.68621605072,0.03549826207857441,2231.3244156948817,8925.297662779527,-50.94907770980192,4.515855824274433,2.257915174867449,6.773770999141882,-57.7228487089438,-0.006467330378196897,-0.005708389751780592,8867.574814070584,not computed,,
cheat-degraded-to-a-guess,1dd169613d57,3fd443c,BTC-USD,4h,2025-10-01 00:00:00,2026-07-26,138,train,long,2024-07-16 16:00:00,64935.19141,64967.659005705,2024-07-18 16:00:00,63310.11840809786,63278.46334889381,stop,13,1105.0270650714297,63310.11840809786,67177.71313584785,0.034123035021517,2216.893703517646,8867.574814070584,-55.452422956428585,4.37614692447973,2.188059599133908,6.564206523613638,-62.016629480042226,-0.0069936404011655615,-0.00625339217532619,8805.558184590542,not computed,,
cheat-degraded-to-a-guess,1dd169613d57,3fd443c,BTC-USD,4h,2025-10-01 00:00:00,2026-07-26,139,train,short,2024-07-18 20:00:00,63568.12891,63536.344845545005,2024-07-19 12:00:00,64987.69319840215,65020.187045001345,stop,5,967.565568571429,64987.69319840215,61601.213708402145,0.03464772094616316,2201.3895461476354,8805.558184590542,-49.1846673296964,4.454190842750175,2.2270831252078267,6.681273967958002,-55.8659412976544,-0.0063443952247590725,-0.005585638786166682,8749.692243292888,not computed,,
cheat-degraded-to-a-guess,1dd169613d57,3fd443c,BTC-USD,4h,2025-10-01 00:00:00,2026-07-26,140,train,long,2024-07-19 16:00:00,65860.82812,65893.75853406,2024-07-21 20:00:00,67728.53420334573,67694.66993624406,target,14,917.3878346428579,64517.67678209572,67728.53420334573,0.03319621022516964,2187.423060823222,8749.692243292888,62.00076378157278,4.43462955515025,2.2173302777660098,6.65195983291626,55.34880394865652,0.006325800086406967,0.007086050806998351,8805.041047241544,not computed,,
cheat-degraded-to-a-guess,1dd169613d57,3fd443c,BTC-USD,4h,2025-10-01 00:00:00,2026-07-26,141,train,long,2024-07-22 00:00:00,68214.0,68248.10699999999,2024-07-22 08:00:00,67112.37011330356,67078.81392824692,stop,3,757.1579244642843,67112.37011330356,69762.42284892856,0.03225379220863058,2201.260261810386,8805.041047241544,-35.53174145632408,4.3648063878534575,2.18239431099078,6.547200698844238,-42.07894215516831,-0.004778960362524473,-0.004035386236780294,8762.962105086375,not computed,,
cheat-degraded-to-a-guess,1dd169613d57,3fd443c,BTC-USD,4h,2025-10-01 00:00:00,2026-07-26,142,train,long,2024-07-22 12:00:00,67526.0,67559.76299999999,2024-07-23 04:00:00,66509.05317776786,66475.79865117898,stop,5,700.4732148214285,66509.05317776786,68960.70942964285,0.03242670531972698,2190.740526271594,8762.962105086375,-32.976234930354536,4.3463316600268795,2.1731575859542005,6.51948924598108,-39.495724176335614,-0.004507120275393033,-0.003763137913287769,8723.46638091004,not computed,,
cheat-degraded-to-a-guess,1dd169613d57,3fd443c,BTC-USD,4h,2025-10-01 00:00:00,2026-07-26,143,train,short,2024-07-23 08:00:00,66576.0078125,66542.71980859376,2024-07-25 00:00:00,64729.8637814509,64762.22871334162,target,11,906.4280135714299,67902.3618289509,64729.8637814509,0.03277393231747433,2180.86659522751,8723.46638091004,60.50539952191249,4.303379495807361,2.1517048742531557,6.455084370060517,54.05031515185197,0.006195967611009855,0.00693593542749465,8777.516696061892,not computed,,
cheat-degraded-to-a-guess,1dd169613d57,3fd443c,BTC-USD,4h,2025-10-01 00:00:00,2026-07-26,144,train,short,2024-07-25 04:00:00,64040.011719,64007.9917131405,2024-07-25 20:00:00,65374.43646706908,65407.123685302606,stop,5,910.9631692857157,65374.43646706908,62186.06537456907,0.03428289367130665,2194.379174015473,8777.516696061892,-45.74794175041228,4.436724640664704,2.2183508833467016,6.655075524011406,-52.40301727442369,-0.005970141566114566,-0.005211945853767215,8725.113678787468,not computed,,
cheat-degraded-to-a-guess,1dd169613d57,3fd443c,BTC-USD,4h,2025-10-01 00:00:00,2026-07-26,145,train,long,2024-07-26 00:00:00,65830.11719,65863.032248595,2024-07-26 12:00:00,67718.98872288072,67685.12922851929,target,4,927.9782371428586,64471.06489288071,67718.98872288072,0.03311840261869204,2181.278419696867,8725.113678787468,62.556407920929544,4.4229017807851685,2.211466529494132,6.6343683102793,55.922039610650245,0.006409319313123466,0.007169695458870288,8781.035718398118,not computed,,
cheat-degraded-to-a-guess,1dd169613d57,3fd443c,BTC-USD,4h,2025-10-01 00:00:00,2026-07-26,146,train,long,2024-07-26 16:00:00,67572.0078125,67605.79381640625,2024-07-29 00:00:00,69586.69560462053,69551.90225681823,target,15,990.450894107143,66120.11747524554,69586.69560462053,0.03247146147800715,2195.2589295995294,8781.035718398118,65.41985703205307,4.453710844453921,2.226871777191036,6.680582621644957,58.739274410408115,0.0066893332739026415,0.0074501299311406635,8839.774992808525,not computed,,
cheat-degraded-to-a-guess,1dd169613d57,3fd443c,BTC-USD,4h,2025-10-01 00:00:00,2026-07-26,147,train,long,2024-07-29 04:00:00,69378.0,69412.689,2024-07-29 12:00:00,68086.26042701786,68052.21729680435,stop,3,884.2857153214281,68086.26042701786,71181.26043064285,0.03183774868889075,2209.9437482021312,8839.774992808525,-41.12607989610054,4.3765731402195724,2.188276288589833,6.5648494288094055,-47.690929324909945,-0.005395038828896463,-0.004652389900145432,8792.084063483615,not computed,,
cheat-degraded-to-a-guess,1dd169613d57,3fd443c,BTC-USD,4h,2025-10-01 00:00:00,2026-07-26,148,train,short,2024-07-29 16:00:00,68104.0,68069.948,2024-07-30 00:00:00,66075.26496228571,66108.30259476685,target,3,997.3415188571422,69565.96027828571,66075.26496228571,0.03229062281450404,2198.0210158709037,8792.084063483615,65.50911789340066,4.332699279865619,2.1663660172119634,6.499065297077583,59.01005259632307,0.006711725248557508,0.00745092033019581,8851.094116079938,not computed,,
cheat-degraded-to-a-guess,1dd169613d57,3fd443c,BTC-USD,4h,2025-10-01 00:00:00,2026-07-26,149,train,short,2024-07-30 04:00:00,66600.0078125,66566.70780859375,2024-08-01 00:00:00,64450.86628909375,64483.09172223829,target,12,1057.920759750001,68153.58894821875,64450.86628909375,0.033241444587925315,2212.7735290199844,8851.094116079938,71.44056886191831,4.356284649362875,2.178160184823426,6.534444834186301,64.906124027732,0.007333118728205129,0.008071382805898648,8916.000240107669,not computed,,
cheat-degraded-to-a-guess,1dd169613d57,3fd443c,BTC-USD,4h,2025-10-01 00:00:00,2026-07-26,150,train,short,2024-08-01 04:00:00,63920.0,63888.04,2024-08-01 20:00:00,65261.99940330357,65294.63040300522,stop,5,915.9729355357142,65261.99940330357,62056.09412892857,0.03488916016247982,2229.0000600269173,8916.000240107669,-46.82123211981057,4.507074877907291,2.253525733645546,6.760600611552837,-53.581832731363406,-0.006009626658636828,-0.005251371787675631,8862.418407376306,not computed,,
cheat-degraded-to-a-guess,1dd169613d57,3fd443c,BTC-USD,4h,2025-10-01 00:00:00,2026-07-26,151,train,long,2024-08-02 00:00:00,65390.0,65422.695,2024-08-02 00:00:00,63800.767266375,63768.866882741815,stop,1,1081.2851557499998,63800.767266375,67585.2653115,0.033865994084225304,2215.6046018440766,8862.418407376306,-53.820946355401524,4.375200670452761,2.187586879989631,6.562787550442392,-60.38373390584392,-0.006813460065887405,-0.006072941253891336,8802.034673470462,not computed,,
cheat-degraded-to-a-guess,1dd169613d57,3fd443c,BTC-USD,4h,2025-10-01 00:00:00,2026-07-26,152,train,short,2024-08-02 04:00:00,64609.17969,64576.875100155,2024-08-02 20:00:00,62284.060368654995,62315.20239883932,target,5,1146.4073657499996,66296.48614878,62284.060368654995,0.03407579981153863,2200.5086683676154,8802.034673470462,79.23030053209287,4.323949030525976,2.1619943228380265,6.485943353364003,72.74435717872886,0.008264493367423563,0.009001362011319366,8874.77903064919,not computed,,
cheat-degraded-to-a-guess,1dd169613d57,3fd443c,BTC-USD,4h,2025-10-01 00:00:00,2026-07-26,153,train,short,2024-08-03 00:00:00,61441.85156,61411.130634220004,2024-08-04 16:00:00,58558.27739743429,58587.55653613301,target,11,1426.4266183928562,63550.77056180929,58558.27739743429,0.036128544365636193,2218.6947576622974,8874.77903064919,104.17933706385749,4.335377893252199,2.167714991460258,6.503092884712457,97.67624417914503,0.011006048020104903,0.011738809124607216,8972.455274828335,not computed,,
cheat-degraded-to-a-guess,1dd169613d57,3fd443c,BTC-USD,4h,2025-10-01 00:00:00,2026-07-26,154,train,long,2024-08-04 20:00:00,59228.85156,59258.46598578,2024-08-05 00:00:00,57295.22295967286,57266.57534819302,stop,2,1308.8286840714281,57295.22295967286,61876.123353922856,0.03785305241018818,2243.1138187070837,8972.455274828335,-73.19374475002225,4.410828496714225,2.2053959499207565,6.616224446634981,-79.80996919665724,-0.008894997718245432,-0.008157604859325712,8892.645305631677,not computed,,
cheat-degraded-to-a-guess,1dd169613d57,3fd443c,BTC-USD,4h,2025-10-01 00:00:00,2026-07-26,155,train,short,2024-08-05 04:00:00,53888.0,53861.056000000004,2024-08-05 04:00:00,50775.230106,50800.617721053,target,1,1542.9129469999996,56175.4254205,50775.230106,0.038423620822429026,2069.536792839616,8892.645305631677,119.60389011452848,4.0214804656985255,2.010770133821538,6.032250599520063,113.57163951500841,0.012771412286407505,0.013449753813838028,9006.216945146685,not computed,,
cheat-degraded-to-a-guess,1dd169613d57,3fd443c,BTC-USD,4h,2025-10-01 00:00:00,2026-07-26,156,train,short,2024-08-05 08:00:00,52594.011719,52567.71471314051,2024-08-05 16:00:00,55206.273726140505,55233.87686300357,stop,3,1759.039342,55206.273726140505,49049.63602914051,0.034133088935186504,1794.298481423137,9006.216945146685,-89.16457141173561,3.6796013126231784,1.839778365168371,5.51937967779155,-94.68395108952716,-0.010513176805112486,-0.009900335729730012,8911.532994057157,not computed,,
cheat-degraded-to-a-guess,1dd169613d57,3fd443c,BTC-USD,4h,2025-10-01 00:00:00,2026-07-26,157,train,short,2024-08-05 20:00:00,53550.0,53523.225000000006,2024-08-07 00:00:00,57030.45770132144,57058.972930172094,stop,8,2338.1551342142857,57030.45770132144,48846.914731571436,0.025409015463101526,1359.9724516600622,8911.532994057157,-88.43500355154717,2.809784777151496,1.4048702798246495,4.214655056976145,-92.64965860852331,-0.010396601647585066,-0.00992365776017683,8818.883335448634,not computed,,
cheat-degraded-to-a-guess,1dd169613d57,3fd443c,BTC-USD,4h,2025-10-01 00:00:00,2026-07-26,158,train,long,2024-08-07 04:00:00,56834.0,56862.416999999994,2024-08-08 20:00:00,61769.44657442856,61738.56185114135,target,11,2453.5147872142857,53182.14481917857,61769.44657442856,0.023962584564819565,1362.5704759225334,8818.883335448634,118.26605590489346,2.8419859851908513,1.4210225591092467,4.263008544300098,114.00304736059337,0.012927152228258137,0.013410547731083805,8932.886382809227,not computed,,
cheat-degraded-to-a-guess,1dd169613d57,3fd443c,BTC-USD,4h,2025-10-01 00:00:00,2026-07-26,159,train,long,2024-08-09 00:00:00,61663.98828,61694.820274139995,2024-08-09 12:00:00,59608.28344238999,59578.4793006688,stop,4,1391.024554500001,59608.28344238999,64476.869383139994,0.03619787829479072,2233.221595702307,8932.886382809227,-74.41215352181955,4.389836138416624,2.1948994661697583,6.584735604586382,-80.99688912640593,-0.009067269598578944,-0.00833013544927886,8851.889493682822,not computed,,
cheat-degraded-to-a-guess,1dd169613d57,3fd443c,BTC-USD,4h,2025-10-01 00:00:00,2026-07-26,160,train,short,2024-08-09 16:00:00,59819.69922,59789.789370390004,2024-08-15 16:00:00,56973.04159910429,57001.528119903836,target,37,1408.3738856428577,61902.35019885429,56973.04159910429,0.037012546736226615,2212.9723734207055,8851.889493682822,105.36204823543821,4.322744096994982,2.16139838900925,6.484142486004232,98.87790574943398,0.011170259843392588,0.011902774917223058,8950.767399432256,not computed,,
cheat-degraded-to-a-guess,1dd169613d57,3fd443c,BTC-USD,4h,2025-10-01 00:00:00,2026-07-26,161,train,short,2024-08-15 20:00:00,57042.10156,57013.58050922,2024-08-16 16:00:00,58806.60283129143,58836.00613270707,stop,6,1195.3482147142859,58806.60283129143,54622.88407979143,0.0392484006419522,2237.691849858064,8950.767399432256,-69.25385282887984,4.546910990726909,2.273438181900218,6.820349172627127,-76.07420200150698,-0.008499182093183691,-0.007737197241129581,8874.693197430748,not computed,,
cheat-degraded-to-a-guess,1dd169613d57,3fd443c,BTC-USD,4h,2025-10-01 00:00:00,2026-07-26,162,train,long,2024-08-16 20:00:00,59676.21875,59706.056859375,2024-08-23 12:00:00,62269.28174694643,62238.14710607296,target,41,1281.6124437857143,57783.63819369643,62269.28174694643,0.037159936798092416,2218.673299357687,8874.693197430748,96.35805708000137,4.531438912249737,2.2657435456389265,6.797182457888663,89.5608746221127,0.01009171501816433,0.01085762120857286,8964.254072052861,not computed,,
cheat-degraded-to-a-guess,1dd169613d57,3fd443c,BTC-USD,4h,2025-10-01 00:00:00,2026-07-26,163,train,long,2024-08-23 16:00:00,61507.58984,61538.34363492,2024-08-23 16:00:00,63418.97365577714,63387.26416894925,target,1,940.3150104285721,60127.87111927714,63418.97365577714,0.036417351940904716,2241.0635180132153,8964.254072052861,69.60753711330545,4.549459825824939,2.2747473147966275,6.824207140621566,62.78332997268389,0.007003742806489439,0.007765011628833158,9027.037402025546,not computed,,
cheat-degraded-to-a-guess,1dd169613d57,3fd443c,BTC-USD,4h,2025-10-01 00:00:00,2026-07-26,164,train,long,2024-08-23 20:00:00,63630.0,63661.814999999995,2024-08-27 12:00:00,62076.080206499995,62045.04216639675,stop,23,1057.1565290000003,62076.080206499995,65776.128058,0.03544918332137383,2256.7593505063865,9027.037402025546,-55.08518762649304,4.456205424445354,2.2280889409254314,6.684294365370786,-61.76948199186383,-0.0068427191824865586,-0.006102244310423779,8965.267920033682,not computed,,
cheat-degraded-to-a-guess,1dd169613d57,3fd443c,BTC-USD,4h,2025-10-01 00:00:00,2026-07-26,165,train,short,2024-08-27 16:00:00,61615.0,61584.192500000005,2024-08-27 20:00:00,60371.96649700001,60402.15248024851,target,2,606.1130014999997,62493.36200225,60371.96649700001,0.03639435525615474,2241.3169800084206,8965.267920033682,45.23940290348418,4.439614375611012,2.2198184976560213,6.659432873267034,38.57997003021714,0.004303270172663417,0.005046073726630382,9003.8478900639,not computed,,
cheat-degraded-to-a-guess,1dd169613d57,3fd443c,BTC-USD,4h,2025-10-01 00:00:00,2026-07-26,166,train,short,2024-08-28 00:00:00,59415.0,59385.2925,2024-08-29 12:00:00,60700.50497164286,60730.85522412868,stop,10,876.8083144285712,60700.50497164286,57631.67587114286,0.03790436786205903,2250.961972515975,9003.8478900639,-48.72625333365681,4.552926649508798,2.2764511431908687,6.829377792699667,-55.555631126356474,-0.006170209870789165,-0.005411714405729593,8948.292258937543,not computed,,
cheat-degraded-to-a-guess,1dd169613d57,3fd443c,BTC-USD,4h,2025-10-01 00:00:00,2026-07-26,167,train,long,2024-08-29 16:00:00,60802.0,60832.401,2024-08-29 16:00:00,58984.98149860714,58955.48900785785,stop,1,1231.6130009285703,58984.98149860714,63295.62700185714,0.036774367408815345,2237.0730647343858,8948.292258937543,-66.81970595883597,4.405123878275725,2.2025452342110583,6.607669112486783,-73.42737507132276,-0.008205741715463483,-0.007467313765047909,8874.864883866221,not computed,,
cheat-degraded-to-a-guess,1dd169613d57,3fd443c,BTC-USD,4h,2025-10-01 00:00:00,2026-07-26,168,train,short,2024-08-29 20:00:00,59271.089844,59241.454299078,2024-09-04 00:00:00,56593.64961293515,56621.946437741615,target,32,1323.9023430714276,61227.30781368515,56593.64961293515,0.03745208903490889,2218.7162209665553,8874.864883866221,100.27572991948783,4.339326400282697,2.1696882690736743,6.509014669356371,93.76671525013145,0.010565424541909554,0.011298845811363383,8968.631599116352,not computed,,
cheat-degraded-to-a-guess,1dd169613d57,3fd443c,BTC-USD,4h,2025-10-01 00:00:00,2026-07-26,169,train,short,2024-09-04 04:00:00,56647.23047,56618.906854765,2024-09-04 12:00:00,57953.55529237215,57982.53207001833,stop,3,889.7656250714291,57953.55529237215,54839.375604622146,0.0396008687615697,2242.157899779088,8968.631599116352,-51.731597850740194,4.53831654274739,2.269145338474047,6.807461881221437,-58.53905973196163,-0.006527089343008501,-0.005768059182611217,8910.09253938439,not computed,,
cheat-degraded-to-a-guess,1dd169613d57,3fd443c,BTC-USD,4h,2025-10-01 00:00:00,2026-07-26,170,train,long,2024-09-04 16:00:00,58150.98828,58180.06377413999,2024-09-05 04:00:00,56788.836793675706,56760.44237527887,stop,4,927.4846536428574,56788.836793675706,60035.0330814257,0.03828670837305256,2227.5231348460975,8910.09253938439,-52.15229671681825,4.400693639193855,2.2003337815223674,6.601027420716222,-58.75332413753447,-0.006594019520878491,-0.0058531711636321026,8851.339215246855,not computed,,
cheat-degraded-to-a-guess,1dd169613d57,3fd443c,BTC-USD,4h,2025-10-01 00:00:00,2026-07-26,171,train,long,2024-09-05 08:00:00,57150.0,57178.575,2024-09-05 20:00:00,55763.866156714284,55735.98422363593,stop,4,943.1392288571426,55763.866156714284,59064.853457714285,0.038700418886124986,2212.8348038117138,8851.339215246855,-53.64396036739152,4.369840740296879,2.1849069591580204,6.554747699454899,-60.19870806684642,-0.0068010847401657895,-0.006060547343501109,8791.140507180009,not computed,,
cheat-degraded-to-a-guess,1dd169613d57,3fd443c,BTC-USD,4h,2025-10-01 00:00:00,2026-07-26,172,train,long,2024-09-06 00:00:00,56194.37109,56222.468275545,2024-09-06 12:00:00,54795.98501886643,54768.587026356996,stop,4,950.9888377857138,54795.98501886643,58124.445951116424,0.03909086872571494,2197.7851267950023,8791.140507180009,-54.66412633455077,4.338736772535218,2.1693547202358516,6.50809149277107,-61.172217827321845,-0.006958393825847797,-0.006218092668397782,8729.968289352688,not computed,,
cheat-degraded-to-a-guess,1dd169613d57,3fd443c,BTC-USD,4h,2025-10-01 00:00:00,2026-07-26,173,train,short,2024-09-06 16:00:00,54056.67969,54029.651350155,2024-09-09 12:00:00,55647.021325047855,55674.84483571038,stop,18,1078.2466499285704,55647.021325047855,51873.15805029786,0.04039433936365593,2182.492072338172,8729.968289352688,-64.24079971027464,4.431440648650743,2.215704264125236,6.647144912775979,-70.88794462305063,-0.008120068970869865,-0.007358652125761386,8659.080344729637,not computed,,
cheat-degraded-to-a-guess,1dd169613d57,3fd443c,BTC-USD,4h,2025-10-01 00:00:00,2026-07-26,174,train,long,2024-09-09 16:00:00,55448.019531,55475.74354076549,2024-09-09 16:00:00,56718.491309479774,56690.13206382504,target,1,621.3738843571425,54543.68271422978,56718.491309479774,0.03902192107784299,2164.770086182409,8659.080344729637,49.576249471464635,4.376927945469486,2.1884763667966425,6.5654043122661285,43.01084515919851,0.004967137784485062,0.005725348131414359,8702.091189888835,not computed,,
cheat-degraded-to-a-guess,1dd169613d57,3fd443c,BTC-USD,4h,2025-10-01 00:00:00,2026-07-26,175,train,long,2024-09-09 20:00:00,57031.10938,57059.62493469,2024-09-11 12:00:00,55971.567875190005,55943.582091252414,stop,11,725.3713729999992,55971.567875190005,58510.36768069,0.0381271836252393,2175.522797472209,8702.091189888835,-40.397333512453116,4.308494024519038,2.1542369129259313,6.462730937444969,-46.86006444989808,-0.005384919949396289,-0.004642255824599003,8655.231125438937,not computed,,
cheat-degraded-to-a-guess,1dd169613d57,3fd443c,BTC-USD,4h,2025-10-01 00:00:00,2026-07-26,176,train,short,2024-09-11 16:00:00,56648.0,56619.67600000001,2024-09-12 00:00:00,57979.64279617858,58008.632617576666,stop,3,906.6445307857139,57979.64279617858,54806.38693842858,0.038216534149007386,2163.8077813597342,8655.231125438937,-50.89077239443843,4.380696670726577,2.19033561266977,6.571032283396347,-57.46180467783478,-0.006638968254579185,-0.0058797704713931115,8597.769320761103,not computed,,
cheat-degraded-to-a-guess,1dd169613d57,3fd443c,BTC-USD,4h,2025-10-01 00:00:00,2026-07-26,177,train,long,2024-09-12 04:00:00,58247.98828,58277.112274139996,2024-09-13 20:00:00,60036.37957156856,60006.36138178278,target,11,879.6336487142851,56957.66180106857,60036.37957156856,0.03688313038022774,2149.4423301902757,8597.769320761103,65.96146917778727,4.362664780677632,2.181348880706018,6.544013661383651,59.417455516403614,0.006910798987468506,0.007671928231257563,8657.186776277507,not computed,,
cheat-degraded-to-a-guess,1dd169613d57,3fd443c,BTC-USD,4h,2025-10-01 00:00:00,2026-07-26,178,train,long,2024-09-14 00:00:00,60532.0,60562.265999999996,2024-09-15 20:00:00,59341.80840996428,59312.1375057593,stop,12,813.6383933571425,59341.80840996428,62189.54278671428,0.035736719198541496,2164.296694069377,8657.186776277507,-42.53354264557214,4.283917897177979,2.1419483152029954,6.425866212380974,-48.959408857953115,-0.005655348570289841,-0.004913090562181573,8608.227367419555,not computed,,
cheat-degraded-to-a-guess,1dd169613d57,3fd443c,BTC-USD,4h,2025-10-01 00:00:00,2026-07-26,179,train,short,2024-09-16 00:00:00,59122.23047,59092.66935476501,2024-09-16 12:00:00,58074.184979765014,58103.222072254895,target,4,509.2421874999979,59856.53263601501,58074.184979765014,0.03641833860871873,2152.0568418548887,8608.227367419555,38.16807554071843,4.268079657539848,2.134049370788617,6.402129028328464,31.765946512389963,0.003690184419688752,0.0044339065305334605,8639.993313931946,not computed,,
cheat-degraded-to-a-guess,1dd169613d57,3fd443c,BTC-USD,4h,2025-10-01 00:00:00,2026-07-26,180,train,short,2024-09-16 16:00:00,57898.0,57869.05100000001,2024-09-17 08:00:00,58757.442323,58786.8210441615,stop,5,592.2608819999981,58757.442323,56684.52923600001,0.037325622092592915,2159.9983284829864,8639.993313931946,-32.07921935867829,4.3542529948022475,2.177118477595961,6.531371472398209,-38.61059083107649,-0.004468821841426325,-0.0037128754841685707,8601.382723100869,not computed,,
cheat-degraded-to-a-guess,1dd169613d57,3fd443c,BTC-USD,4h,2025-10-01 00:00:00,2026-07-26,181,train,long,2024-09-17 12:00:00,59080.98828,59110.528774139995,2024-09-17 12:00:00,60509.634244997134,60479.37942787464,target,1,699.5527354285696,58061.19967099714,60509.634244997134,0.03637838681822049,2150.3456807752173,8601.382723100869,51.97183554095572,4.350487940128367,2.1752569630227256,6.525744903151093,45.44609063780463,0.00528357964071862,0.006042265204799473,8646.828813738673,not computed,,
cheat-degraded-to-a-guess,1dd169613d57,3fd443c,BTC-USD,4h,2025-10-01 00:00:00,2026-07-26,182,train,long,2024-09-17 16:00:00,61174.85156,61205.43898578,2024-09-17 16:00:00,59916.539290851426,59886.581021206,stop,1,859.2664632857128,59916.539290851426,62923.97191235142,0.035318874257840104,2161.7072034346684,8646.828813738673,-44.44217281115604,4.276833828254597,2.1384058035838436,6.415239631838441,-50.85741244299448,-0.00588162591610334,-0.005139707720423848,8595.97140129568,not computed,,
cheat-degraded-to-a-guess,1dd169613d57,3fd443c,BTC-USD,4h,2025-10-01 00:00:00,2026-07-26,183,train,short,2024-09-17 20:00:00,59934.03125,59904.064234375,2024-09-18 20:00:00,61330.88608348214,61361.55152652388,stop,7,951.2145660714274,61330.88608348214,58001.63510223215,0.035873907351527484,2148.99285032392,8595.97140129568,-50.1106408798716,4.350271464732417,2.1751232047059403,6.5253946694383576,-56.63603554930996,-0.006588671937737386,-0.0058295495111021865,8539.335365746369,not computed,,
cheat-degraded-to-a-guess,1dd169613d57,3fd443c,BTC-USD,4h,2025-10-01 00:00:00,2026-07-26,184,train,long,2024-09-19 00:00:00,61720.12891,61750.988974454995,2024-09-20 04:00:00,63971.497347455,63939.511598781275,target,8,1110.2541865000005,60085.607694704995,63971.497347455,0.03457165426645596,2134.833841436592,8539.335365746369,77.83353124610542,4.345328530395709,2.172683723580377,6.518012253976086,71.31551899212934,0.008351413305325328,0.009114705994370148,8610.650884738498,not computed,,
cheat-degraded-to-a-guess,1dd169613d57,3fd443c,BTC-USD,4h,2025-10-01 00:00:00,2026-07-26,185,train,short,2024-09-20 08:00:00,63516.0,63484.242000000006,2024-09-26 12:00:00,64937.26488096429,64969.73351340477,stop,38,968.6819206428574,64937.26488096429,61546.87815871429,0.033908615010078,2152.6627211846244,8610.650884738498,-48.193123675962525,4.35569640219803,2.177836152817683,6.533532555015713,-54.726656230978236,-0.006355693310940717,-0.0055969199449695415,8555.92422850752,not computed,,
cheat-degraded-to-a-guess,1dd169613d57,3fd443c,BTC-USD,4h,2025-10-01 00:00:00,2026-07-26,186,train,long,2024-09-26 16:00:00,65263.23047,65295.862085235,2024-09-30 08:00:00,64121.091717735,64089.03117187614,stop,23,783.1802450000001,64121.091717735,66862.222575235,0.032758294152464465,2138.98105712688,8555.92422850752,-37.414517209625735,4.238428392201663,2.119204842471248,6.357633234672911,-43.772150444298646,-0.00511600491954499,-0.004372936951096896,8512.152078063222,not computed,,
cheat-degraded-to-a-guess,1dd169613d57,3fd443c,BTC-USD,4h,2025-10-01 00:00:00,2026-07-26,187,train,short,2024-09-30 12:00:00,63819.44141,63787.531689295,2024-10-01 12:00:00,62775.44295993785,62806.830681417814,target,7,506.0443646785737,64546.59823631286,62775.44295993785,0.03336134763579414,2128.0380195158054,8512.152078063222,34.829195223753665,4.223358531781047,2.1116879731891913,6.335046504970238,28.49414871878343,0.003347467063260779,0.0040917026510266935,8540.646226782004,not computed,,
cheat-degraded-to-a-guess,1dd169613d57,3fd443c,BTC-USD,4h,2025-10-01 00:00:00,2026-07-26,188,train,short,2024-10-01 16:00:00,62620.011719,62588.70171314051,2024-10-01 20:00:00,61139.12916749765,61169.6987320814,target,2,724.7862728214293,63675.88112237265,61139.12916749765,0.034114169143202144,2135.161556695501,8540.646226782004,50.5190778431679,4.221915005680444,2.110970132609431,6.332885138289875,44.186192704878025,0.005173635756778883,0.0059151352838791894,8584.832419486882,not computed,,
cheat-degraded-to-a-guess,1dd169613d57,3fd443c,BTC-USD,4h,2025-10-01 00:00:00,2026-07-26,189,train,short,2024-10-02 00:00:00,60796.0,60765.602000000006,2024-10-02 16:00:00,62123.66450091072,62154.726333161176,stop,5,905.3750006071433,62123.66450091072,58954.85199878572,0.03531945762459031,2146.2081048717205,8584.832419486882,-46.892390079589134,4.341479327763815,2.1707279407840616,6.5122072685478765,-53.40459734813701,-0.006220808367431011,-0.005462237093079087,8531.427822138745,not computed,,
cheat-degraded-to-a-guess,1dd169613d57,3fd443c,BTC-USD,4h,2025-10-01 00:00:00,2026-07-26,190,train,short,2024-10-02 20:00:00,60279.98828,60249.848285860004,2024-10-04 12:00:00,61862.75342032429,61893.684797034446,stop,11,1075.2700896428573,61862.75342032429,58099.30810657429,0.035400204585000504,2132.856955534686,8531.427822138745,-56.03020977748699,4.323906059869241,2.1619390223817376,6.485845082250979,-62.51605485973796,-0.007327736477768829,-0.006567506746302258,8468.911767279007,not computed,,
cheat-degraded-to-a-guess,1dd169613d57,3fd443c,BTC-USD,4h,2025-10-01 00:00:00,2026-07-26,191,train,long,2024-10-04 16:00:00,61866.0,61896.933,2024-10-07 00:00:00,63781.94081171428,63750.04984130843,target,15,942.503905857143,60483.177141214284,63781.94081171428,0.034205700334453595,2117.227941819752,8468.911767279007,65.53609726404848,4.297843042998029,2.1489379055231055,6.446780948521135,59.08931631552734,0.006977202967662073,0.007738431933753007,8528.001083594534,not computed,,
cheat-degraded-to-a-guess,1dd169613d57,3fd443c,BTC-USD,4h,2025-10-01 00:00:00,2026-07-26,192,train,long,2024-10-07 04:00:00,63559.98047,63591.760460235,2024-10-07 08:00:00,62914.999299735,62883.541800085135,stop,2,451.1741069999994,62914.999299735,64494.108674234994,0.033526360262219966,2132.0002708986335,8528.001083594534,-21.62387107665276,4.240256547852656,2.120122867958223,6.360379415810879,-27.98425049246364,-0.0032814548471736755,-0.0025356318397110646,8500.01683310207,not computed,,
cheat-degraded-to-a-guess,1dd169613d57,3fd443c,BTC-USD,4h,2025-10-01 00:00:00,2026-07-26,193,train,short,2024-10-07 12:00:00,63134.0,63102.433000000005,2024-10-07 12:00:00,63825.78749275,63857.70038649637,stop,1,482.2363284999992,63825.78749275,62137.960343000006,0.03367547188355665,2125.0042082755176,8500.01683310207,-23.296270261498826,4.275442402189562,2.13771537702684,6.413157779216402,-29.709428040715228,-0.003495219906508445,-0.002740732250173307,8470.307405061356,not computed,,
cheat-degraded-to-a-guess,1dd169613d57,3fd443c,BTC-USD,4h,2025-10-01 00:00:00,2026-07-26,194,train,long,2024-10-07 16:00:00,63685.78125,63717.624140625,2024-10-07 16:00:00,62869.59679655357,62838.161998155294,stop,1,565.3515627142853,62869.59679655357,64848.327266053566,0.033233769774463656,2117.576851265339,8470.307405061356,-27.124886219335192,4.205925860162483,2.1029561488594872,6.30888200902197,-33.43376822835716,-0.003947172945385561,-0.003202349681326437,8436.873636833,not computed,,
cheat-degraded-to-a-guess,1dd169613d57,3fd443c,BTC-USD,4h,2025-10-01 00:00:00,2026-07-26,195,train,short,2024-10-07 20:00:00,63396.0,63364.302,2024-10-08 04:00:00,62109.86003457143,62140.91496458871,target,3,627.2209827142854,64305.13347407143,62109.86003457143,0.033287171840198755,2109.21840920825,8436.873636833,42.81196203976811,4.177713723941692,2.0888675649610136,6.266581288902706,36.545380750865405,0.004331625946288757,0.0050743870161647575,8473.419017583865,not computed,,
cheat-degraded-to-a-guess,1dd169613d57,3fd443c,BTC-USD,4h,2025-10-01 00:00:00,2026-07-26,196,train,short,2024-10-08 08:00:00,62278.019531,62246.8805212345,2024-10-09 20:00:00,60773.29402480593,60803.68067181833,target,10,736.793248214286,63352.07039355593,60773.29402480593,0.034031500641599606,2118.354754395966,8473.419017583865,51.20806702947468,4.18759525219057,2.0938104281116807,6.28140568030225,44.92666134917243,0.005302070068285487,0.006043377168438,8518.345678933038,not computed,,
cheat-degraded-to-a-guess,1dd169613d57,3fd443c,BTC-USD,4h,2025-10-01 00:00:00,2026-07-26,197,train,short,2024-10-10 00:00:00,60636.01,60605.69199500001,2024-10-10 16:00:00,59066.78264142858,59096.316032749295,target,5,769.4546767857147,61759.87401017858,59066.78264142858,0.03513838964018348,2129.5864197332594,8518.345678933038,55.140122359518514,4.2061357987914265,2.10308168442608,6.309217483217506,48.830904876301005,0.005732439926342283,0.0064731022240488685,8567.176583809338,not computed,,
cheat-degraded-to-a-guess,1dd169613d57,3fd443c,BTC-USD,4h,2025-10-01 00:00:00,2026-07-26,198,train,short,2024-10-10 20:00:00,59727.27,59697.406365,2024-10-11 04:00:00,60903.74113692858,60934.19300749704,stop,3,804.2231812857145,60903.74113692858,58088.960002428576,0.03587750752280667,2141.7941459523345,8567.176583809338,-42.208852065520034,4.327961113974963,2.1639700047741144,6.491931118749077,-48.70078318426911,-0.005684577959593619,-0.004926810093454634,8518.475800625069,not computed,,
cheat-degraded-to-a-guess,1dd169613d57,3fd443c,BTC-USD,4h,2025-10-01 00:00:00,2026-07-26,199,train,long,2024-10-11 08:00:00,60674.68,60705.01734,2024-10-11 12:00:00,62211.69591142857,62180.59006347286,target,2,753.3392857142852,59575.00841142857,62211.69591142857,0.03508143220235949,2129.618950156267,8518.475800625069,53.920719490729184,4.311003104770699,2.1555150325650274,6.466518137335727,47.45420135339346,0.005570738529293159,0.006329855334773926,8565.930001978462,not computed,,
cheat-degraded-to-a-guess,1dd169613d57,3fd443c,BTC-USD,4h,2025-10-01 00:00:00,2026-07-26,200,train,long,2024-10-11 16:00:00,62259.04,62290.169519999996,2024-10-14 00:00:00,63953.70380571428,63921.72695381143,target,15,831.7671428571422,61042.51880571428,63953.70380571428,0.03437914067334546,2141.4825004946156,8565.930001978462,58.26108537067812,4.339056543522877,2.1695428370324024,6.508599380555279,51.752485990122835,0.006041665759371093,0.006801489780703511,8617.682487968585,not computed,,
cheat-degraded-to-a-guess,1dd169613d57,3fd443c,BTC-USD,4h,2025-10-01 00:00:00,2026-07-26,201,train,long,2024-10-14 04:00:00,64300.0,64332.149999999994,2024-10-14 12:00:00,65621.72714285714,65588.91627928571,target,3,644.7885714285715,63364.96714285714,65621.72714285714,0.03348901944039095,2154.420621992146,8617.682487968585,44.263345982035155,4.35092911434332,2.175475623008033,6.526404737351354,37.7369412446838,0.004379012721502506,0.0051363398505146355,8655.419429213269,not computed,,
cheat-degraded-to-a-guess,1dd169613d57,3fd443c,BTC-USD,4h,2025-10-01 00:00:00,2026-07-26,202,train,long,2024-10-14 16:00:00,65870.0,65902.935,2024-10-15 12:00:00,67445.51214285714,67411.78938678572,target,6,771.288571428571,64746.00214285714,67445.51214285714,0.032833967975831685,2163.854857303317,8655.419429213269,51.73031524410541,4.37725139122255,2.1886386281898496,6.565890019412399,45.16442522469301,0.005218051602705314,0.005976638759932102,8700.583854437962,not computed,,
cheat-degraded-to-a-guess,1dd169613d57,3fd443c,BTC-USD,4h,2025-10-01 00:00:00,2026-07-26,203,train,long,2024-10-15 16:00:00,66022.01,66055.02100499999,2024-10-16 08:00:00,68128.90243357142,68094.83798235464,target,5,1036.9407142857137,64499.60993357142,68128.90243357142,0.03292930545650488,2175.1459636094905,8700.583854437962,69.37850450907239,4.417461683541657,2.208748186396477,6.626209869938134,62.75229463913425,0.007212423406174723,0.007974005615000659,8763.336149077097,not computed,,
cheat-degraded-to-a-guess,1dd169613d57,3fd443c,BTC-USD,4h,2025-10-01 00:00:00,2026-07-26,204,train,long,2024-10-16 12:00:00,67894.73,67928.677365,2024-10-23 08:00:00,66269.55200785714,66236.41723185322,stop,42,1106.0835714285697,66269.55200785714,70140.84450785714,0.032251975487426365,2190.834037269274,8763.336149077097,-52.415200765296106,4.327089342205949,2.1635315673025275,6.490620909508476,-58.905821674804585,-0.006721848925195937,-0.005981192535997397,8704.430327402291,not computed,,
cheat-degraded-to-a-guess,1dd169613d57,3fd443c,BTC-USD,4h,2025-10-01 00:00:00,2026-07-26,205,train,short,2024-10-23 12:00:00,66414.0,66380.793,2024-10-24 00:00:00,67561.06264285714,67594.84317417856,stop,4,786.8464285714269,67561.06264285714,64807.100142857154,0.03278218718855276,2176.107581850573,8704.430327402291,-37.60322227513885,4.392014383767362,2.1959977910776445,6.588012174845007,-44.19123444998385,-0.005076866927277948,-0.004320009565331425,8660.239092952308,not computed,,
cheat-degraded-to-a-guess,1dd169613d57,3fd443c,BTC-USD,4h,2025-10-01 00:00:00,2026-07-26,206,train,long,2024-10-24 04:00:00,67213.16,67246.76658,2024-10-24 20:00:00,68834.34515142857,68799.92797885287,target,5,793.7892857142839,66056.08265142857,68834.34515142857,0.032195745362156816,2165.059773238077,8660.239092952308,52.19526432030376,4.380124735379952,2.190075416505479,6.570200151885431,45.62506416841833,0.005268337707390544,0.006027000381869387,8705.864157120726,not computed,,
cheat-degraded-to-a-guess,1dd169613d57,3fd443c,BTC-USD,4h,2025-10-01 00:00:00,2026-07-26,207,train,short,2024-10-25 00:00:00,68198.27,68164.17086500001,2024-10-25 16:00:00,66638.65372214286,66671.97304900392,target,5,762.7585714285711,69308.30872214286,66638.65372214286,0.031929766205044875,2176.4660392801816,8705.864157120726,49.79818312156095,4.30528655116393,2.1526557251273744,6.457942276291305,43.34024084526965,0.004978281312811511,0.0057200735300733906,8749.204397965996,not computed,,
cheat-degraded-to-a-guess,1dd169613d57,3fd443c,BTC-USD,4h,2025-10-01 00:00:00,2026-07-26,208,train,short,2024-10-25 20:00:00,66849.99,66816.56500500001,2024-10-27 20:00:00,68193.79964785716,68227.89654768108,stop,13,918.1564285714287,68193.79964785716,64980.25214785715,0.03273591061330104,2187.301099491499,8749.204397965996,-43.990832513543324,4.4208034222099375,2.2103907133965492,6.631194135606487,-50.62202664914981,-0.0057859005626749735,-0.005027980889756131,8698.582371316847,not computed,,
cheat-degraded-to-a-guess,1dd169613d57,3fd443c,BTC-USD,4h,2025-10-01 00:00:00,2026-07-26,209,train,long,2024-10-28 00:00:00,68021.69,68055.700845,2024-10-28 16:00:00,69332.36941642857,69297.70323172036,target,5,638.3342857142883,67098.19941642857,69332.36941642857,0.03195390784060938,2174.6455928292116,8698.582371316847,41.88132928114213,4.388978015461502,2.1944994780629727,6.583477493524475,35.29785178761765,0.004057885558917118,0.004814730434610102,8733.880223104465,not computed,,
cheat-degraded-to-a-guess,1dd169613d57,3fd443c,BTC-USD,4h,2025-10-01 00:00:00,2026-07-26,210,train,long,2024-10-28 20:00:00,69629.99,69664.804995,2024-10-29 00:00:00,70847.04928071429,70811.62575607393,target,2,591.1221428571454,68778.12178071428,70847.04928071429,0.03134251299394047,2183.470055776116,8733.880223104465,38.14569632018323,4.402884356157912,2.2014517145027668,6.604336070660679,31.541360249522548,0.0036113799873375347,0.004367554322450315,8765.421583353987,not computed,,
cheat-degraded-to-a-guess,1dd169613d57,3fd443c,BTC-USD,4h,2025-10-01 00:00:00,2026-07-26,211,train,long,2024-10-29 04:00:00,70938.15,70973.619075,2024-10-29 12:00:00,72418.759075,72382.5496954625,target,3,722.5700000000028,69889.76407499998,72418.759075,0.030875632726616697,2191.355395838497,8765.421583353987,45.714742011395685,4.426212416051678,2.2131176367112673,6.639330052762945,39.07541195863274,0.004457904458678756,0.00521535006350527,8804.49699531262,not computed,,
cheat-degraded-to-a-guess,1dd169613d57,3fd443c,BTC-USD,4h,2025-10-01 00:00:00,2026-07-26,212,train,long,2024-10-29 16:00:00,72402.0,72438.201,2024-10-31 12:00:00,71176.69778571428,71141.10943682143,stop,12,841.0021428571448,71176.69778571428,74120.20528571428,0.030386235693900723,2201.124248828155,8804.49699531262,-37.232321879544415,4.3628347677009955,2.1814080757699017,6.544242843470897,-43.77656472301531,-0.004972068790110473,-0.004228784665309822,8760.720430589605,not computed,,
cheat-degraded-to-a-guess,1dd169613d57,3fd443c,BTC-USD,4h,2025-10-01 00:00:00,2026-07-26,213,train,short,2024-10-31 16:00:00,70620.01,70584.699995,2024-11-03 00:00:00,68775.79142357143,68810.17931928321,target,15,904.4542857142858,71941.38142357144,68775.79142357143,0.031029105568239953,2190.180107647401,8760.720430589605,57.22445289891123,4.325298425914962,2.162663519070435,6.487961944985397,50.73649095392584,0.0057913605799781494,0.006531934599705058,8811.456921543531,not computed,,
cheat-degraded-to-a-guess,1dd169613d57,3fd443c,BTC-USD,4h,2025-10-01 00:00:00,2026-07-26,214,train,short,2024-11-03 04:00:00,68379.9,68345.71005,2024-11-05 12:00:00,69799.72112142856,69834.62098198927,stop,15,969.3407142857135,69799.72112142856,66407.02862142857,0.03223119971647559,2202.864230385883,8811.456921543531,-45.762538126434556,4.453717846380756,2.2268474825555415,6.680565328936297,-52.44310345537085,-0.00595169492653937,-0.005193526851904325,8759.01381808816,not computed,,
cheat-degraded-to-a-guess,1dd169613d57,3fd443c,BTC-USD,4h,2025-10-01 00:00:00,2026-07-26,215,train,long,2024-11-05 16:00:00,69640.0,69674.81999999999,2024-11-06 00:00:00,71612.0757142857,71576.26967642856,target,3,968.6278571428577,68221.87821428571,71612.0757142857,0.031428189617454916,2189.75345452204,8759.01381808816,61.97876948854894,4.439266030022925,2.2196485097034753,6.658914539726401,55.31985494882254,0.00631576294977204,0.007075998597074609,8814.333673036983,not computed,,
cheat-degraded-to-a-guess,1dd169613d57,3fd443c,BTC-USD,4h,2025-10-01 00:00:00,2026-07-26,216,train,long,2024-11-06 04:00:00,74348.53,74385.704265,2024-11-10 00:00:00,77201.07569357142,77162.47515572463,target,24,1407.6857142857148,72274.17569357142,77201.07569357142,0.029623748810778918,2203.5834182592457,8814.333673036983,84.5030970976288,4.489425199890401,2.244733725719186,6.734158925609587,77.7689381720192,0.008823008188346004,0.009587009095891557,8892.102611209002,not computed,,
cheat-degraded-to-a-guess,1dd169613d57,3fd443c,BTC-USD,4h,2025-10-01 00:00:00,2026-07-26,217,train,long,2024-11-10 04:00:00,77205.97,77244.57298499999,2024-11-10 04:00:00,78779.55584214284,78740.16606422178,target,1,767.4914285714289,76093.33584214284,78779.55584214284,0.02877905290814329,2223.0256528022505,8892.102611209002,45.28631020653406,4.489093057960478,2.244557850557399,6.733650908517877,38.55265929801618,0.004335606659488877,0.005092868603365878,8930.655270507019,not computed,,
cheat-degraded-to-a-guess,1dd169613d57,3fd443c,BTC-USD,4h,2025-10-01 00:00:00,2026-07-26,218,train,long,2024-11-10 08:00:00,78832.36,78871.77618,2024-11-10 16:00:00,80591.75475142857,80551.45887405286,target,3,859.9892857142861,77581.79225142857,80591.75475142857,0.028307512848847253,2232.6638176267547,8930.655270507019,49.804089532258615,4.512875274697397,2.2564500883710394,6.769325363068436,43.03476416919018,0.0048187689330378754,0.005576756466766083,8973.690034676209,not computed,,
cheat-degraded-to-a-guess,1dd169613d57,3fd443c,BTC-USD,4h,2025-10-01 00:00:00,2026-07-26,219,train,long,2024-11-10 20:00:00,79748.99,79788.864495,2024-11-11 00:00:00,81785.42020928572,81744.52749918107,target,2,998.2778571428581,78291.44770928571,81785.42020928572,0.028116987537899315,2243.422508669052,8973.690034676209,57.258282816288016,4.541832369654994,2.270930499398098,6.812762869053092,50.44551994723493,0.005621491242989553,0.006380684266453385,9024.135554623443,not computed,,
cheat-degraded-to-a-guess,1dd169613d57,3fd443c,BTC-USD,4h,2025-10-01 00:00:00,2026-07-26,220,train,long,2024-11-11 04:00:00,81612.23,81653.036115,2024-11-11 12:00:00,83981.85040071428,83939.85947551392,target,3,1164.4071428571438,79906.42540071427,83981.85040071428,0.027629516255567844,2256.0338886558607,9024.135554623443,65.4714653810604,4.575251600524653,2.2876421681286274,6.86289376865328,58.60857161240712,0.006494646634865707,0.007255150921078155,9082.74412623585,not computed,,
cheat-degraded-to-a-guess,1dd169613d57,3fd443c,BTC-USD,4h,2025-10-01 00:00:00,2026-07-26,221,train,long,2024-11-11 16:00:00,84059.53,84101.559765,2024-11-11 20:00:00,86952.39405071428,86908.91785368894,target,2,1425.4171428571437,81963.43405071428,86952.39405071428,0.026999333162236298,2270.6860315589624,9082.74412623585,78.10540029829141,4.617168859460136,2.3086039560798213,6.925772815539958,71.17962748275146,0.007836797612424907,0.00859931747638701,9153.923753718602,not computed,,
cheat-degraded-to-a-guess,1dd169613d57,3fd443c,BTC-USD,4h,2025-10-01 00:00:00,2026-07-26,222,train,long,2024-11-12 00:00:00,88648.0,88692.324,2024-11-12 08:00:00,85948.71149999999,85905.73714425,stop,3,1829.0750000000012,85948.71149999999,92350.474,0.02580246897611625,2288.4809384296505,9153.923753718602,-69.64830777883762,4.505061055964559,2.2525131159048897,6.757574171869448,-76.40588195070707,-0.00834679029521834,-0.007608574164772168,9077.517871767895,not computed,,
cheat-degraded-to-a-guess,1dd169613d57,3fd443c,BTC-USD,4h,2025-10-01 00:00:00,2026-07-26,223,train,short,2024-11-12 12:00:00,87155.55,87111.972225,2024-11-13 12:00:00,90560.51079642857,90605.79105182677,stop,7,2299.0257142857154,90560.51079642857,82513.92079642857,0.02605129249146642,2269.379467941974,9077.517871767895,-88.70362962973707,4.629777432053805,2.3148665401191693,6.944643972172974,-95.64827360191003,-0.010536831207943633,-0.009771793444286721,8981.869598165986,not computed,,
cheat-degraded-to-a-guess,1dd169613d57,3fd443c,BTC-USD,4h,2025-10-01 00:00:00,2026-07-26,224,train,long,2024-11-13 16:00:00,92540.0,92586.26999999999,2024-11-13 20:00:00,88474.08107142856,88429.84403089285,stop,2,2741.459285714285,88474.08107142856,98069.18857142856,0.021842064540760976,2022.2752849283215,8981.869598165986,-88.80806365535906,3.95376564558051,1.9768606207739623,5.930626266354473,-94.73868992171353,-0.010547769468959814,-0.009887480850700932,8887.130908244273,not computed,,
cheat-degraded-to-a-guess,1dd169613d57,3fd443c,BTC-USD,4h,2025-10-01 00:00:00,2026-07-26,225,train,long,2024-11-14 00:00:00,90375.21,90420.397605,2024-11-21 04:00:00,96238.7218907143,96190.60252976895,target,44,2909.162142857143,86056.65439071429,96238.7218907143,0.020365842974330414,1841.4876192999518,8887.130908244273,119.41536244440645,3.800490326027456,1.900275016854124,5.70076534288158,113.71459710152487,0.01279542276079628,0.013436885725811589,9000.845505345798,not computed,,
cheat-degraded-to-a-guess,1dd169613d57,3fd443c,BTC-USD,4h,2025-10-01 00:00:00,2026-07-26,226,train,long,2024-11-21 08:00:00,96912.01,96960.466005,2024-11-25 12:00:00,94891.51279071429,94844.06703431894,stop,26,1379.3021428571406,94891.51279071429,99719.07029071427,0.02320751404206754,2250.2113763364496,9000.845505345798,-46.8907173564563,4.451306393842202,2.2256414742415345,6.676947868083737,-53.567665224540036,-0.005951403697877608,-0.0052095902911128604,8947.277840121258,not computed,,
cheat-degraded-to-a-guess,1dd169613d57,3fd443c,BTC-USD,4h,2025-10-01 00:00:00,2026-07-26,227,train,short,2024-11-25 16:00:00,96000.57,95952.569715,2024-11-25 20:00:00,93486.64257214287,93533.38589342893,target,2,1232.9635714285719,97802.01507214287,93486.64257214287,0.023311720224629257,2236.8194600303145,8947.277840121258,58.60397286322748,4.417243583640214,2.20863644281318,6.625880026453395,51.97809283677409,0.005809375070895267,0.006549922100377432,8999.255932958033,not computed,,
cheat-degraded-to-a-guess,1dd169613d57,3fd443c,BTC-USD,4h,2025-10-01 00:00:00,2026-07-26,228,train,short,2024-11-26 00:00:00,93010.01,92963.504995,2024-11-27 12:00:00,95244.56142357143,95292.1837042832,stop,10,1520.7042857142867,95244.56142357143,89922.09642357142,0.024201045166708308,2249.813983239508,8999.255932958033,-54.07847992918468,4.555984425101131,2.277978692930269,6.8339631180313996,-60.91244304721608,-0.006768608816217356,-0.006009216798816969,8938.343489910816,not computed,,
cheat-degraded-to-a-guess,1dd169613d57,3fd443c,BTC-USD,4h,2025-10-01 00:00:00,2026-07-26,229,train,long,2024-11-27 16:00:00,95556.0,95603.77799999999,2024-12-05 00:00:00,99665.47514285713,99615.6424052857,target,45,2030.8485714285728,92557.50514285713,99665.47514285713,0.02337340552041473,2234.585872477704,8938.343489910816,96.052428990064,4.5629426785930685,2.2814953524035815,6.84443803099665,89.20799095906735,0.009980371761250969,0.010746110741714445,9027.551480869883,not computed,,
cheat-degraded-to-a-guess,1dd169613d57,3fd443c,BTC-USD,4h,2025-10-01 00:00:00,2026-07-26,230,train,long,2024-12-05 04:00:00,102964.0,103015.48199999999,2024-12-05 16:00:00,100434.81342857142,100384.59602185714,stop,4,1720.4457142857148,100434.81342857142,106456.37342857142,0.021908239678162852,2256.8878702174707,9027.551480869883,-55.41002559764831,4.45613765985987,2.228054977423106,6.684192637282976,-62.09421823493128,-0.006878301205649615,-0.006137879768956917,8965.45726263495,not computed,,
cheat-degraded-to-a-guess,1dd169613d57,3fd443c,BTC-USD,4h,2025-10-01 00:00:00,2026-07-26,231,train,short,2024-12-05 20:00:00,99028.01,98978.495995,2024-12-05 20:00:00,94820.72028071429,94868.13064085464,target,1,2078.887857142857,102096.82778071429,94820.72028071429,0.02264496235396386,2241.3643156587377,8965.45726263495,95.27391730544397,4.389649562611816,2.194848599784791,6.584498162396607,88.68941914304736,0.009892347545135865,0.010626777253460794,9054.146681777998,not computed,,
cheat-degraded-to-a-guess,1dd169613d57,3fd443c,BTC-USD,4h,2025-10-01 00:00:00,2026-07-26,232,train,short,2024-12-06 00:00:00,96945.63,96897.157185,2024-12-06 16:00:00,100691.33432785714,100741.67999502107,stop,5,2529.451428571428,100691.33432785714,91838.25432785715,0.023360196895383246,2263.5366704444996,9054.146681777998,-87.50039061063187,4.616882150699883,2.3084192002523167,6.9253013509522,-94.42569196158406,-0.010428999582215883,-0.009664123377494152,8959.720989816415,not computed,,
cheat-degraded-to-a-guess,1dd169613d57,3fd443c,BTC-USD,4h,2025-10-01 00:00:00,2026-07-26,233,train,long,2024-12-06 20:00:00,101439.99,101490.709995,2024-12-09 16:00:00,97213.02392357143,97164.41741160964,stop,18,2851.7907142857116,97213.02392357143,107194.29142357143,0.020945251334968194,2125.7484290096436,8959.720989816415,-88.53486685518098,4.160881572511568,2.0804186525388957,6.2413002250504634,-94.77616708023145,-0.010578026613546747,-0.009881431236062973,8864.944822736183,not computed,,
cheat-degraded-to-a-guess,1dd169613d57,3fd443c,BTC-USD,4h,2025-10-01 00:00:00,2026-07-26,234,train,short,2024-12-09 20:00:00,97070.33,97021.79483500001,2024-12-09 20:00:00,94363.89769214287,94411.07964098893,target,1,1328.9485714285724,99015.21769214286,94363.89769214287,0.02284266343921059,2216.2362056840457,8864.944822736183,61.82212232938646,4.372836722855663,2.186433816958022,6.559270539813685,55.26285178957278,0.006233863029563199,0.006973774069166168,8920.207674525755,not computed,,
cheat-degraded-to-a-guess,1dd169613d57,3fd443c,BTC-USD,4h,2025-10-01 00:00:00,2026-07-26,235,train,long,2024-12-10 00:00:00,97276.48,97325.11824,2024-12-10 16:00:00,95046.85824,94999.33481088001,stop,5,1518.8400000000006,95046.85824,100362.79824,0.022913426245547593,2230.0519186314386,8920.207674525755,-51.088273753227895,4.406812170196619,2.203393313029615,6.610205483226234,-57.698479236454126,-0.006468288782247627,-0.0057272516086284975,8862.5091952893,not computed,,
cheat-degraded-to-a-guess,1dd169613d57,3fd443c,BTC-USD,4h,2025-10-01 00:00:00,2026-07-26,236,train,long,2024-12-10 20:00:00,95856.5,95904.42825,2024-12-11 12:00:00,99788.54253571428,99738.64826444643,target,5,1942.0571428571432,92991.34253571428,99788.54253571428,0.023102450421233028,2215.627298822325,8862.5091952893,90.83981773551858,4.519834475432498,2.25993994767056,6.779774423103058,84.06004331241552,0.009484903367671094,0.010249898277544555,8946.569238601716,not computed,,
cheat-degraded-to-a-guess,1dd169613d57,3fd443c,BTC-USD,4h,2025-10-01 00:00:00,2026-07-26,237,train,long,2024-12-11 16:00:00,100361.64,100411.82082,2024-12-15 20:00:00,104350.63939142856,104298.46407173284,target,26,1969.4092857142855,97457.70689142856,104350.63939142856,0.022274691280221616,2236.642309650429,8946.569238601716,88.85372996106305,4.559858397849564,2.27995141235715,6.839809810206714,82.01392015085634,0.009167080471136499,0.009931598089878556,9028.583158752572,not computed,,
cheat-degraded-to-a-guess,1dd169613d57,3fd443c,BTC-USD,4h,2025-10-01 00:00:00,2026-07-26,238,train,long,2024-12-16 00:00:00,104463.99,104516.221995,2024-12-16 16:00:00,106801.23485214285,106747.83423471678,target,5,1142.5064285714273,102802.46235214286,106801.23485214285,0.021596128778900214,2257.145789688143,9028.583158752572,50.47544081469847,4.56248576468978,2.2812555012049955,6.843741265894775,43.631699548803695,0.0048326186713477685,0.005590627003946473,9072.214858301375,not computed,,
cheat-degraded-to-a-guess,1dd169613d57,3fd443c,BTC-USD,4h,2025-10-01 00:00:00,2026-07-26,239,train,long,2024-12-16 20:00:00,106583.13,106636.421565,2024-12-18 04:00:00,104449.37120785714,104397.14652225321,stop,9,1458.0335714285716,104449.37120785714,109552.48870785713,0.021269034362643692,2268.0537145753437,9072.214858301375,-45.382989071679674,4.4884802113190965,2.2442287599120903,6.732708971231187,-52.115698042910864,-0.005744539658385988,-0.0050024155931616575,9020.099160258464,not computed,,
cheat-degraded-to-a-guess,1dd169613d57,3fd443c,BTC-USD,4h,2025-10-01 00:00:00,2026-07-26,240,train,short,2024-12-18 08:00:00,104250.75,104198.62462500001,2024-12-18 20:00:00,100872.29462500001,100922.7307723125,target,4,1663.1649999999997,106693.37212500001,100872.29462500001,0.02164159842013477,2255.024790064616,9020.099160258464,73.11517450609561,4.4391540009023815,2.2195952792443165,6.658749280146698,66.45642522594892,0.007367593642290365,0.008105806067879253,9086.555585484413,not computed,,
cheat-degraded-to-a-guess,1dd169613d57,3fd443c,BTC-USD,4h,2025-10-01 00:00:00,2026-07-26,241,train,short,2024-12-19 00:00:00,100204.01,100153.907995,2024-12-19 12:00:00,102679.36585214286,102730.70553506892,stop,4,1683.6385714285705,102679.36585214286,96786.63085214286,0.02268148035206485,2271.6388963711033,9086.555585484413,-56.144735124747115,4.601723375518529,2.3008476515750758,6.902571027093605,-63.04730615184072,-0.006938526437075618,-0.006178879840281523,9023.508279332573,not computed,,
cheat-degraded-to-a-guess,1dd169613d57,3fd443c,BTC-USD,4h,2025-10-01 00:00:00,2026-07-26,242,train,short,2024-12-19 16:00:00,100679.86,100629.52007000001,2024-12-19 16:00:00,96854.57864142858,96903.00593074929,target,1,1887.470714285713,103460.72614142859,96854.57864142858,0.02241764711054875,2255.877069833143,9023.508279332573,85.75380759501454,4.428214460740094,2.2141286688215445,6.642343129561638,79.1114644654529,0.008767262356998071,0.009503377726313489,9102.619743798026,not computed,,
cheat-degraded-to-a-guess,1dd169613d57,3fd443c,BTC-USD,4h,2025-10-01 00:00:00,2026-07-26,243,train,short,2024-12-19 20:00:00,97199.72,97151.12014000001,2024-12-20 08:00:00,92789.39014000002,92835.78483507001,target,4,2180.864999999998,100422.41764000001,92789.39014000002,0.023423867194430334,2275.6549359495066,9102.619743798026,103.30698092427014,4.450228030816896,2.2251398421531547,6.6753678729700505,96.63161305130008,0.010615802458093342,0.011349148248739848,9199.251356849327,not computed,,
cheat-degraded-to-a-guess,1dd169613d57,3fd443c,BTC-USD,4h,2025-10-01 00:00:00,2026-07-26,244,train,short,2024-12-20 12:00:00,92723.99,92677.628005,2024-12-20 12:00:00,96386.92121928572,96435.11467989536,stop,1,2472.8621428571414,96386.92121928572,87731.90371928572,0.024800550469884563,2298.4561907671896,9199.251356849327,-90.84271057161125,4.69010011945504,2.3450273490496016,7.035127468504641,-97.87783804011589,-0.010639761241792865,-0.009875011242515302,9101.37351880921,not computed,,
cheat-degraded-to-a-guess,1dd169613d57,3fd443c,BTC-USD,4h,2025-10-01 00:00:00,2026-07-26,245,train,long,2024-12-20 16:00:00,96991.63,97040.12581499999,2024-12-23 16:00:00,92932.98010071428,92886.51361066393,stop,19,2738.097142857142,92932.98010071428,102516.32010071428,0.022159850543291636,2150.394684762616,9101.37351880921,-89.93907517571728,4.208745943862354,2.1043504871620797,6.313096431024434,-96.25217160674171,-0.010575565480069977,-0.009881923315183812,9005.121347202468,not computed,,
cheat-degraded-to-a-guess,1dd169613d57,3fd443c,BTC-USD,4h,2025-10-01 00:00:00,2026-07-26,246,train,short,2024-12-23 20:00:00,93044.79,92998.267605,2024-12-24 12:00:00,95525.46546214285,95573.22819487391,stop,5,1684.798571428569,95525.46546214285,89628.67046214287,0.024207766389398616,2251.280336800617,9005.121347202468,-60.051612075467695,4.56489471802281,2.2824323461079814,6.847327064130791,-66.89893913959848,-0.007428988079142466,-0.006668606647274479,8938.22240806287,not computed,,
cheat-degraded-to-a-guess,1dd169613d57,3fd443c,BTC-USD,4h,2025-10-01 00:00:00,2026-07-26,247,train,long,2024-12-24 16:00:00,98299.99,98349.139995,2024-12-26 08:00:00,95417.18213785715,95369.47354678823,stop,11,1954.6385714285684,95417.18213785715,102258.41713785715,0.022720642012012716,2234.5556020157173,8938.22240806287,-65.49924542516358,4.40141126934641,2.2006892598616474,6.602100529208057,-72.10134595437164,-0.00806663144668804,-0.007327994587165219,8866.121062108497,not computed,,
cheat-degraded-to-a-guess,1dd169613d57,3fd443c,BTC-USD,4h,2025-10-01 00:00:00,2026-07-26,248,train,short,2024-12-26 12:00:00,95695.81,95647.96209500001,2024-12-30 12:00:00,92506.00066642859,92552.2536667618,target,25,1570.980714285713,98004.43316642859,92506.00066642859,0.02317383681761677,2216.5302655271244,8866.121062108497,73.9201209754947,4.361321089103336,2.180679024581451,6.542000113684787,67.3781208618099,0.007599503817939789,0.008337368783673632,8933.499182970307,not computed,,
cheat-degraded-to-a-guess,1dd169613d57,3fd443c,BTC-USD,4h,2025-10-01 00:00:00,2026-07-26,249,train,short,2024-12-30 16:00:00,92130.21,92084.144895,2024-12-30 16:00:00,93459.952395,93506.6823711975,stop,1,917.2050000000017,93459.952395,90249.734895,0.024253630180192342,2233.3747957425767,8933.499182970307,-32.251080283253096,4.501251289350312,2.2506175819051464,6.751868871255458,-39.002949154508556,-0.004365920716583133,-0.003610128531128371,8894.496233815798,not computed,,
cheat-degraded-to-a-guess,1dd169613d57,3fd443c,BTC-USD,4h,2025-10-01 00:00:00,2026-07-26,250,train,long,2024-12-30 20:00:00,94417.04,94464.24852,2024-12-30 20:00:00,92840.53816285713,92794.1178937757,stop,1,1082.4735714285728,92840.53816285713,96629.19566285714,0.02353931877183317,2223.6240584539496,8894.496233815798,-37.10977928888639,4.407934379706605,2.2039579124084554,6.61189229211506,-43.72167158100145,-0.004915587171174118,-0.004172218224996207,8850.774562234797,not computed,,
cheat-degraded-to-a-guess,1dd169613d57,3fd443c,BTC-USD,4h,2025-10-01 00:00:00,2026-07-26,251,train,short,2024-12-31 00:00:00,92792.05,92745.65397500001,2024-12-31 08:00:00,94600.6182607143,94647.91856984465,stop,3,1236.6428571428582,94600.6182607143,90272.3682607143,0.023857653116070975,2212.6936405586994,8850.774562234797,-43.148194200857475,4.470770849956185,2.235374637929347,6.706145487885532,-49.85433968874301,-0.005632765735720527,-0.004875075497342988,8800.920222546054,not computed,,
cheat-degraded-to-a-guess,1dd169613d57,3fd443c,BTC-USD,4h,2025-10-01 00:00:00,2026-07-26,252,train,long,2024-12-31 12:00:00,94232.68,94279.79633999999,2025-01-02 12:00:00,96928.02633999998,96879.56232682998,target,13,1324.114999999999,92293.62383999999,96928.02633999998,0.023337238104565405,2200.2300556365135,8800.920222546054,62.90193931084865,4.4611314691238295,2.2305814600465794,6.691712929170409,56.21022638167824,0.006386857846714687,0.0071472002609122036,8857.130448927732,not computed,,
cheat-degraded-to-a-guess,1dd169613d57,3fd443c,BTC-USD,4h,2025-10-01 00:00:00,2026-07-26,253,train,short,2025-01-02 16:00:00,96455.01,96406.782495,2025-01-03 16:00:00,98243.90535214286,98293.02730481893,stop,7,1224.748571428571,98243.90535214286,93957.28535214286,0.02296812065423689,2214.282612231933,8857.130448927732,-41.08756428582086,4.471888722839215,2.2359340895282003,6.707822812367415,-47.79538709818828,-0.0053962609418239426,-0.004638925047196864,8809.335061829543,not computed,,
cheat-degraded-to-a-guess,1dd169613d57,3fd443c,BTC-USD,4h,2025-10-01 00:00:00,2026-07-26,254,train,long,2025-01-03 20:00:00,98592.02,98641.31601,2025-01-06 12:00:00,100860.23029571428,100809.80018056642,target,17,1109.4571428571446,96977.13029571428,100860.23029571428,0.022326686773259583,2202.3337654573857,8809.335061829543,50.64162080829517,4.45308259776378,2.226553959286896,6.679636557050676,43.961984251244495,0.004990386214474895,0.005748631474777599,8853.297046080786,not computed,,
cheat-degraded-to-a-guess,1dd169613d57,3fd443c,BTC-USD,4h,2025-10-01 00:00:00,2026-07-26,255,train,long,2025-01-06 16:00:00,102147.95,102199.02397499999,2025-01-07 08:00:00,100730.61718928571,100680.25188069107,stop,5,978.9378571428554,100730.61718928571,104156.8996892857,0.021656999993088212,2213.3242615201966,8853.297046080786,-30.69517667184303,4.393756475804443,2.1968705641078756,6.590627039912318,-37.28580371175535,-0.004211516175012018,-0.0034670898888941376,8816.011242369032,not computed,,
cheat-degraded-to-a-guess,1dd169613d57,3fd443c,BTC-USD,4h,2025-10-01 00:00:00,2026-07-26,256,train,short,2025-01-07 12:00:00,100830.86,100780.44457,2025-01-07 12:00:00,98545.55314142858,98594.82591799929,target,1,1117.4457142857125,102456.61314142858,98545.55314142858,0.021869349951730004,2204.002810592258,8816.011242369032,49.97817543718715,4.360207562022884,2.180116275555058,6.540323837577942,43.4378515996092,0.004927154742141256,0.0056690235598834205,8859.44909396864,not computed,,
cheat-degraded-to-a-guess,1dd169613d57,3fd443c,BTC-USD,4h,2025-10-01 00:00:00,2026-07-26,257,train,short,2025-01-07 16:00:00,97952.26,97903.28387,2025-01-08 08:00:00,95172.42672714285,95220.01294050642,target,5,1365.4285714285704,99951.42672714285,95172.42672714285,0.02262296202886458,2214.86227349216,8859.44909396864,62.88806257842144,4.36902101063323,2.1845262273320643,6.553547237965295,56.33451534045614,0.006358692819715812,0.007098416832851892,8915.783609309095,not computed,,
cheat-degraded-to-a-guess,1dd169613d57,3fd443c,BTC-USD,4h,2025-10-01 00:00:00,2026-07-26,258,train,short,2025-01-08 12:00:00,95134.92,95087.35254,2025-01-09 12:00:00,92006.12968285715,92052.13274769858,target,7,1540.6114285714273,97398.26968285715,92006.12968285715,0.023441034404545362,2228.945902327274,8915.783609309095,73.34208146875389,4.386743113077853,2.1933898920590025,6.580133005136855,66.76194846361703,0.0074880628993630955,0.008226094831661951,8982.545557772712,not computed,,
cheat-degraded-to-a-guess,1dd169613d57,3fd443c,BTC-USD,4h,2025-10-01 00:00:00,2026-07-26,259,train,long,2025-01-09 16:00:00,94244.02,94291.14201,2025-01-09 20:00:00,91509.21308142856,91463.45847488786,stop,2,1854.6192857142876,91509.21308142856,98000.38058142857,0.023815984636234633,2245.636389443178,8982.545557772712,-65.13211955576563,4.423928711257991,2.2119480725987586,6.63587678385675,-71.76799633962237,-0.007989716932470284,-0.007250964566431391,8910.77756143309,not computed,,
cheat-degraded-to-a-guess,1dd169613d57,3fd443c,BTC-USD,4h,2025-10-01 00:00:00,2026-07-26,260,train,long,2025-01-10 00:00:00,92552.49,92598.766245,2025-01-13 12:00:00,89926.92767357144,89881.96420973465,stop,22,1781.2257142857165,89926.92767357144,96161.21767357145,0.024057495371635793,2227.6943903582724,8910.77756143309,-63.16445351599658,4.390029328327498,2.1949988730504018,6.5850282013779,-69.74948171737448,-0.00782754156261947,-0.0070885456494144666,8841.028079715716,not computed,,
cheat-degraded-to-a-guess,1dd169613d57,3fd443c,BTC-USD,4h,2025-10-01 00:00:00,2026-07-26,261,train,long,2025-01-13 16:00:00,92123.75,92169.811875,2025-01-13 20:00:00,94669.58044642858,94622.24565620537,target,2,1249.884285714286,90294.98544642857,94669.58044642858,0.02398027049167099,2210.257019928929,8841.028079715716,61.049702731288754,4.479324065294074,2.2396772950724895,6.719001360366564,54.33070137092219,0.006145292253462586,0.006905271896077024,8895.358781086637,not computed,,
cheat-degraded-to-a-guess,1dd169613d57,3fd443c,BTC-USD,4h,2025-10-01 00:00:00,2026-07-26,262,train,long,2025-01-14 00:00:00,94536.11,94583.378055,2025-01-15 00:00:00,97510.95376928571,97462.19829240108,target,7,1463.787857142858,92387.6962692857,97510.95376928571,0.02351195041879877,2223.8396952716594,8895.358781086637,69.94437920711809,4.515366069229727,2.2577005207092213,6.773066589938948,63.17131261717914,0.00710160367578364,0.007863019460871463,8958.530093703817,not computed,,
cheat-degraded-to-a-guess,1dd169613d57,3fd443c,BTC-USD,4h,2025-10-01 00:00:00,2026-07-26,263,train,long,2025-01-15 04:00:00,97317.12,97365.77855999999,2025-01-17 00:00:00,100891.54998857142,100841.10421357714,target,12,1762.885714285717,94721.44998857142,100891.54998857142,0.023002255582497286,2239.6325234259543,8958.530093703817,82.21995215886284,4.5592053757679,2.279623242871793,6.838828618639693,75.38112354022314,0.00841445223175642,0.009177839589627342,9033.91121724404,not computed,,
cheat-degraded-to-a-guess,1dd169613d57,3fd443c,BTC-USD,4h,2025-10-01 00:00:00,2026-07-26,264,train,long,2025-01-17 04:00:00,101051.73,101102.25586499998,2025-01-17 12:00:00,103985.72872214284,103933.73585778178,target,3,1441.7364285714284,98939.65122214284,103985.72872214284,0.022338550064864175,2258.47780431101,9033.91121724404,65.54127734483546,4.580206766198438,2.290119768418087,6.870326534616525,58.67095081021894,0.006494523733886947,0.0072550278355325735,9092.58216805426,not computed,,
cheat-degraded-to-a-guess,1dd169613d57,3fd443c,BTC-USD,4h,2025-10-01 00:00:00,2026-07-26,265,train,long,2025-01-17 16:00:00,104000.0,104052.0,2025-01-19 20:00:00,101744.865,101693.99256750001,stop,14,1538.0899999999986,101744.865,107128.18,0.021846245550432138,2273.145542013565,9092.58216805426,-49.26623295937367,4.494777474646991,2.2473764207651,6.742153895412091,-56.008386854785755,-0.006159788915800483,-0.0054182884519278695,9036.573781199473,not computed,,
cheat-degraded-to-a-guess,1dd169613d57,3fd443c,BTC-USD,4h,2025-10-01 00:00:00,2026-07-26,266,train,short,2025-01-20 00:00:00,101331.57,101280.90421500002,2025-01-20 04:00:00,104222.71921500002,104274.83057460752,stop,2,1961.2100000000003,104222.71921500002,97358.48421500002,0.02230571955108278,2259.1434452998683,9036.573781199473,-64.48916357012341,4.585068572333736,2.2925181638757834,6.877586736209519,-71.36675030633293,-0.007897545246054533,-0.007136461797533558,8965.20703089314,not computed,,
cheat-degraded-to-a-guess,1dd169613d57,3fd443c,BTC-USD,4h,2025-10-01 00:00:00,2026-07-26,267,train,long,2025-01-20 08:00:00,107120.65,107174.210325,2025-01-20 16:00:00,103480.43139642857,103428.69118073035,stop,3,2462.519285714285,103480.43139642857,112099.24889642856,0.020912696729247258,2241.301757723285,8965.20703089314,-76.12678768465318,4.40427460948887,2.2021182730474607,6.606392882536331,-82.7331805671895,-0.009228250979826776,-0.008491358584618119,8882.47385032595,not computed,,
cheat-degraded-to-a-guess,1dd169613d57,3fd443c,BTC-USD,4h,2025-10-01 00:00:00,2026-07-26,268,train,short,2025-01-20 20:00:00,103691.64,103639.79418000001,2025-02-02 16:00:00,97485.31275142859,97534.05540780429,target,78,3077.240714285713,108255.65525142859,97485.31275142859,0.019243373474359986,1994.3792662115407,8882.47385032595,119.4306731483567,3.8712635208928385,1.935661618114267,5.806925139007106,113.6237480093496,0.012791903463378062,0.013445654348194235,8996.0975983353,not computed,,
cheat-degraded-to-a-guess,1dd169613d57,3fd443c,BTC-USD,4h,2025-10-01 00:00:00,2026-07-26,269,train,short,2025-02-02 20:00:00,98273.17,98224.033415,2025-02-03 00:00:00,95351.20484357142,95398.8804459932,target,2,1436.414285714289,100378.65484357144,95351.20484357142,0.022896885022849936,2249.024399583825,8996.0975983353,66.90390022751879,4.433361596464338,2.2166975242070066,6.650059120671345,60.253841106847446,0.006697775390742452,0.007436991372781365,9056.351439442147,not computed,,
cheat-degraded-to-a-guess,1dd169613d57,3fd443c,BTC-USD,4h,2025-10-01 00:00:00,2026-07-26,270,train,short,2025-02-03 04:00:00,94038.75,93991.73062500001,2025-02-03 12:00:00,96539.79455357144,96588.06445084822,stop,3,1698.7092857142893,96539.79455357144,90594.31205357143,0.02408816014776445,2264.087859860537,9056.351439442147,-60.24556174312286,4.590716624715164,2.295343250966816,6.88605987568198,-67.13162161880484,-0.007412656417730628,-0.006652299454804933,8989.219817823343,not computed,,
cheat-degraded-to-a-guess,1dd169613d57,3fd443c,BTC-USD,4h,2025-10-01 00:00:00,2026-07-26,271,train,long,2025-02-03 16:00:00,98842.0,98891.42099999999,2025-02-09 20:00:00,95558.81635714284,95511.03694896428,stop,38,2221.7364285714316,95558.81635714284,103334.89385714284,0.02272497383221782,2247.3049544558357,8989.219817823343,-74.61026237029444,4.417790769809039,2.208876732338581,6.62666750214762,-81.23692987244206,-0.009037150222021475,-0.008299970840891131,8907.9828879509,not computed,,
cheat-degraded-to-a-guess,1dd169613d57,3fd443c,BTC-USD,4h,2025-10-01 00:00:00,2026-07-26,272,train,long,2025-02-10 00:00:00,96462.75,96510.98137499999,2025-02-11 04:00:00,98382.37566071427,98333.18447288392,target,8,935.6971428571435,95107.43566071427,98382.37566071427,0.023075050012542942,2226.995721987725,8907.9828879509,44.2954581263426,4.496038871592133,2.2480305096601896,6.744069381252323,37.55138874509028,0.004215476075496617,0.004972557613043627,8945.534276695991,not computed,,
cheat-degraded-to-a-guess,1dd169613d57,3fd443c,BTC-USD,4h,2025-10-01 00:00:00,2026-07-26,273,train,long,2025-02-11 08:00:00,98268.98,98318.11448999999,2025-02-11 12:00:00,96845.10806142856,96796.68550739785,stop,2,982.0042857142865,96845.10806142856,100282.12306142856,0.02274640416747884,2236.383569173998,8945.534276695991,-32.38796659747748,4.438160099797611,2.2190719529069582,6.657232052704569,-39.04519865018205,-0.004364769888803477,-0.003620573751737933,8906.48907804581,not computed,,
cheat-degraded-to-a-guess,1dd169613d57,3fd443c,BTC-USD,4h,2025-10-01 00:00:00,2026-07-26,274,train,short,2025-02-11 16:00:00,97007.54,96959.03623,2025-02-11 16:00:00,94920.34765857142,94967.80783240071,target,1,1019.3442857142873,98488.05265857143,94920.34765857142,0.022964566853053304,2226.6222695114525,8906.48907804581,47.93146805991726,4.4075168413665375,2.203770403550145,6.611287244916682,41.320180815000576,0.004639334360927181,0.005381634406094617,8947.80925886081,not computed,,
cheat-degraded-to-a-guess,1dd169613d57,3fd443c,BTC-USD,4h,2025-10-01 00:00:00,2026-07-26,275,train,short,2025-02-11 20:00:00,95040.81,94993.28959500001,2025-02-12 16:00:00,96670.60780928572,96718.94311319035,stop,6,1118.212142857144,96670.60780928572,92756.86530928573,0.023548529840921997,2236.9523147152026,8947.80925886081,-38.37934234663415,4.514541232798603,2.257261021563238,6.771802254361841,-45.15114460099599,-0.005046055776868941,-0.004289244577786229,8902.658114259815,not computed,,
cheat-degraded-to-a-guess,1dd169613d57,3fd443c,BTC-USD,4h,2025-10-01 00:00:00,2026-07-26,276,train,long,2025-02-12 20:00:00,97205.06,97253.66252999999,2025-02-13 12:00:00,95347.0457442857,95299.37222141356,stop,5,1271.077857142856,95347.0457442857,99795.81824428569,0.02288514869944769,2225.664528564954,8902.658114259815,-42.52093252771532,4.406604832816018,2.2032917861745034,6.609896618990521,-49.130829146705835,-0.005518669650810316,-0.004776206384878186,8853.527285113109,not computed,,
cheat-degraded-to-a-guess,1dd169613d57,3fd443c,BTC-USD,4h,2025-10-01 00:00:00,2026-07-26,277,train,long,2025-02-13 16:00:00,95998.0,96045.999,2025-02-14 16:00:00,98781.999,98732.6080005,target,7,1367.9999999999989,93993.999,98781.999,0.023045018473682358,2213.381821278277,8853.527285113109,64.15730838571312,4.4886765966046385,2.244354337629318,6.733030934233956,57.42427745147916,0.006486033826092799,0.007246525178003501,8910.951562564587,not computed,,
cheat-degraded-to-a-guess,1dd169613d57,3fd443c,BTC-USD,4h,2025-10-01 00:00:00,2026-07-26,278,train,long,2025-02-14 20:00:00,97940.44,97989.41021999999,2025-02-17 04:00:00,95993.01843428571,95945.02192506858,stop,15,1330.9278571428574,95993.01843428571,100651.26593428571,0.02273447595653002,2227.737890641147,8910.951562564587,-44.27360876295962,4.408997684745364,2.2044877739700084,6.613485458715372,-50.88709422167499,-0.0057106240410344684,-0.004968449042968156,8860.064468342913,not computed,,
cheat-degraded-to-a-guess,1dd169613d57,3fd443c,BTC-USD,4h,2025-10-01 00:00:00,2026-07-26,279,train,short,2025-02-17 08:00:00,96068.21,96020.17589500001,2025-02-17 12:00:00,96849.69946642857,96898.12431616179,stop,2,553.0157142857113,96849.69946642857,94914.14446642858,0.02306823640385634,2215.016117085728,8860.064468342913,-18.027583758697748,4.450284955901209,2.225137971054668,6.675422926955877,-24.703006685653627,-0.002788129451418518,-0.0020347011946820997,8835.36146165726,not computed,,
cheat-degraded-to-a-guess,1dd169613d57,3fd443c,BTC-USD,4h,2025-10-01 00:00:00,2026-07-26,280,train,short,2025-02-17 16:00:00,95659.45,95611.62027500001,2025-02-18 12:00:00,96522.28420357143,96570.5453456732,stop,6,607.1092857142825,96522.28420357143,94397.40170357145,0.023102216645437084,2208.840365414315,8835.36146165726,-19.933382700000347,4.4398340255580635,2.219912029432944,6.6597460549910075,-26.593128754991355,-0.0030098518176531115,-0.0022560913649662295,8808.768332902268,not computed,,
cheat-degraded-to-a-guess,1dd169613d57,3fd443c,BTC-USD,4h,2025-10-01 00:00:00,2026-07-26,281,train,short,2025-02-18 16:00:00,95546.49,95498.71675500002,2025-02-18 16:00:00,93797.82675500002,93844.7256683775,target,1,850.4449999999997,96774.38425500001,93797.82675500002,0.02305991282453821,2202.192083225567,8808.768332902268,40.32402198917384,4.366243276181056,2.1831317190955133,6.549374995276569,33.77464699389728,0.003834207657356949,0.004577713985116021,8842.542979896165,not computed,,
cheat-degraded-to-a-guess,1dd169613d57,3fd443c,BTC-USD,4h,2025-10-01 00:00:00,2026-07-26,282,train,short,2025-02-18 20:00:00,94104.15,94057.097925,2025-02-18 20:00:00,95538.23863928572,95586.00775860535,stop,1,987.4271428571426,95538.23863928572,92082.2436392857,0.0235031251627259,2210.6357449740412,8842.542979896165,-33.705564783575575,4.457205649129832,2.22859439817357,6.685800047303402,-40.39136483087898,-0.004567844897413581,-0.0038117501786766963,8802.151615065286,not computed,,
cheat-degraded-to-a-guess,1dd169613d57,3fd443c,BTC-USD,4h,2025-10-01 00:00:00,2026-07-26,283,train,long,2025-02-19 00:00:00,95671.74,95719.57587,2025-02-20 12:00:00,97874.94872714285,97826.01125277928,target,10,1077.6864285714287,94103.04622714286,97874.94872714285,0.022989423884984057,2200.5379037663215,8802.151615065286,50.650499335383074,4.449501543433684,2.224763434341554,6.6742649777752385,43.97623435760784,0.004996077809241606,0.0057543316169074415,8846.127849422894,not computed,,
cheat-degraded-to-a-guess,1dd169613d57,3fd443c,BTC-USD,4h,2025-10-01 00:00:00,2026-07-26,284,train,short,2025-02-20 16:00:00,96903.76,96855.30812,2025-02-20 20:00:00,98524.46312,98573.72535155999,stop,2,1112.769999999998,98524.46312,94629.76812000001,0.02283335839080415,2211.5319623557234,8846.127849422894,-37.006095184054594,4.46230116122459,2.231141329088061,6.693442490312651,-43.69953767436724,-0.0049399622544702565,-0.004183310010206195,8802.428311748527,not computed,,
cheat-degraded-to-a-guess,1dd169613d57,3fd443c,BTC-USD,4h,2025-10-01 00:00:00,2026-07-26,285,train,short,2025-02-21 00:00:00,98305.01,98255.857495,2025-02-21 16:00:00,96035.277495,96083.2951337475,target,5,1110.2899999999977,99921.292495,96035.277495,0.022396701164092075,2200.6070779371316,8802.428311748527,50.83452063691096,4.352555925908937,2.176290671584269,6.528846597493206,44.30567403941775,0.005033346761856992,0.005775056477206699,8846.733985787945,not computed,,
cheat-degraded-to-a-guess,1dd169613d57,3fd443c,BTC-USD,4h,2025-10-01 00:00:00,2026-07-26,286,train,short,2025-02-21 20:00:00,95285.11,95237.467445,2025-02-24 20:00:00,92912.28887357144,92958.74501800822,target,19,1162.5892857142858,96981.35137357144,92912.28887357144,0.023222829793581416,2211.6834964469863,8846.733985787945,55.10362114966467,4.370448609825125,2.1852380808178324,6.555686690642958,48.54793445902171,0.0054876674868954735,0.006228696515367959,8895.281920246967,not computed,,
cheat-degraded-to-a-guess,1dd169613d57,3fd443c,BTC-USD,4h,2025-10-01 00:00:00,2026-07-26,287,train,short,2025-02-25 00:00:00,91552.88,91507.10356,2025-02-25 04:00:00,89514.36927428572,89559.12645892287,target,2,996.3671428571417,93001.65427428571,89514.36927428572,0.02430216227534305,2223.820480061742,8895.281920246967,49.54021845633578,4.400300904504455,2.200162837306877,6.600463741811332,42.93975471452445,0.004827250569404356,0.005569269068760482,8938.22167496149,not computed,,
cheat-degraded-to-a-guess,1dd169613d57,3fd443c,BTC-USD,4h,2025-10-01 00:00:00,2026-07-26,288,train,short,2025-02-25 08:00:00,89320.01,89275.349995,2025-02-25 12:00:00,86561.08142357142,86604.3619642832,target,2,1357.134285714286,91311.05142357142,86561.08142357142,0.0250299261651231,2234.5554187403727,8938.22167496149,69.0557785628554,4.402256204283977,2.20114536608655,6.603401570370527,62.452376992484865,0.00698711435714688,0.007725896836537444,9000.674051953976,not computed,,
cheat-degraded-to-a-guess,1dd169613d57,3fd443c,BTC-USD,4h,2025-10-01 00:00:00,2026-07-26,289,train,short,2025-02-25 16:00:00,87231.63,87188.014185,2025-02-26 16:00:00,83631.39418500001,83673.2098820925,target,7,1778.3099999999997,89855.479185,83631.39418500001,0.025808232175284676,2250.168512988494,9000.674051953976,92.91572179929506,4.4096261404768615,2.204836299168548,6.6144624396454095,86.30125935964965,0.009588310704453776,0.01032319593654475,9086.975311313627,not computed,,
cheat-degraded-to-a-guess,1dd169613d57,3fd443c,BTC-USD,4h,2025-10-01 00:00:00,2026-07-26,290,train,short,2025-02-26 20:00:00,83856.98,83815.05151,2025-02-28 04:00:00,78947.22008142858,78986.69369146929,target,9,2433.9157142857125,87465.92508142858,78947.22008142858,0.02488986576371071,2086.145381062399,9086.975311313627,122.20326530528989,4.052113584162406,2.026087342897384,6.07820092705979,116.12506437823009,0.01277928688038252,0.013448178422267993,9203.100375691856,not computed,,
cheat-degraded-to-a-guess,1dd169613d57,3fd443c,BTC-USD,4h,2025-10-01 00:00:00,2026-07-26,291,train,short,2025-02-28 08:00:00,79204.6,79164.9977,2025-02-28 12:00:00,82673.9777,82715.31468885,stop,2,2339.3199999999997,82673.9777,74486.35770000001,0.0262272807929708,2076.2826236527876,9203.100375691856,-90.99234311477113,4.245680407876199,2.122817455852342,6.368497863728541,-97.36084097849967,-0.010579134965827255,-0.009887140137589845,9105.739534713357,not computed,,
cheat-degraded-to-a-guess,1dd169613d57,3fd443c,BTC-USD,4h,2025-10-01 00:00:00,2026-07-26,292,train,long,2025-02-28 16:00:00,84005.05,84047.05252499999,2025-03-02 16:00:00,89415.38538214285,89370.67768945178,target,13,2684.1664285714287,80020.80288214285,89415.38538214285,0.02261593379056261,1900.8025751973378,9105.739534713357,122.35978678728087,3.9220039046396904,1.9610325422661816,5.883036446905872,116.47675034037499,0.012791575016651473,0.013437655043921996,9222.216285053732,not computed,,
cheat-degraded-to-a-guess,1dd169613d57,3fd443c,BTC-USD,4h,2025-10-01 00:00:00,2026-07-26,293,train,long,2025-03-02 20:00:00,93522.01,93568.77100499999,2025-03-03 12:00:00,90497.85636214285,90452.60743396178,stop,5,2047.2764285714281,90497.85636214285,97663.32386214285,0.024640208976777433,2305.554071263433,9222.216285053732,-74.51577761468181,4.534325220930663,2.267143981520732,6.801469202451395,-81.31724681713321,-0.008817538464037381,-0.008080029280537271,9140.8990382366,not computed,,
cheat-degraded-to-a-guess,1dd169613d57,3fd443c,BTC-USD,4h,2025-10-01 00:00:00,2026-07-26,294,train,short,2025-03-03 16:00:00,90035.38,89990.36231000001,2025-03-03 16:00:00,85783.61373857144,85826.50554544073,target,1,2103.374285714286,93145.42373857144,85783.61373857144,0.02539410555640366,2285.22475955915,9140.8990382366,107.96980124387275,4.464712100917335,2.2323830429088503,6.697095143826186,101.27270610004656,0.01107907500962656,0.011811726701305035,9242.171744336645,not computed,,
cheat-degraded-to-a-guess,1dd169613d57,3fd443c,BTC-USD,4h,2025-10-01 00:00:00,2026-07-26,295,train,short,2025-03-03 20:00:00,85606.01,85563.206995,2025-03-05 08:00:00,89180.951995,89225.54247099749,stop,10,2411.830000000001,89180.951995,80739.546995,0.025546774978160863,2185.8639955110643,9242.171744336645,-91.3282387062425,4.465288851321972,2.2326215936010243,6.6979104449229965,-98.0261491511655,-0.010606397702058857,-0.009881685953542899,9144.14559518548,not computed,,
cheat-degraded-to-a-guess,1dd169613d57,3fd443c,BTC-USD,4h,2025-10-01 00:00:00,2026-07-26,296,train,long,2025-03-05 12:00:00,89814.26,89859.16712999999,2025-03-07 00:00:00,85466.14712999998,85423.414056435,stop,10,2928.6800000000026,85466.14712999998,95716.52712999999,0.020815169507959155,1870.4337956549814,9144.14559518548,-90.50670642878902,3.6485366391882565,1.824245692917117,5.472782332105373,-95.97948876089438,-0.010496277400857321,-0.00989777617675314,9048.166106424585,not computed,,
cheat-degraded-to-a-guess,1dd169613d57,3fd443c,BTC-USD,4h,2025-10-01 00:00:00,2026-07-26,297,train,short,2025-03-07 04:00:00,86991.26,86947.76437,2025-03-07 12:00:00,90628.37437,90673.688557185,stop,3,2453.740000000002,90628.37437,82040.28437,0.024583332943247407,2137.465840178734,9048.166106424585,-89.41239351037979,4.366527315172336,2.1832413044874244,6.54976861965976,-95.96216213003954,-0.010605702968019376,-0.00988182494206126,8952.203944294546,not computed,,
cheat-degraded-to-a-guess,1dd169613d57,3fd443c,BTC-USD,4h,2025-10-01 00:00:00,2026-07-26,298,train,short,2025-03-07 16:00:00,88457.99,88413.76100500001,2025-03-09 12:00:00,83276.56814785715,83318.20643193107,target,12,2568.59642857143,92266.65564785716,83276.56814785715,0.023235008413456004,2054.2944808164634,8952.203944294546,120.39038032820405,3.990193708256446,1.995126951723151,5.985320659979597,114.40505966822445,0.012779541259349608,0.01344812753120216,9066.60900396277,not computed,,
cheat-degraded-to-a-guess,1dd169613d57,3fd443c,BTC-USD,4h,2025-10-01 00:00:00,2026-07-26,299,train,short,2025-03-09 16:00:00,83080.4,83038.8598,2025-03-09 20:00:00,80094.38122857144,80134.42841918572,target,2,1472.239285714284,85247.21872857143,80094.38122857144,0.027296283408153113,2266.6522509906927,9066.60900396277,81.50721464697905,4.454024319871145,2.2270325367386903,6.681056856609835,74.82615779036922,0.008252937537911332,0.008989823495350295,9141.43516175314,not computed,,
cheat-degraded-to-a-guess,1dd169613d57,3fd443c,BTC-USD,4h,2025-10-01 00:00:00,2026-07-26,300,train,short,2025-03-10 00:00:00,80734.48,80694.11276,2025-03-10 08:00:00,82932.3270457143,82973.79320923715,stop,3,1492.1428571428562,82932.3270457143,77709.8270457143,0.02832125804809809,2285.358790438285,9141.43516175314,-62.24579333192466,4.6352809991466195,2.3176249381246947,6.952905937271314,-69.19869926919597,-0.007569785055055303,-0.006809192673854419,9072.236462483943,not computed,,
cheat-degraded-to-a-guess,1dd169613d57,3fd443c,BTC-USD,4h,2025-10-01 00:00:00,2026-07-26,301,train,long,2025-03-10 12:00:00,83582.0,83623.791,2025-03-10 12:00:00,81448.34421428571,81407.62004217858,stop,1,1450.297857142857,81448.34421428571,86524.3867142857,0.027122175262551607,2268.0591156209857,9072.236462483943,-57.86938617010025,4.476010854112162,2.237990959709208,6.71400181382137,-64.58338798392163,-0.00711879460494562,-0.006378734329666694,9007.653074500022,not computed,,
cheat-degraded-to-a-guess,1dd169613d57,3fd443c,BTC-USD,4h,2025-10-01 00:00:00,2026-07-26,302,train,short,2025-03-10 16:00:00,80043.84,80003.81808,2025-03-11 16:00:00,82563.54022285715,82604.82199296857,stop,7,1706.481428571429,82563.54022285715,76590.85522285714,0.028147572486768066,2251.9132686250055,9007.653074500022,-70.92344466779731,4.5770384834286615,2.2885015108530524,6.865539994281714,-77.78898466207903,-0.00863587707238567,-0.007873687416822943,8929.864089837944,not computed,,
cheat-degraded-to-a-guess,1dd169613d57,3fd443c,BTC-USD,4h,2025-10-01 00:00:00,2026-07-26,303,train,long,2025-03-11 20:00:00,83104.01,83145.56200499999,2025-03-24 12:00:00,88178.69057642856,88134.60123114035,target,77,2516.564285714286,79370.71557642856,88178.69057642856,0.02365623147540178,1966.910660942651,8929.864089837944,120.04781837971953,4.051843188658738,2.025951606283769,6.077794794942507,113.97002358477702,0.012762794868790138,0.013443409347778565,9043.834113422721,not computed,,
cheat-degraded-to-a-guess,1dd169613d57,3fd443c,BTC-USD,4h,2025-10-01 00:00:00,2026-07-26,304,train,long,2025-03-24 16:00:00,88350.01,88394.18500499999,2025-03-24 20:00:00,87305.19571928571,87261.54312142608,stop,2,725.9928571428588,87305.19571928571,89846.17071928571,0.02557813648293482,2260.9585283556803,9043.834113422721,-26.724402271429398,4.492946188027019,2.2464664129126177,6.7394126009396365,-33.463814872369035,-0.003700180084318724,-0.002954985898266914,9010.370298550351,not computed,,
cheat-degraded-to-a-guess,1dd169613d57,3fd443c,BTC-USD,4h,2025-10-01 00:00:00,2026-07-26,305,train,short,2025-03-25 00:00:00,87498.16,87454.41092000001,2025-03-28 04:00:00,85784.59520571429,85827.48750331714,target,20,834.9078571428587,88706.77270571429,85784.59520571429,0.025757335175445574,2252.592574637588,9010.370298550351,44.13686275126067,4.4632799375268934,2.2316510029789356,6.694930940505829,37.441931810754845,0.0041554265330003975,0.004898451593977409,9047.812230361107,not computed,,
cheat-degraded-to-a-guess,1dd169613d57,3fd443c,BTC-USD,4h,2025-10-01 00:00:00,2026-07-26,306,train,short,2025-03-28 08:00:00,85212.98,85170.37351,2025-03-29 08:00:00,83170.82493857143,83212.41035104071,target,7,999.7742857142865,86670.03493857144,83170.82493857143,0.026557979780665125,2261.953057590277,9047.812230361107,54.235512830402804,4.471906569193625,2.2359668434747633,6.7078734126683885,47.52763941773441,0.0052529427233524205,0.005994323428641513,9095.339869778842,not computed,,
cheat-degraded-to-a-guess,1dd169613d57,3fd443c,BTC-USD,4h,2025-10-01 00:00:00,2026-07-26,307,train,short,2025-03-29 12:00:00,82293.56,82252.41322,2025-03-31 12:00:00,83763.47036285714,83805.35209803857,stop,13,1007.3714285714304,83763.47036285714,80237.67036285714,0.027644598844326896,2273.8349674447104,9095.339869778842,-40.6350823183048,4.590600307202556,2.2952899948303767,6.885890302032933,-47.52097262033774,-0.005224760514803416,-0.0044676815710123505,9047.818897158504,not computed,,
cheat-degraded-to-a-guess,1dd169613d57,3fd443c,BTC-USD,4h,2025-10-01 00:00:00,2026-07-26,308,train,long,2025-03-31 16:00:00,83418.78,83460.48938999999,2025-04-01 20:00:00,85524.6351042857,85481.87278673355,target,8,1032.0728571428565,81912.38010428571,85524.6351042857,0.027102102333953573,2261.954724289626,9047.818897158504,57.07310053682951,4.5786931882536805,2.2893608624017077,6.868054050655388,50.20504648617412,0.005548856255504978,0.006307940199240006,9098.02394364468,not computed,,
cheat-degraded-to-a-guess,1dd169613d57,3fd443c,BTC-USD,4h,2025-10-01 00:00:00,2026-07-26,309,train,long,2025-04-02 00:00:00,85158.35,85200.929175,2025-04-02 20:00:00,83436.28953214285,83394.57138737678,stop+target same candle (loss counted),6,1176.4264285714296,83436.28953214285,87553.78203214286,0.02669578850765121,2274.50598591117,9098.02394364468,-45.97176204730149,4.500789826354802,2.2503834202366164,6.751173246591418,-52.72293529389291,-0.0057949875292119795,-0.005052939224172359,9045.301008350787,not computed,,
cheat-degraded-to-a-guess,1dd169613d57,3fd443c,BTC-USD,4h,2025-10-01 00:00:00,2026-07-26,310,train,short,2025-04-03 00:00:00,82516.28,82475.02186000001,2025-04-06 16:00:00,79326.84328857144,79366.50671021572,target,23,1574.0892857142858,84836.15578857144,79326.84328857144,0.027418304367669757,2261.3252520876968,9045.301008350787,87.44894651536784,4.437420289667096,2.2187320070696614,6.6561522967367575,80.79279421863107,0.008932018309179727,0.00966788683258118,9126.093802569418,not computed,,
cheat-degraded-to-a-guess,1dd169613d57,3fd443c,BTC-USD,4h,2025-10-01 00:00:00,2026-07-26,311,train,short,2025-04-06 20:00:00,79614.34,79574.53283,2025-04-06 20:00:00,77354.62854428572,77393.30585855785,target,1,1109.95214285714,81239.46104428571,77354.62854428572,0.028671528056803227,2281.5234506423544,9126.093802569418,64.78938040279158,4.5005077909747495,2.250270092832281,6.7507778838070305,58.03860251898455,0.006359632475248501,0.00709935508054392,9184.132405088401,not computed,,
cheat-degraded-to-a-guess,1dd169613d57,3fd443c,BTC-USD,4h,2025-10-01 00:00:00,2026-07-26,312,train,short,2025-04-07 00:00:00,78430.0,78390.785,2025-04-07 04:00:00,76046.68357142858,76084.7069132143,target,2,1172.0507142857116,80148.86107142858,76046.68357142858,0.02928957914214152,2296.0331012721003,9184.132405088401,69.80633515540856,4.524522145913332,2.262278524540207,6.786800670453539,63.019534484955024,0.006861784184430912,0.00760075443998748,9247.151939573356,not computed,,
cheat-degraded-to-a-guess,1dd169613d57,3fd443c,BTC-USD,4h,2025-10-01 00:00:00,2026-07-26,313,train,short,2025-04-07 08:00:00,75126.01,75088.446995,2025-04-07 08:00:00,77128.13735214286,77166.70142081894,stop,1,1359.7935714285693,77128.13735214286,72368.85985214286,0.030787532269075647,2311.787984893339,9247.151939573356,-61.64056046089748,4.6875602949849275,2.343764737352103,7.031325032337031,-68.67188549323451,-0.007426274159003696,-0.006665896793271621,9178.48005408012,not computed,,
cheat-degraded-to-a-guess,1dd169613d57,3fd443c,BTC-USD,4h,2025-10-01 00:00:00,2026-07-26,314,train,long,2025-04-07 12:00:00,76685.62,76723.96281,2025-04-07 12:00:00,79675.20709571429,79635.36949216643,target,1,1475.6221428571412,74510.52959571428,79675.20709571429,0.029907475180895576,2294.62001352003,9178.48005408012,89.41100186620083,4.676312850128446,2.338178777814761,7.014491627943207,82.39651023825763,0.008977141068322071,0.009741373445209466,9260.876564318378,not computed,,
cheat-degraded-to-a-guess,1dd169613d57,3fd443c,BTC-USD,4h,2025-10-01 00:00:00,2026-07-26,315,train,long,2025-04-07 16:00:00,78479.91,78519.149955,2025-04-09 00:00:00,75782.40638357143,75744.51518037965,stop,9,1824.4957142857133,75782.40638357143,82168.14138357143,0.029486044390527235,2315.2191410795945,9260.876564318378,-79.53871137762057,4.548625278027234,2.274292754335704,6.822918032362938,-86.36162940998351,-0.009325427113749672,-0.00858868065298253,9174.514934908395,not computed,,
cheat-degraded-to-a-guess,1dd169613d57,3fd443c,BTC-USD,4h,2025-10-01 00:00:00,2026-07-26,316,train,short,2025-04-09 04:00:00,75073.34,75035.80333,2025-04-09 16:00:00,78523.30118714286,78562.56283773643,stop,4,2324.9985714285754,78523.30118714286,70385.80618714285,0.026306869023927145,1973.9570503074663,9174.514934908395,-90.75767708779954,4.040692101063844,2.0203233611127303,6.061015462176575,-96.8186925499761,-0.010553003972077878,-0.009892367905192769,9077.69624235842,not computed,,
cheat-degraded-to-a-guess,1dd169613d57,3fd443c,BTC-USD,4h,2025-10-01 00:00:00,2026-07-26,317,train,long,2025-04-09 20:00:00,82332.08,82373.24604,2025-04-10 12:00:00,78610.73818285714,78571.43281376571,stop,5,2508.338571428575,78610.73818285714,87389.92318285715,0.024126717038278185,1987.395998731549,9077.69624235842,-89.78376102491784,3.8830667255213602,1.9415109168202207,5.8245776423415805,-95.60833866725942,-0.010532224929617166,-0.009890588826487511,8982.08790369116,not computed,,
cheat-degraded-to-a-guess,1dd169613d57,3fd443c,BTC-USD,4h,2025-10-01 00:00:00,2026-07-26,318,train,short,2025-04-10 16:00:00,78757.24,78717.86138000002,2025-04-11 08:00:00,82015.50530857145,82056.51306122573,stop,5,2198.4292857142873,82015.50530857145,74321.00280857144,0.027237894988808825,2144.10884201205,8982.08790369116,-88.74828832054769,4.379155527921537,2.189555576888452,6.568711104809989,-95.31699942535768,-0.010611897862432128,-0.009880585591249543,8886.7709042658,not computed,,
cheat-degraded-to-a-guess,1dd169613d57,3fd443c,BTC-USD,4h,2025-10-01 00:00:00,2026-07-26,319,train,long,2025-04-11 12:00:00,82129.67,82170.734835,2025-04-15 12:00:00,86336.46912071429,86293.30088615394,target,25,2082.8671428571447,79046.43412071429,86336.46912071429,0.02703751804736371,2221.69272606645,8886.7709042658,113.74140714794643,4.5548494061424245,2.2774531384226577,6.832302544565082,106.90910460338135,0.012030140728851597,0.012798957953709443,8993.680008869182,not computed,,
cheat-degraded-to-a-guess,1dd169613d57,3fd443c,BTC-USD,4h,2025-10-01 00:00:00,2026-07-26,320,train,short,2025-04-15 16:00:00,84918.15,84875.690925,2025-04-21 00:00:00,86705.54413928572,86748.89691135536,stop,33,1219.9021428571443,86705.54413928572,82435.88663928572,0.026490741668354734,2248.4200022172954,8993.680008869182,-47.34939640334935,4.546462620310747,2.273219472806076,6.819682093116823,-54.16907849646618,-0.006023015989344401,-0.005264741057793407,8939.510930372715,not computed,,
cheat-degraded-to-a-guess,1dd169613d57,3fd443c,BTC-USD,4h,2025-10-01 00:00:00,2026-07-26,321,train,long,2025-04-21 04:00:00,87205.56,87249.16278,2025-04-22 00:00:00,88550.07992285714,88505.80488289571,target,6,650.4585714285703,86273.47492285715,88550.07992285714,0.025614890291021528,2234.8777325931787,8939.510930372715,34.43973031807846,4.50194421478711,2.2509807173262146,6.7529249321133245,27.686805385965137,0.003097127527625361,0.0038525295831415875,8967.19773575868,not computed,,
cheat-degraded-to-a-guess,1dd169613d57,3fd443c,BTC-USD,4h,2025-10-01 00:00:00,2026-07-26,322,train,long,2025-04-22 04:00:00,88157.55,88201.628775,2025-04-22 12:00:00,90218.52020357143,90173.41094346966,target,3,1008.4457142857136,86688.96020357143,90218.52020357143,0.02541675777505697,2241.79943393967,8967.19773575868,52.383180445784866,4.53371517764051,2.2668706846150997,6.80058586225561,45.58259458352926,0.005083259667817807,0.005841644401003378,9012.78033034221,not computed,,
cheat-degraded-to-a-guess,1dd169613d57,3fd443c,BTC-USD,4h,2025-10-01 00:00:00,2026-07-26,323,train,long,2025-04-22 16:00:00,90934.61,90980.077305,2025-04-22 20:00:00,93390.91016214286,93344.2147070618,target,2,1205.4164285714287,89171.95266214285,93390.91016214286,0.02476580751884812,2253.1950825855524,9012.78033034221,60.8322570241454,4.564939937018677,2.2824851765733314,6.847425113592008,53.98483191055339,0.005989808908224397,0.006749555053433288,9066.765162252763,not computed,,
cheat-degraded-to-a-guess,1dd169613d57,3fd443c,BTC-USD,4h,2025-10-01 00:00:00,2026-07-26,324,train,long,2025-04-23 00:00:00,93442.99,93489.711495,2025-05-01 08:00:00,96257.51435214285,96209.38559496679,target,51,1383.9014285714293,91413.85935214286,96257.51435214285,0.02424535549758775,2266.6912905631907,9066.765162252763,68.23914347432122,4.599322046517658,2.299678083044242,6.8990001295619,61.340143344759326,0.006765383490920649,0.00752629435671479,9128.105305597523,not computed,,
cheat-degraded-to-a-guess,1dd169613d57,3fd443c,BTC-USD,4h,2025-10-01 00:00:00,2026-07-26,325,train,long,2025-05-01 12:00:00,96180.01,96228.10000499999,2025-05-04 20:00:00,94748.80429071427,94701.42988856892,stop,21,986.1971428571435,94748.80429071427,98200.49429071427,0.023714760306821056,2282.0263263993807,9128.105305597523,-33.94070034546487,4.527848036920012,2.2639155332844396,6.791763570204451,-40.73246391566932,-0.004462313103540931,-0.0037182634521812324,9087.372841681854,not computed,,
cheat-degraded-to-a-guess,1dd169613d57,3fd443c,BTC-USD,4h,2025-10-01 00:00:00,2026-07-26,326,train,short,2025-05-05 00:00:00,94277.61,94230.471195,2025-05-06 20:00:00,95240.00226642858,95287.62226756179,stop,12,673.0207142857149,95240.00226642858,92884.42976642857,0.02410943277275059,2271.8432104204635,9087.372841681854,-23.20273164847488,4.569173733555497,2.284581066094642,6.853754799650139,-30.05648644812502,-0.0033075000852019944,-0.002553293680440717,9057.316355233728,not computed,,
cheat-degraded-to-a-guess,1dd169613d57,3fd443c,BTC-USD,4h,2025-10-01 00:00:00,2026-07-26,327,train,long,2025-05-07 00:00:00,96834.02,96882.43701,2025-05-08 00:00:00,99037.88558142856,98988.36663863786,target,7,1077.7242857142835,95265.85058142857,99037.88558142856,0.023371925383903307,2264.329088808432,9057.316355233728,51.508581925300966,4.57787780776114,2.2889517810255455,6.866829588786685,44.64175233651428,0.004928805684336978,0.00568695846596293,9101.958107570243,not computed,,
cheat-degraded-to-a-guess,1dd169613d57,3fd443c,BTC-USD,4h,2025-10-01 00:00:00,2026-07-26,328,train,long,2025-05-08 04:00:00,99152.79,99202.36639499999,2025-05-08 12:00:00,101504.79639499998,101454.04399680249,target,3,1151.2149999999997,97475.543895,101504.79639499998,0.022937855311153648,2275.4895268925607,9101.958107570243,53.949982379417854,4.602627708822633,2.3013273419067275,6.90395505072936,47.046027328688496,0.005168780912050076,0.005927294076924701,9149.00413489893,not computed,,
cheat-degraded-to-a-guess,1dd169613d57,3fd443c,BTC-USD,4h,2025-10-01 00:00:00,2026-07-26,329,train,long,2025-05-08 16:00:00,100758.08,100808.45904,2025-05-08 20:00:00,103288.38761142857,103236.74341762286,target,2,1239.9642857142858,98948.51261142857,103288.38761142857,0.022689078431574573,2287.2510337247327,9149.00413489893,57.41034785171283,4.629597602147518,2.31481315366063,6.944410755808148,50.46593709590468,0.005516003310502622,0.006275037917265849,9199.470071994836,not computed,,
cheat-degraded-to-a-guess,1dd169613d57,3fd443c,BTC-USD,4h,2025-10-01 00:00:00,2026-07-26,330,train,long,2025-05-09 00:00:00,103261.61,103313.240805,2025-05-12 16:00:00,101246.04473357143,101195.42171120465,stop,23,1378.1307142857133,101246.04473357143,106069.50223357142,0.022261110967757035,2299.867517998709,9199.470071994836,-44.86872205872325,4.552590030140806,2.276283797889633,6.828873828030439,-51.69759588675369,-0.005619627596173423,-0.00487731594402522,9147.772476108083,not computed,,
cheat-degraded-to-a-guess,1dd169613d57,3fd443c,BTC-USD,4h,2025-10-01 00:00:00,2026-07-26,331,train,short,2025-05-12 20:00:00,101859.99,101809.060005,2025-05-13 12:00:00,103908.39464785715,103960.34884518107,stop,5,1399.5564285714293,103908.39464785715,99009.94714785715,0.02246306093892533,2286.9431190270207,9147.772476108083,-46.01343843239282,4.622210770368259,2.311093881824405,6.933304652192664,-52.94674308458548,-0.005787938344867061,-0.005030015618837213,9094.825733023497,not computed,,
cheat-degraded-to-a-guess,1dd169613d57,3fd443c,BTC-USD,4h,2025-10-01 00:00:00,2026-07-26,332,train,short,2025-05-13 16:00:00,103682.54,103630.69873,2025-05-18 16:00:00,105802.06015857143,105854.96118865072,stop,31,1447.5742857142873,105802.06015857143,100735.55015857142,0.021940471898001978,2273.7064332558743,9094.825733023497,-46.50327247638534,4.596214234479556,2.2980954914214706,6.894309725901026,-53.397582202286365,-0.0058712045474822745,-0.0051131570677084015,9041.428150821212,not computed,,
cheat-degraded-to-a-guess,1dd169613d57,3fd443c,BTC-USD,4h,2025-10-01 00:00:00,2026-07-26,333,train,short,2025-05-18 20:00:00,103883.98,103832.03801,2025-05-18 20:00:00,105103.41015285715,105155.96185793357,stop,1,847.5814285714285,105103.41015285715,102136.87515285714,0.021769360218929817,2260.357037705303,9041.428150821212,-26.546214259371997,4.549535050558703,2.274760888725371,6.824295939284074,-33.37051019865607,-0.0036908450348770517,-0.002936064282826919,9008.057640622555,not computed,,
cheat-degraded-to-a-guess,1dd169613d57,3fd443c,BTC-USD,4h,2025-10-01 00:00:00,2026-07-26,334,train,long,2025-05-19 00:00:00,106454.27,106507.497135,2025-05-19 00:00:00,104975.622135,104923.1343239325,stop,1,1021.25,104975.622135,108549.997135,0.02114418675430119,2252.014410155639,9008.057640622555,-31.264806601408868,4.4705287571474965,2.23525656237177,6.705785319519267,-37.970591920928136,-0.004215180834289594,-0.0034707600515806788,8970.087048701627,not computed,,
cheat-degraded-to-a-guess,1dd169613d57,3fd443c,BTC-USD,4h,2025-10-01 00:00:00,2026-07-26,335,train,short,2025-05-19 04:00:00,103605.9,103554.09705,2025-05-19 16:00:00,105365.70276428571,105418.38561566785,stop,4,1207.7371428571423,105365.70276428571,101138.62276428571,0.021655558071185046,2242.521762175407,8970.087048701627,-38.10951095582137,4.5254157336460805,2.2626983394451514,6.788114073091232,-44.8976250289126,-0.005005260794588531,-0.004248510716664397,8925.189423672715,not computed,,
cheat-degraded-to-a-guess,1dd169613d57,3fd443c,BTC-USD,4h,2025-10-01 00:00:00,2026-07-26,336,train,long,2025-05-19 20:00:00,105517.64,105570.39881999999,2025-05-21 12:00:00,108482.17024857142,108427.92916344714,target,11,1455.8857142857128,103386.57024857141,108482.17024857142,0.021135634428383596,2231.2973559181787,8925.189423672715,62.657227585690684,4.522990428543469,2.26151087857815,6.784501307121619,55.87272627856906,0.006260116578632506,0.007020268658892759,8981.062149951284,not computed,,
cheat-degraded-to-a-guess,1dd169613d57,3fd443c,BTC-USD,4h,2025-10-01 00:00:00,2026-07-26,337,train,long,2025-05-21 16:00:00,108973.34,109027.82667,2025-05-21 16:00:00,106901.56167,106848.11088916501,stop,1,1417.510000000001,106901.56167,111862.84667,0.0205935090707043,2245.265537487821,8981.062149951284,-42.66518583134363,4.44564307827146,2.2228108728389913,6.668453951110451,-49.33363978245408,-0.005493074088427467,-0.0047505723843114765,8931.72851016883,not computed,,
cheat-degraded-to-a-guess,1dd169613d57,3fd443c,BTC-USD,4h,2025-10-01 00:00:00,2026-07-26,338,train,short,2025-05-21 20:00:00,108603.79,108549.488105,2025-05-22 00:00:00,111006.22453357143,111061.72764583821,stop,2,1637.8242857142873,111006.22453357143,105273.83953357142,0.020570637103164327,2232.9321275422076,8931.72851016883,-49.419608954207774,4.517542622995218,2.2587589565953152,6.776301579590533,-56.195910533798305,-0.0062917172717261724,-0.00553303975797554,8875.532599635031,not computed,,
cheat-degraded-to-a-guess,1dd169613d57,3fd443c,BTC-USD,4h,2025-10-01 00:00:00,2026-07-26,339,train,long,2025-05-22 04:00:00,111780.84,111836.73041999999,2025-05-23 08:00:00,109180.4736342857,109125.88339746857,stop,8,1770.83785714286,109180.4736342857,115378.40613428572,0.01984037928841266,2218.883149908758,8875.532599635031,-51.5922549846027,4.383982066697628,2.1919781352848773,6.575960201982506,-58.1682151865852,-0.006553771791562923,-0.005812862992213471,8817.364384448447,not computed,,
cheat-degraded-to-a-guess,1dd169613d57,3fd443c,BTC-USD,4h,2025-10-01 00:00:00,2026-07-26,340,train,short,2025-05-23 12:00:00,109076.36,109021.82182000001,2025-05-29 20:00:00,105535.03467714287,105587.80219448144,target,39,1743.3935714285722,111636.91217714288,105535.03467714287,0.02021926490782349,2204.3410961121117,8817.364384448447,71.60299482763179,4.339248839717198,2.1696423206069397,6.508891160324138,65.09410366730765,0.007382489917521933,0.008120680024738569,8882.458488115755,not computed,,
cheat-degraded-to-a-guess,1dd169613d57,3fd443c,BTC-USD,4h,2025-10-01 00:00:00,2026-07-26,341,train,short,2025-05-30 00:00:00,105589.75,105536.95512500001,2025-05-31 00:00:00,103099.22798214287,103150.77759613394,target,7,1218.8635714285722,107365.25048214286,103099.22798214287,0.021041109433172483,2220.614622028939,8882.458488115755,52.40334632345748,4.3910214215460295,2.1955238116093625,6.586545233155392,45.816801090302086,0.005158121611443776,0.005899644382641393,8928.275289206058,not computed,,
cheat-degraded-to-a-guess,1dd169613d57,3fd443c,BTC-USD,4h,2025-10-01 00:00:00,2026-07-26,342,train,short,2025-05-31 04:00:00,103684.0,103632.15800000001,2025-06-01 20:00:00,105728.99407142858,105781.85856846429,stop,11,1397.8907142857145,105728.99407142858,100836.37657142858,0.02153838022268642,2232.0688223015145,8928.275289206058,-44.04585986356824,4.5104387128115375,2.2552083449405416,6.765647057752079,-50.811506921320316,-0.005691077534621886,-0.004933299930482429,8877.463782284738,not computed,,
cheat-degraded-to-a-guess,1dd169613d57,3fd443c,BTC-USD,4h,2025-10-01 00:00:00,2026-07-26,343,train,long,2025-06-02 00:00:00,105642.93,105695.751465,2025-06-02 08:00:00,104352.45003642856,104300.27381141036,stop,3,895.5342857142865,104352.45003642856,107486.82003642857,0.020997683585286808,2219.3659455711845,8877.463782284738,-27.09708994822533,4.409430092921955,2.2047082721883626,6.614138365110318,-33.71122831333565,-0.0037973940688564097,-0.0030523458740883223,8843.752553971402,not computed,,
cheat-degraded-to-a-guess,1dd169613d57,3fd443c,BTC-USD,4h,2025-10-01 00:00:00,2026-07-26,344,train,short,2025-06-02 12:00:00,104047.63,103995.60618500001,2025-06-02 20:00:00,105301.61225642859,105354.2630625568,stop,3,870.6707142857152,105301.61225642859,102254.26475642859,0.02125991875618058,2210.9381384928506,8843.752553971402,-26.65956089336374,4.450761211820085,2.22537394101953,6.676135152839615,-33.33569604620335,-0.0037694062382188117,-0.003014507781698609,8810.416857925198,not computed,,
cheat-degraded-to-a-guess,1dd169613d57,3fd443c,BTC-USD,4h,2025-10-01 00:00:00,2026-07-26,345,train,long,2025-06-03 00:00:00,105858.0,105910.92899999999,2025-06-04 12:00:00,104506.97614285714,104454.72265478571,stop,10,935.9685714285733,104506.97614285714,107782.86614285714,0.020796760403086444,2202.6042144812996,8810.416857925198,-28.096919455853822,4.374924054503724,2.187455003021654,6.562379057525378,-34.6592985133792,-0.0039338999586838235,-0.0031890567618920226,8775.757559411819,not computed,,
cheat-degraded-to-a-guess,1dd169613d57,3fd443c,BTC-USD,4h,2025-10-01 00:00:00,2026-07-26,346,train,long,2025-06-04 16:00:00,105298.26,105350.90912999999,2025-06-05 16:00:00,103804.37055857142,103752.46837329214,stop,7,1031.0257142857154,103804.37055857142,107412.96055857142,0.02082506366552278,2193.9393898529547,8775.757559411819,-31.11034272700234,4.3545911491819025,2.1772877970049436,6.531878946186846,-37.642221673189184,-0.004289341566053028,-0.003545032154362234,8738.115337738629,not computed,,
cheat-degraded-to-a-guess,1dd169613d57,3fd443c,BTC-USD,4h,2025-10-01 00:00:00,2026-07-26,347,train,short,2025-06-05 20:00:00,101914.76,101863.80262,2025-06-06 08:00:00,103511.47869142857,103563.23443077428,stop,4,1098.450714285713,103511.47869142857,99666.90119142858,0.02144558496980502,2184.5288344346573,8738.115337738629,-34.24256636990729,4.4055029781676645,2.2027429284419924,6.608245906609657,-40.85081227651695,-0.004675014084569052,-0.003918758799396788,8697.264525462113,not computed,,
cheat-degraded-to-a-guess,1dd169613d57,3fd443c,BTC-USD,4h,2025-10-01 00:00:00,2026-07-26,348,train,long,2025-06-06 12:00:00,103927.99,103979.953995,2025-06-08 16:00:00,106264.26256642857,106211.13043514536,target,14,1142.154285714286,102266.72256642858,106264.26256642857,0.020910916458667436,2174.3161313655282,8697.264525462113,48.85360046126436,4.395288206875483,2.1976563168378433,6.592944523713326,42.26065593755103,0.004859074461151403,0.00561712252378211,8739.525181399664,not computed,,
cheat-degraded-to-a-guess,1dd169613d57,3fd443c,BTC-USD,4h,2025-10-01 00:00:00,2026-07-26,349,train,long,2025-06-08 20:00:00,106289.99,106343.134995,2025-06-09 08:00:00,107757.34213785715,107703.46346678823,target,4,707.1035714285733,105282.47963785713,107757.34213785715,0.020545579133553322,2184.881295349916,8739.525181399664,30.147599465132636,4.3977113269645836,2.1988632003818083,6.596574527346392,23.551024937786245,0.0026947716779751264,0.0034495694948388947,8763.07620633745,not computed,,
cheat-degraded-to-a-guess,1dd169613d57,3fd443c,BTC-USD,4h,2025-10-01 00:00:00,2026-07-26,350,train,long,2025-06-09 12:00:00,107759.21,107813.089605,2025-06-09 20:00:00,109190.40674785715,109135.81154448324,target,3,688.6585714285726,106780.10174785714,109190.40674785715,0.020320065583973042,2190.7690515843624,8763.07620633745,29.082011780026136,4.408415899728384,2.2042152203667698,6.612631120095154,22.469380659930984,0.0025640973707019856,0.003318698947179536,8785.545586997381,not computed,,
cheat-degraded-to-a-guess,1dd169613d57,3fd443c,BTC-USD,4h,2025-10-01 00:00:00,2026-07-26,351,train,long,2025-06-10 00:00:00,110263.02,110318.15151,2025-06-10 12:00:00,109020.97936714285,108966.46887745928,stop,4,864.7814285714287,109020.97936714285,112047.71436714285,0.01990956489649167,2196.3863967493453,8785.545586997381,-24.72848858394912,4.365861380406661,2.18292450808098,6.54878588848764,-31.27727447243676,-0.0035600833394715025,-0.0028146787628701526,8754.268312524944,not computed,,
cheat-degraded-to-a-guess,1dd169613d57,3fd443c,BTC-USD,4h,2025-10-01 00:00:00,2026-07-26,352,train,short,2025-06-10 16:00:00,109015.41,108960.902295,2025-06-12 08:00:00,106898.52515214286,106951.97441471892,target,11,1031.1885714285713,110507.68515214286,106898.52515214286,0.020085801714507873,2188.567078131236,8754.268312524944,42.51932930650479,4.3367832292004,2.168402244432251,6.50518547363265,36.014143832872136,0.004113895364772613,0.004856982649900203,8790.282456357816,not computed,,
cheat-degraded-to-a-guess,1dd169613d57,3fd443c,BTC-USD,4h,2025-10-01 00:00:00,2026-07-26,353,train,short,2025-06-12 12:00:00,106900.95,106847.499525,2025-06-12 16:00:00,108369.22273928572,108423.40735065535,stop,2,1014.4821428571419,108369.22273928572,104818.53523928572,0.02056735650210766,2197.570614089454,8790.282456357816,-30.19848887121557,4.427553486243624,2.213769193499285,6.641322679742909,-36.83981155095848,-0.004190970168917958,-0.003435440103448971,8753.442644806857,not computed,,
cheat-degraded-to-a-guess,1dd169613d57,3fd443c,BTC-USD,4h,2025-10-01 00:00:00,2026-07-26,354,train,short,2025-06-12 20:00:00,106789.8,106736.4051,2025-06-13 00:00:00,104485.19081428571,104537.43340969285,target,2,1125.6071428571418,108424.81581428571,104485.19081428571,0.02050247672433287,2188.3606612017143,8753.442644806857,47.250196188790945,4.331636956505439,2.1658302908016296,6.4974672473070685,40.75272894148387,0.004655623004014448,0.005397898644691869,8794.195373748342,not computed,,
cheat-degraded-to-a-guess,1dd169613d57,3fd443c,BTC-USD,4h,2025-10-01 00:00:00,2026-07-26,355,train,short,2025-06-13 04:00:00,104277.22,104225.08139,2025-06-13 20:00:00,106006.47281857143,106059.47605498071,stop,5,1187.5942857142852,106006.47281857143,101849.89281857143,0.021094239640939514,2198.5488434370855,8794.195373748342,-36.477273354715905,4.435792847533334,2.21788730444802,6.653680151981354,-43.13095350669726,-0.0049044797930516745,-0.004147880710451879,8751.064420241644,not computed,,
cheat-degraded-to-a-guess,1dd169613d57,3fd443c,BTC-USD,4h,2025-10-01 00:00:00,2026-07-26,356,train,long,2025-06-14 00:00:00,106066.59,106119.623295,2025-06-16 16:00:00,108817.55900928572,108763.15022978108,target,17,1348.9678571428583,104096.1715092857,108817.55900928572,0.020616037233553687,2187.766105060411,8751.064420241644,56.7140795237867,4.430031259836171,2.215029808437855,6.645061068274026,50.069018455512676,0.00572147753131614,0.006480820709376134,8801.133438697158,not computed,,
cheat-degraded-to-a-guess,1dd169613d57,3fd443c,BTC-USD,4h,2025-10-01 00:00:00,2026-07-26,357,train,long,2025-06-16 20:00:00,108652.01,108706.33600499999,2025-06-16 20:00:00,107317.748505,107264.0896307475,stop,1,925.7250000000006,107317.748505,110557.78600499999,0.020240617433496116,2200.2833596742894,8801.133438697158,-27.00627647653957,4.371374762242487,2.1856806295518467,6.557055391794334,-33.563331868333904,-0.0038135238037366155,-0.0030684998318281764,8767.570106828824,not computed,,
cheat-degraded-to-a-guess,1dd169613d57,3fd443c,BTC-USD,4h,2025-10-01 00:00:00,2026-07-26,358,train,short,2025-06-17 00:00:00,106794.53,106741.132735,2025-06-17 12:00:00,104641.60987785715,104693.93068279607,target,4,1049.7614285714299,108315.77487785715,104641.60987785715,0.020534656795791084,2191.892526707206,8767.570106828824,44.209475816956086,4.341746461880764,2.1708842833090287,6.512630745189793,37.69684507176629,0.004299577261709631,0.005042386348587338,8805.26695190059,not computed,,
cheat-degraded-to-a-guess,1dd169613d57,3fd443c,BTC-USD,4h,2025-10-01 00:00:00,2026-07-26,359,train,short,2025-06-17 16:00:00,104241.62,104189.49919,2025-06-20 08:00:00,106055.62990428571,106108.65771923785,stop,17,1244.087142857143,106055.62990428571,101701.32490428572,0.021128009589150877,2201.3167379751476,8805.26695190059,-38.32641865256332,4.443181475759133,2.2215811562745458,6.664762632033678,-44.991181284597,-0.005109576067411084,-0.004352669698934077,8760.275770615994,not computed,,
cheat-degraded-to-a-guess,1dd169613d57,3fd443c,BTC-USD,4h,2025-10-01 00:00:00,2026-07-26,360,train,long,2025-06-20 12:00:00,105977.82,106030.80891,2025-06-20 12:00:00,104597.45605285715,104545.15732483072,stop,1,955.5685714285709,104597.45605285715,107941.94605285715,0.020655024376103275,2190.0689426539984,8760.275770615994,-28.511450976129936,4.349451715601928,2.1747187299380535,6.524170445539982,-35.035621421669916,-0.003999374259334113,-0.0032546293886961852,8725.240149194324,not computed,,
cheat-degraded-to-a-guess,1dd169613d57,3fd443c,BTC-USD,4h,2025-10-01 00:00:00,2026-07-26,361,train,short,2025-06-20 16:00:00,104218.0,104165.891,2025-06-21 20:00:00,102051.30528571429,102102.33093835715,target,8,1057.2928571428565,105751.83028571428,102051.30528571429,0.02094073229113531,2181.310037298581,8725.240149194324,45.37217396847496,4.319407615779621,2.1597151509332235,6.479122766712845,38.89305120176212,0.004457533607869057,0.005200106036355293,8764.133200396085,not computed,,
cheat-degraded-to-a-guess,1dd169613d57,3fd443c,BTC-USD,4h,2025-10-01 00:00:00,2026-07-26,362,train,short,2025-06-22 00:00:00,102120.02,102068.95999,2025-06-22 12:00:00,99930.39999,99980.365189995,target,4,1069.2799999999988,103672.87999,99930.39999,0.021466205791787075,2191.0333000990213,8764.133200396085,47.00283374047485,4.337232394405479,2.1686279479112045,6.505860342316684,40.49697339815816,0.004620761970656488,0.005363089841942453,8804.630173794243,not computed,,
cheat-degraded-to-a-guess,1dd169613d57,3fd443c,BTC-USD,4h,2025-10-01 00:00:00,2026-07-26,363,train,short,2025-06-22 16:00:00,98906.21,98856.75689500001,2025-06-22 20:00:00,100810.58296642858,100860.9882579118,stop,2,1302.5507142857136,100810.58296642858,96251.65546642858,0.02226613144700371,2201.157543448561,8804.630173794243,-42.40301879461911,4.446941565873923,2.2234601821821016,6.670401748056024,-49.07342054267513,-0.005573592481911999,-0.004815990899972812,8755.556753251569,not computed,,
cheat-degraded-to-a-guess,1dd169613d57,3fd443c,BTC-USD,4h,2025-10-01 00:00:00,2026-07-26,364,train,long,2025-06-23 00:00:00,100963.87,101014.35193499998,2025-06-23 20:00:00,103835.54622071427,103783.62844760391,target,6,1410.5971428571418,98898.45622071427,103835.54622071427,0.021669091038879144,2188.889188312892,8755.556753251569,62.22661346084202,4.437786081489229,2.2189085973977,6.656694678886929,55.56991878195509,0.006346817266796652,0.007107099549978109,8811.126672033524,not computed,,
cheat-degraded-to-a-guess,1dd169613d57,3fd443c,BTC-USD,4h,2025-10-01 00:00:00,2026-07-26,365,train,long,2025-06-24 00:00:00,105333.94,105386.60697,2025-07-02 16:00:00,109229.3426842857,109174.72801294357,target,53,1921.3678571428568,102504.55518428571,109229.3426842857,0.020901912788931887,2202.781668008381,8811.126672033524,81.42136718471085,4.484742311690287,2.242391511186554,6.727133822876841,74.69423336183401,0.008477262459398428,0.00924074414264658,8885.820905395358,not computed,,
cheat-degraded-to-a-guess,1dd169613d57,3fd443c,BTC-USD,4h,2025-10-01 00:00:00,2026-07-26,366,train,long,2025-07-02 20:00:00,109676.14,109730.97807,2025-07-04 12:00:00,108277.20485571428,108223.06625328644,stop,11,969.182142857142,108277.20485571428,111669.34235571428,0.02024455869637579,2221.4552263488395,8885.820905395358,-28.32082464091509,4.412383443415263,2.206184641501231,6.618568084916494,-34.93939272583159,-0.0039320388175522235,-0.0031871928257882222,8850.881512669526,not computed,,
cheat-degraded-to-a-guess,1dd169613d57,3fd443c,BTC-USD,4h,2025-10-01 00:00:00,2026-07-26,367,train,short,2025-07-04 16:00:00,107573.29,107519.503355,2025-07-06 12:00:00,108962.28799785713,109016.76914185606,stop,12,961.8564285714268,108962.28799785713,105595.79049785715,0.020579711672045062,2212.7203781673816,8850.881512669526,-28.585178308947714,4.456254054524679,2.2281198809677534,6.684373935492433,-35.26955224444015,-0.0039848632245221925,-0.003229641959168664,8815.611960425085,not computed,,
cheat-degraded-to-a-guess,1dd169613d57,3fd443c,BTC-USD,4h,2025-10-01 00:00:00,2026-07-26,368,train,long,2025-07-06 16:00:00,108906.0,108960.453,2025-07-07 12:00:00,108146.4255,108092.35228725,stop,6,542.6850000000007,108146.4255,110045.82299999999,0.0202266320433366,2203.9029901062713,8815.611960425085,-15.363633921001425,4.3902472265191905,2.1951197723508766,6.585366998870067,-21.94900091987149,-0.002489787551721267,-0.0017427756564117865,8793.662959505215,not computed,,
cheat-degraded-to-a-guess,1dd169613d57,3fd443c,BTC-USD,4h,2025-10-01 00:00:00,2026-07-26,369,train,short,2025-07-07 16:00:00,108292.59,108238.443705,2025-07-08 12:00:00,109092.65299071428,109147.19931720964,stop,6,569.4728571428568,109092.65299071428,107099.49799071428,0.02031085873581116,2198.4157398763036,8793.662959505215,-16.249966384148472,4.415289086617573,2.207640480817176,6.622929567434749,-22.87289595158322,-0.0026010657966893686,-0.001847917808424033,8770.790063553632,not computed,,
cheat-degraded-to-a-guess,1dd169613d57,3fd443c,BTC-USD,4h,2025-10-01 00:00:00,2026-07-26,370,train,short,2025-07-08 16:00:00,108268.35,108214.215825,2025-07-09 12:00:00,109432.82225357143,109487.53866469821,stop,6,812.4042857142849,109432.82225357143,106589.40725357144,0.020262564388345766,2192.697515888408,8770.790063553632,-23.595194016433087,4.411195817803352,2.2055920101029898,6.616787827906342,-30.21198184433943,-0.0034446134983760566,-0.0026902016631866685,8740.578081709293,not computed,,
cheat-degraded-to-a-guess,1dd169613d57,3fd443c,BTC-USD,4h,2025-10-01 00:00:00,2026-07-26,371,train,long,2025-07-09 16:00:00,109071.32,109125.85566,2025-07-09 16:00:00,110689.04851714286,110633.7039928843,target,1,781.596428571428,107953.46101714286,110689.04851714286,0.020024076853385777,2185.144520427323,8740.578081709293,32.39352015518228,4.400482311755572,2.2002492542574466,6.600731566013018,25.792788589169263,0.0029509247955971886,0.003706107290886126,8766.370870298462,not computed,,
cheat-degraded-to-a-guess,1dd169613d57,3fd443c,BTC-USD,4h,2025-10-01 00:00:00,2026-07-26,372,train,long,2025-07-09 20:00:00,111749.99,111805.864995,2025-07-10 16:00:00,113717.194995,113660.3363975025,target,6,955.6649999999988,110372.367495,113717.194995,0.019601768813045938,2191.5927175746156,8766.370870298462,38.56069751985905,4.41953635485149,2.209777817599935,6.6293141724514255,31.93138334740762,0.0036424860207084162,0.0043987070693652045,8798.30225364587,not computed,,
cheat-degraded-to-a-guess,1dd169613d57,3fd443c,BTC-USD,4h,2025-10-01 00:00:00,2026-07-26,373,train,long,2025-07-10 20:00:00,113301.8,113358.4509,2025-07-10 20:00:00,115518.45375714285,115460.69453026429,target,1,1080.0014285714278,111738.44875714285,115518.45375714285,0.019403719316452548,2199.5755634114676,8798.30225364587,43.011327325359815,4.439942472159384,2.2199819889113,6.659924461070684,36.35140286428913,0.004131638333887167,0.004888593967948377,8834.65365651016,not computed,,
cheat-degraded-to-a-guess,1dd169613d57,3fd443c,BTC-USD,4h,2025-10-01 00:00:00,2026-07-26,374,train,long,2025-07-11 00:00:00,116010.01,116068.015005,2025-07-11 08:00:00,118599.09357642857,118539.79402964035,target,3,1265.5392857142858,114169.70607642857,118599.09357642857,0.019029044427376438,2208.66341412754,8834.65365651016,49.26778640204999,4.464362421129619,2.2321935275113773,6.696555948640996,42.571230453408994,0.004818664331231448,0.005576651707873698,8877.224886963568,not computed,,
cheat-degraded-to-a-guess,1dd169613d57,3fd443c,BTC-USD,4h,2025-10-01 00:00:00,2026-07-26,375,train,long,2025-07-11 12:00:00,117821.91,117880.820955,2025-07-14 00:00:00,120809.91238357143,120749.50742737965,target,16,1464.5457142857142,115684.00238357144,120809.91238357143,0.01882669465449425,2219.306221740892,8877.224886963568,56.254208502400196,4.492620327756754,2.2463242274303497,6.7389445551871034,49.51526394721309,0.005577786366539788,0.006336913756123374,8926.74015091078,not computed,,
cheat-degraded-to-a-guess,1dd169613d57,3fd443c,BTC-USD,4h,2025-10-01 00:00:00,2026-07-26,376,train,long,2025-07-14 04:00:00,120750.25,120810.62512499999,2025-07-14 04:00:00,122593.68655357142,122532.38971029464,target,1,891.5307142857138,119473.32905357142,122593.68655357142,0.018472589107279443,2231.685037727695,8926.74015091078,34.05304599946411,4.495175525179004,2.247596275850757,6.742771801029761,27.31027419843435,0.003059378198171023,0.003814723563560852,8954.050425109215,not computed,,
cheat-degraded-to-a-guess,1dd169613d57,3fd443c,BTC-USD,4h,2025-10-01 00:00:00,2026-07-26,377,train,long,2025-07-14 08:00:00,122736.04,122797.40801999999,2025-07-14 12:00:00,121278.14480571427,121217.50573331142,stop,2,1012.8421428571424,121278.14480571427,124823.09230571428,0.018229314790689375,2238.512606277304,8954.050425109215,-26.576430428467706,4.448224676432032,2.224105694108104,6.672330370540136,-33.24876079900784,-0.0037132648600873047,-0.002968090324122063,8920.801664310207,not computed,,
cheat-degraded-to-a-guess,1dd169613d57,3fd443c,BTC-USD,4h,2025-10-01 00:00:00,2026-07-26,378,train,short,2025-07-14 16:00:00,119878.22,119818.28089000001,2025-07-15 00:00:00,117411.59803285715,117470.30383187356,target,3,1203.3414285714284,121623.29303285715,117411.59803285715,0.018613189903175148,2230.200416077552,8920.801664310207,45.91170309377342,4.416697489283897,2.2083602225673715,6.625057711851269,39.28664538192215,0.004403936648328113,0.005146589378559343,8960.08830969213,not computed,,
cheat-degraded-to-a-guess,1dd169613d57,3fd443c,BTC-USD,4h,2025-10-01 00:00:00,2026-07-26,379,train,short,2025-07-15 04:00:00,117148.46,117089.88577000001,2025-07-16 08:00:00,119239.77684142858,119299.3967298493,stop,8,1433.2607142857148,119239.77684142858,114223.36434142858,0.019130790526374876,2240.0220774230324,8960.08830969213,-40.00854441765002,4.522313846184671,2.2611469209561434,6.783460767140815,-46.79200518479084,-0.0052222705365722695,-0.004465195323395727,8913.29630450734,not computed,,
cheat-degraded-to-a-guess,1dd169613d57,3fd443c,BTC-USD,4h,2025-10-01 00:00:00,2026-07-26,380,train,long,2025-07-16 12:00:00,118769.06,118828.44453,2025-07-22 00:00:00,116247.81667285714,116189.69276452072,stop,34,1720.4185714285716,116247.81667285714,122269.28167285713,0.018752446730582774,2228.324076126835,8913.29630450734,-47.27948118708376,4.407165100336289,2.2035707302975993,6.610735830633888,-53.890217017717646,-0.006046047968860415,-0.0053043766943072605,8859.406087489622,not computed,,
cheat-degraded-to-a-guess,1dd169613d57,3fd443c,BTC-USD,4h,2025-10-01 00:00:00,2026-07-26,381,train,short,2025-07-22 04:00:00,117210.0,117151.395,2025-07-22 08:00:00,118980.02571428572,119039.51572714285,stop,2,1219.087142857144,118980.02571428572,114713.22071428572,0.01890589114941743,2214.8515218724056,8859.406087489622,-33.46391348595557,4.465399648689132,2.232691458365906,6.698091107055038,-40.16200459301061,-0.004533261507193289,-0.0037772186030855955,8819.244082896612,not computed,,
cheat-degraded-to-a-guess,1dd169613d57,3fd443c,BTC-USD,4h,2025-10-01 00:00:00,2026-07-26,382,train,long,2025-07-22 12:00:00,119154.99,119214.567495,2025-07-24 04:00:00,117132.71106642857,117074.14471089536,stop,11,1387.904285714287,117132.71106642857,121990.37606642857,0.018494476531289897,2204.811020724153,8819.244082896612,-37.40099027665883,4.370036042500644,2.1850086710025707,6.555044713503214,-43.956034990162046,-0.0049841045986477595,-0.004240838548645176,8775.28804790645,not computed,,
cheat-degraded-to-a-guess,1dd169613d57,3fd443c,BTC-USD,4h,2025-10-01 00:00:00,2026-07-26,383,train,short,2025-07-24 08:00:00,118416.21,118357.00189500001,2025-07-25 00:00:00,115524.17046642858,115581.93255166178,target,5,1416.4157142857136,120481.62546642858,115524.17046642858,0.018535633522745478,2193.8220119766124,8775.28804790645,53.60578492757175,4.336206355604902,2.168116579248448,6.50432293485335,47.1014619927184,0.005367511782585366,0.006108720834566868,8822.389509899169,not computed,,
cheat-degraded-to-a-guess,1dd169613d57,3fd443c,BTC-USD,4h,2025-10-01 00:00:00,2026-07-26,384,train,short,2025-07-25 04:00:00,115419.65,115361.940175,2025-07-25 20:00:00,117281.17088928571,117339.81147473035,stop,5,1279.4871428571412,117281.17088928571,112802.96588928571,0.019118934495458196,2205.597377474792,8822.389509899169,-35.59029594418075,4.449009546769576,2.224495875810611,6.673505422580186,-42.26380136676094,-0.004790516369668195,-0.004034088032980933,8780.125708532409,not computed,,
cheat-degraded-to-a-guess,1dd169613d57,3fd443c,BTC-USD,4h,2025-10-01 00:00:00,2026-07-26,385,train,long,2025-07-26 00:00:00,117614.31,117673.11715499999,2025-07-31 20:00:00,115535.8303692857,115478.06245410106,stop,36,1424.8578571428557,115535.8303692857,120522.8328692857,0.018653635428402808,2195.031427133102,8780.125708532409,-38.771201276705796,4.349117104130233,2.1745488592644904,6.523665963394723,-45.294867240100515,-0.005158794844598132,-0.0044157911360003035,8734.830841292309,not computed,,
cheat-degraded-to-a-guess,1dd169613d57,3fd443c,BTC-USD,4h,2025-10-01 00:00:00,2026-07-26,386,train,short,2025-08-01 00:00:00,115764.07,115706.18796500002,2025-08-01 16:00:00,113440.03939357145,113496.75941326823,target,5,1133.0742857142852,117405.79939357145,113440.03939357145,0.01887286884763352,2183.707710323077,8734.830841292309,43.8611248330123,4.325717165361104,2.1628695479613285,6.488586713322433,37.372538119689864,0.004278564610892984,0.00502140518001412,8772.203379411998,not computed,,
cheat-degraded-to-a-guess,1dd169613d57,3fd443c,BTC-USD,4h,2025-10-01 00:00:00,2026-07-26,387,train,short,2025-08-01 20:00:00,113328.67,113272.005665,2025-08-04 12:00:00,115403.82923642857,115461.53115104679,stop,17,1421.2157142857145,115403.82923642857,110429.57423642857,0.019360925340537443,2193.0508448529995,8772.203379411998,-40.177003046220335,4.428492929172555,2.2142364203353893,6.6427293495079445,-46.81973239572828,-0.005337283048590993,-0.004580035517702898,8725.38364701627,not computed,,
cheat-degraded-to-a-guess,1dd169613d57,3fd443c,BTC-USD,4h,2025-10-01 00:00:00,2026-07-26,388,train,long,2025-08-04 16:00:00,114826.01,114883.42300499999,2025-08-05 12:00:00,113554.55264785713,113497.77537153321,stop,6,885.913571428571,113554.55264785713,116655.25014785714,0.018987473167988128,2181.3459117540674,8725.38364701627,-24.141762358053946,4.3363818762473985,2.1681849026828317,6.50456677893023,-30.646329136984175,-0.003512318813335387,-0.0027668425062672697,8694.737317879286,not computed,,
cheat-degraded-to-a-guess,1dd169613d57,3fd443c,BTC-USD,4h,2025-10-01 00:00:00,2026-07-26,389,train,short,2025-08-05 16:00:00,112934.0,112877.53300000001,2025-08-06 04:00:00,114266.68621428573,114323.81955739287,stop,4,926.1021428571423,114266.68621428573,111025.32871428573,0.019257014852280846,2173.6843294698215,8694.737317879286,-25.6635582219302,4.375219820656012,2.187603494438193,6.562823315094205,-32.2263815370244,-0.00370642382384068,-0.0029516197308407863,8662.510936342262,not computed,,
cheat-degraded-to-a-guess,1dd169613d57,3fd443c,BTC-USD,4h,2025-10-01 00:00:00,2026-07-26,390,train,long,2025-08-06 08:00:00,114227.9,114285.01395,2025-08-07 08:00:00,116262.2996642857,116204.16851445357,target,7,988.6428571428581,112802.0496642857,116262.2996642857,0.018949358793735053,2165.6277340855654,8662.510936342262,38.55056916840404,4.367622216593596,2.1838207459388315,6.551442962532428,31.99912620587161,0.003693978159568502,0.0044502765366414634,8694.510062548134,not computed,,
cheat-degraded-to-a-guess,1dd169613d57,3fd443c,BTC-USD,4h,2025-10-01 00:00:00,2026-07-26,391,train,long,2025-08-07 12:00:00,116519.54,116577.79976999998,2025-08-10 12:00:00,118742.43262714284,118683.06141082928,target,19,1082.3164285714302,114954.32512714283,118742.43262714284,0.01864529541581203,2173.6275156370334,8694.510062548134,41.44648971070894,4.386508256494906,2.1932644898695486,6.579772746364455,34.866716964344484,0.004010199161714002,0.004766972424270454,8729.376779512479,not computed,,
cheat-degraded-to-a-guess,1dd169613d57,3fd443c,BTC-USD,4h,2025-10-01 00:00:00,2026-07-26,392,train,long,2025-08-10 16:00:00,118815.0,118874.40749999999,2025-08-11 00:00:00,120668.6932142857,120608.35886767856,target,3,897.1428571428581,117528.6932142857,120668.6932142857,0.018358402290065,2182.3441948781197,8729.376779512479,34.030845750220486,4.3965209665154905,2.198268990968856,6.5947899574843465,27.43605579273614,0.00314295699288952,0.0038984278728911794,8756.812835305214,not computed,,
cheat-degraded-to-a-guess,1dd169613d57,3fd443c,BTC-USD,4h,2025-10-01 00:00:00,2026-07-26,393,train,long,2025-08-11 04:00:00,121729.0,121789.8645,2025-08-11 12:00:00,120224.11735714285,120164.00529846428,stop,3,1043.8314285714307,120224.11735714285,123877.52735714286,0.017975249564599883,2189.2032088263036,8756.812835305214,-27.050641070791876,4.349181192748102,2.1745838337136725,6.523765026461774,-33.57440609725365,-0.0038340897229058373,-0.003089096635905093,8723.23842920796,not computed,,
cheat-degraded-to-a-guess,1dd169613d57,3fd443c,BTC-USD,4h,2025-10-01 00:00:00,2026-07-26,394,train,short,2025-08-11 16:00:00,120314.4,120254.2428,2025-08-13 12:00:00,122027.62744285715,122088.64125657857,stop,12,1182.2564285714304,122027.62744285715,117889.72994285714,0.01813499097016467,2180.80960730199,8723.23842920796,-31.069364206052807,4.394886014049717,2.1974352396834753,6.592321253733192,-37.661685459786,-0.004317397233312302,-0.003561677748257283,8685.576743748174,not computed,,
cheat-degraded-to-a-guess,1dd169613d57,3fd443c,BTC-USD,4h,2025-10-01 00:00:00,2026-07-26,395,train,long,2025-08-13 16:00:00,120920.61,120981.070305,2025-08-13 20:00:00,123454.02887642858,123392.30186199037,target,2,1236.479285714286,119126.35137642857,123454.02887642858,0.017948214381496526,2171.3941859370434,8685.576743748174,45.470345112270195,4.3860656727823795,2.1930442039773226,6.579109876759702,38.89123523551049,0.004477680225841557,0.005235155528963517,8724.467978983685,not computed,,
cheat-degraded-to-a-guess,1dd169613d57,3fd443c,BTC-USD,4h,2025-10-01 00:00:00,2026-07-26,396,train,long,2025-08-14 00:00:00,123306.44,123368.09322,2025-08-14 04:00:00,121463.31500571428,121402.58334821142,stop,2,1269.8521428571435,121463.31500571428,125907.79750571428,0.017679749583681872,2181.116994745921,8724.467978983685,-32.5859883503967,4.327484267154365,2.163733987079887,6.491218254234252,-39.07720660463095,-0.004479036051110943,-0.0037350115134691165,8685.390772379054,not computed,,
cheat-degraded-to-a-guess,1dd169613d57,3fd443c,BTC-USD,4h,2025-10-01 00:00:00,2026-07-26,397,train,short,2025-08-14 08:00:00,121725.31,121664.44734500001,2025-08-14 12:00:00,119121.0516307143,119180.61215652965,target,2,1271.6978571428574,123571.99413071429,119121.0516307143,0.0178470189153742,2171.3476930947636,8685.390772379054,46.47824837716347,4.298366332598224,2.149194785860935,6.447561118459159,40.030687258704305,0.00460896789883172,0.005351313440607855,8725.421459637759,not computed,,
cheat-degraded-to-a-guess,1dd169613d57,3fd443c,BTC-USD,4h,2025-10-01 00:00:00,2026-07-26,398,train,short,2025-08-14 16:00:00,118257.26,118198.13137,2025-08-18 00:00:00,115156.49422714286,115214.07247425642,target,21,1520.8185714285707,120479.35922714286,115156.49422714286,0.018455074878308032,2181.3553649094397,8725.421459637759,57.22486451817311,4.307639699456651,2.1538341559441108,6.461473855400762,50.76339066277235,0.005817872626278826,0.0065584069242826965,8776.184850300531,not computed,,
cheat-degraded-to-a-guess,1dd169613d57,3fd443c,BTC-USD,4h,2025-10-01 00:00:00,2026-07-26,399,train,short,2025-08-18 04:00:00,115319.0,115261.3405,2025-08-18 16:00:00,116364.6205,116422.80281025,stop,4,735.5199999999999,116364.6205,113790.30050000001,0.01903540426527603,2194.046212575133,8776.184850300531,-19.903808925560142,4.410201329764756,2.205095688929866,6.615297018694622,-26.519105944254765,-0.0030217123267802007,-0.0022679341040632885,8749.665744356276,not computed,,
cheat-degraded-to-a-guess,1dd169613d57,3fd443c,BTC-USD,4h,2025-10-01 00:00:00,2026-07-26,400,train,long,2025-08-18 20:00:00,116314.0,116372.15699999999,2025-08-19 00:00:00,115139.65307142856,115082.08324489286,stop,2,821.6692857142843,115139.65307142856,118015.49557142856,0.01879673362150595,2187.416436089069,8749.665744356276,-22.073886395591,4.350583699451294,2.175286331253737,6.525870030705031,-28.599756426296032,-0.0032686684568200212,-0.0025228262473716936,8721.06598792998,not computed,,
cheat-degraded-to-a-guess,1dd169613d57,3fd443c,BTC-USD,4h,2025-10-01 00:00:00,2026-07-26,401,train,short,2025-08-19 04:00:00,114810.01,114752.604995,2025-08-19 16:00:00,112787.40070928572,112843.79440964035,target,4,982.6021428571423,116226.50820928572,112787.40070928572,0.018999712442933157,2180.266496982495,8721.06598792998,38.4289949079762,4.32426614173513,2.1621426781159343,6.486408819851064,31.942586088125132,0.003662692855705244,0.004406456155837166,8753.008574018106,not computed,,
cheat-degraded-to-a-guess,1dd169613d57,3fd443c,BTC-USD,4h,2025-10-01 00:00:00,2026-07-26,402,train,short,2025-08-19 20:00:00,113132.49,113075.92375500001,2025-08-22 12:00:00,114890.61839785715,114948.06370705608,stop,17,1209.7964285714293,114890.61839785715,110656.33089785716,0.01935206072908837,2188.2521435045264,8753.008574018106,-34.0234075248663,4.412734053054595,2.2063585206752805,6.619092573729875,-40.64250009859617,-0.00464326062917805,-0.0038870529186797896,8712.36607391951,not computed,,
cheat-degraded-to-a-guess,1dd169613d57,3fd443c,BTC-USD,4h,2025-10-01 00:00:00,2026-07-26,403,train,long,2025-08-22 16:00:00,116370.75,116428.93537499999,2025-08-24 12:00:00,114411.64644642855,114354.44062320534,stop,12,1344.8592857142867,114411.64644642855,119118.65394642856,0.018707476036473013,2178.0915184798773,8712.36607391951,-36.64988278140697,4.317374476102768,2.158678075580326,6.476052551683094,-43.12593533309007,-0.004949968236778717,-0.004206650922430647,8669.24013858642,not computed,,
cheat-degraded-to-a-guess,1dd169613d57,3fd443c,BTC-USD,4h,2025-10-01 00:00:00,2026-07-26,404,train,short,2025-08-24 16:00:00,114400.01,114342.809995,2025-08-24 16:00:00,112140.15428071428,112196.22435785463,target,1,1101.3278571428568,115994.80178071429,112140.15428071428,0.018954493376027556,2167.310034646605,8669.24013858642,42.834420261979005,4.293932626052862,2.1469770216311943,6.440909647684056,36.39351061429495,0.004198004673132652,0.004940965941331446,8705.633649200714,not computed,,
cheat-degraded-to-a-guess,1dd169613d57,3fd443c,BTC-USD,4h,2025-10-01 00:00:00,2026-07-26,405,train,short,2025-08-24 20:00:00,112600.0,112543.70000000001,2025-08-25 20:00:00,109898.89142857144,109953.84087428573,target,7,1322.404285714286,114527.30642857144,109898.89142857144,0.019338340682776362,2176.4084123001785,8705.633649200714,52.23495777545283,4.302733246506897,2.1513796819926796,6.454112928499576,45.78084484695325,0.005258760785454888,0.006000132773821542,8751.414494047667,not computed,,
cheat-degraded-to-a-guess,1dd169613d57,3fd443c,BTC-USD,4h,2025-10-01 00:00:00,2026-07-26,406,train,short,2025-08-26 00:00:00,110111.98,110056.92401,2025-08-26 20:00:00,112167.91151,112223.995465755,stop,6,1407.3249999999991,112167.91151,107242.27401000001,0.019879291041362594,2187.853623511917,8751.414494047667,-40.87046084839826,4.418787091200216,2.2093833279845967,6.628170419184813,-47.49863126758307,-0.005427537605479615,-0.004670154850532628,8703.915862780084,not computed,,
cheat-degraded-to-a-guess,1dd169613d57,3fd443c,BTC-USD,4h,2025-10-01 00:00:00,2026-07-26,407,train,long,2025-08-27 00:00:00,111763.22,111819.10161,2025-08-29 12:00:00,109215.98018142857,109161.37219133787,stop,16,1735.414285714287,109215.98018142857,115289.93018142857,0.01945981441779374,2175.978965695021,8703.915862780084,-49.56881414701456,4.300239010130166,2.1501071128613205,6.450346122991487,-56.01916027000604,-0.006436087061635861,-0.0056950015290223605,8647.89670251008,not computed,,
cheat-degraded-to-a-guess,1dd169613d57,3fd443c,BTC-USD,4h,2025-10-01 00:00:00,2026-07-26,408,train,short,2025-08-29 16:00:00,108386.23,108332.03688500001,2025-09-02 00:00:00,110366.08831357144,110421.27135772821,stop,21,1356.0342857142844,110366.08831357144,105619.96831357144,0.019956923526902443,2161.97417562752,8647.89670251008,-39.511880958047335,4.365643043857045,2.18281164395777,6.548454687814814,-46.06033564586215,-0.005326189388050044,-0.004568958478259677,8601.836366864218,not computed,,
cheat-degraded-to-a-guess,1dd169613d57,3fd443c,BTC-USD,4h,2025-10-01 00:00:00,2026-07-26,409,train,long,2025-09-02 04:00:00,110322.19,110377.35109499999,2025-09-02 12:00:00,108698.90038071429,108644.55093052394,stop,3,1118.9671428571403,108698.90038071429,112615.28538071427,0.019482793076499808,2150.4590917160544,8601.836366864218,-31.626215755773742,4.267158396384697,2.133571291638006,6.400729688022703,-38.02694544379644,-0.00442079386563117,-0.0036766818626780056,8563.809421420421,not computed,,
cheat-degraded-to-a-guess,1dd169613d57,3fd443c,BTC-USD,4h,2025-10-01 00:00:00,2026-07-26,410,train,long,2025-09-02 16:00:00,110829.16,110884.57458,2025-09-10 12:00:00,113605.33315142857,113548.53048485286,target,48,1360.3792857142846,108844.00565142857,113605.33315142857,0.019307936775376004,2140.9523553551053,8563.809421420421,53.602175685279065,4.3333402028935,2.1666835019904553,6.500023704883955,47.10215198039511,0.005500140143541703,0.006259150927764158,8610.911573400816,not computed,,
cheat-degraded-to-a-guess,1dd169613d57,3fd443c,BTC-USD,4h,2025-10-01 00:00:00,2026-07-26,411,train,long,2025-09-10 16:00:00,113853.99,113910.91699499999,2025-09-12 00:00:00,116030.56985214284,115972.55456721678,target,9,1059.826428571428,112321.17735214285,116030.56985214284,0.01889834574367175,2152.727893350204,8610.911573400816,41.133758584505266,4.344417326338306,2.172218946608396,6.516636272946702,34.61712231155856,0.004020146068912282,0.004776934269255281,8645.528695712374,not computed,,
cheat-degraded-to-a-guess,1dd169613d57,3fd443c,BTC-USD,4h,2025-10-01 00:00:00,2026-07-26,412,train,short,2025-09-12 04:00:00,115194.14,115136.54293000001,2025-09-12 16:00:00,116503.16400142858,116561.41558342929,stop,4,911.0807142857146,116503.16400142858,113314.38150142858,0.018772338641799908,2161.3821739280934,8645.528695712374,-24.57344184506129,4.349512539827802,2.1747501265531533,6.524262666380955,-31.097704511442245,-0.0035969696713706715,-0.0028423295682597337,8614.430991200932,not computed,,
cheat-degraded-to-a-guess,1dd169613d57,3fd443c,BTC-USD,4h,2025-10-01 00:00:00,2026-07-26,413,train,long,2025-09-12 20:00:00,116632.51,116690.82625499999,2025-09-13 16:00:00,115320.60411214286,115262.9438100868,stop,6,913.481428571428,115320.60411214286,118517.78911214285,0.018455673140012195,2153.607747800233,8614.430991200932,-24.21210625674883,4.280862963914788,2.1404254289305378,6.421288392845326,-30.633394649594155,-0.0035560554934950584,-0.0028106448680684636,8583.797596551338,not computed,,
cheat-degraded-to-a-guess,1dd169613d57,3fd443c,BTC-USD,4h,2025-10-01 00:00:00,2026-07-26,414,train,long,2025-09-13 20:00:00,115797.12,115855.01855999998,2025-09-15 08:00:00,114664.16963142855,114606.83754661285,stop,10,793.8992857142855,114664.16963142855,117442.81713142856,0.01852271421480522,2145.9493991378345,8583.797596551338,-20.98531589660711,4.268779098076353,2.134384302708728,6.403163400785081,-27.388479297392188,-0.0031907182094316733,-0.002444758938053043,8556.409117253947,not computed,,
cheat-degraded-to-a-guess,1dd169613d57,3fd443c,BTC-USD,4h,2025-10-01 00:00:00,2026-07-26,415,train,short,2025-09-15 12:00:00,115070.01,115012.474995,2025-09-16 04:00:00,115961.75963785715,116019.74051767607,stop,5,632.856428571429,115961.75963785715,113746.76213785713,0.018598871812874916,2139.1022793134866,8556.409117253947,-16.585537203682804,4.296938560964755,2.1484651340978544,6.445403695062609,-23.030940898745413,-0.0026916596183209217,-0.001938375897692663,8533.378176355202,not computed,,
cheat-degraded-to-a-guess,1dd169613d57,3fd443c,BTC-USD,4h,2025-10-01 00:00:00,2026-07-26,416,train,long,2025-09-16 08:00:00,115839.99,115897.909995,2025-09-16 12:00:00,114765.86856642856,114708.48563214536,stop,2,754.6942857142868,114765.86856642856,117407.29856642857,0.01840710107870656,2133.3445440888004,8533.378176355202,-19.771461798554814,4.24479523370506,2.1223926739866776,6.367187907691737,-26.13864970624655,-0.003063106915696423,-0.0023169560038178985,8507.239526648955,not computed,,
cheat-degraded-to-a-guess,1dd169613d57,3fd443c,BTC-USD,4h,2025-10-01 00:00:00,2026-07-26,417,train,long,2025-09-16 16:00:00,115905.88,115963.83294,2025-09-17 16:00:00,114724.60793999999,114667.24563603,stop,7,826.1500000000015,114724.60793999999,117616.13294,0.018340286171488106,2126.8098816622387,8507.239526648955,-21.66486762678359,4.22983998112335,2.114914574344347,6.344754555467697,-28.009622182251285,-0.0032924454630095996,-0.0025466389607249596,8479.229904466703,not computed,,
cheat-degraded-to-a-guess,1dd169613d57,3fd443c,BTC-USD,4h,2025-10-01 00:00:00,2026-07-26,418,train,short,2025-09-17 20:00:00,115652.02,115594.19399000001,2025-09-17 20:00:00,116965.25934714287,117023.74197681644,stop,1,914.0435714285715,116965.25934714287,113766.10684714287,0.018338355958432126,2119.807476116676,8479.229904466703,-24.08265060652489,4.265830512075251,2.132909235374761,6.398739747450012,-30.481390353974902,-0.0035948300373266047,-0.0028401931399263734,8448.748514112729,not computed,,
cheat-degraded-to-a-guess,1dd169613d57,3fd443c,BTC-USD,4h,2025-10-01 00:00:00,2026-07-26,419,train,long,2025-09-18 00:00:00,116447.6,116505.8238,2025-09-22 00:00:00,115031.00665714286,114973.49115381429,stop,25,983.211428571428,115031.00665714286,118472.24665714285,0.01812945533224222,2112.1871285281823,8448.748514112729,-25.682065733280286,4.1965939007932045,2.098290529880007,6.2948844306732115,-31.976950163953497,-0.0037848150066887927,-0.0030397479212904903,8416.771563948776,not computed,,
cheat-degraded-to-a-guess,1dd169613d57,3fd443c,BTC-USD,4h,2025-10-01 00:00:00,2026-07-26,420,train,short,2025-09-22 04:00:00,114649.89,114592.565055,2025-09-22 04:00:00,113703.05362642858,113759.90515324178,target,1,444.7557142857134,115259.69862642857,113703.05362642858,0.018362385814273924,2104.192890987194,8416.771563948776,17.386174794506463,4.193096159606228,2.0965524263466158,6.289648585952844,11.09652620855362,0.0013183827224304068,0.0020656583896105697,8427.86809015733,not computed,,
cheat-degraded-to-a-guess,1dd169613d57,3fd443c,BTC-USD,4h,2025-10-01 00:00:00,2026-07-26,421,train,short,2025-09-22 08:00:00,112520.0,112463.74,2025-09-22 12:00:00,113376.51142857144,113433.19968428572,stop,2,608.5142857142845,113376.51142857144,111246.71142857143,0.01873463413665002,2106.9670225393324,8427.86809015733,-16.04642824814532,4.23209651757399,2.1160442471797616,6.348140764753752,-22.394569012899073,-0.0026572044998014457,-0.0019039724016190398,8405.473521144431,not computed,,
cheat-degraded-to-a-guess,1dd169613d57,3fd443c,BTC-USD,4h,2025-10-01 00:00:00,2026-07-26,422,train,short,2025-09-22 16:00:00,112815.5,112759.09225,2025-09-24 04:00:00,111405.32082142857,111461.02348183928,target,10,676.8857142857129,113774.42082142858,111405.32082142857,0.01863591075766316,2101.368380286108,8405.473521144431,26.279973324171916,4.178546066851463,2.0892796034189267,6.26782567027039,20.012147653901526,0.002380847147226134,0.0031265309750917896,8425.485668798332,not computed,,
cheat-degraded-to-a-guess,1dd169613d57,3fd443c,BTC-USD,4h,2025-10-01 00:00:00,2026-07-26,423,train,long,2025-09-24 08:00:00,112583.54,112639.83176999999,2025-09-25 12:00:00,110860.51462714285,110805.08436982929,stop,8,1186.211428571428,110860.51462714285,115012.25462714284,0.018700058266249868,2106.371417199583,8425.485668798332,-32.220674866655436,4.178432951112123,2.089208420387145,6.267641371499268,-38.4883162381547,-0.004568082808648824,-0.003824191997142266,8386.997352560178,not computed,,
cheat-degraded-to-a-guess,1dd169613d57,3fd443c,BTC-USD,4h,2025-10-01 00:00:00,2026-07-26,424,train,long,2025-09-25 16:00:00,111580.77,111636.560385,2025-09-25 16:00:00,110168.06681357144,110112.98278016466,stop,1,978.9957142857123,110168.06681357144,113594.55181357142,0.018781923510622363,2096.7493381400445,8386.997352560178,-26.533283190713835,4.164882958243575,2.0824348458008153,6.24731780404439,-32.780600994758224,-0.0039085026043023325,-0.003163621266985902,8354.21675156542,not computed,,
cheat-degraded-to-a-guess,1dd169613d57,3fd443c,BTC-USD,4h,2025-10-01 00:00:00,2026-07-26,425,train,short,2025-09-25 20:00:00,109360.0,109305.32,2025-09-28 20:00:00,111035.55285714286,111091.07063357142,stop,19,1153.4885714285701,111035.55285714286,106998.34285714287,0.01910752548815881,2088.554187891355,8354.21675156542,-32.01566892461449,4.211229651529171,2.105606821847033,6.316836473376204,-38.332505397990694,-0.004588402065436944,-0.0038322765468845857,8315.884246167429,not computed,,
cheat-degraded-to-a-guess,1dd169613d57,3fd443c,BTC-USD,4h,2025-10-01 00:00:00,2026-07-26,426,train,long,2025-09-29 00:00:00,112163.96,112220.04198,2025-09-29 12:00:00,113405.39483714286,113348.69213972428,target,4,592.6764285714287,111331.02733714285,113405.39483714286,0.018525844625083762,2078.971061541857,8315.884246167429,22.998628905074597,4.1788513205788425,2.089431409946439,6.268282730525281,16.730346174549314,0.0020118541431429723,0.0027656263873170263,8332.614592341977,not computed,,
cheat-degraded-to-a-guess,1dd169613d57,3fd443c,BTC-USD,4h,2025-10-01 00:00:00,2026-07-26,427,train,long,2025-09-29 16:00:00,113815.57,113872.477785,2025-09-30 08:00:00,112849.54742785713,112793.12265414321,stop,5,681.9535714285719,112849.54742785713,115236.38492785714,0.018293741285042103,2083.1536480854943,8332.614592341977,-17.67216701029263,4.146561852652412,2.073276508284142,6.219838360936554,-23.89200537122918,-0.0028672879450331156,-0.0021208429616478472,8308.722586970747,not computed,,
cheat-degraded-to-a-guess,1dd169613d57,3fd443c,BTC-USD,4h,2025-10-01 00:00:00,2026-07-26,428,train,short,2025-09-30 12:00:00,113055.0,112998.4725,2025-09-30 16:00:00,114263.05178571428,114320.18331160714,stop,2,843.0528571428555,114263.05178571428,111312.36678571429,0.018382378104648156,2077.180646742687,8308.722586970747,-22.20686469499536,4.178657481369337,2.0893231889683292,6.267980670337666,-28.474845365333024,-0.0034271026703895026,-0.002672717070830944,8280.247741605413,not computed,,
cheat-degraded-to-a-guess,1dd169613d57,3fd443c,BTC-USD,4h,2025-10-01 00:00:00,2026-07-26,429,train,long,2025-09-30 20:00:00,114359.99,114417.169995,2025-10-01 08:00:00,116383.47428071429,116325.28254357394,target,4,983.1521428571411,112942.44178071429,116383.47428071429,0.018092231572340186,2070.0619354013534,8280.247741605413,36.60934618967306,4.174645884897594,2.0873320947852676,6.261977979682862,30.3473682099902,0.0036650314286497798,0.0044212863349152726,8310.595109815404,not computed,,
cheat-degraded-to-a-guess,1dd169613d57,3fd443c,BTC-USD,4h,2025-10-01 00:00:00,2026-07-26,430,holdout,long,2025-10-01 12:00:00,116789.57,116847.964785,2025-10-02 00:00:00,118880.66621357143,118821.22588046466,target,4,1016.3507142857135,115323.43871357144,118880.66621357143,0.01778078703618604,2077.648777453851,8310.595109815404,37.18133644568845,4.19038369021295,2.0952011404403095,6.285584830653259,30.89575161503519,0.0037176340811676785,0.004473967983565298,8341.490861430439,not computed,,
cheat-degraded-to-a-guess,1dd169613d57,3fd443c,BTC-USD,4h,2025-10-01 00:00:00,2026-07-26,431,holdout,long,2025-10-02 04:00:00,118733.99,118793.356995,2025-10-02 16:00:00,120992.4227092857,120931.92649793107,target,4,1099.5328571428565,117144.05770928571,120992.4227092857,0.017554623996739,2085.3727153576096,8341.490861430439,39.64593703344699,4.208287214230068,2.10415351859897,6.312440732829038,33.33349630061795,0.003996107752721528,0.004752859853478077,8374.824357731057,not computed,,
cheat-degraded-to-a-guess,1dd169613d57,3fd443c,BTC-USD,4h,2025-10-01 00:00:00,2026-07-26,432,holdout,long,2025-10-02 20:00:00,120836.49,120896.908245,2025-10-03 16:00:00,123277.62395928572,123215.98514730608,target,6,1190.3578571428577,119111.37145928571,123277.62395928572,0.017318111106611817,2093.706089432764,8374.824357731057,42.275829133033156,4.227574210324443,2.113797674119205,6.341371884443648,35.93445724858951,0.004290771449483273,0.005047966061999503,8410.758814979647,not computed,,
cheat-degraded-to-a-guess,1dd169613d57,3fd443c,BTC-USD,4h,2025-10-01 00:00:00,2026-07-26,433,holdout,long,2025-10-03 20:00:00,122661.0,122722.3305,2025-10-05 04:00:00,125305.60764285714,125242.95483903572,target,9,1291.6385714285705,120784.87264285714,125305.60764285714,0.017133717190490543,2102.6897037449116,8410.758814979647,45.31195943252405,4.2485670720583295,2.1242948640187507,6.37286193607708,38.93909749644697,0.004629677102034604,0.005387380666750661,8449.697912476093,not computed,,
cheat-degraded-to-a-guess,1dd169613d57,3fd443c,BTC-USD,4h,2025-10-01 00:00:00,2026-07-26,434,holdout,long,2025-10-05 08:00:00,124713.63,124775.986815,2025-10-05 08:00:00,123044.00645785715,122982.48445462823,stop,1,1154.653571428571,123044.00645785715,127085.29395785714,0.016929735697069858,2112.424478119023,8449.697912476093,-28.26628528208415,4.194485435304881,2.0972356510808687,6.29172108638575,-34.558006368469904,-0.004089851107865589,-0.0033452421110047735,8415.139906107623,not computed,,
cheat-degraded-to-a-guess,1dd169613d57,3fd443c,BTC-USD,4h,2025-10-01 00:00:00,2026-07-26,435,holdout,short,2025-10-05 12:00:00,123464.64,123402.90768,2025-10-06 12:00:00,125304.94839428572,125367.60086848286,stop,7,1268.027142857142,125304.94839428572,120866.85339428572,0.017048098914997183,2103.7849765269057,8415.139906107623,-31.373759539882577,4.241064236868688,2.1205242749942883,6.361588511862976,-37.735348051745554,-0.004484221114892888,-0.003728251685644801,8377.404558055878,not computed,,
cheat-degraded-to-a-guess,1dd169613d57,3fd443c,BTC-USD,4h,2025-10-01 00:00:00,2026-07-26,436,holdout,long,2025-10-06 16:00:00,125000.0,125062.5,2025-10-07 12:00:00,123299.07,123237.42046500002,stop,6,1175.6199999999985,123299.07,127413.73999999999,0.016746435898162673,2094.3511395139694,8377.404558055878,-28.48451521226172,4.1581387015860125,2.0790622296640286,6.237200931250041,-34.72171614351176,-0.004144686567646143,-0.003400159920039966,8342.682841912367,not computed,,
cheat-degraded-to-a-guess,1dd169613d57,3fd443c,BTC-USD,4h,2025-10-01 00:00:00,2026-07-26,437,holdout,short,2025-10-07 16:00:00,121846.01,121785.086995,2025-10-08 16:00:00,123875.07449500001,123937.0120322475,stop,7,1393.3250000000003,123875.07449500001,118998.43699500001,0.017125830115502737,2085.6707104780917,8342.682841912367,-34.74941383476858,4.208194923565381,2.104088774428874,6.312283697994255,-41.061697532762835,-0.004921881642974023,-0.004165256488019996,8301.621144379604,not computed,,
cheat-degraded-to-a-guess,1dd169613d57,3fd443c,BTC-USD,4h,2025-10-01 00:00:00,2026-07-26,438,holdout,long,2025-10-08 20:00:00,123450.01,123511.735005,2025-10-09 08:00:00,121289.43786214285,121228.79314321178,stop,4,1481.5314285714308,121289.43786214285,126474.79786214286,0.016803304447232357,2075.405286094901,8301.621144379604,-36.30475141262132,4.112449605050842,2.0562157263375624,6.168665331388405,-42.473416744009725,-0.0051162798211726685,-0.004373212265558578,8259.147727635594,not computed,,
cheat-degraded-to-a-guess,1dd169613d57,3fd443c,BTC-USD,4h,2025-10-01 00:00:00,2026-07-26,439,holdout,long,2025-10-09 12:00:00,122737.56,122798.92877999999,2025-10-09 16:00:00,120532.9194942857,120472.65303453857,stop,2,1510.6728571428591,120532.9194942857,125820.27449428571,0.016814372506522925,2064.7869319088986,8259.147727635594,-37.0696467060493,4.090458996880719,2.0452202310282956,6.135679227909015,-43.205325933958314,-0.0052312087589123455,-0.004488313798046265,8215.942401701635,not computed,,
cheat-degraded-to-a-guess,1dd169613d57,3fd443c,BTC-USD,4h,2025-10-01 00:00:00,2026-07-26,440,holdout,short,2025-10-09 20:00:00,120951.72,120891.24414000001,2025-10-10 16:00:00,117491.92556857143,117550.6715313557,target,6,1699.6592857142864,123440.73306857144,117491.92556857143,0.016990358690053338,2053.985600425409,8215.942401701635,58.78314838382056,4.051213673999785,2.02562153278668,6.076835206786464,52.7063131770341,0.006415126908158203,0.007154766368815555,8268.64871487867,not computed,,
cheat-degraded-to-a-guess,1dd169613d57,3fd443c,BTC-USD,4h,2025-10-01 00:00:00,2026-07-26,441,holdout,short,2025-10-10 20:00:00,116661.5,116603.16925,2025-10-10 20:00:00,113017.72210714286,113074.23096819643,target,1,1792.7235714285719,119292.25460714287,113017.72210714286,0.017728181763976086,2067.1621787196673,8268.64871487867,64.59755679212907,4.071762698145667,2.035897498461722,6.107660196607389,58.48989659552168,0.007073694700595336,0.007812347460824129,8327.13861147419,not computed,,
cheat-degraded-to-a-guess,1dd169613d57,3fd443c,BTC-USD,4h,2025-10-01 00:00:00,2026-07-26,442,holdout,short,2025-10-11 00:00:00,112774.49,112718.10275500001,2025-10-17 04:00:00,107202.03846928573,107255.63948852038,target,38,2758.032142857143,116855.15096928572,107202.03846928573,0.018468946885962404,2081.7846528685477,8327.13861147419,102.91731134536178,4.062683361801962,2.0313674102286683,6.094050772030631,96.82326057333115,0.011627434715679615,0.012359264826401378,8423.961872047523,not computed,,
cheat-degraded-to-a-guess,1dd169613d57,3fd443c,BTC-USD,4h,2025-10-01 00:00:00,2026-07-26,443,holdout,short,2025-10-17 08:00:00,105633.75,105580.93312500001,2025-10-19 12:00:00,108262.24741071429,108316.37853441964,stop,14,1787.5428571428586,108262.24741071429,102005.8474107143,0.01994669307874504,2105.9904680118807,8423.961872047523,-52.429831109794016,4.266544026039117,2.133258905561334,6.399802931600451,-58.82963404139447,-0.0069836063998109455,-0.0062238922618782526,8365.132238006128,not computed,,
cheat-degraded-to-a-guess,1dd169613d57,3fd443c,BTC-USD,4h,2025-10-01 00:00:00,2026-07-26,444,holdout,long,2025-10-19 16:00:00,108486.71,108540.953355,2025-10-20 04:00:00,110990.54049785715,110935.04522760822,target,4,1224.7935714285716,106703.76299785715,110990.54049785715,0.019267225824538936,2091.283059501532,8365.132238006128,48.24186762858126,4.2286936277573,2.1143588743454558,6.343052502102756,41.8988151264785,0.005008745102213148,0.005767017933009981,8407.031053132607,not computed,,
cheat-degraded-to-a-guess,1dd169613d57,3fd443c,BTC-USD,4h,2025-10-01 00:00:00,2026-07-26,445,holdout,long,2025-10-20 08:00:00,111169.91,111225.494955,2025-10-21 00:00:00,109539.87316928571,109485.10323270108,stop,5,1123.7478571428562,109539.87316928571,113472.99066928572,0.018896366917796035,2101.7577632831517,8407.031053132607,-30.801774042698653,4.170628446001048,2.0853065225568272,6.255934968557876,-37.05770901125653,-0.004407942444490933,-0.0036638111418919256,8369.97334412135,not computed,,
cheat-degraded-to-a-guess,1dd169613d57,3fd443c,BTC-USD,4h,2025-10-01 00:00:00,2026-07-26,446,holdout,short,2025-10-21 04:00:00,109059.23,109004.700385,2025-10-21 12:00:00,110919.735385,110975.1952526925,stop,3,1276.6899999999991,110919.735385,106451.320385,0.01919635876838099,2092.4933360303376,8369.97334412135,-35.71492886096502,4.222812998492154,2.1113975705136028,6.334210569005757,-42.04913942997077,-0.005023808045876751,-0.0042670301794986475,8327.924204691379,not computed,,
cheat-degraded-to-a-guess,1dd169613d57,3fd443c,BTC-USD,4h,2025-10-01 00:00:00,2026-07-26,447,holdout,long,2025-10-21 16:00:00,113422.6,113479.3113,2025-10-21 20:00:00,110846.76737142858,110791.34398774288,stop,2,1755.0292857142838,110846.76737142858,116989.36987142857,0.0183467896246639,2081.9810511728447,8327.924204691379,-47.25825934474502,4.1146465315497345,2.0573114512097206,6.171957982759455,-53.43021732750448,-0.0064157905396648035,-0.0056746745267113475,8274.493987363874,not computed,,
cheat-degraded-to-a-guess,1dd169613d57,3fd443c,BTC-USD,4h,2025-10-01 00:00:00,2026-07-26,448,holdout,short,2025-10-22 00:00:00,108297.66,108243.51117000001,2025-10-23 16:00:00,111198.28831285716,111253.88745701358,stop,11,1969.8514285714284,111198.28831285716,104303.80831285716,0.019110831443670807,2068.6234968409685,8274.493987363874,-55.433418767752265,4.1947777874850765,2.0973750353876213,6.292152822872698,-61.725571590624966,-0.007459739735733348,-0.0066993122301382555,8212.76841577325,not computed,,
cheat-degraded-to-a-guess,1dd169613d57,3fd443c,BTC-USD,4h,2025-10-01 00:00:00,2026-07-26,449,holdout,long,2025-10-23 20:00:00,110200.01,110255.110005,2025-10-26 20:00:00,114124.10714785714,114067.04509428321,target,19,1934.4985714285742,107353.36214785713,114124.10714785714,0.01862219450735845,2053.1921039433123,8212.76841577325,73.07530035316627,4.177370804568682,2.0887036711094424,6.266074475678124,66.80922587748815,0.00813479967962763,0.008897767068753525,8279.577641650738,not computed,,
cheat-degraded-to-a-guess,1dd169613d57,3fd443c,BTC-USD,4h,2025-10-01 00:00:00,2026-07-26,450,holdout,long,2025-10-27 00:00:00,114559.41,114616.689705,2025-10-27 04:00:00,116305.13827642857,116246.98570729035,target,2,844.2242857142836,113350.35327642858,116305.13827642857,0.018059275797793244,2069.8944104126845,8279.577641650738,31.52658841202966,4.169230785962771,2.084623274628335,6.253854060591106,25.272734351438555,0.0030524183050477213,0.003807753218404998,8304.850376002176,not computed,,
cheat-degraded-to-a-guess,1dd169613d57,3fd443c,BTC-USD,4h,2025-10-01 00:00:00,2026-07-26,451,holdout,long,2025-10-27 08:00:00,115554.59,115612.36729499999,2025-10-27 20:00:00,114267.14800928571,114210.01443528107,stop,4,896.8128571428564,114267.14800928571,117405.9930092857,0.01795839530474121,2076.212594000544,8304.850376002176,-23.120392201170134,4.127241180989522,2.063614810396423,6.190855991385945,-29.31124819255608,-0.0035294131580328424,-0.002783962522428962,8275.53912780962,not computed,,
cheat-degraded-to-a-guess,1dd169613d57,3fd443c,BTC-USD,4h,2025-10-01 00:00:00,2026-07-26,452,holdout,short,2025-10-28 00:00:00,114107.65,114050.596175,2025-10-28 12:00:00,115544.43224642857,115602.20446255177,stop,4,995.8907142857133,115544.43224642857,112058.81474642857,0.01814006108988588,2068.884781952405,8275.53912780962,-26.063317723077745,4.1659158330285715,2.082951400684667,6.248867233713239,-32.312184956790986,-0.0039045413788459022,-0.003149440455848128,8243.226942852829,not computed,,
cheat-degraded-to-a-guess,1dd169613d57,3fd443c,BTC-USD,4h,2025-10-01 00:00:00,2026-07-26,453,holdout,long,2025-10-28 16:00:00,114641.38,114698.70069,2025-10-28 20:00:00,112952.55283285714,112896.07655644072,stop,2,1164.0985714285696,112952.55283285714,117026.89783285714,0.01796713235037438,2060.806735713207,8243.226942852829,-30.343381228963715,4.089225485040775,2.044605156674784,6.1338306417155595,-36.47721187067928,-0.004425113141196035,-0.0036810076247230468,8206.74973098215,not computed,,
cheat-degraded-to-a-guess,1dd169613d57,3fd443c,BTC-USD,4h,2025-10-01 00:00:00,2026-07-26,454,holdout,short,2025-10-29 00:00:00,112898.44,112841.99078000001,2025-10-29 16:00:00,110365.28792285715,110420.47056681858,target,5,1238.3514285714284,114699.51792285715,110365.28792285715,0.018181949986557453,2051.6874327455375,8206.74973098215,46.05764437495539,4.059346906083572,2.0296849674526953,6.089031873536268,39.968612501419116,0.004870212180411628,0.005612166312453566,8246.71834348357,not computed,,
cheat-degraded-to-a-guess,1dd169613d57,3fd443c,BTC-USD,4h,2025-10-01 00:00:00,2026-07-26,455,holdout,short,2025-10-29 20:00:00,110640.0,110584.68000000001,2025-10-30 12:00:00,107893.01714285715,107946.96365142857,target,5,1345.8314285714264,112603.42714285715,107893.01714285715,0.018643446686022806,2061.6795858708924,8246.71834348357,51.21322844456135,4.074183047624342,2.0371043271189464,6.111287374743289,45.10194106981806,0.005469077418590017,0.006210134299667123,8291.820284553387,not computed,,
cheat-degraded-to-a-guess,1dd169613d57,3fd443c,BTC-USD,4h,2025-10-01 00:00:00,2026-07-26,456,holdout,short,2025-10-30 16:00:00,107711.56,107657.70422,2025-10-31 08:00:00,110358.16172,110413.34080086,stop,5,1800.3049999999982,110358.16172,104057.09422,0.01925505551281527,2072.9550711383467,8291.820284553387,-50.96046303891249,4.198970077614297,2.0994722986911682,6.2984423763054656,-57.25890541521796,-0.00690546869688964,-0.00614587162891668,8234.56137913817,not computed,,
cheat-degraded-to-a-guess,1dd169613d57,3fd443c,BTC-USD,4h,2025-10-01 00:00:00,2026-07-26,457,holdout,long,2025-10-31 12:00:00,110415.62,110470.82780999999,2025-11-03 04:00:00,107638.54388142856,107584.72460948785,stop,17,1888.1892857142843,107638.54388142856,114247.20638142855,0.018635149075964388,2058.6403447845423,8234.56137913817,-51.75122746487927,4.063497726178923,2.031735925282355,6.095233651461278,-57.84646111634055,-0.007024838173274357,-0.0062846367987478115,8176.714918021828,not computed,,
cheat-degraded-to-a-guess,1dd169613d57,3fd443c,BTC-USD,4h,2025-10-01 00:00:00,2026-07-26,458,holdout,short,2025-11-03 08:00:00,107468.23,107414.495885,2025-11-03 12:00:00,105582.59445642857,105635.38575365678,target,2,915.950714285713,108788.42195642856,105582.59445642857,0.019030752904095866,2044.178729505457,8176.714918021828,35.885064096888215,4.054499653712148,2.0272587981219417,6.08175845183409,29.803305645054124,0.003644899686959413,0.004388689645739758,8206.518223666882,not computed,,
cheat-degraded-to-a-guess,1dd169613d57,3fd443c,BTC-USD,4h,2025-10-01 00:00:00,2026-07-26,459,holdout,short,2025-11-03 16:00:00,105745.71,105692.83714500001,2025-11-03 16:00:00,107330.86285928573,107384.52829071536,stop,1,1092.0171428571412,107330.86285928573,103508.80285928573,0.01941124499385034,2051.6295559167206,8206.518223666882,-30.769790504297507,4.136096943116849,2.068040779110472,6.204137722227321,-36.973928226524826,-0.004505434243708281,-0.003749433031850233,8169.544295440358,not computed,,
cheat-degraded-to-a-guess,1dd169613d57,3fd443c,BTC-USD,4h,2025-10-01 00:00:00,2026-07-26,460,holdout,long,2025-11-03 20:00:00,107090.0,107143.545,2025-11-04 04:00:00,105284.75571428571,105232.11333642858,stop,3,1239.192857142856,105284.75571428571,109621.93071428571,0.019062147643706295,2042.3860738600895,8169.544295440358,-34.411833107242884,4.048336155138325,2.02415947461067,6.072495629748995,-40.48432873699188,-0.004955518603355547,-0.004212209624280886,8129.059966703366,not computed,,
cheat-degraded-to-a-guess,1dd169613d57,3fd443c,BTC-USD,4h,2025-10-01 00:00:00,2026-07-26,461,holdout,short,2025-11-04 08:00:00,104490.73,104438.484635,2025-11-04 16:00:00,101343.184635,101393.85622731749,target,3,1547.6499999999994,106759.959635,101343.184635,0.019458966670939014,2032.2649916758414,8129.059966703366,61.24798035280354,4.005284660641195,2.002657642315448,6.007942302956643,55.240038049846895,0.0067953783433890415,0.007534448091621331,8184.300004753212,not computed,,
cheat-degraded-to-a-guess,1dd169613d57,3fd443c,BTC-USD,4h,2025-10-01 00:00:00,2026-07-26,462,holdout,short,2025-11-04 20:00:00,100542.64,100492.36868,2025-11-05 12:00:00,103266.82118,103318.45459058999,stop,5,1849.635,103266.82118,96793.09868,0.020360501280486915,2046.075001188303,8184.300004753212,-55.465694403668344,4.14969052817794,2.0748313976651147,6.224521925843055,-61.6902163295114,-0.007537628910680627,-0.006777084707483281,8122.609788423701,not computed,,
cheat-degraded-to-a-guess,1dd169613d57,3fd443c,BTC-USD,4h,2025-10-01 00:00:00,2026-07-26,463,holdout,long,2025-11-05 16:00:00,103728.3,103780.16415,2025-11-06 16:00:00,100673.43593571428,100623.09921774644,stop,7,2071.1521428571423,100673.43593571428,107922.46843571428,0.019566864860330106,2030.6524471059251,8122.609788423701,-59.77411231255748,3.9995310313271575,1.99975057213517,5.999281603462327,-65.7733939160198,-0.008097569085463108,-0.007358978686597406,8056.836394507681,not computed,,
cheat-degraded-to-a-guess,1dd169613d57,3fd443c,BTC-USD,4h,2025-10-01 00:00:00,2026-07-26,464,holdout,short,2025-11-06 20:00:00,101388.82,101338.12559000001,2025-11-07 20:00:00,104074.01951857144,104126.05652833072,stop,7,1823.9292857142852,104074.01951857144,97690.26701857144,0.01987612349152905,2014.2090986269202,8056.836394507681,-53.371357230520154,4.083831456869956,2.0419023855955345,6.125733842465491,-59.49709107298565,-0.007384671620432137,-0.006624356585781391,7997.3393034346955,not computed,,
cheat-degraded-to-a-guess,1dd169613d57,3fd443c,BTC-USD,4h,2025-10-01 00:00:00,2026-07-26,465,holdout,short,2025-11-08 00:00:00,103339.09,103287.420455,2025-11-10 00:00:00,105659.31581214286,105712.14547004893,stop,13,1581.2635714285727,105659.31581214286,100124.89331214286,0.0193570022085094,1999.3348258586739,7997.3393034346955,-44.91261616988986,4.045605059188678,2.0227913014402077,6.068396360628886,-50.98101253051875,-0.006374746724654215,-0.005615944811870218,7946.358290904177,not computed,,
cheat-degraded-to-a-guess,1dd169613d57,3fd443c,BTC-USD,4h,2025-10-01 00:00:00,2026-07-26,466,holdout,long,2025-11-10 04:00:00,106027.97,106080.983985,2025-11-11 12:00:00,104414.48291357142,104362.27567211464,stop,9,1111.000714285714,104414.48291357142,108302.98541357143,0.018727103558984246,1986.5895727260443,7946.358290904177,-30.21593975863172,3.940992716888997,1.9704888044594284,5.911481521348426,-36.12742127998015,-0.0045464123259246324,-0.0038024889707299614,7910.230869624197,not computed,,
cheat-degraded-to-a-guess,1dd169613d57,3fd443c,BTC-USD,4h,2025-10-01 00:00:00,2026-07-26,467,holdout,short,2025-11-11 16:00:00,103455.99,103404.26200500001,2025-11-13 16:00:00,100427.77629071429,100477.99017885965,target,13,1488.2428571428577,105636.6262907143,100427.77629071429,0.01912452812931856,1977.5577174060493,7910.230869624197,57.91315826482277,3.8991518669590453,1.9495904117689804,5.848742278728025,52.064415986094744,0.0065819085238112965,0.007321298103600627,7962.295285610292,not computed,,
cheat-degraded-to-a-guess,1dd169613d57,3fd443c,BTC-USD,4h,2025-10-01 00:00:00,2026-07-26,468,holdout,short,2025-11-13 20:00:00,98682.13,98632.788935,2025-11-14 12:00:00,95174.89607785715,95222.48352589607,target,5,1728.9464285714287,101226.20857785715,95174.89607785715,0.020181664159515767,1990.573821402573,7962.295285610292,70.78181714554839,3.91232200435723,1.9561786976326943,5.868500701989925,64.91331644355846,0.008152588432743989,0.008889624738417763,8027.208602053851,not computed,,
cheat-degraded-to-a-guess,1dd169613d57,3fd443c,BTC-USD,4h,2025-10-01 00:00:00,2026-07-26,469,holdout,long,2025-11-14 16:00:00,96796.14,96844.53807,2025-11-16 20:00:00,93591.96914142856,93545.17315685785,stop,14,2168.3792857142867,93591.96914142856,101181.29664142856,0.02072189294829338,2006.8021505134627,8027.208602053851,-66.3964855193586,3.9452352144994385,1.9726010081281231,5.917836222627562,-72.31432174198616,-0.009008651117336572,-0.008271428937622267,7954.894280311864,not computed,,
cheat-degraded-to-a-guess,1dd169613d57,3fd443c,BTC-USD,4h,2025-10-01 00:00:00,2026-07-26,470,holdout,long,2025-11-17 00:00:00,94261.45,94308.58072499999,2025-11-17 16:00:00,92319.95251071428,92273.79253445893,stop,5,1325.7521428571397,92319.95251071428,96960.08501071428,0.021087408534722876,1988.723570077966,7954.894280311864,-40.94115072570659,3.9345387303003636,1.967259129862299,5.901797860162663,-46.84294858586925,-0.0058885695944199045,-0.005146661826422354,7908.051331725995,not computed,,
cheat-degraded-to-a-guess,1dd169613d57,3fd443c,BTC-USD,4h,2025-10-01 00:00:00,2026-07-26,471,holdout,short,2025-11-17 20:00:00,91678.93,91633.090535,2025-11-18 16:00:00,93691.11517785714,93737.96073544606,stop,6,1372.0164285714284,93691.11517785714,88889.05767785714,0.02157531543887372,1977.0128329314987,7908.051331725995,-43.41352993369409,3.9994389043955065,1.9997085988151042,5.999147503210611,-49.4126774369047,-0.0062484012007696455,-0.005489788585403472,7858.63865428909,not computed,,
cheat-degraded-to-a-guess,1dd169613d57,3fd443c,BTC-USD,4h,2025-10-01 00:00:00,2026-07-26,472,holdout,long,2025-11-18 20:00:00,93195.61,93242.207805,2025-11-19 04:00:00,90686.80137642857,90641.45797574036,stop,3,1703.6042857142872,90686.80137642857,96649.41637642858,0.021070497040149665,1964.6596635722724,7858.63865428909,-52.861844677263754,3.87452023556496,1.9372469023212986,5.8117671378862585,-58.67361181515001,-0.007466129236407519,-0.006726590571563283,7799.965042473939,not computed,,
cheat-degraded-to-a-guess,1dd169613d57,3fd443c,BTC-USD,4h,2025-10-01 00:00:00,2026-07-26,473,holdout,short,2025-11-19 08:00:00,91863.64,91817.70818,2025-11-20 16:00:00,88521.73532285714,88565.99619051856,target,9,1647.9864285714305,94289.68782285714,88521.73532285714,0.021237638133982936,1949.9912606184848,7799.965042473939,70.97416221142502,3.8309238386884297,1.9154796628845077,5.746403501572937,65.22775870985208,0.008362570646747872,0.009099292346176199,7865.192801183792,not computed,,
cheat-degraded-to-a-guess,1dd169613d57,3fd443c,BTC-USD,4h,2025-10-01 00:00:00,2026-07-26,474,holdout,short,2025-11-20 20:00:00,86921.27,86877.80936500001,2025-11-21 04:00:00,83132.07222214287,83173.63825825394,target,3,1872.8685714285707,89687.11222214287,83132.07222214287,0.022632916445152678,1966.298200295948,7865.192801183792,85.76059670039864,3.8487602054343633,1.924401542866093,5.773161748300456,79.98743495209818,0.010169799644334118,0.010903813659531752,7945.18023613589,not computed,,
cheat-degraded-to-a-guess,1dd169613d57,3fd443c,BTC-USD,4h,2025-10-01 00:00:00,2026-07-26,475,holdout,short,2025-11-21 08:00:00,84049.38,84007.35531000001,2025-11-23 16:00:00,87262.50423857145,87306.13549069072,stop,15,2170.0992857142846,87262.50423857145,79667.15673857144,0.02364429937955122,1986.2950590339724,7945.18023613589,-75.97207144047576,4.050587464247526,2.025274739105413,6.075862203352939,-82.0479336438287,-0.01032675549267746,-0.009562032475354455,7863.132302492061,not computed,,
cheat-degraded-to-a-guess,1dd169613d57,3fd443c,BTC-USD,4h,2025-10-01 00:00:00,2026-07-26,476,holdout,long,2025-11-23 20:00:00,87325.01,87368.672505,2025-11-26 20:00:00,90563.73393357142,90518.45206660464,target,19,1597.5307142857127,84972.37643357142,90563.73393357142,0.022499862013017492,1965.7830756230153,7863.132302492061,72.87084160361431,4.002435756753558,2.0012360960869557,6.0036718528405135,66.8671697507738,0.008503884607102642,0.009267406270211092,7929.999472242835,not computed,,
cheat-degraded-to-a-guess,1dd169613d57,3fd443c,BTC-USD,4h,2025-10-01 00:00:00,2026-07-26,477,holdout,long,2025-11-27 00:00:00,90484.01,90529.25200499999,2025-12-01 00:00:00,88316.67700499999,88272.51866649749,stop,25,1475.0499999999997,88316.67700499999,93479.352005,0.021898997552207918,1982.4998680607086,7929.999472242835,-47.46241995232455,3.9155795382655647,1.9577779035276492,5.873357441793214,-53.33577739411777,-0.006725823574239515,-0.005985173153977626,7876.663694848717,not computed,,
cheat-degraded-to-a-guess,1dd169613d57,3fd443c,BTC-USD,4h,2025-10-01 00:00:00,2026-07-26,478,holdout,short,2025-12-01 04:00:00,86346.13,86302.95693500001,2025-12-01 12:00:00,84414.18264928572,84456.38974061036,target,3,944.3871428571427,87719.53764928572,84414.18264928572,0.02281689983340058,1969.1659237121792,7876.663694848717,44.08104918465141,3.896198908714326,1.948110474619348,5.844309383333674,38.23673980131774,0.00485443346100003,0.005596411233537889,7914.900434650034,not computed,,
cheat-degraded-to-a-guess,1dd169613d57,3fd443c,BTC-USD,4h,2025-10-01 00:00:00,2026-07-26,479,holdout,short,2025-12-01 16:00:00,84677.87,84635.531065,2025-12-01 20:00:00,86362.55177928571,86405.73305517535,stop,2,1151.347142857143,86362.55177928571,82332.83677928572,0.023379366606004395,1978.7251086625085,7914.900434650034,-39.386792932376586,3.998836418620005,1.999408362611554,5.998244781231559,-45.38503771360814,-0.0057341261697898905,-0.00497628406795216,7869.515396936426,not computed,,
cheat-degraded-to-a-guess,1dd169613d57,3fd443c,BTC-USD,4h,2025-10-01 00:00:00,2026-07-26,480,holdout,long,2025-12-02 00:00:00,86286.01,86329.15300499999,2025-12-02 12:00:00,88979.72300499998,88935.23314349748,target,4,1325.2849999999994,84341.22550499998,88979.72300499998,0.022789275473606936,1967.3788492341066,7869.515396936426,61.387767717782154,3.994148376650728,1.997089535267115,5.9912379119178425,55.39652980586431,0.007039382606383867,0.007800704950863962,7924.911926742291,not computed,,
cheat-degraded-to-a-guess,1dd169613d57,3fd443c,BTC-USD,4h,2025-10-01 00:00:00,2026-07-26,481,holdout,long,2025-12-02 16:00:00,90850.01,90895.43500499999,2025-12-05 16:00:00,88422.99571928571,88378.78422142607,stop,19,1648.2928571428565,88422.99571928571,94192.0207192857,0.021796782000950754,1981.2279816855728,7924.911926742291,-52.901101189923544,3.9076010748690635,1.9537873121590366,5.8613883870281,-58.762489576951644,-0.007414907587636403,-0.006675292000585009,7866.14943716534,not computed,,
cheat-degraded-to-a-guess,1dd169613d57,3fd443c,BTC-USD,4h,2025-10-01 00:00:00,2026-07-26,482,holdout,short,2025-12-05 20:00:00,89629.27,89584.45536500002,2025-12-07 16:00:00,91693.58607928573,91739.43287232537,stop,12,1406.087142857142,91693.58607928573,86772.28107928573,0.021951769994905238,1966.537359291335,7866.14943716534,-45.315391769264764,3.9803802891676705,1.9901788157356464,5.970559104903317,-51.28595087416808,-0.006519829210446526,-0.005760809927556462,7814.863486291171,not computed,,
cheat-degraded-to-a-guess,1dd169613d57,3fd443c,BTC-USD,4h,2025-10-01 00:00:00,2026-07-26,483,holdout,long,2025-12-07 20:00:00,91425.51,91471.222755,2025-12-07 20:00:00,89841.84132642858,89796.92040576537,stop,1,1086.2542857142835,89841.84132642858,93643.73132642856,0.021358803487362358,1953.7158715727928,7814.863486291171,-33.82526798790371,3.8716706482898546,1.9358268678277994,5.807497516117654,-39.632765504021364,-0.005071459734843115,-0.004328324870580269,7775.23072078715,not computed,,
cheat-degraded-to-a-guess,1dd169613d57,3fd443c,BTC-USD,4h,2025-10-01 00:00:00,2026-07-26,484,holdout,short,2025-12-08 00:00:00,90395.32,90350.12234000002,2025-12-08 08:00:00,92077.1216257143,92123.16018652715,stop,3,1151.3328571428542,92077.1216257143,88047.4566257143,0.021514167660802608,1943.8076801967875,7775.23072078715,-36.18256214782759,3.925760793892709,1.9628713513056013,5.88863214519831,-42.0711942930259,-0.005410925515116636,-0.004653567649265144,7733.159526494124,not computed,,
cheat-degraded-to-a-guess,1dd169613d57,3fd443c,BTC-USD,4h,2025-10-01 00:00:00,2026-07-26,485,holdout,long,2025-12-08 12:00:00,91968.29,92014.27414499999,2025-12-08 12:00:00,90348.96021642856,90303.78573632035,stop,1,1110.2092857142832,90348.96021642856,94234.69271642856,0.021010760554139363,1933.289881623531,7733.159526494124,-34.02335034080569,3.830641100861664,1.915312044593044,5.745953145454708,-39.7693034862604,-0.005142697929611968,-0.0043996700474418365,7693.390223007864,not computed,,
cheat-degraded-to-a-guess,1dd169613d57,3fd443c,BTC-USD,4h,2025-10-01 00:00:00,2026-07-26,486,holdout,short,2025-12-08 16:00:00,89961.36,89916.37932000001,2025-12-09 12:00:00,91817.95182,91863.86079590999,stop,6,1267.7149999999976,91817.95182,87380.94932000001,0.021390402619605457,1923.347555751966,7693.390223007864,-39.713246530066094,3.8883525243678703,1.9441663338718982,5.8325188582397685,-45.54576538830586,-0.005920116368476491,-0.005161995606475231,7647.844457619558,not computed,,
cheat-degraded-to-a-guess,1dd169613d57,3fd443c,BTC-USD,4h,2025-10-01 00:00:00,2026-07-26,487,holdout,long,2025-12-09 16:00:00,92707.5,92753.85375,2025-12-11 00:00:00,90464.37482142857,90419.14263401786,stop,9,1526.3192857142847,90464.37482142857,95806.49232142857,0.020613279525379176,1911.9611144048895,7647.844457619558,-46.2381663163089,3.775796175965029,1.8878865284408306,5.6636827044058595,-51.90184902071476,-0.006786467652202951,-0.0060459083042989645,7595.942608598843,not computed,,
cheat-degraded-to-a-guess,1dd169613d57,3fd443c,BTC-USD,4h,2025-10-01 00:00:00,2026-07-26,488,holdout,short,2025-12-11 04:00:00,89880.0,89835.06000000001,2025-12-11 20:00:00,92045.5617857143,92091.58456660714,stop,5,1473.6678571428586,92045.5617857143,86887.7242857143,0.021138580551398424,1898.9856521497109,7595.942608598843,-45.7769022463518,3.845671030616856,1.9228240710823883,5.768495101699244,-51.54539734805105,-0.006785911901137859,-0.0060264939593581085,7544.397211250793,not computed,,
cheat-degraded-to-a-guess,1dd169613d57,3fd443c,BTC-USD,4h,2025-10-01 00:00:00,2026-07-26,489,holdout,long,2025-12-12 00:00:00,92513.38,92559.63669,2025-12-12 12:00:00,90264.99669,90219.86419165501,stop,4,1529.760000000001,90264.99669,95619.15669,0.02037712517314223,1886.0993028126982,7544.397211250793,-45.815588145073946,3.7245207685499446,1.8622489303775964,5.586769698927541,-51.402357844001486,-0.006813315418672056,-0.006072796389451787,7492.994853406791,not computed,,
cheat-degraded-to-a-guess,1dd169613d57,3fd443c,BTC-USD,4h,2025-10-01 00:00:00,2026-07-26,490,holdout,short,2025-12-12 16:00:00,89935.13,89890.162435,2025-12-15 12:00:00,86726.60672071429,86769.97002407465,target,18,1581.777857142857,92262.8292207143,86726.60672071429,0.020839307245731728,1873.2487133516977,7492.994853406791,66.86340242211769,3.6814747783863213,1.8407541050436862,5.5222288834300075,61.34117353868768,0.008186469460979022,0.008923455004338799,7554.336026945479,not computed,,
cheat-degraded-to-a-guess,1dd169613d57,3fd443c,BTC-USD,4h,2025-10-01 00:00:00,2026-07-26,491,holdout,short,2025-12-15 16:00:00,87033.21,86989.69339500001,2025-12-17 12:00:00,88397.3726807143,88441.57136705465,stop,12,938.4528571428548,88397.3726807143,85112.7876807143,0.021710434110403725,1888.5840067363697,7554.336026945479,-29.616563995519293,3.8086889145213787,1.9043370531196473,5.713025967641026,-35.329589963160316,-0.004676730004747417,-0.00392047214869451,7519.0064369823185,not computed,,
cheat-degraded-to-a-guess,1dd169613d57,3fd443c,BTC-USD,4h,2025-10-01 00:00:00,2026-07-26,492,holdout,long,2025-12-17 16:00:00,87233.44,87277.05672,2025-12-18 16:00:00,85062.99779142857,85020.46629253286,stop,7,1476.039285714285,85062.99779142857,90229.13529142857,0.021537752072416354,1879.7516092455796,7519.0064369823185,-46.74644617571929,3.7109013333353844,1.8554389800558795,5.5663403133912635,-52.31278648911056,-0.006957406796702491,-0.00621710415697962,7466.693650493208,not computed,,
cheat-degraded-to-a-guess,1dd169613d57,3fd443c,BTC-USD,4h,2025-10-01 00:00:00,2026-07-26,493,holdout,short,2025-12-18 20:00:00,84483.8,84441.55810000001,2025-12-19 00:00:00,86801.83595714287,86845.23687512144,stop,2,1573.5185714285722,86801.83595714287,81294.52095714287,0.022106098639400898,1866.673412623302,7466.693650493208,-51.242731518278376,3.7864827853468728,1.8932285819902575,5.679711367337131,-56.9224428856155,-0.0076235139072373115,-0.0068628410266830175,7409.771207607593,not computed,,
cheat-degraded-to-a-guess,1dd169613d57,3fd443c,BTC-USD,4h,2025-10-01 00:00:00,2026-07-26,494,holdout,long,2025-12-19 04:00:00,86891.39,86934.835695,2025-12-22 12:00:00,90194.32283785715,90149.22567643823,target,21,1629.7435714285716,84490.22033785714,90194.32283785715,0.021308406314828294,1852.4428019018983,7409.771207607593,70.38023493964907,3.7733791315825957,1.8867071608498662,5.660086292432462,64.7201486472166,0.008734432796085335,0.009498300685369322,7474.49135625481,not computed,,
cheat-degraded-to-a-guess,1dd169613d57,3fd443c,BTC-USD,4h,2025-10-01 00:00:00,2026-07-26,495,holdout,short,2025-12-22 16:00:00,89726.93,89682.06653499999,2025-12-22 16:00:00,88187.49510642856,88231.58885398177,target,1,747.2857142857143,90802.99510642856,88187.49510642856,0.02083608140691584,1868.6228390637025,7474.49135625481,32.07579076310128,3.707023407086796,1.8535197224910824,5.560543129577878,26.5152476335234,0.0035474317073542257,0.004291367697717597,7501.006603888333,not computed,,
cheat-degraded-to-a-guess,1dd169613d57,3fd443c,BTC-USD,4h,2025-10-01 00:00:00,2026-07-26,496,holdout,short,2025-12-22 20:00:00,88052.42,88008.39379,2025-12-26 00:00:00,89326.52843285714,89371.19169707356,stop,20,878.7564285714294,89326.52843285714,86250.88093285714,0.021307645443986726,1875.2516509720833,7501.006603888333,-27.148250744513614,3.7795413165598966,1.8897638712169744,5.669305187776871,-32.81755593229049,-0.0043750869270370585,-0.00361928100829036,7468.1890479560425,not computed,,
cheat-degraded-to-a-guess,1dd169613d57,3fd443c,BTC-USD,4h,2025-10-01 00:00:00,2026-07-26,497,holdout,long,2025-12-26 04:00:00,88844.88,88889.30244,2025-12-26 12:00:00,87542.90136857143,87499.12991788716,stop,3,897.6007142857125,87542.90136857143,90684.50386857142,0.021004183976460627,1867.0472619890106,7468.1890479560425,-27.346998707946188,3.7048950845645425,1.8524407055322563,5.557335790096799,-32.904334498042985,-0.00440593218606973,-0.0036617978645613887,7435.284713458,not computed,,
cheat-degraded-to-a-guess,1dd169613d57,3fd443c,BTC-USD,4h,2025-10-01 00:00:00,2026-07-26,498,holdout,short,2025-12-26 16:00:00,87137.81,87094.241095,2025-12-29 00:00:00,88578.74716642857,88623.03654001177,stop,15,989.6707142857122,88578.74716642857,85114.89966642858,0.02134264166027865,1858.8211783645,7435.284713458,-30.753405598062308,3.7502708900837525,1.8751277566901052,5.625398646773858,-36.37880424483617,-0.004892725113671824,-0.004136143642542442,7398.905909213164,not computed,,
cheat-degraded-to-a-guess,1dd169613d57,3fd443c,BTC-USD,4h,2025-10-01 00:00:00,2026-07-26,499,holdout,long,2025-12-29 04:00:00,90123.55,90168.611775,2025-12-29 08:00:00,89448.64391785715,89403.91959589822,stop,2,479.97857142857225,89448.64391785715,91128.56891785715,0.02051408401317035,1849.726477303291,7398.905909213164,-13.845080070078227,3.683765995000274,1.8418795362300209,5.525645531230294,-19.37072560130852,-0.002618052701168692,-0.0018712334282881267,7379.535183611855,not computed,,
cheat-degraded-to-a-guess,1dd169613d57,3fd443c,BTC-USD,4h,2025-10-01 00:00:00,2026-07-26,500,holdout,short,2025-12-29 12:00:00,87567.65,87523.866175,2025-12-30 12:00:00,88501.63688928571,88545.88770773035,stop,7,651.8471428571439,88501.63688928571,86220.17188928572,0.02107863690818002,1844.8837959029638,7379.535183611855,-19.68717051625421,3.711310412606692,1.8556502845103537,5.566960697117046,-25.254131213371256,-0.003422184539407646,-0.002667806308448072,7354.281052398484,not computed,,
cheat-degraded-to-a-guess,1dd169613d57,3fd443c,BTC-USD,4h,2025-10-01 00:00:00,2026-07-26,501,holdout,long,2025-12-30 16:00:00,89016.36,89060.86817999999,2025-12-31 16:00:00,87688.94782285714,87645.10334894572,stop,7,914.6135714285712,87688.94782285714,90890.09532285713,0.020643974179363554,1838.570263099621,7354.281052398484,-27.40306271031,3.6479135135829064,1.8239499060253905,5.471863419608297,-32.87492612991829,-0.00447017538433572,-0.0037261375401709622,7321.4061262685655,not computed,,
cheat-degraded-to-a-guess,1dd169613d57,3fd443c,BTC-USD,4h,2025-10-01 00:00:00,2026-07-26,502,holdout,short,2025-12-31 20:00:00,87541.85,87498.07907500002,2026-01-01 20:00:00,88729.19871785716,88773.56331721609,stop,7,820.7464285714284,88729.19871785716,85856.58621785716,0.020918762456467573,1830.3515315671414,7321.4061262685655,-24.837865781845103,3.6873846150141683,1.8436860980404717,5.53107071305464,-30.368936494899742,-0.004147965018077422,-0.003392499385156222,7291.037189773666,not computed,,
cheat-degraded-to-a-guess,1dd169613d57,3fd443c,BTC-USD,4h,2025-10-01 00:00:00,2026-07-26,503,holdout,long,2026-01-02 00:00:00,88839.05,88883.469525,2026-01-02 16:00:00,90199.5652392857,90154.46545666606,target,5,658.047857142857,87896.3977392857,90199.5652392857,0.020507292381636098,1822.7592974434165,7291.037189773666,27.90048380170341,3.671583280073379,1.8357986151573797,5.507381895230759,22.39310190647265,0.003071319117378936,0.0038266824150665893,7313.430291680139,not computed,,
cheat-degraded-to-a-guess,1dd169613d57,3fd443c,BTC-USD,4h,2025-10-01 00:00:00,2026-07-26,504,holdout,long,2026-01-02 20:00:00,89897.23,89942.178615,2026-01-04 00:00:00,91560.56290071429,91514.78261926393,target,8,809.192142857142,88728.39040071428,91560.56290071429,0.020328144159664736,1828.3575729200347,7313.430291680139,33.81247099123338,3.6886832667448126,1.8443500864900741,5.533033353234886,28.279437637998495,0.003866781593607254,0.004623339478561644,7341.709729318138,not computed,,
cheat-degraded-to-a-guess,1dd169613d57,3fd443c,BTC-USD,4h,2025-10-01 00:00:00,2026-07-26,505,holdout,long,2026-01-04 04:00:00,91236.78,91282.39838999999,2026-01-05 00:00:00,93006.99410428571,92960.49060723357,target,6,862.2978571428581,89988.9516042857,93006.99410428571,0.020107134175942138,1835.4274323295344,7341.709729318138,35.59393251501802,3.704596490030589,1.8523071434980807,5.55690363352867,30.03702888148935,0.004091285271268692,0.004848180305042353,7371.746758199627,not computed,,
cheat-degraded-to-a-guess,1dd169613d57,3fd443c,BTC-USD,4h,2025-10-01 00:00:00,2026-07-26,506,holdout,long,2026-01-05 04:00:00,92878.22,92924.65911,2026-01-05 16:00:00,94344.21768142856,94297.04557258786,target,4,709.779285714287,91859.99018142857,94344.21768142856,0.019832590263993564,1842.9366895499068,7371.746758199627,29.074531343737235,3.7130913574961704,1.8565529473806102,5.56964430487678,23.504887038860453,0.003188509834893048,0.003944049123960682,7395.251645238487,not computed,,
cheat-degraded-to-a-guess,1dd169613d57,3fd443c,BTC-USD,4h,2025-10-01 00:00:00,2026-07-26,507,holdout,long,2026-01-05 20:00:00,94303.4,94350.55169999998,2026-01-06 16:00:00,93122.64741428569,93076.08609057855,stop,6,818.6028571428573,93122.64741428569,95987.75741428569,0.0195951468009235,1848.8129113096218,7395.251645238487,-23.137020252641804,3.6726524819099025,1.8363204566995392,5.508972938609442,-28.645993191251247,-0.003873565710193957,-0.0031286319063312503,7366.605652047236,not computed,,
cheat-degraded-to-a-guess,1dd169613d57,3fd443c,BTC-USD,4h,2025-10-01 00:00:00,2026-07-26,508,holdout,short,2026-01-06 20:00:00,92104.49,92058.437755,2026-01-06 20:00:00,93623.99739785715,93670.80939655607,stop,1,1043.7064285714296,93623.99739785715,89971.02489785715,0.020005242951364147,1841.651413011809,7366.605652047236,-30.398114660527334,3.7155587124408367,1.857771756691534,5.573330469132371,-35.971445129659706,-0.004883042045241415,-0.004126475081787426,7330.634206917576,not computed,,
cheat-degraded-to-a-guess,1dd169613d57,3fd443c,BTC-USD,4h,2025-10-01 00:00:00,2026-07-26,509,holdout,long,2026-01-07 00:00:00,93747.97,93794.843985,2026-01-07 08:00:00,92085.53934214286,92039.49657247179,stop,3,1139.5364285714302,92085.53934214286,96073.91684214286,0.019539011675550944,1832.658551729394,7330.634206917576,-32.48225203366452,3.6310193498707517,1.8155015543722755,5.446520904243027,-37.92877293790755,-0.0051740097605901475,-0.004431028901020944,7292.705433979669,not computed,,
cheat-degraded-to-a-guess,1dd169613d57,3fd443c,BTC-USD,4h,2025-10-01 00:00:00,2026-07-26,510,holdout,short,2026-01-07 12:00:00,92087.21,92041.16639500001,2026-01-08 04:00:00,89707.78496642857,89752.63885891179,target,5,1166.6907142857162,93791.20246642859,89707.78496642857,0.019808270906418655,1823.1763584949172,7292.705433979669,47.132295666497214,3.6010209435782,1.800522254862912,5.401543198441113,41.7307524680561,0.005722259433874242,0.006462936984522747,7334.436186447725,not computed,,
cheat-degraded-to-a-guess,1dd169613d57,3fd443c,BTC-USD,4h,2025-10-01 00:00:00,2026-07-26,511,holdout,short,2026-01-08 08:00:00,90548.02,90502.74599000001,2026-01-12 00:00:00,92280.9927757143,92327.13327210215,stop,23,1185.4978571428594,92280.9927757143,88131.7502757143,0.020260258697725412,1833.6090466119313,7334.436186447725,-35.11047675208694,3.7041806515240925,1.8520815481424862,5.556262199666579,-40.666738951753516,-0.005544630550729431,-0.004787072361057918,7293.769447495972,not computed,,
cheat-degraded-to-a-guess,1dd169613d57,3fd443c,BTC-USD,4h,2025-10-01 00:00:00,2026-07-26,512,holdout,long,2026-01-12 04:00:00,91808.12,91854.02406,2026-01-12 08:00:00,91148.60620285715,91103.03189975572,stop,2,470.2785714285689,91148.60620285715,92794.58120285714,0.019851523986394996,1823.442361873993,7293.769447495972,-13.0923539633397,3.631976384865302,1.8159849193441655,5.447961304209468,-18.54031526754917,-0.0025419387603366397,-0.0017950051832025544,7275.229132228423,not computed,,
cheat-degraded-to-a-guess,1dd169613d57,3fd443c,BTC-USD,4h,2025-10-01 00:00:00,2026-07-26,513,holdout,short,2026-01-12 12:00:00,90620.95,90575.639525,2026-01-12 12:00:00,91420.04309642858,91465.75311797678,stop,1,562.9357142857126,91420.04309642858,89449.76809642858,0.020080534817036453,1818.8072830571057,7275.229132228423,-16.046216744887566,3.6554885231090988,1.8277402500000193,5.4832287731091185,-21.529445517996685,-0.0029592807493338917,-0.0022055960648448424,7253.699686710426,not computed,,
cheat-degraded-to-a-guess,1dd169613d57,3fd443c,BTC-USD,4h,2025-10-01 00:00:00,2026-07-26,514,holdout,long,2026-01-12 16:00:00,91664.99,91710.822495,2026-01-13 12:00:00,93016.992495,92970.4839987525,target,6,653.0849999999981,90731.194995,93016.992495,0.01977329253345725,1813.4249216776066,7253.699686710426,26.73354083959894,3.6517574987620463,1.8258854327660181,5.477642931528065,21.255897908070878,0.0029303526236430792,0.003685504224634185,7274.955584618497,not computed,,
cheat-degraded-to-a-guess,1dd169613d57,3fd443c,BTC-USD,4h,2025-10-01 00:00:00,2026-07-26,515,holdout,long,2026-01-13 16:00:00,93449.99,93496.714995,2026-01-13 20:00:00,95483.71213785715,95435.97028178822,target,2,993.4985714285701,92006.46713785715,95483.71213785715,0.01945243633695458,1818.7388961546242,7274.955584618497,39.560850413721205,3.6752010323165987,1.8376104063707857,5.512811438687384,34.04803897503382,0.004680171387853128,0.005437950782457705,7309.00362359353,not computed,,
cheat-degraded-to-a-guess,1dd169613d57,3fd443c,BTC-USD,4h,2025-10-01 00:00:00,2026-07-26,516,holdout,long,2026-01-14 00:00:00,95413.99,95461.696995,2026-01-14 20:00:00,97862.626995,97813.6956815025,target,6,1200.4649999999997,93660.99949500001,97862.626995,0.019141194462466853,1827.2509058983826,7309.00362359353,46.86983688928535,3.699521876030577,1.8497726554744176,5.549294531504994,41.320542357780354,0.005653375546893597,0.006412616452670661,7350.3241659513105,not computed,,
cheat-degraded-to-a-guess,1dd169613d57,3fd443c,BTC-USD,4h,2025-10-01 00:00:00,2026-07-26,517,holdout,short,2026-01-15 00:00:00,96951.78,96903.30411,2026-01-16 12:00:00,94421.25125285714,94468.46187848356,target,10,1241.0264285714281,98764.84375285714,94421.25125285714,0.01896303803430576,1837.5810414878276,7350.3241659513105,47.98651287897416,3.6289900771318755,1.814507035194083,5.443497112325959,42.5430157666482,0.005787910139217935,0.006528489328574197,7392.867181717958,not computed,,
cheat-degraded-to-a-guess,1dd169613d57,3fd443c,BTC-USD,4h,2025-10-01 00:00:00,2026-07-26,518,holdout,short,2026-01-16 16:00:00,94585.99,94538.69700500001,2026-01-19 00:00:00,92197.80414785715,92243.90304993108,target,15,1170.4464285714275,96294.36664785715,92197.80414785715,0.019549844180015936,1848.2167954294896,7392.867181717958,46.68866128231132,3.651570726612139,1.825797035471183,5.477367762083322,41.211293520228,0.005574466916183836,0.006315365897248784,7434.078475238186,not computed,,
cheat-degraded-to-a-guess,1dd169613d57,3fd443c,BTC-USD,4h,2025-10-01 00:00:00,2026-07-26,519,holdout,short,2026-01-19 04:00:00,92690.08,92643.73496,2026-01-20 04:00:00,91419.35496,91465.06463748,target,7,612.1900000000003,93562.01996,91419.35496,0.02006093147703926,1858.5196188095465,7434.078475238186,25.49192795359807,3.6933940130449994,1.8467033795045147,5.540097392549514,19.951830561048553,0.002683833729695637,0.003429063607346614,7454.030305799234,not computed,,
cheat-degraded-to-a-guess,1dd169613d57,3fd443c,BTC-USD,4h,2025-10-01 00:00:00,2026-07-26,520,holdout,short,2026-01-20 08:00:00,91177.99,91132.401005,2026-01-20 16:00:00,89543.91957642858,89588.6915362168,target,3,794.240714285715,92323.76207642858,89543.91957642858,0.020448353778669416,1863.5075764498085,7454.030305799234,33.41405012044862,3.6954488355504553,1.8477327712876281,5.5431816068380835,27.87086851361054,0.0037390334316090732,0.00448268235433018,7481.901174312845,not computed,,
cheat-degraded-to-a-guess,1dd169613d57,3fd443c,BTC-USD,4h,2025-10-01 00:00:00,2026-07-26,521,holdout,short,2026-01-20 20:00:00,89725.77,89680.90711500001,2026-01-21 16:00:00,87654.62711500001,87698.45442855751,target,6,1013.1400000000025,91200.61711500002,87654.62711500001,0.020857006845165553,1870.4752935782112,7481.901174312845,43.197841329760806,3.6996025579050746,1.8498120784127678,5.5494146363178425,37.648426693442964,0.005031933169967416,0.005773645003233846,7519.549601006288,not computed,,
cheat-degraded-to-a-guess,1dd169613d57,3fd443c,BTC-USD,4h,2025-10-01 00:00:00,2026-07-26,522,holdout,long,2026-01-21 20:00:00,90355.56,90400.73778,2026-01-25 08:00:00,88350.07277999999,88305.89774361,stop,22,1367.1100000000026,88350.07277999999,93134.95778,0.020795044890302577,1879.887400251572,7519.549601006288,-41.704196766828325,3.716212507908411,1.8580958279048119,5.574308335813223,-47.278505102641546,-0.006287411828005576,-0.005546103022080917,7472.271095903647,not computed,,
cheat-degraded-to-a-guess,1dd169613d57,3fd443c,BTC-USD,4h,2025-10-01 00:00:00,2026-07-26,523,holdout,short,2026-01-25 12:00:00,88570.17,88525.884915,2026-01-25 16:00:00,87252.00205785714,87295.62805888607,target,2,636.9414285714291,89481.29705785714,87252.00205785714,0.021101938441728953,1868.0677739759117,7472.271095903647,27.815898770959084,3.710174743506592,1.8550943257278512,5.565269069234443,22.25062970172464,0.0029777599629545824,0.0037225494650760145,7494.521725605371,not computed,,
cheat-degraded-to-a-guess,1dd169613d57,3fd443c,BTC-USD,4h,2025-10-01 00:00:00,2026-07-26,524,holdout,short,2026-01-25 20:00:00,86495.17,86451.92241500001,2026-01-26 00:00:00,87559.95527214286,87603.73524977893,stop,2,738.6885714285725,87559.95527214286,84974.54527214286,0.02167251321962801,1873.6304314013428,7494.521725605371,-23.076572886581438,3.772223541690969,1.8861060017018545,5.658329543392823,-28.734902429974262,-0.003834120906181401,-0.0030791254907887302,7465.786823175396,not computed,,
cheat-degraded-to-a-guess,1dd169613d57,3fd443c,BTC-USD,4h,2025-10-01 00:00:00,2026-07-26,525,holdout,long,2026-01-26 04:00:00,87282.04,87325.68101999999,2026-01-26 12:00:00,88714.39959142856,88670.04239163286,target,3,694.3592857142856,86284.14209142856,88714.39959142856,0.021373399943670424,1866.446705793849,7465.786823175396,30.614394410755164,3.761626984852429,1.8808211460245055,5.642448130876934,24.971946279878228,0.003344851235553629,0.004100625310613149,7490.758769455275,not computed,,
cheat-degraded-to-a-guess,1dd169613d57,3fd443c,BTC-USD,4h,2025-10-01 00:00:00,2026-07-26,526,holdout,short,2026-01-26 16:00:00,87641.41,87597.58929500001,2026-01-27 00:00:00,88791.27000928573,88835.66564429036,stop,3,795.787142857141,88791.27000928573,86006.01500928574,0.021378324534219915,1872.6896923638187,7490.758769455275,-24.582080447431316,3.7718473827209085,1.8859175458399946,5.657764928560903,-30.239845375992218,-0.004036953572620687,-0.0032816542628055978,7460.518924079282,not computed,,
cheat-degraded-to-a-guess,1dd169613d57,3fd443c,BTC-USD,4h,2025-10-01 00:00:00,2026-07-26,527,holdout,long,2026-01-27 04:00:00,88787.99,88832.383995,2026-01-27 16:00:00,87371.78685214286,87328.1009587168,stop,4,973.7314285714268,87371.78685214286,90779.84685214284,0.02099605624818986,1865.1297310198206,7460.518924079282,-29.734680951272143,3.698675450796641,1.84933029172781,5.548005742524451,-35.28268669379659,-0.0047292536957341605,-0.003985604922909804,7425.236237385486,not computed,,
cheat-degraded-to-a-guess,1dd169613d57,3fd443c,BTC-USD,4h,2025-10-01 00:00:00,2026-07-26,528,holdout,long,2026-01-27 20:00:00,88408.78,88452.98439,2026-01-29 12:00:00,86781.90831857143,86738.51736441214,stop,11,1114.0507142857116,86781.90831857143,90681.08581857142,0.0209863926259591,1856.3090593463714,7425.236237385486,-34.14216785851428,3.6766376405494956,1.838310284732799,5.514947925282295,-39.65711578379657,-0.005340855767541251,-0.004598125469276132,7385.57912160169,not computed,,
cheat-degraded-to-a-guess,1dd169613d57,3fd443c,BTC-USD,4h,2025-10-01 00:00:00,2026-07-26,529,holdout,short,2026-01-29 16:00:00,84934.02,84891.55299000001,2026-01-30 00:00:00,82385.16584714287,82426.35843006644,target,3,1253.193571428573,86771.34334714287,82385.16584714287,0.021750041262855947,1846.3947804004224,7385.57912160169,55.437682997644465,3.6391714774013217,1.819599598121222,5.458771075522543,49.978911922121924,0.006767094509344738,0.007506206633884365,7435.558033523812,not computed,,
cheat-degraded-to-a-guess,1dd169613d57,3fd443c,BTC-USD,4h,2025-10-01 00:00:00,2026-07-26,530,holdout,short,2026-01-30 04:00:00,82676.42,82635.08179,2026-01-31 16:00:00,79597.2575042857,79637.05613303784,target,10,1518.9121428571452,84913.45000428571,79597.2575042857,0.02249516147518238,1858.889508380953,7435.558033523812,69.26625754941857,3.650337945501802,1.825186289315127,5.475524234816929,63.79073331460164,0.0085791453751011,0.009315542591037024,7499.348766838413,not computed,,
cheat-degraded-to-a-guess,1dd169613d57,3fd443c,BTC-USD,4h,2025-10-01 00:00:00,2026-07-26,531,holdout,short,2026-01-31 20:00:00,77750.01,77711.134995,2026-02-03 16:00:00,73533.83356642857,73570.60048321178,target,18,2088.6507142857176,80844.11106642858,73533.83356642857,0.02393682107957769,1860.1575342662234,7499.348766838413,100.92186093033116,3.6212038347499558,1.810627147839881,5.431830982589837,95.49002994774133,0.012733109622797043,0.013457416646176059,7594.8387967861545,not computed,,
cheat-degraded-to-a-guess,1dd169613d57,3fd443c,BTC-USD,4h,2025-10-01 00:00:00,2026-07-26,532,holdout,short,2026-02-03 20:00:00,74935.0,74897.5325,2026-02-05 04:00:00,71077.47107142858,71113.00980696428,target,9,1910.0307142857148,77762.57857142857,71077.47107142858,0.025350764381944606,1898.7096991965386,7594.8387967861545,97.7913069647494,3.7014788553038063,1.8507638754784779,5.552242730782284,92.23906423396711,0.012144966694092199,0.01287602141155793,7687.077861020121,not computed,,
cheat-degraded-to-a-guess,1dd169613d57,3fd443c,BTC-USD,4h,2025-10-01 00:00:00,2026-07-26,533,holdout,short,2026-02-05 08:00:00,70756.86,70721.48157,2026-02-05 12:00:00,66958.76585571429,66992.24523864214,target,2,1881.3578571428588,73543.51835571429,66958.76585571429,0.0271737727009136,1921.7694652550304,7687.077861020121,103.20854697349095,3.7422015100937536,1.8711265571833309,5.613328067277084,97.59521890621387,0.012696010196683816,0.013426239312189633,7784.673079926335,not computed,,
cheat-degraded-to-a-guess,1dd169613d57,3fd443c,BTC-USD,4h,2025-10-01 00:00:00,2026-07-26,534,holdout,short,2026-02-05 16:00:00,67489.08,67455.33546,2026-02-05 20:00:00,63176.08260285714,63207.67064415856,target,2,2139.62642857143,70664.77510285715,63176.08260285714,0.024255552202864183,1636.1664106117455,7784.673079926335,104.61413351721605,3.16930336554258,1.584677836304536,4.753981201847116,99.86015231536894,0.012827790106288432,0.013438474865049309,7884.533232241704,not computed,,
cheat-degraded-to-a-guess,1dd169613d57,3fd443c,BTC-USD,4h,2025-10-01 00:00:00,2026-07-26,535,holdout,short,2026-02-06 00:00:00,62909.87,62878.41506500001,2026-02-06 04:00:00,66548.48006500001,66581.7543050325,stop,2,2446.7100000000014,66548.48006500001,57984.995065,0.021483361281725802,1350.8397076637054,7884.533232241704,-78.16957458971898,2.7812395901698213,1.3906002526910015,4.171839842860823,-82.3414144325798,-0.0104434101559578,-0.009914293248212242,7802.191817809125,not computed,,
cheat-degraded-to-a-guess,1dd169613d57,3fd443c,BTC-USD,4h,2025-10-01 00:00:00,2026-07-26,536,holdout,long,2026-02-06 08:00:00,64856.0,64888.428,2026-02-06 16:00:00,69976.04657142857,69941.05854814286,target,3,2543.8092857142865,61072.71407142857,69976.04657142857,0.020447528205370987,1326.8079617321846,7802.191817809125,104.69229668209866,2.756929729108839,1.378491037628521,4.13542076673736,100.5568759153613,0.012888285530975055,0.013418318740014843,7902.748693724486,not computed,,
cheat-degraded-to-a-guess,1dd169613d57,3fd443c,BTC-USD,4h,2025-10-01 00:00:00,2026-07-26,537,holdout,long,2026-02-06 20:00:00,70731.45,70766.815725,2026-02-11 08:00:00,66390.415725,66357.2205171375,stop,28,2917.6,66390.415725,76602.01572499999,0.01805764713857165,1277.8821874823734,7902.748693724486,-78.38886515439518,2.4761374606772293,1.238049133122317,3.714186593799546,-82.10305174819473,-0.01038917659287232,-0.00991918991636963,7820.645641976291,not computed,,
cheat-degraded-to-a-guess,1dd169613d57,3fd443c,BTC-USD,4h,2025-10-01 00:00:00,2026-07-26,538,holdout,long,2026-02-11 12:00:00,67053.03,67086.55651499999,2026-02-14 08:00:00,69852.36508642856,69817.43890388536,target,18,1382.9042857142838,65012.200086428566,69852.36508642856,0.029143862974348893,1955.1614104940727,7820.645641976291,81.58343817816107,3.989911283128883,1.9949760374234131,5.984887320552296,75.59855085760879,0.009666535771911653,0.010431803448589034,7896.244192833899,not computed,,
cheat-degraded-to-a-guess,1dd169613d57,3fd443c,BTC-USD,4h,2025-10-01 00:00:00,2026-07-26,539,holdout,long,2026-02-14 12:00:00,70505.74,70540.99287,2026-02-15 12:00:00,68831.84572714286,68797.4298042793,stop,7,1139.431428571426,68831.84572714286,72819.85572714286,0.027984594033804884,1974.0610482084749,7896.244192833899,-46.84325168141814,3.8993291918504194,1.9496528851121298,5.84898207696255,-52.69223375838069,-0.006673075511798459,-0.005932345877034797,7843.551959075518,not computed,,
cheat-degraded-to-a-guess,1dd169613d57,3fd443c,BTC-USD,4h,2025-10-01 00:00:00,2026-07-26,540,holdout,short,2026-02-15 16:00:00,69100.0,69065.45,2026-02-17 12:00:00,66995.34714285715,67028.84481642858,target,12,1035.0514285714255,70618.02714285713,66995.34714285715,0.028391735517091104,1960.8879897688796,7843.551959075518,59.754747275289915,3.8639532238130627,1.931991550593466,5.795944774406529,53.95880250088339,0.006879383572955033,0.007618327460194822,7897.510761576402,not computed,,
cheat-degraded-to-a-guess,1dd169613d57,3fd443c,BTC-USD,4h,2025-10-01 00:00:00,2026-07-26,541,holdout,short,2026-02-17 16:00:00,67392.06,67358.36397,2026-02-23 00:00:00,65110.50968428572,65143.06493912786,target,33,1123.9271428571446,69044.25468428573,65110.50968428572,0.02931154461045768,1974.3776903941005,7897.510761576402,66.87576386006296,3.8838215444192885,1.9419274911502953,5.825749035569584,61.050014824493374,0.007730285740352361,0.008467954761825998,7958.5607764008955,not computed,,
cheat-degraded-to-a-guess,1dd169613d57,3fd443c,BTC-USD,4h,2025-10-01 00:00:00,2026-07-26,542,holdout,short,2026-02-23 04:00:00,64934.18,64901.71291,2026-02-23 08:00:00,66022.12612428571,66055.13718734785,stop,2,746.9421428571414,66022.12612428571,63407.82862428572,0.03065620466534192,1989.6401941002239,7958.5607764008955,-33.35229905096837,4.014639998912798,2.007311661381337,6.0219516602941345,-39.374250711262505,-0.004947408434451731,-0.004190745033934552,7919.186525689633,not computed,,
cheat-degraded-to-a-guess,1dd169613d57,3fd443c,BTC-USD,4h,2025-10-01 00:00:00,2026-07-26,543,holdout,long,2026-02-23 12:00:00,66207.23,66240.333615,2026-02-23 16:00:00,65003.642543571426,64971.14072229964,stop,2,824.4607142857136,65003.642543571426,67889.25504357142,0.029888083639936364,1979.7966314224082,7919.186525689633,-35.97292256571535,3.9216595195125756,1.9608207665256003,5.8824802860381755,-41.855402851753524,-0.005285315949558164,-0.004542502244267153,7877.331122837879,not computed,,
cheat-degraded-to-a-guess,1dd169613d57,3fd443c,BTC-USD,4h,2025-10-01 00:00:00,2026-07-26,544,holdout,short,2026-02-23 20:00:00,64295.11,64262.962445000005,2026-02-25 00:00:00,65694.622445,65727.46975622249,stop,8,954.4399999999997,65694.622445,62354.08244500001,0.03064491124876074,1969.3327807094697,7877.331122837879,-42.88793466856116,3.983545257994514,1.9917619070131352,5.975307165007649,-48.86324183356881,-0.006203019915197546,-0.0054444752924275195,7828.46788100431,not computed,,
cheat-degraded-to-a-guess,1dd169613d57,3fd443c,BTC-USD,4h,2025-10-01 00:00:00,2026-07-26,545,holdout,long,2026-02-25 04:00:00,65391.74,65424.435869999994,2026-02-25 16:00:00,68117.93729857143,68083.87832992215,target,4,1346.7507142857144,63404.30979857142,68117.93729857143,0.029914158895308143,1957.1169702510774,7828.46788100431,81.55189916942561,3.9937889248211955,1.9969148503849539,5.99070377520615,75.56119539421947,0.009652105181087587,0.010417351186598133,7904.0290763985295,not computed,,
cheat-degraded-to-a-guess,1dd169613d57,3fd443c,BTC-USD,4h,2025-10-01 00:00:00,2026-07-26,546,holdout,long,2026-02-25 20:00:00,69038.26,69072.77913,2026-02-26 12:00:00,67066.41448714286,67032.88127989929,stop,5,1337.5764285714274,67066.41448714286,71747.93198714285,0.028607612057720205,1976.0072690996324,7904.0290763985295,-56.40979146957331,3.893657931866206,1.9468148634852227,5.840472795351429,-62.25026426492474,-0.00787576357111392,-0.007136840075400688,7841.778812133604,not computed,,
cheat-degraded-to-a-guess,1dd169613d57,3fd443c,BTC-USD,4h,2025-10-01 00:00:00,2026-07-26,547,holdout,short,2026-02-26 16:00:00,67382.0,67348.30900000001,2026-02-28 04:00:00,64607.35042857144,64639.65410378572,target,10,1370.4792857142857,69404.02792857144,64607.35042857144,0.029109041223787827,1960.444703033401,7841.778812133604,80.76738875627926,3.8420430590318855,1.9210417213627125,5.763084780394598,75.00430397588467,0.009564705377793916,0.010299625976609755,7916.783116109489,not computed,,
cheat-degraded-to-a-guess,1dd169613d57,3fd443c,BTC-USD,4h,2025-10-01 00:00:00,2026-07-26,548,holdout,short,2026-02-28 08:00:00,63825.99,63794.077005,2026-02-28 16:00:00,65527.75879071429,65560.52267010964,stop,3,1155.7878571428566,65527.75879071429,61482.50129071429,0.031024757656925556,1979.1957790273723,7916.783116109489,-52.79696432003011,4.013195106728898,2.00658435412317,6.019779460852068,-58.816743780882184,-0.00742937414329297,-0.006668992133003626,7857.966372328607,not computed,,
cheat-degraded-to-a-guess,1dd169613d57,3fd443c,BTC-USD,4h,2025-10-01 00:00:00,2026-07-26,549,holdout,long,2026-02-28 20:00:00,66362.01,66395.19100499999,2026-03-02 12:00:00,68922.22957642855,68887.76846164034,target,11,1263.5192857142854,64499.91207642856,68922.22957642855,0.029587859652880775,1964.4915930821517,7857.966372328607,75.751417507926,4.002733218125313,2.0013855469166373,6.00411876504195,69.74729874288406,0.008875998628410438,0.0096400791144488,7927.71367107149,not computed,,
cheat-degraded-to-a-guess,1dd169613d57,3fd443c,BTC-USD,4h,2025-10-01 00:00:00,2026-07-26,550,holdout,long,2026-03-02 16:00:00,69130.2,69164.76509999999,2026-03-03 08:00:00,66765.67795714285,66732.29511816429,stop,5,1599.3914285714288,66765.67795714285,72363.54795714284,0.028655174566158872,1981.9284177678726,7927.71367107149,-67.75579190360217,3.8941539835793018,1.9470600528412234,5.841214036420525,-73.5970059400227,-0.009283509596036597,-0.008546700185558602,7854.116665131468,not computed,,
cheat-degraded-to-a-guess,1dd169613d57,3fd443c,BTC-USD,4h,2025-10-01 00:00:00,2026-07-26,551,holdout,short,2026-03-03 12:00:00,67026.6,66993.08670000001,2026-03-04 04:00:00,69191.9259857143,69226.52194870716,stop,5,1465.8928571428576,69191.9259857143,64061.3009857143,0.02930942971885585,1963.529166282867,7854.116665131468,-63.4644697967055,3.9925190460193316,1.9962436568918918,5.988762702911224,-69.45323249961672,-0.008842908179344463,-0.008080408339037982,7784.663432631851,not computed,,
cheat-degraded-to-a-guess,1dd169613d57,3fd443c,BTC-USD,4h,2025-10-01 00:00:00,2026-07-26,552,holdout,long,2026-03-04 08:00:00,69493.14,69527.88657,2026-03-04 12:00:00,72754.39371285714,72718.01651600072,target,2,1613.253571428572,67108.00621285714,72754.39371285714,0.027991155120162925,1946.1658581579627,7784.663432631851,91.28625856279155,3.9816271384879083,1.9908363908085818,5.9724635292964905,85.31379503349505,0.010959214328505919,0.011726423287632019,7869.977227665346,not computed,,
cheat-degraded-to-a-guess,1dd169613d57,3fd443c,BTC-USD,4h,2025-10-01 00:00:00,2026-07-26,553,holdout,long,2026-03-04 16:00:00,73396.87,73433.568435,2026-03-05 16:00:00,70701.38379214285,70666.03310024679,stop,7,1821.4564285714291,70701.38379214285,77076.48129214285,0.026792846226148897,1967.4943069163364,7869.977227665346,-72.21974747182173,3.8608384651831966,1.9304011776544598,5.791239642837656,-78.01098711465939,-0.009912479395801454,-0.009176614541900772,7791.966240550686,not computed,,
cheat-degraded-to-a-guess,1dd169613d57,3fd443c,BTC-USD,4h,2025-10-01 00:00:00,2026-07-26,554,holdout,short,2026-03-05 20:00:00,70918.08,70882.62096,2026-03-07 04:00:00,67500.94381714286,67534.69428905143,target,9,1690.8385714285719,73418.87881714286,67500.94381714286,0.027481934693652888,1947.9915601376715,7791.966240550686,93.9095134165982,3.803975618145196,1.902011286450957,5.705986904596153,88.20352651200204,0.011319803473092098,0.012052094492899302,7880.169767062688,not computed,,
cheat-degraded-to-a-guess,1dd169613d57,3fd443c,BTC-USD,4h,2025-10-01 00:00:00,2026-07-26,555,holdout,short,2026-03-07 08:00:00,67842.67,67808.748665,2026-03-09 16:00:00,69509.33080785714,69544.08547326106,stop,15,1133.7214285714279,69509.33080785714,65541.30580785715,0.029052924298874787,1970.042441765672,7880.169767062688,-48.42137028257511,3.9905014924548032,1.9952386408842813,5.9857401333390845,-54.4071104159142,-0.006904306889849443,-0.0061447115625561,7825.762656646774,not computed,,
cheat-degraded-to-a-guess,1dd169613d57,3fd443c,BTC-USD,4h,2025-10-01 00:00:00,2026-07-26,556,holdout,long,2026-03-09 20:00:00,68991.93,69026.42596499999,2026-03-10 08:00:00,71222.96882214285,71187.35733773178,target,4,1098.2714285714308,67379.01882214284,71222.96882214285,0.028343357443332086,1956.4406641616936,7825.762656646774,63.23513080594564,3.9741293786312344,1.9870804980981447,5.961209876729379,57.27392092921626,0.007318637612983436,0.008080379329193836,7883.03657757599,not computed,,
cheat-degraded-to-a-guess,1dd169613d57,3fd443c,BTC-USD,4h,2025-10-01 00:00:00,2026-07-26,557,holdout,long,2026-03-10 12:00:00,70580.95,70616.240475,2026-03-13 12:00:00,73160.81476071429,73124.23435333393,target,19,1272.2871428571432,68707.80976071428,73160.81476071429,0.02790801565104132,1970.7591443939975,7883.03657757599,71.99890611958443,4.0115114211972545,2.0057737103252578,6.017285131522512,65.98162098806192,0.008370076725985593,0.009133397442857467,7949.018198564052,not computed,,
cheat-degraded-to-a-guess,1dd169613d57,3fd443c,BTC-USD,4h,2025-10-01 00:00:00,2026-07-26,558,holdout,short,2026-03-13 16:00:00,71831.46,71795.54427000001,2026-03-16 00:00:00,73514.06319857144,73550.82023017072,stop,15,1145.6792857142843,73514.06319857144,69504.18569857144,0.027679357679462474,1987.254549641013,7949.018198564052,-46.57337576586641,4.023094010409753,2.011535361860531,6.034629372270284,-52.60800513813669,-0.006618176462049118,-0.0058590098302051495,7896.410193425915,not computed,,
cheat-degraded-to-a-guess,1dd169613d57,3fd443c,BTC-USD,4h,2025-10-01 00:00:00,2026-07-26,559,holdout,long,2026-03-16 04:00:00,73573.31,73610.09665499999,2026-03-17 00:00:00,75196.95236928569,75159.35389310106,target,6,793.4278571428544,72419.9548692857,75196.95236928569,0.0268183664750342,1974.1025483564788,7896.410193425915,43.54343608389649,3.9897536450884514,1.9948877084027146,5.984641353491166,37.558794730405324,0.004756439167974653,0.005514333097861124,7933.968988156321,not computed,,
cheat-degraded-to-a-guess,1dd169613d57,3fd443c,BTC-USD,4h,2025-10-01 00:00:00,2026-07-26,560,holdout,short,2026-03-17 04:00:00,74463.98,74426.74801,2026-03-18 12:00:00,72287.37372428572,72323.51741114786,target,9,1069.6871428571415,76031.2787242857,72287.37372428572,0.026650260827902592,1983.4922470390802,7933.968988156321,58.0071249674352,3.910932850037525,1.9554809267999005,5.866413776837426,52.14071119059778,0.006571831988306539,0.007311236665284064,7986.109699346918,not computed,,
cheat-degraded-to-a-guess,1dd169613d57,3fd443c,BTC-USD,4h,2025-10-01 00:00:00,2026-07-26,561,holdout,short,2026-03-18 16:00:00,71467.82,71432.08609000001,2026-03-19 12:00:00,68971.9603757143,69006.44635590215,target,6,1230.0628571428565,73277.18037571429,68971.9603757143,0.02795000866027108,1996.5274248367296,7986.109699346918,69.75929811360629,3.9252581980987262,1.9626465388735141,5.88790473697224,63.87139337663405,0.007997810671428327,0.008735078873172882,8049.981092723552,not computed,,
cheat-degraded-to-a-guess,1dd169613d57,3fd443c,BTC-USD,4h,2025-10-01 00:00:00,2026-07-26,562,holdout,short,2026-03-19 16:00:00,69412.52,69377.81374000001,2026-03-20 08:00:00,71124.37088285715,71159.93306829857,stop,5,1164.3714285714273,71124.37088285715,67049.07088285715,0.02900776436575108,2012.495273180888,8049.981092723552,-49.65696703922317,4.076685843908711,2.038330507712118,6.115016351620829,-55.771983390844,-0.00692821296701638,-0.006168581822398133,7994.209109332708,not computed,,
cheat-degraded-to-a-guess,1dd169613d57,3fd443c,BTC-USD,4h,2025-10-01 00:00:00,2026-07-26,563,holdout,short,2026-03-20 12:00:00,70478.71,70443.47064500001,2026-03-22 08:00:00,68116.68207357144,68150.74041460823,target,12,1163.394285714286,72188.56207357143,68116.68207357144,0.028371008115214605,1998.552277333177,7994.209109332708,67.0131134690683,3.932057486693911,1.966045496625199,5.898102983319109,61.11501048574919,0.00764491016558492,0.00838270710117339,8055.324119818457,not computed,,
cheat-degraded-to-a-guess,1dd169613d57,3fd443c,BTC-USD,4h,2025-10-01 00:00:00,2026-07-26,564,holdout,short,2026-03-22 12:00:00,68217.94,68183.83103,2026-03-23 08:00:00,69465.67210142857,69500.40493747928,stop,6,854.5607142857147,69465.67210142857,66474.70960142858,0.02953531650441517,2013.8310299546142,8055.324119818457,-36.85216252841186,4.0665474869680835,2.03326453044329,6.099812017411374,-42.951974545823234,-0.005332122445594559,-0.00457488264658957,8012.372145272634,not computed,,
cheat-degraded-to-a-guess,1dd169613d57,3fd443c,BTC-USD,4h,2025-10-01 00:00:00,2026-07-26,565,holdout,long,2026-03-23 12:00:00,70122.15,70157.21107499998,2026-03-26 16:00:00,68522.7092892857,68488.44793464107,stop,20,1089.6678571428577,68522.7092892857,72336.5467892857,0.028551491794290354,2003.0930363181585,8012.372145272634,-45.666418327413,3.9585403955277454,1.9792587811588618,5.937799176686607,-51.60421750409961,-0.006440566734602626,-0.005699487929346437,7960.767927768535,not computed,,
cheat-degraded-to-a-guess,1dd169613d57,3fd443c,BTC-USD,4h,2025-10-01 00:00:00,2026-07-26,566,holdout,short,2026-03-26 20:00:00,68534.37,68500.102815,2026-03-27 08:00:00,66302.33567214286,66335.48683997893,target,4,1098.8835714285722,70148.42817214287,66302.33567214286,0.029053853938250232,1990.1919819421337,7960.767927768535,64.84919934672182,3.917493527513602,1.9587629760562706,5.876256503569873,58.97294284315195,0.007407946491876007,0.00814609845873243,8019.740870611687,not computed,,
cheat-degraded-to-a-guess,1dd169613d57,3fd443c,BTC-USD,4h,2025-10-01 00:00:00,2026-07-26,567,holdout,short,2026-03-27 12:00:00,66702.78,66669.42861,2026-03-31 00:00:00,68292.68468142858,68326.8310237693,stop,22,1082.1707142857153,68292.68468142858,64505.08718142857,0.030072782374981892,2004.9352176529217,8019.740870611687,-47.81285748156669,4.0597131374028965,2.029844615486873,6.089557752889769,-53.902415234456456,-0.0067212165709719714,-0.005961895559091783,7965.83845537723,not computed,,
cheat-degraded-to-a-guess,1dd169613d57,3fd443c,BTC-USD,4h,2025-10-01 00:00:00,2026-07-26,568,holdout,long,2026-03-31 04:00:00,67704.74,67738.59237,2026-03-31 08:00:00,66318.08165571428,66284.92261488643,stop,2,947.0071428571443,66318.08165571428,69632.60665571429,0.0293991880280979,1991.4596138443076,7965.83845537723,-40.766629394386875,3.940182517227272,1.9700810669560838,5.910263584183356,-46.67689297857023,-0.00585963338825452,-0.0051176821652550485,7919.16156239866,not computed,,
cheat-degraded-to-a-guess,1dd169613d57,3fd443c,BTC-USD,4h,2025-10-01 00:00:00,2026-07-26,569,holdout,short,2026-03-31 12:00:00,66685.69,66652.34715500001,2026-03-31 16:00:00,68158.3889407143,68192.46813518465,stop,2,1004.0278571428581,68158.3889407143,64644.291440714296,0.029703235896489332,1979.790390599665,7919.16156239866,-43.74392404054673,4.005327357982886,2.002652743010053,6.007980100992939,-49.75190414153967,-0.006282471161817054,-0.005523807501067953,7869.40965825712,not computed,,
cheat-degraded-to-a-guess,1dd169613d57,3fd443c,BTC-USD,4h,2025-10-01 00:00:00,2026-07-26,570,holdout,long,2026-03-31 20:00:00,67838.79,67872.70939499998,2026-04-02 12:00:00,66125.51903785713,66092.4562783382,stop,11,1164.7935714285725,66125.51903785713,70202.29653785712,0.02898591248383566,1967.35241456428,7869.40965825712,-49.660722169770025,3.883102568089926,1.9415388688641428,5.824641436954069,-55.48536360672409,-0.007050765688440819,-0.006310603250608845,7813.924294650396,not computed,,
cheat-degraded-to-a-guess,1dd169613d57,3fd443c,BTC-USD,4h,2025-10-01 00:00:00,2026-07-26,571,holdout,long,2026-04-02 16:00:00,66852.91,66886.336455,2026-04-05 20:00:00,69135.7621692857,69101.19428820106,target,20,1124.7128571428568,65199.26716928571,69135.7621692857,0.029205981029875486,1953.481073662599,7813.924294650396,66.67293715016834,3.9716492431855395,1.9858412898268938,5.957490533012433,60.715446617155905,0.007770160591231116,0.008532580382921583,7874.639741267552,not computed,,
cheat-degraded-to-a-guess,1dd169613d57,3fd443c,BTC-USD,4h,2025-10-01 00:00:00,2026-07-26,572,holdout,long,2026-04-06 00:00:00,69034.18,69068.69708999999,2026-04-06 08:00:00,70063.38566142855,70028.35396859783,target,3,497.3442857142831,68322.68066142856,70063.38566142855,0.02850292561262051,1968.659935316888,7874.639741267552,29.335372407785957,3.9646728992580904,1.9823437834719861,5.9470166827300766,23.38835572505588,0.002970085806273487,0.0037252970766461944,7898.028096992608,not computed,,
cheat-degraded-to-a-guess,1dd169613d57,3fd443c,BTC-USD,4h,2025-10-01 00:00:00,2026-07-26,573,holdout,long,2026-04-06 12:00:00,69614.91,69649.717455,2026-04-06 20:00:00,68695.29852642858,68660.95087716538,stop,3,636.2792857142839,68695.29852642858,70922.27602642858,0.028349103146381914,1974.507024248152,7898.028096992608,-26.070160518872502,3.920983402793575,1.960485183856406,5.881468586649981,-31.951629105522482,-0.00404551980736672,-0.003300844235892176,7866.0764678870855,not computed,,
cheat-degraded-to-a-guess,1dd169613d57,3fd443c,BTC-USD,4h,2025-10-01 00:00:00,2026-07-26,574,holdout,short,2026-04-07 00:00:00,68853.66,68819.23317,2026-04-07 20:00:00,70033.71459857143,70068.73145587071,stop,6,809.6542857142849,70033.71459857143,67199.92459857144,0.02857513846621914,1966.5191169717714,7866.0764678870855,-33.72022355187717,3.9687428204756015,1.9843629801817784,5.953105800657379,-39.67332935253455,-0.005043598230261197,-0.004286790713202257,7826.403138534551,not computed,,
cheat-degraded-to-a-guess,1dd169613d57,3fd443c,BTC-USD,4h,2025-10-01 00:00:00,2026-07-26,575,holdout,long,2026-04-08 00:00:00,71924.22,71960.18211,2026-04-13 20:00:00,74322.85210999999,74285.690683945,target,36,1181.3350000000003,70188.17960999999,74322.85210999999,0.027190047707810586,1956.6007846336377,7826.403138534551,65.21892150438613,3.9764322583377627,1.9882324338990003,5.964664692236763,59.254256812149364,0.007571071380210601,0.008333192189304728,7885.6573953467,not computed,,
cheat-degraded-to-a-guess,1dd169613d57,3fd443c,BTC-USD,4h,2025-10-01 00:00:00,2026-07-26,576,holdout,long,2026-04-14 00:00:00,74418.0,74455.209,2026-04-17 12:00:00,76397.939,76359.7400305,target,22,971.364999999999,72998.1615,76397.939,0.026477856624332018,1971.414348836675,7885.6573953467,52.42454096692327,3.9932565972355203,1.9966414047529,5.98989800198842,46.434642964934845,0.0058884935823278065,0.006648087577055886,7932.0920383116345,not computed,,
cheat-degraded-to-a-guess,1dd169613d57,3fd443c,BTC-USD,4h,2025-10-01 00:00:00,2026-07-26,577,holdout,long,2026-04-17 16:00:00,77785.03,77823.922515,2026-04-18 08:00:00,76223.42358642857,76185.31187463536,stop,5,1066.999285714286,76223.42358642857,79957.92108642857,0.025480892577673598,1983.0230095779086,7932.0920383116345,-39.791125272819635,3.924292757452053,1.9621364309447245,5.886429188396777,-45.67755446121641,-0.005758575952043415,-0.0050164729658494075,7886.414483850418,not computed,,
cheat-degraded-to-a-guess,1dd169613d57,3fd443c,BTC-USD,4h,2025-10-01 00:00:00,2026-07-26,578,holdout,short,2026-04-18 12:00:00,76039.06,76001.04047,2026-04-19 20:00:00,73950.48047000001,73987.45571023501,target,9,1025.2800000000009,77538.96047,73950.48047000001,0.025941797753951255,1971.6036209626045,7886.414483850418,54.18150776030226,3.890971233326947,1.9454991620401287,5.836470395367076,48.34503736493519,0.006130166942649898,0.006870233345109321,7934.759521215353,not computed,,
cheat-degraded-to-a-guess,1dd169613d57,3fd443c,BTC-USD,4h,2025-10-01 00:00:00,2026-07-26,579,holdout,short,2026-04-20 00:00:00,73801.8,73764.89910000001,2026-04-20 04:00:00,74965.65660000002,75003.13942830001,stop,2,800.5050000000005,74965.65660000002,72163.88910000001,0.026892057123465082,1983.6898803038382,7934.759521215353,-31.29849817072222,4.000678590248898,2.000331470499596,6.001010060748494,-37.29950823147071,-0.004700773619130125,-0.003944479739686967,7897.460012983882,not computed,,
cheat-degraded-to-a-guess,1dd169613d57,3fd443c,BTC-USD,4h,2025-10-01 00:00:00,2026-07-26,580,holdout,long,2026-04-20 08:00:00,74837.18,74874.59859,2026-04-20 20:00:00,76542.14573285714,76503.87465999072,target,4,833.7735714285726,73623.93823285714,76542.14573285714,0.026368956100282323,1974.3650032459705,7897.460012983882,44.95816656219583,3.9916923156567674,1.9958573973699458,5.987549713026713,38.97061684916911,0.004934576026355203,0.005692737473603158,7936.430629833051,not computed,,
cheat-degraded-to-a-guess,1dd169613d57,3fd443c,BTC-USD,4h,2025-10-01 00:00:00,2026-07-26,581,holdout,short,2026-04-21 00:00:00,75840.97,75803.049515,2026-04-22 00:00:00,77192.06987214286,77230.66590707893,stop,7,926.0135714285716,77192.06987214286,73951.02237214286,0.026174509734804865,1984.1076574582628,7936.430629833051,-35.36437675609696,4.005582474068563,2.0027823959398816,6.008364870008444,-41.3727416261054,-0.005213016223009022,-0.004455954875125126,7895.057888206946,not computed,,
cheat-degraded-to-a-guess,1dd169613d57,3fd443c,BTC-USD,4h,2025-10-01 00:00:00,2026-07-26,582,holdout,long,2026-04-22 04:00:00,77521.47,77560.23073499999,2026-04-28 12:00:00,75884.5464492857,75846.60417606105,stop,39,1117.1228571428571,75884.5464492857,79794.4764492857,0.025448151112333544,1973.7644720517364,7895.057888206946,-41.65667787791514,3.903920316481486,1.9519497440710651,5.855870060552551,-47.5125479384677,-0.0060180113447221755,-0.005276297966116095,7847.545340268478,not computed,,
cheat-degraded-to-a-guess,1dd169613d57,3fd443c,BTC-USD,4h,2025-10-01 00:00:00,2026-07-26,583,holdout,short,2026-04-28 16:00:00,76066.37,76028.336815,2026-04-29 04:00:00,77287.61038642857,77326.25419162177,stop,4,839.5157142857133,77287.61038642857,74349.30538642858,0.025804672537306502,1961.8863350671195,7847.545340268478,-31.51370826112299,3.9572650030184437,1.9786246230817461,5.93588962610019,-37.44959788722318,-0.004772141639635555,-0.004015740832922012,7810.095742381255,not computed,,
cheat-degraded-to-a-guess,1dd169613d57,3fd443c,BTC-USD,4h,2025-10-01 00:00:00,2026-07-26,584,holdout,long,2026-04-29 08:00:00,77053.65,77092.17682499999,2026-04-29 12:00:00,75849.44611071427,75811.52138765891,stop,2,828.4871428571423,75849.44611071427,78749.15111071427,0.02532713455513862,1952.5239355953138,7810.095742381255,-30.49903393576077,3.8726125386103205,1.936298644546568,5.808911183156889,-36.30794511891766,-0.004648847634721513,-0.0039050781119440905,7773.787797262337,not computed,,
cheat-degraded-to-a-guess,1dd169613d57,3fd443c,BTC-USD,4h,2025-10-01 00:00:00,2026-07-26,585,holdout,short,2026-04-29 16:00:00,75924.24,75886.27788000001,2026-05-01 00:00:00,77133.62645142857,77172.19326465428,stop,9,831.565714285712,77133.62645142857,74223.14645142859,0.025609991735116897,1943.4469493155843,7773.787797262337,-30.97237702564795,3.919826181004224,1.9599053474077195,5.879731528411943,-36.852108554059896,-0.004740560138139859,-0.00398420664847005,7736.935688708278,not computed,,
cheat-degraded-to-a-guess,1dd169613d57,3fd443c,BTC-USD,4h,2025-10-01 00:00:00,2026-07-26,586,holdout,long,2026-05-01 04:00:00,77131.08,77169.64554,2026-05-01 12:00:00,78794.87268285714,78755.4752465157,target,3,812.6135714285712,75950.72518285715,78794.87268285714,0.025064698802775783,1934.2339221770694,7736.935688708278,41.70246246607637,3.9082161883004494,1.9541185197657995,5.862334708066249,35.84012775801012,0.004632341433355486,0.005390048999236133,7772.775816466288,not computed,,
cheat-degraded-to-a-guess,1dd169613d57,3fd443c,BTC-USD,4h,2025-10-01 00:00:00,2026-07-26,587,holdout,long,2026-05-01 16:00:00,78445.88,78485.10294,2026-05-04 00:00:00,80226.0886542857,80185.97560995856,target,15,870.4928571428567,77179.36365428571,80226.0886542857,0.024758761616227958,1943.193954116572,7772.775816466288,44.075761698605604,3.928499409208205,1.9642607235442497,5.892760132752455,38.18300156585315,0.004912402270108461,0.005670530417876329,7810.958818032142,not computed,,
cheat-degraded-to-a-guess,1dd169613d57,3fd443c,BTC-USD,4h,2025-10-01 00:00:00,2026-07-26,588,holdout,long,2026-05-04 04:00:00,80316.3,80356.45814999999,2026-05-04 08:00:00,79452.98243571428,79413.25594449643,stop,2,602.3171428571441,79452.98243571428,81561.09243571428,0.0243009678308978,1952.7397045080354,7810.958818032142,-20.979452357556426,3.8825586825620966,1.9412740964175192,5.823832778979616,-26.80328513653604,-0.0034314974334084046,-0.00268589975268131,7784.155532895606,not computed,,
cheat-degraded-to-a-guess,1dd169613d57,3fd443c,BTC-USD,4h,2025-10-01 00:00:00,2026-07-26,589,holdout,short,2026-05-04 12:00:00,78793.67,78754.273165,2026-05-04 12:00:00,79855.35887928572,79895.28655872536,stop,1,734.057142857143,79855.35887928572,77286.15887928572,0.024710264027790693,1946.0388832239014,7784.155532895606,-26.23461252251936,3.920272508666002,1.9601296956796794,5.880402204345682,-32.11501472686504,-0.004125690268025601,-0.0033702580082903898,7752.04051816874,not computed,,
cheat-degraded-to-a-guess,1dd169613d57,3fd443c,BTC-USD,4h,2025-10-01 00:00:00,2026-07-26,590,holdout,long,2026-05-04 16:00:00,80028.85,80068.864425,2026-05-05 20:00:00,81770.7187107143,81729.83335135895,target,8,850.9271428571426,78792.47371071429,81770.7187107143,0.02420429143662337,1938.010129542185,7752.04051816874,42.16069791846409,3.916222835045138,1.9581219576969104,5.874344792742049,36.28635312572204,0.004680877639980904,0.005438658095200937,7788.326871294462,not computed,,
cheat-degraded-to-a-guess,1dd169613d57,3fd443c,BTC-USD,4h,2025-10-01 00:00:00,2026-07-26,591,holdout,short,2026-05-06 00:00:00,80905.53,80865.077235,2026-05-06 08:00:00,82471.97473500001,82513.21072236751,stop,3,1071.2650000000015,82471.97473500001,78722.547235,0.02407815319541771,1947.0817178236155,7788.326871294462,-37.71709630148579,3.933847446242564,1.966914293847104,5.900761740089668,-43.61785804157546,-0.005600414410229541,-0.004842772642286007,7744.7090132528865,not computed,,
cheat-degraded-to-a-guess,1dd169613d57,3fd443c,BTC-USD,4h,2025-10-01 00:00:00,2026-07-26,592,holdout,long,2026-05-06 12:00:00,82522.88,82564.14144,2026-05-07 00:00:00,80987.81822571429,80947.32431660144,stop,4,1050.8821428571443,80987.81822571429,84665.9057257143,0.02345058301999369,1936.1772533132216,7744.7090132528865,-35.99809357870595,3.834439202446038,1.9172106016994377,5.751649804145476,-41.74974338285142,-0.005390743966159155,-0.004648088587589974,7702.959269870035,not computed,,
cheat-degraded-to-a-guess,1dd169613d57,3fd443c,BTC-USD,4h,2025-10-01 00:00:00,2026-07-26,593,holdout,short,2026-05-07 04:00:00,80834.92,80794.50254,2026-05-10 20:00:00,82092.71504000001,82133.76139752001,stop,23,865.4750000000016,82092.71504000001,79063.55254,0.023835035267580334,1925.7398174675088,7702.959269870035,-29.979589137787897,3.8834009170364263,1.9416929636207954,5.825093880657222,-35.80468301844512,-0.004648172444386976,-0.0038919573747523807,7667.1545868515905,not computed,,
cheat-degraded-to-a-guess,1dd169613d57,3fd443c,BTC-USD,4h,2025-10-01 00:00:00,2026-07-26,594,holdout,long,2026-05-11 00:00:00,82210.07,82251.17503500001,2026-05-11 00:00:00,81451.0793207143,81410.35378105394,stop,1,533.3971428571427,81451.0793207143,83317.9693207143,0.023304088311167037,1916.7886467128976,7667.1545868515905,-17.687585817426783,3.81398272066993,1.9069869384385356,5.720969659108466,-23.40855547653525,-0.0030530955403819037,-0.0023069295939016593,7643.746031375055,not computed,,
cheat-degraded-to-a-guess,1dd169613d57,3fd443c,BTC-USD,4h,2025-10-01 00:00:00,2026-07-26,595,holdout,short,2026-05-11 04:00:00,80736.0,80695.632,2026-05-11 16:00:00,81634.34485714286,81675.16202957142,stop,4,625.8085714285709,81634.34485714286,79444.01485714286,0.023680792385934395,1910.9365078437638,7643.746031375055,-21.273518052971955,3.8450690629535966,1.9225292130971603,5.767598276050757,-27.041116329022714,-0.0035376785437438467,-0.0027831272736759155,7616.7049150460325,not computed,,
cheat-degraded-to-a-guess,1dd169613d57,3fd443c,BTC-USD,4h,2025-10-01 00:00:00,2026-07-26,596,holdout,long,2026-05-11 20:00:00,81961.99,82002.970995,2026-05-12 00:00:00,80933.84063785714,80893.37371753821,stop,2,712.7535714285696,80933.84063785714,83428.47813785714,0.023220819997821936,1904.1762287615081,7616.7049150460325,-23.87447126919496,3.7825866988730033,1.891287380818408,5.673874079691411,-29.54834534888637,-0.003879413168615289,-0.003134488146184231,7587.156569697147,not computed,,
cheat-degraded-to-a-guess,1dd169613d57,3fd443c,BTC-USD,4h,2025-10-01 00:00:00,2026-07-26,597,holdout,short,2026-05-12 04:00:00,81058.79,81018.260605,2026-05-13 12:00:00,79507.36489071429,79547.11857315965,target,9,755.4478571428554,82151.43239071428,79507.36489071429,0.02341187194417782,1896.7891424242866,7587.156569697147,36.321765989578914,3.7591360959874294,1.879577128434967,5.638713224422396,30.683052765156518,0.004044077973519569,0.004787269862684376,7617.839622462303,not computed,,
cheat-degraded-to-a-guess,1dd169613d57,3fd443c,BTC-USD,4h,2025-10-01 00:00:00,2026-07-26,598,holdout,short,2026-05-13 16:00:00,78827.21,78787.79639500001,2026-05-14 04:00:00,79975.63032357144,80015.61813873322,stop,4,791.8892857142876,79975.63032357144,77204.01782357144,0.02417201638776174,1904.4599056155757,7617.839622462303,-27.75963488140743,3.8385987385419207,1.9192924293618212,5.7578911679037414,-33.51752604931117,-0.004399872891847171,-0.0036440298374822867,7584.322096412991,not computed,,
cheat-degraded-to-a-guess,1dd169613d57,3fd443c,BTC-USD,4h,2025-10-01 00:00:00,2026-07-26,599,holdout,long,2026-05-14 08:00:00,79745.99,79785.862995,2026-05-14 16:00:00,81441.74442357144,81401.02355135966,target,3,827.9407142857162,78543.95192357143,81441.74442357144,0.02376461760176826,1896.0805241032479,7584.322096412991,40.298955422682,3.830544721193842,1.9152824353355697,5.745827156529412,34.553128266152584,0.0045558624524259725,0.005313455165853439,7618.875224679144,not computed,,
cheat-degraded-to-a-guess,1dd169613d57,3fd443c,BTC-USD,4h,2025-10-01 00:00:00,2026-07-26,600,holdout,long,2026-05-14 20:00:00,81419.75,81460.459875,2026-05-15 12:00:00,80033.509875,79993.49312006251,stop,5,951.3000000000019,80033.509875,83363.059875,0.02338212685138964,1904.718806169786,7618.875224679144,-32.41324244923615,3.7751368095888522,1.8875603014835676,5.66269711107242,-38.07593956030857,-0.0049975801463413615,-0.004254334333267832,7580.7992851188355,not computed,,
cheat-degraded-to-a-guess,1dd169613d57,3fd443c,BTC-USD,4h,2025-10-01 00:00:00,2026-07-26,601,holdout,short,2026-05-15 16:00:00,79150.26,79110.68487,2026-05-17 20:00:00,77053.25772714286,77091.78435600642,target,14,1028.7135714285719,80653.75522714286,77053.25772714286,0.023956306589862402,1895.1998212797089,7580.7992851188355,50.236429368203815,3.742034242871757,1.871029680542918,5.613063923414675,44.623365444789144,0.005886366828414141,0.006626798504851368,7625.422650563624,not computed,,
cheat-degraded-to-a-guess,1dd169613d57,3fd443c,BTC-USD,4h,2025-10-01 00:00:00,2026-07-26,602,holdout,short,2026-05-18 00:00:00,77457.67,77418.941165,2026-05-18 12:00:00,76217.32687928571,76255.43554272535,target,4,600.8071428571451,78320.15187928571,76217.32687928571,0.02462389221492921,1906.355662640906,7625.422650563624,30.542075313997504,3.784061288247457,1.8920382796423887,5.676099567889846,24.865975746107658,0.0032609308212272954,0.0040052960620799195,7650.288626309732,not computed,,
cheat-degraded-to-a-guess,1dd169613d57,3fd443c,BTC-USD,4h,2025-10-01 00:00:00,2026-07-26,603,holdout,short,2026-05-18 16:00:00,76409.46,76371.25527000001,2026-05-20 04:00:00,77450.55562714286,77489.28090495644,stop,10,719.5335714285715,77450.55562714286,74932.18812714287,0.02504308918081546,1912.572156577433,7650.288626309732,-26.07225063629561,3.853143128837518,1.9265650463560888,5.779708175193607,-31.85195881148922,-0.004163497662290638,-0.0034080087575561286,7618.436667498242,not computed,,
cheat-degraded-to-a-guess,1dd169613d57,3fd443c,BTC-USD,4h,2025-10-01 00:00:00,2026-07-26,604,holdout,long,2026-05-20 08:00:00,77282.65,77321.29132499998,2026-05-22 16:00:00,76204.51346785713,76166.41121112321,stop,15,744.518571428571,76204.51346785713,78810.32846785712,0.02463240246297789,1904.6091668745605,7618.436667498242,-26.557092969782232,3.7807708619876186,1.8903787917202024,5.671149653707821,-32.228242623490054,-0.004230296060736727,-0.0034858979773475106,7586.208424874752,not computed,,
cheat-degraded-to-a-guess,1dd169613d57,3fd443c,BTC-USD,4h,2025-10-01 00:00:00,2026-07-26,605,holdout,short,2026-05-22 20:00:00,75860.44,75822.50978000001,2026-05-23 04:00:00,74322.52549428571,74359.68675703285,target,3,749.9921428571439,76947.49799428572,74322.52549428571,0.0250130483905315,1896.552106218688,7586.208424874752,38.467929951931836,3.756514549377115,1.8782668916706697,5.634781441047785,32.83314851088405,0.004328005068147877,0.005070771563011326,7619.041573385636,not computed,,
cheat-degraded-to-a-guess,1dd169613d57,3fd443c,BTC-USD,4h,2025-10-01 00:00:00,2026-07-26,606,holdout,short,2026-05-23 08:00:00,74609.37,74572.065315,2026-05-23 16:00:00,75733.22710071428,75771.09371426464,stop,3,774.1078571428588,75733.22710071428,73023.84960071428,0.025542545795137993,1904.760393346409,7619.041573385636,-28.706171462185743,3.8401470244907063,1.920066335702419,5.760213360193125,-34.46638482237887,-0.004523716597475293,-0.0037676879940464376,7584.575188563257,not computed,,
cheat-degraded-to-a-guess,1dd169613d57,3fd443c,BTC-USD,4h,2025-10-01 00:00:00,2026-07-26,607,holdout,long,2026-05-23 20:00:00,75983.45,76021.441725,2026-05-25 04:00:00,77557.761725,77518.98284413751,target,9,768.1600000000025,74869.20172499999,77557.761725,0.024942223590022482,1896.1437971408143,7584.575188563257,39.26683504534416,3.829639599710409,1.9148296165637149,5.744469216274124,33.52236582907003,0.004419807964936288,0.005177196358281796,7618.097554392327,not computed,,
cheat-degraded-to-a-guess,1dd169613d57,3fd443c,BTC-USD,4h,2025-10-01 00:00:00,2026-07-26,608,holdout,long,2026-05-25 08:00:00,77401.11,77439.81055499999,2026-05-26 16:00:00,76256.41662642856,76218.28841811535,stop,9,788.9292857142854,76256.41662642856,79017.66912642856,0.024593608570948576,1904.5243885980817,7618.097554392327,-28.152140763374632,3.779007139900874,1.8894965319148618,5.668503671815736,-33.82064443519037,-0.004439513171591059,-0.0036954292803907584,7584.276909957137,not computed,,
cheat-degraded-to-a-guess,1dd169613d57,3fd443c,BTC-USD,4h,2025-10-01 00:00:00,2026-07-26,609,holdout,short,2026-05-26 20:00:00,76052.0,76013.974,2026-05-27 20:00:00,74444.32542857144,74481.54759128572,target,7,784.8242857142852,77191.21042857143,74444.32542857144,0.02494369295163129,1896.0692274892842,7584.276909957137,40.101340875859535,3.7539140811686287,1.8769670659194944,5.6308811470881235,34.47045972877141,0.0045449896065261446,0.005287431003898587,7618.747369685909,not computed,,
cheat-degraded-to-a-guess,1dd169613d57,3fd443c,BTC-USD,4h,2025-10-01 00:00:00,2026-07-26,610,holdout,short,2026-05-28 00:00:00,74449.31,74412.085345,2026-05-28 04:00:00,72783.14963071428,72819.54120552963,target,2,814.4678571428564,75633.78713071428,72783.14963071428,0.02559647177727508,1904.6868424214772,7618.747369685909,42.647826868836084,3.7686101737229367,1.8843157488180182,5.652925922540955,36.99490094629513,0.004855772104151064,0.005597747871064307,7655.742270632204,not computed,,
cheat-degraded-to-a-guess,1dd169613d57,3fd443c,BTC-USD,4h,2025-10-01 00:00:00,2026-07-26,611,holdout,long,2026-05-28 08:00:00,73498.0,73534.749,2026-06-01 12:00:00,72166.30328571428,72130.22013407142,stop,26,912.2971428571431,72166.30328571428,75359.34328571428,0.026027634467862958,1913.935567658051,7655.742270632204,-34.66091530148279,3.7913145713941514,1.8956486204681937,5.686963191862345,-40.347878493345135,-0.0052702764888156615,-0.004527440197986252,7615.394392138859,not computed,,
cheat-degraded-to-a-guess,1dd169613d57,3fd443c,BTC-USD,4h,2025-10-01 00:00:00,2026-07-26,612,holdout,short,2026-06-01 16:00:00,71129.62,71094.05519,2026-06-02 04:00:00,69901.43519,69936.385907595,target,4,596.3099999999997,71988.52019,69901.43519,0.026779293893795325,1903.8485980347148,7615.394392138859,32.88992198288494,3.7766956301240873,1.888356037542394,5.665051667666481,27.22487031521846,0.0035749783810700426,0.004318873099577904,7642.619262454077,not computed,,
cheat-degraded-to-a-guess,1dd169613d57,3fd443c,BTC-USD,4h,2025-10-01 00:00:00,2026-07-26,613,holdout,short,2026-06-02 08:00:00,70118.42,70083.36079,2026-06-02 12:00:00,68421.51793285715,68455.72869182358,target,2,830.9214285714291,71329.74293285715,68421.51793285715,0.02726260262173593,1910.6548156135193,7642.619262454077,46.26196674451763,3.776936144120073,1.888479637551356,5.665415781671429,40.5965509628462,0.005311863586124854,0.006053156013120915,7683.215813416923,not computed,,
cheat-degraded-to-a-guess,1dd169613d57,3fd443c,BTC-USD,4h,2025-10-01 00:00:00,2026-07-26,614,holdout,short,2026-06-02 16:00:00,67304.29,67270.637855,2026-06-03 20:00:00,65249.21642642856,65281.84103464177,target,8,1010.7107142857151,68786.70392642857,65249.21642642856,0.028553378035369174,1920.8039533542308,7683.215813416923,58.6792926366822,3.7848210392612334,1.892425189453732,5.677246228714965,53.002046407967235,0.006898419580432931,0.007637334946938841,7736.21785982489,not computed,,
cheat-degraded-to-a-guess,1dd169613d57,3fd443c,BTC-USD,4h,2025-10-01 00:00:00,2026-07-26,615,holdout,short,2026-06-04 00:00:00,64142.75,64110.678625,2026-06-05 04:00:00,61299.478624999996,61330.12836431249,target,8,1405.600000000001,66219.078625,61299.478624999996,0.030167430862321848,1934.0544649562225,7736.21785982489,85.77419262813139,3.784226872163944,1.8921348796299782,5.676361751793922,80.09783087633747,0.010353616240863011,0.01108735485250061,7816.315690701228,not computed,,
cheat-degraded-to-a-guess,1dd169613d57,3fd443c,BTC-USD,4h,2025-10-01 00:00:00,2026-07-26,616,holdout,long,2026-06-05 08:00:00,63115.99,63147.54799499999,2026-06-05 12:00:00,60704.58156642857,60674.22927564536,stop,2,1628.644285714285,60704.58156642857,66404.83656642857,0.030944652400913975,1954.078922675307,7816.315690701228,-74.62019577350033,3.8316218573035115,1.9157922736024915,5.747414130906003,-80.36760990440634,-0.010282032236750187,-0.009546722359522034,7735.948080796822,not computed,,
cheat-degraded-to-a-guess,1dd169613d57,3fd443c,BTC-USD,4h,2025-10-01 00:00:00,2026-07-26,617,holdout,short,2026-06-05 16:00:00,60438.0,60407.781,2026-06-07 08:00:00,62882.13707142857,62913.57813996429,stop,11,1649.5707142857136,62882.13707142857,57108.639571428575,0.03126449006318832,1888.6184688137564,7735.948080796822,-76.41469918274883,3.855579407410292,1.9277706000302572,5.783350007440549,-82.19804919018938,-0.010625465467410786,-0.009877871255681686,7653.750031606633,not computed,,
cheat-degraded-to-a-guess,1dd169613d57,3fd443c,BTC-USD,4h,2025-10-01 00:00:00,2026-07-26,618,holdout,long,2026-06-07 12:00:00,62621.97,62653.280985,2026-06-14 20:00:00,65436.75241357143,65404.03403736465,target,45,1391.735714285714,60565.67741357143,65436.75241357143,0.03054010065905024,1913.4375079016581,7653.750031606633,85.96373824379572,3.9108832909107223,1.955463136389639,5.866346427300361,80.09739181649536,0.010465117293578735,0.011231584241555206,7733.847423423128,not computed,,
cheat-degraded-to-a-guess,1dd169613d57,3fd443c,BTC-USD,4h,2025-10-01 00:00:00,2026-07-26,619,holdout,long,2026-06-15 00:00:00,65746.45,65779.323225,2026-06-15 12:00:00,66865.94465357142,66832.51168124464,target,4,543.3107142857142,64964.35715357143,66865.94465357142,0.029393155190154847,1933.461855855782,7733.847423423128,32.90548008697357,3.8978802434504423,1.9489483480953815,5.846828591545824,27.058651495427746,0.0034987309697210372,0.004254736133960225,7760.9060749185555,not computed,,
cheat-degraded-to-a-guess,1dd169613d57,3fd443c,BTC-USD,4h,2025-10-01 00:00:00,2026-07-26,620,holdout,long,2026-06-15 16:00:00,67292.15,67325.79607499999,2026-06-15 16:00:00,66363.92643214285,66330.74446892679,stop,1,641.2464285714284,66363.92643214285,68608.28893214285,0.02881847125236,1940.2265187296389,7760.9060749185555,-26.74998420605417,3.851777171355043,1.9258818981811174,5.77765906953616,-32.52764327559033,-0.004191217231801337,-0.003446760461707416,7728.378431642966,not computed,,
cheat-degraded-to-a-guess,1dd169613d57,3fd443c,BTC-USD,4h,2025-10-01 00:00:00,2026-07-26,621,holdout,short,2026-06-15 20:00:00,66615.98,66582.67201,2026-06-17 08:00:00,65202.15201,65234.753086004996,target,10,690.2599999999994,67618.06201,65202.15201,0.029017979446973256,1932.0946079107414,7728.378431642966,41.02643155537545,3.82507533218881,1.9125479227022595,5.737623254891069,35.28880830048438,0.004566133583210467,0.005308543301580238,7763.66723994345,not computed,,
cheat-degraded-to-a-guess,1dd169613d57,3fd443c,BTC-USD,4h,2025-10-01 00:00:00,2026-07-26,622,holdout,short,2026-06-17 12:00:00,64810.01,64777.60499500001,2026-06-17 16:00:00,65982.83356642858,66015.8249832118,stop,2,803.4857142857145,65982.83356642858,63170.63356642858,0.029962775100062376,1940.9168099858625,7763.66723994345,-35.14104875295267,3.9189341270029168,1.9594582782391683,5.878392405242085,-41.01944115819475,-0.0052835135626567034,-0.004526346592001622,7722.647798785255,not computed,,
cheat-degraded-to-a-guess,1dd169613d57,3fd443c,BTC-USD,4h,2025-10-01 00:00:00,2026-07-26,623,holdout,short,2026-06-17 20:00:00,64301.85,64269.699075000004,2026-06-18 12:00:00,62312.64193214286,62343.79825310893,target,5,978.5285714285716,65737.49193214286,62312.64193214286,0.030040002948252698,1930.6619496963137,7722.647798785255,59.75581622311643,3.8034698330249777,1.9017498554662495,5.705219688491227,54.05059653462521,0.006998972106837136,0.007737736820331987,7776.698395319881,not computed,,
cheat-degraded-to-a-guess,1dd169613d57,3fd443c,BTC-USD,4h,2025-10-01 00:00:00,2026-07-26,624,holdout,short,2026-06-18 16:00:00,62369.43,62338.245285000005,2026-06-20 04:00:00,63866.737785000005,63898.6711538925,stop,10,1018.9950000000006,63866.737785000005,60300.25528500001,0.03118750920789525,1944.1745988299701,7776.698395319881,-46.69730033174088,3.9370149938142633,1.9684958225818008,5.905510816396064,-52.602811148136944,-0.006764157290681866,-0.006004771942787948,7724.095584171743,not computed,,
cheat-degraded-to-a-guess,1dd169613d57,3fd443c,BTC-USD,4h,2025-10-01 00:00:00,2026-07-26,625,holdout,long,2026-06-20 08:00:00,63655.21,63687.037605,2026-06-22 12:00:00,65186.177605,65153.5845161975,target,14,749.5700000000003,62562.682604999995,65186.177605,0.03032051683765761,1931.0238960429358,7724.095584171743,46.41972904531078,3.9065142524000502,1.9532687311321197,5.85978298353217,40.55994606177861,0.005251093234124946,0.006009730011683741,7764.655530233522,not computed,,
cheat-degraded-to-a-guess,1dd169613d57,3fd443c,BTC-USD,4h,2025-10-01 00:00:00,2026-07-26,626,holdout,long,2026-06-22 16:00:00,64836.95,64869.368474999996,2026-06-22 20:00:00,63863.42990357143,63831.49818861965,stop,2,670.6257142857133,63863.42990357143,66210.61990357142,0.029924198866010013,1941.1638825583805,7764.655530233522,-29.131808965585734,3.851270328269993,1.9256278811825709,5.776898209452564,-34.908707175038295,-0.004495847502714446,-0.00375184821170162,7729.746823058484,not computed,,
cheat-degraded-to-a-guess,1dd169613d57,3fd443c,BTC-USD,4h,2025-10-01 00:00:00,2026-07-26,627,holdout,short,2026-06-23 00:00:00,64020.01,63987.999995000006,2026-06-23 04:00:00,62670.93428071429,62702.26974785464,target,2,658.5328571428565,64975.79928071429,62670.93428071429,0.030199986027311693,1932.436705764621,7729.746823058484,40.742067872213994,3.82604437603056,1.9130323735319337,5.739076749562494,35.0029911226515,0.00452834897751562,0.005270815306741611,7764.749814181135,not computed,,
cheat-degraded-to-a-guess,1dd169613d57,3fd443c,BTC-USD,4h,2025-10-01 00:00:00,2026-07-26,628,holdout,short,2026-06-23 08:00:00,62886.04,62854.59698,2026-06-24 12:00:00,61389.05126571429,61419.745791347144,target,8,732.7728571428561,63953.756265714284,61389.05126571429,0.03088377854308666,1941.1874535452837,7764.749814181135,46.2326685511755,3.8380612807379277,1.9190421985359833,5.757103479273911,40.47556507190159,0.0052127326752987105,0.005954173625367628,7805.225379253036,not computed,,
cheat-degraded-to-a-guess,1dd169613d57,3fd443c,BTC-USD,4h,2025-10-01 00:00:00,2026-07-26,629,holdout,short,2026-06-24 16:00:00,60250.0,60219.875,2026-06-25 04:00:00,61622.94714285714,61653.75861642857,stop,4,935.3814285714288,61622.94714285714,58349.11214285714,0.03240302881421224,1951.306344813259,7805.225379253036,-44.48764583039032,3.94907486176588,1.9745263089714058,5.923601170737285,-50.411247001127606,-0.006458653600846051,-0.005699725974427635,7754.814132251909,not computed,,
cheat-degraded-to-a-guess,1dd169613d57,3fd443c,BTC-USD,4h,2025-10-01 00:00:00,2026-07-26,630,holdout,long,2026-06-25 08:00:00,61911.03,61941.98551499999,2026-06-25 12:00:00,60384.95230071428,60354.759824563924,stop,2,1038.0221428571433,60384.95230071428,64018.02980071428,0.031298698563569566,1938.7035330629772,7754.814132251909,-47.76424589452954,3.827728967688642,1.9138525427825783,5.741581510471221,-53.50582740500076,-0.006899691790480513,-0.00615930247713872,7701.308304846908,not computed,,
cheat-degraded-to-a-guess,1dd169613d57,3fd443c,BTC-USD,4h,2025-10-01 00:00:00,2026-07-26,631,holdout,short,2026-06-25 16:00:00,59557.99,59528.211005000005,2026-07-02 08:00:00,61356.019933571435,61386.697943538216,stop,41,1218.5392857142858,61356.019933571435,57091.13243357143,0.03234310327333726,1925.327076211727,7701.308304846908,-58.153867830052725,3.9107633874087435,1.955367155237056,5.8661305426457995,-64.01999837269852,-0.00831287306500985,-0.007551167350806215,7637.288306474209,not computed,,
cheat-degraded-to-a-guess,1dd169613d57,3fd443c,BTC-USD,4h,2025-10-01 00:00:00,2026-07-26,632,holdout,long,2026-07-02 12:00:00,61358.0,61388.679,2026-07-04 16:00:00,63371.28614285714,63339.600499785716,target,14,991.3035714285709,59901.72364285714,63371.28614285714,0.03110218541465198,1909.3220766185523,7637.288306474209,62.61759890789233,3.879322075452871,1.9396766921259498,5.818998767578821,56.79860014031351,0.007437011392140944,0.008198930876396369,7694.086906614522,not computed,,
cheat-degraded-to-a-guess,1dd169613d57,3fd443c,BTC-USD,4h,2025-10-01 00:00:00,2026-07-26,633,holdout,long,2026-07-04 20:00:00,63294.72,63326.36736,2026-07-05 08:00:00,62445.80521714286,62414.58231453429,stop,4,587.0414285714277,62445.80521714286,64500.450217142854,0.030374736572504238,1923.5217266536306,7694.086906614522,-25.785562901790385,3.819348222740491,1.9096676649793274,5.729015887719818,-31.514578789510203,-0.004095947858662405,-0.0033513480176085375,7662.5723278250125,not computed,,
cheat-degraded-to-a-guess,1dd169613d57,3fd443c,BTC-USD,4h,2025-10-01 00:00:00,2026-07-26,634,holdout,short,2026-07-05 12:00:00,62658.92,62627.590540000005,2026-07-05 20:00:00,63447.48946857143,63479.21321330572,stop,3,546.5992857142846,63447.48946857143,61534.391968571435,0.03058784579510111,1915.6430819562531,7662.5723278250125,-24.120641303387835,3.857335466919193,1.9286617032990527,5.785997170218246,-29.90663847360608,-0.003902950235785239,-0.0031478516967205416,7632.665689351406,not computed,,
cheat-degraded-to-a-guess,1dd169613d57,3fd443c,BTC-USD,4h,2025-10-01 00:00:00,2026-07-26,635,holdout,long,2026-07-06 00:00:00,63650.01,63681.835005,2026-07-06 08:00:00,62836.59143357143,62805.173137854654,stop,3,563.4957142857135,62836.59143357143,64808.82643357143,0.02996406152850387,1908.1664223378516,7632.665689351406,-24.373323972893047,3.790064494548867,1.895026153943217,5.685090648492084,-30.058414621385133,-0.0039381280203744096,-0.0031932911730821784,7602.607274730021,not computed,,
cheat-degraded-to-a-guess,1dd169613d57,3fd443c,BTC-USD,4h,2025-10-01 00:00:00,2026-07-26,636,holdout,short,2026-07-06 12:00:00,62483.84,62452.59808,2026-07-06 12:00:00,63331.62808,63363.29389404,stop,1,586.0199999999988,63331.62808,61280.55808,0.030433510808434653,1900.6518186825053,7602.607274730021,-25.801167695942237,3.829019308264793,1.9145032038401375,5.7435225121049305,-31.544690208047168,-0.004149193700021466,-0.0033937262262252617,7571.062584521974,not computed,,
cheat-degraded-to-a-guess,1dd169613d57,3fd443c,BTC-USD,4h,2025-10-01 00:00:00,2026-07-26,637,holdout,long,2026-07-06 16:00:00,63545.98,63577.75299,2026-07-08 04:00:00,62503.56977571429,62472.317990826436,stop,10,716.1221428571417,62503.56977571429,65009.99727571428,0.029770879861517004,1892.7656461304935,7571.062584521974,-31.033469553626915,3.7526215197058748,1.8763030014854465,5.628924521191321,-36.66239407481824,-0.004842437064219969,-0.00409895826473165,7534.400190447155,not computed,,
cheat-degraded-to-a-guess,1dd169613d57,3fd443c,BTC-USD,4h,2025-10-01 00:00:00,2026-07-26,638,holdout,long,2026-07-08 08:00:00,62888.34,62919.78416999999,2026-07-14 12:00:00,64767.71131285713,64735.32745720071,target,38,923.9635714285703,61533.83881285714,64767.71131285713,0.029936530655009543,1883.6000476117888,7534.400190447155,56.26185691949308,3.821551162496359,1.9107896467120824,5.732340809208441,50.52951611028463,0.006706508127130128,0.007467330576736198,7584.92970655744,not computed,,
cheat-degraded-to-a-guess,1dd169613d57,3fd443c,BTC-USD,4h,2025-10-01 00:00:00,2026-07-26,639,holdout,long,2026-07-14 16:00:00,64744.0,64776.371999999996,2026-07-17 00:00:00,63735.477,63703.6092615,stop,15,693.9300000000003,63735.477,66164.23199999999,0.029273520082899365,1896.23242663936,7584.92970655744,-29.523018294565947,3.7610613117090543,1.8805232750997511,5.641584586808806,-35.164602881374755,-0.004636114537880781,-0.003892325893151291,7549.765103676065,not computed,,
cheat-degraded-to-a-guess,1dd169613d57,3fd443c,BTC-USD,4h,2025-10-01 00:00:00,2026-07-26,640,holdout,short,2026-07-17 04:00:00,63570.0,63538.215000000004,2026-07-18 16:00:00,64541.522142857146,64573.792903928574,stop,10,668.8714285714294,64541.522142857146,62200.47214285714,0.02970560749808625,1887.4412759190163,7549.765103676065,-28.859655451414053,3.805645022585826,1.9028152963789147,5.7084603189647405,-34.568115770378796,-0.004578700833161974,-0.0038225898494990214,7515.196987905687,not computed,,
cheat-degraded-to-a-guess,1dd169613d57,3fd443c,BTC-USD,4h,2025-10-01 00:00:00,2026-07-26,641,holdout,long,2026-07-18 20:00:00,64552.8,64585.0764,2026-07-20 08:00:00,63696.299614285716,63664.451464478574,stop,10,592.5178571428571,63696.299614285716,65770.11211428572,0.0290902999841682,1878.7992469764217,7515.196987905687,-24.91585315698439,3.7308172384056197,1.865402390239339,5.596219628644959,-30.51207278562935,-0.004060049634724527,-0.0033153958834454805,7484.684915120058,not computed,,
cheat-degraded-to-a-guess,1dd169613d57,3fd443c,BTC-USD,4h,2025-10-01 00:00:00,2026-07-26,642,holdout,long,2026-07-20 12:00:00,65002.0,65034.501,2026-07-20 12:00:00,64225.51242857143,64193.39967235715,stop,1,539.3257142857136,64225.51242857143,66113.15242857143,0.028771977950288487,1871.1712287800144,7484.684915120058,-22.341083283815976,3.718142308707131,1.859065569082457,5.577207877789588,-27.918291161605563,-0.003730055637373179,-0.002984906316989246,7456.766623958452,not computed,,
cheat-degraded-to-a-guess,1dd169613d57,3fd443c,BTC-USD,4h,2025-10-01 00:00:00,2026-07-26,643,holdout,long,2026-07-20 16:00:00,65598.75,65631.549375,2026-07-21 12:00:00,66922.97223214286,66889.51074602679,target,6,645.711428571428,64662.98223214286,66922.97223214286,0.028403895287282526,1864.191655989613,7456.766623958452,37.61306961887722,3.7641143150373173,1.8820665607859794,5.646180875823297,31.96688874305392,0.004286963821603978,0.0050441527160079176,7488.733512701507,not computed,,
cheat-degraded-to-a-guess,1dd169613d57,3fd443c,BTC-USD,4h,2025-10-01 00:00:00,2026-07-26,644,holdout,long,2026-07-21 16:00:00,66676.53,66709.868265,2026-07-22 12:00:00,65588.05469357142,65555.26066622464,stop,6,747.8757142857129,65588.05469357142,68205.61969357143,0.028064564162205617,1872.1833781753767,7488.733512701507,-30.54758507624119,3.7119631973127527,1.855973961759986,5.567937159072739,-36.11552223531393,-0.004822647537672297,-0.004079139019225344,7452.617990466193,not computed,,
cheat-degraded-to-a-guess,1dd169613d57,3fd443c,BTC-USD,4h,2025-10-01 00:00:00,2026-07-26,645,holdout,long,2026-07-22 16:00:00,66047.38,66080.40369,2026-07-23 12:00:00,64975.024761428576,64942.53724904786,stop,6,736.9192857142843,64975.024761428576,67554.24226142858,0.028195265064618554,1863.1544976165483,7452.617990466193,-30.23534019495369,3.694226549322317,1.8471057158261566,5.5413322651484735,-35.77667246010216,-0.004800550961537232,-0.004057009259515573,7416.841318006091,not computed,,
cheat-degraded-to-a-guess,1dd169613d57,3fd443c,BTC-USD,4h,2025-10-01 00:00:00,2026-07-26,646,holdout,short,2026-07-23 16:00:00,64958.37,64925.890815000006,2026-07-24 04:00:00,65762.140815,65795.0218854075,stop,4,557.5000000000006,65762.140815,63810.890815000006,0.02855887391341174,1854.2103295015227,7416.841318006091,-22.954789360865295,3.7332420636570416,1.8666152931310904,5.599857356788132,-28.554646717653426,-0.0038499740648799434,-0.003094954897462516,7388.286671288437,not computed,,
cheat-degraded-to-a-guess,1dd169613d57,3fd443c,BTC-USD,4h,2025-10-01 00:00:00,2026-07-26,647,holdout,long,2026-07-24 08:00:00,65499.94,65532.68997,2026-07-24 12:00:00,64707.200327142855,64674.84672697929,stop,2,550.3264285714301,64707.200327142855,66633.34282714286,0.028185500529089746,1847.0716678221092,7388.286671288437,-22.343764468745565,3.6699645944641826,1.8349767112907323,5.504941305754915,-27.84870577450048,-0.003769304984161364,-0.003024214606557633,7360.437965513936,not computed,,
cheat-degraded-to-a-guess,1dd169613d57,3fd443c,BTC-USD,4h,2025-10-01 00:00:00,2026-07-26,648,holdout,short,2026-07-24 16:00:00,64093.86,64061.813070000004,2026-07-26 04:00:00,64370.0,64402.185,end of data (forced close),10,604.4964285714299,64968.557712857146,62852.82021285714,0.028723968354873227,1840.109491378484,7360.437965513936,-7.931836621514676,3.6899958153031753,1.844995924692273,5.534991739995448,-13.466828361510125,-0.001829623240438494,-0.0010776310674280429,7346.971137152426,not computed,,
