strategy,fingerprint,commit,asset,timeframe,train_end,run_date,trade_no,window,direction,entry_time,entry_price_raw,entry_price_fill,exit_time,exit_price_raw,exit_price_fill,exit_reason,bars_held,atr_at_entry,stop_loss,take_profit,size_units,position_value,equity_at_entry,gross_pnl,fees_paid,slippage_paid,costs_paid,net_pnl,return_pct,gross_return_pct,equity_after,regime_at_entry,regime_adx,regime_entropy
con-artist-curve-fit-p6,b34d03e8e04f,01851d3,BTC-USD,4h,2025-10-01 00:00:00,2026-07-26,1,train,short,2024-01-03 12:00:00,43702.89,43681.038555,2024-01-03 12:00:00,42192.068555,42213.1645892775,target,1,744.485,44797.766055,42192.068555,0.057233071435611155,2500.0,10000.0,86.46895168813835,4.91598906446133,2.458016149468577,7.374005213929907,79.09494647420844,0.007909494647420844,0.008646895168813834,10079.094946474208,Unavailable,,
con-artist-curve-fit-p6,b34d03e8e04f,01851d3,BTC-USD,4h,2025-10-01 00:00:00,2026-07-26,2,train,long,2024-01-03 16:00:00,43000.01,43021.510005,2024-01-08 12:00:00,44888.590005,44866.1457099975,target,30,933.5399999999998,41621.200005,44888.590005,0.05857009055065017,2519.773736618552,10079.094946474208,110.61430190499712,5.147587953511771,2.5738216303308405,7.721409583842611,102.8928923211545,0.010208544801648853,0.010974626441403984,10181.987838795363,Unavailable,,
con-artist-curve-fit-p6,b34d03e8e04f,01851d3,BTC-USD,4h,2025-10-01 00:00:00,2026-07-26,3,train,short,2024-01-08 16:00:00,44963.04,44940.55848000001,2024-01-08 16:00:00,45778.215265714294,45801.10437334715,stop,1,558.437857142857,45778.215265714294,43823.68276571429,0.056641418037376386,2545.496959698841,10181.987838795363,-46.17268299905266,5.139736459083105,2.569856686370521,7.709593145453626,-53.882276144506285,-0.00529192108629361,-0.004534741519050506,10128.105562650857,Unavailable,,
con-artist-curve-fit-p6,b34d03e8e04f,01851d3,BTC-USD,4h,2025-10-01 00:00:00,2026-07-26,4,train,short,2024-01-08 20:00:00,46979.36,46955.87032,2024-01-09 12:00:00,45519.68032,45542.44016016,target,5,718.0949999999996,48033.01282,45519.68032,0.053923532316772826,2532.026390662714,10128.105562650857,78.71108439661668,4.987835634423795,2.493937494982788,7.481773129406583,71.22931126721011,0.007032836578034942,0.007771550554022406,10199.334873918067,Unavailable,,
con-artist-curve-fit-p6,b34d03e8e04f,01851d3,BTC-USD,4h,2025-10-01 00:00:00,2026-07-26,5,train,short,2024-01-09 16:00:00,46868.08,46844.64596,2024-01-09 20:00:00,45102.04596,45124.59698298,target,2,871.2999999999998,48151.59596,45102.04596,0.05443170006358432,2549.833718479517,10199.334873918067,96.12823516735999,5.006042246947206,2.5030451555323054,7.509087402479511,88.61914776488048,0.00868871831941699,0.009424951367483867,10287.954021682948,Unavailable,,
con-artist-curve-fit-p6,b34d03e8e04f,01851d3,BTC-USD,4h,2025-10-01 00:00:00,2026-07-26,6,train,long,2024-01-10 08:00:00,45775.98828,45798.87627414,2024-01-11 12:00:00,47926.32627414,47902.36311100294,target,8,1063.7250000000006,44203.28877414,47926.32627414,0.056158332139537484,2571.988505420737,10287.954021682948,120.75939528718122,5.262105323277169,2.6310828514871645,7.893188174764333,112.86620711241689,0.0109707145730375,0.011737940802677389,10400.820228795365,Unavailable,,
con-artist-curve-fit-p6,b34d03e8e04f,01851d3,BTC-USD,4h,2025-10-01 00:00:00,2026-07-26,7,train,short,2024-01-11 16:00:00,46783.77,46760.378115,2024-01-12 16:00:00,44115.38240071428,44137.440091914636,target,7,1322.4978571428578,48744.12490071428,44115.38240071428,0.05243018062433993,2451.6550706318817,10400.820228795365,139.90404380629877,4.7657890269469485,2.3829294894840416,7.14871851643099,132.75532528986778,0.012763928456558245,0.013451251029122212,10533.575554085231,Unavailable,,
con-artist-curve-fit-p6,b34d03e8e04f,01851d3,BTC-USD,4h,2025-10-01 00:00:00,2026-07-26,8,train,short,2024-01-12 20:00:00,43472.56,43450.82372,2024-01-18 16:00:00,40835.20800571429,40855.62560971714,target,36,1307.807857142857,45412.53550571429,40835.20800571429,0.05369583661980093,2333.128331464891,10533.575554085231,141.6148217940716,4.526905329204017,2.26348806830714,6.790393397511157,134.82442839656042,0.012799493173452534,0.0134441359505082,10668.399982481791,Unavailable,,
con-artist-curve-fit-p6,b34d03e8e04f,01851d3,BTC-USD,4h,2025-10-01 00:00:00,2026-07-26,9,train,short,2024-01-19 12:00:00,41475.37,41454.632315,2024-01-19 16:00:00,40350.102315000004,40370.277366157505,target,2,552.2649999999994,42283.029815,40350.102315000004,0.06433780368268713,2667.0999956204478,10668.399982481791,72.39725140800175,5.264434975419918,2.632235587022876,7.896670562442794,64.50058084555896,0.00604594699781346,0.006786139582963028,10732.90056332735,Chaotic,40.965728169593596,1.9658785912691326
con-artist-curve-fit-p6,b34d03e8e04f,01851d3,BTC-USD,4h,2025-10-01 00:00:00,2026-07-26,10,train,short,2024-01-19 20:00:00,41814.27,41793.362864999996,2024-01-22 08:00:00,40420.724293571424,40440.93465571821,target,16,686.3192857142848,42822.841793571424,40420.724293571424,0.06420218323897822,2683.2251408318375,10732.90056332735,89.46867679601858,5.279621437953803,2.6398330861460124,7.919454524099815,81.54922227191877,0.0075980599830170565,0.008335927111979322,10814.449785599269,Chaotic,41.84759359931526,1.9663324361427796
con-artist-curve-fit-p6,b34d03e8e04f,01851d3,BTC-USD,4h,2025-10-01 00:00:00,2026-07-26,11,train,long,2024-01-22 12:00:00,40815.92,40836.327959999995,2024-01-22 12:00:00,40385.29831714285,40365.10566798428,stop,1,300.6864285714286,40385.29831714285,41437.70081714285,0.0662060616480517,2703.612446399817,10814.449785599269,-28.509765682228156,5.3760271206845065,2.688006432900469,8.064033553584975,-36.573799235813134,-0.003381938051486957,-0.0026362659448650187,10777.875986363455,Chaotic,30.408563816225605,1.9694081832182078
con-artist-curve-fit-p6,b34d03e8e04f,01851d3,BTC-USD,4h,2025-10-01 00:00:00,2026-07-26,12,train,short,2024-01-22 16:00:00,40772.0,40751.614,2024-01-22 16:00:00,40052.402571428574,40072.42877271429,target,1,349.605714285714,41276.02257142857,40052.402571428574,0.06611931975481668,2694.4689965908638,10777.875986363455,47.579292474457944,5.344030727966076,2.6720272588059757,8.01605798677205,39.56323448768589,0.0036707821223534837,0.004414533302726523,10817.439220851142,Chaotic,30.71195740284393,1.9664167555402474
con-artist-curve-fit-p6,b34d03e8e04f,01851d3,BTC-USD,4h,2025-10-01 00:00:00,2026-07-26,13,train,short,2024-01-22 20:00:00,39820.31,39800.399845,2024-01-23 08:00:00,38924.93555928572,38944.398027065356,target,4,437.7321428571418,40456.99805928571,38924.93555928572,0.06794805619402655,2704.3598052127854,10817.439220851142,60.838952812349014,5.350555950798359,2.6752931851369155,8.025849135935275,52.81310367641374,0.004882218665450314,0.005624154808753532,10870.252324527555,Chaotic,32.226503799105316,1.9649364296722074
con-artist-curve-fit-p6,b34d03e8e04f,01851d3,BTC-USD,4h,2025-10-01 00:00:00,2026-07-26,14,train,long,2024-01-23 12:00:00,38845.56,38864.98278,2024-01-24 00:00:00,40089.438494285714,40069.393775038574,target,4,612.2278571428568,37946.64099428571,40089.438494285714,0.06992317728570697,2717.563081131889,10870.252324527555,86.97593647781841,5.519342405794714,2.7596929468813443,8.279035352676058,78.69690112514235,0.007239657256857898,0.008001280364170256,10948.949225652697,Chaotic,37.861498468223004,1.9622590703725995
con-artist-curve-fit-p6,b34d03e8e04f,01851d3,BTC-USD,4h,2025-10-01 00:00:00,2026-07-26,15,train,long,2024-01-24 04:00:00,39614.0,39633.807,2024-01-26 08:00:00,41201.472714285715,41180.871977928575,target,14,783.8328571428574,38458.057714285715,41201.472714285715,0.06906319411640609,2737.2373064131743,10948.949225652697,109.63593622121243,5.5813198617077235,2.7906873398378167,8.37200720154554,101.26392901966689,0.00924873491808802,0.01001337516154905,11050.213154672365,Chaotic,40.16969506017496,1.9623133264632604
con-artist-curve-fit-p6,b34d03e8e04f,01851d3,BTC-USD,4h,2025-10-01 00:00:00,2026-07-26,16,train,long,2024-01-26 12:00:00,41289.52,41310.16475999999,2024-01-28 04:00:00,42416.08333142856,42394.87528976285,target,11,552.9592857142852,40480.725831428565,42416.08333142856,0.06687345123694664,2762.553288668091,11050.213154672365,75.33717800962037,5.597644914054481,2.7988412913212812,8.396486205375762,66.94069180424461,0.006057864302458279,0.0068177126499831845,11117.153846476609,Chaotic,29.919592277291468,1.974534754348913
con-artist-curve-fit-p6,b34d03e8e04f,01851d3,BTC-USD,4h,2025-10-01 00:00:00,2026-07-26,17,train,long,2024-01-28 16:00:00,42258.0,42279.129,2024-01-29 16:00:00,43225.00757142857,43203.39506764286,target,7,472.9392857142858,41569.72007142857,43225.00757142857,0.06573665369547117,2779.2884616191523,11117.153846476609,63.567841843898535,5.619335081649418,2.8096834327851212,8.429018514434539,55.138823329463996,0.004959796733130513,0.00571799605562221,11172.292669806073,Chaotic,32.692207182524136,1.967882272014598
con-artist-curve-fit-p6,b34d03e8e04f,01851d3,BTC-USD,4h,2025-10-01 00:00:00,2026-07-26,18,train,short,2024-01-30 04:00:00,43519.71,43497.950145,2024-01-31 08:00:00,42480.80443071429,42502.04483292965,target,8,508.5728571428564,44260.80943071429,42480.80443071429,0.06421160441218116,2793.073167451518,11172.292669806073,66.7097934365857,5.522197656972385,2.7611155059343133,8.283313162906698,58.426480273679,0.0052295873372151065,0.0059710030347552324,11230.719150079753,Chaotic,33.79356130856036,1.9816567653636517
con-artist-curve-fit-p6,b34d03e8e04f,01851d3,BTC-USD,4h,2025-10-01 00:00:00,2026-07-26,19,train,long,2024-01-31 12:00:00,42647.98,42669.30399,2024-02-07 20:00:00,43769.76827571428,43747.883391576426,target,45,550.2321428571423,41843.95577571429,43769.76827571428,0.06580092771557622,2807.679787519938,11230.719150079753,73.8147092424562,5.686331100278516,2.843184003816347,8.529515104094862,65.28519413836133,0.005813091153463465,0.006572571912452465,11296.004344218114,Chaotic,35.14904419356421,1.980366321539087
con-artist-curve-fit-p6,b34d03e8e04f,01851d3,BTC-USD,4h,2025-10-01 00:00:00,2026-07-26,20,train,short,2024-02-08 00:00:00,44349.6,44327.4252,2024-02-08 12:00:00,44988.27377142857,45010.76790831428,stop,4,440.5657142857152,44988.27377142857,43446.293771428565,0.06370776270701436,2824.0010860545285,11296.004344218114,-40.68847707736527,5.691536407217912,2.8457580314895097,8.537294438707422,-49.22577151607269,-0.004357803876135106,-0.0036020238517517713,11246.778572702042,Ranging,13.38554808094162,1.891468062946132
con-artist-curve-fit-p6,b34d03e8e04f,01851d3,BTC-USD,4h,2025-10-01 00:00:00,2026-07-26,21,train,short,2024-02-08 16:00:00,45432.3,45409.58385,2024-02-09 00:00:00,46113.96670714286,46137.02369049643,stop,3,469.5885714285713,46113.96670714286,44470.40670714286,0.061918529191178885,2811.6946431755105,11246.778572702042,-42.20779990487997,5.668431291349625,2.834205093724769,8.502636385074394,-50.710436289954366,-0.00450888545214518,-0.0037528790695075926,11196.068136412088,Ranging,24.026867810171666,1.8816849325168872
con-artist-curve-fit-p6,b34d03e8e04f,01851d3,BTC-USD,4h,2025-10-01 00:00:00,2026-07-26,22,train,long,2024-02-09 04:00:00,46060.74,46083.77037,2024-02-09 08:00:00,47119.41751285714,47095.85780410071,target,2,517.8235714285709,45307.035012857144,47119.41751285714,0.060737587476678116,2799.017034103022,11196.068136412088,64.30151804675249,5.659505817268783,2.829768984013633,8.489274801282416,55.81224324547008,0.004984986029511229,0.005743223180076025,11251.880379657558,Trending,32.60856040157724,1.8678632361113383
con-artist-curve-fit-p6,b34d03e8e04f,01851d3,BTC-USD,4h,2025-10-01 00:00:00,2026-07-26,23,train,short,2024-02-09 12:00:00,47180.01,47156.419995000004,2024-02-09 16:00:00,48037.62928071429,48061.64809535464,stop,2,587.4728571428562,48037.62928071429,45981.47428071429,0.05965190095458155,2812.9700949143894,11251.880379657558,-51.15862038990812,5.679938766812438,2.8399565937507347,8.519895360563172,-59.6785157504713,-0.005303870440923366,-0.004546672970537312,11192.201863907087,Trending,38.59264538452098,1.8510841406257308
con-artist-curve-fit-p6,b34d03e8e04f,01851d3,BTC-USD,4h,2025-10-01 00:00:00,2026-07-26,24,train,long,2024-02-09 20:00:00,47509.48,47533.23474,2024-02-12 12:00:00,48924.61188285714,48900.14957691572,target,17,695.6885714285709,46489.701882857145,48924.61188285714,0.05886513891347197,2798.0504659767716,11192.201863907087,83.30193486526859,5.676564563711473,2.838303107338902,8.514867671050375,74.78706719421822,0.0066820691856348275,0.007442854934014629,11266.988931101305,Trending,44.60851058001213,1.8369603830179562
con-artist-curve-fit-p6,b34d03e8e04f,01851d3,BTC-USD,4h,2025-10-01 00:00:00,2026-07-26,25,train,short,2024-02-12 16:00:00,49917.8,49892.841100000005,2024-02-13 12:00:00,48527.579671428575,48551.84346126429,target,6,682.6307142857144,50916.78717142858,48527.579671428575,0.056455939783620096,2816.747232775326,11266.988931101305,78.48619515579307,5.5577871836082124,2.7789132133527232,8.336700396960936,70.14949475883213,0.006226108429483945,0.0069660310874310365,11337.138425860137,Trending,61.10733339801923,1.8520331800466563
con-artist-curve-fit-p6,b34d03e8e04f,01851d3,BTC-USD,4h,2025-10-01 00:00:00,2026-07-26,26,train,long,2024-02-13 16:00:00,48727.47,48751.833735,2024-02-14 08:00:00,50312.41659214286,50287.26038384679,target,5,780.2914285714281,47581.39659214286,50312.41659214286,0.058136984587520035,2834.2846064650344,11337.138425860137,92.14401559945165,5.7578342883493425,2.878940180178219,8.636774468527562,83.50724113092409,0.007365812958624828,0.008127625520499083,11420.645666991062,Trending,61.82352318264018,1.8617575493945067
con-artist-curve-fit-p6,b34d03e8e04f,01851d3,BTC-USD,4h,2025-10-01 00:00:00,2026-07-26,27,train,long,2024-02-14 12:00:00,51555.12,51580.89756,2024-02-26 16:00:00,53430.68756,53403.97221622,target,74,924.8949999999999,50193.55506,53430.68756,0.05535307743388104,2855.1614167477655,11420.645666991062,103.8184363811551,5.811235626109022,2.9056437676633635,8.716879393772386,95.10155698738271,0.00832716115711859,0.009090417425454335,11515.747223978446,Trending,52.90328067522443,1.8724180574772342
con-artist-curve-fit-p6,b34d03e8e04f,01851d3,BTC-USD,4h,2025-10-01 00:00:00,2026-07-26,28,train,long,2024-02-26 20:00:00,54487.1,54514.34355,2024-02-27 00:00:00,55646.52212142857,55618.69886036786,target,2,566.0892857142862,53665.20962142857,55646.52212142857,0.05281062961629686,2878.9368059946114,11515.747223978446,61.22981222370546,5.81619531124985,2.9081129630776203,8.72430827432747,52.50550394937799,0.004559452628488528,0.005317050733469631,11568.252727927824,Ranging,17.001190231814956,1.9034530530538705
con-artist-curve-fit-p6,b34d03e8e04f,01851d3,BTC-USD,4h,2025-10-01 00:00:00,2026-07-26,29,train,short,2024-02-27 04:00:00,55667.6,55639.7662,2024-02-27 08:00:00,56759.37477142857,56787.754458814285,stop,2,746.4057142857143,56759.37477142857,54146.95477142857,0.051978348930983756,2892.063181981956,11568.252727927824,-56.748650023359374,5.843796898249233,2.9218842619620915,8.765681160211326,-65.5143311835707,-0.00566328664530361,-0.004905550678916101,11502.738396744253,Ranging,23.313765332114954,1.9065425007524088
con-artist-curve-fit-p6,b34d03e8e04f,01851d3,BTC-USD,4h,2025-10-01 00:00:00,2026-07-26,30,train,short,2024-02-27 12:00:00,56527.8,56499.536100000005,2024-02-28 04:00:00,57723.941100000004,57752.80307055,stop,5,816.2699999999988,57723.941100000004,54866.996100000004,0.05089749045189174,2875.684599186063,11502.738396744253,-60.880580216365324,5.815157342039366,2.907563450874278,8.722720792913645,-69.60330100927897,-0.006051020079616829,-0.0052927031908851395,11433.135095734973,Trending,29.792772959388095,1.9120255445550005
con-artist-curve-fit-p6,b34d03e8e04f,01851d3,BTC-USD,4h,2025-10-01 00:00:00,2026-07-26,31,train,long,2024-02-28 08:00:00,58241.09,58270.210544999994,2024-02-28 12:00:00,60382.129116428565,60351.938051870355,target,2,1055.9592857142848,56686.27161642857,60382.129116428565,0.04905223007091065,2858.2837739337433,11433.135095734973,105.02274332987338,5.818680924479435,2.909366717925238,8.728047642404672,96.2946956874687,0.008422422623466643,0.00918582195088827,11529.429791422443,Trending,42.15375575449014,1.9297946646493873
con-artist-curve-fit-p6,b34d03e8e04f,01851d3,BTC-USD,4h,2025-10-01 00:00:00,2026-07-26,32,train,long,2024-02-28 16:00:00,60966.22,60996.703109999995,2024-02-28 16:00:00,59082.17810999999,59052.637020944996,stop+target same candle (loss counted),1,1276.349999999999,59082.17810999999,63549.40310999999,0.04725431541205819,2882.3574478556106,11529.429791422443,-89.02910971959061,5.67284938355713,2.8364024345007124,8.509251818057843,-97.53836153764846,-0.008459946701806028,-0.007721900504205824,11431.891429884794,Trending,47.424826733951356,1.9362205865431434
con-artist-curve-fit-p6,b34d03e8e04f,01851d3,BTC-USD,4h,2025-10-01 00:00:00,2026-07-26,33,train,long,2024-02-28 20:00:00,60951.1,60981.575549999994,2024-03-04 00:00:00,64223.81554999999,64191.703642224995,target,26,1621.119999999999,58549.895549999994,64223.81554999999,0.04686616952243043,2857.9728574711985,11431.891429884794,153.37964176499383,5.866392122301329,2.9332344060607625,8.799626528362092,144.58001523663174,0.012647077355780028,0.013416821066375324,11576.471445121426,Trending,50.26306158300185,1.9385612815225703
con-artist-curve-fit-p6,b34d03e8e04f,01851d3,BTC-USD,4h,2025-10-01 00:00:00,2026-07-26,34,train,long,2024-03-04 04:00:00,63458.71,63490.439354999995,2024-03-04 08:00:00,64919.91364071428,64887.453683893924,target,2,714.7371428571423,62418.33364071428,64919.91364071428,0.045583522348903685,2894.1178612803565,11576.471445121426,66.60680881279883,5.851916556443588,2.92597492992374,8.777891486367327,57.8289173264315,0.004995383748888514,0.005753636514247903,11634.300362447857,Trending,54.06330969701628,1.929601943303783
con-artist-curve-fit-p6,b34d03e8e04f,01851d3,BTC-USD,4h,2025-10-01 00:00:00,2026-07-26,35,train,long,2024-03-04 12:00:00,65229.99,65262.604994999994,2024-03-04 16:00:00,66872.364995,66838.9288125025,target,2,804.879999999999,64055.284994999995,66872.364995,0.0445672539555355,2908.5750906119642,11634.300362447857,73.19614349238627,5.887402605114723,2.943719601592676,8.831122206707398,64.36502128567886,0.005532349972107516,0.0062914091275004524,11698.665383733536,Trending,55.82876907241082,1.9153721331746545
con-artist-curve-fit-p6,b34d03e8e04f,01851d3,BTC-USD,4h,2025-10-01 00:00:00,2026-07-26,36,train,short,2024-03-05 00:00:00,68245.71,68211.58714500001,2024-03-05 04:00:00,66083.00000214287,66116.04150214394,target,2,1064.2935714285716,69808.02750214287,66083.00000214287,0.04287638608549465,2924.666345933384,11698.665383733536,92.72918885908183,5.759483267823896,2.879764816208805,8.639248084032701,84.08994077504913,0.0071879943580549265,0.007926475868607848,11782.755324508586,Trending,60.349364132974934,1.8818352601614905
con-artist-curve-fit-p6,b34d03e8e04f,01851d3,BTC-USD,4h,2025-10-01 00:00:00,2026-07-26,37,train,long,2024-03-05 08:00:00,66129.64,66162.70482,2024-03-05 12:00:00,68783.04482,68748.65329759,target,2,1310.1700000000003,64197.44982,68783.04482,0.04452189249428492,2945.6888311271464,11782.755324508586,118.13460413985726,6.006508982369315,3.0032840248352812,9.009793007204596,109.12481113265267,0.00926140008234482,0.010026059345740019,11891.880135641239,Trending,59.816147286072336,1.855649349996122
con-artist-curve-fit-p6,b34d03e8e04f,01851d3,BTC-USD,4h,2025-10-01 00:00:00,2026-07-26,38,train,short,2024-03-05 16:00:00,66773.05,66739.66347500001,2024-03-05 16:00:00,63672.57490357144,63704.411191023224,target,1,1533.544285714286,69039.97990357144,63672.57490357144,0.0445457750176393,2972.9700339103097,11891.880135641239,138.1130660933003,5.810732402456813,2.905400729494602,8.716133131951416,129.39693296134888,0.010881116483299593,0.011614064766710912,12021.277068602587,Trending,57.0298841969951,1.8313183395908674
con-artist-curve-fit-p6,b34d03e8e04f,01851d3,BTC-USD,4h,2025-10-01 00:00:00,2026-07-26,39,train,long,2024-03-05 20:00:00,61410.98,61441.685489999996,2024-03-06 04:00:00,65579.37834714286,65546.58865796929,target,3,2068.846428571429,58338.41584714285,65579.37834714286,0.038737455819452225,2380.0945771415536,12021.277068602587,161.47314681032415,4.919202659395447,2.4596416979842104,7.378844357379657,154.0943024529445,0.012818463593640238,0.013432278940817608,12175.371371055531,Trending,54.371581092720454,1.8231209341539445
con-artist-curve-fit-p6,b34d03e8e04f,01851d3,BTC-USD,4h,2025-10-01 00:00:00,2026-07-26,40,train,long,2024-03-06 08:00:00,66676.46,66709.79823,2024-03-11 08:00:00,71660.71823,71624.88787088501,target,31,2475.46,62996.60823,71660.71823,0.032789518907073226,2187.382190349625,12175.371371055531,163.43142947032007,4.535927805409008,2.268004760561297,6.803932565970305,156.62749690434975,0.012864289074311095,0.013423116592471671,12331.998867959881,Trending,46.07521961497974,1.80675078015996
con-artist-curve-fit-p6,b34d03e8e04f,01851d3,BTC-USD,4h,2025-10-01 00:00:00,2026-07-26,41,train,short,2024-03-11 16:00:00,72010.01,71974.004995,2024-03-12 16:00:00,69909.45928071428,69944.41401035462,target,7,1032.2728571428577,73522.41428071428,69909.45928071428,0.04283490570247057,3082.9997169899702,12331.998867959881,89.97689198386047,6.079062095538072,3.039553541991552,9.118615637529624,80.85827634633084,0.006556785904060618,0.007296213123862021,12412.857144306212,Ranging,21.151726533618024,1.8769909849149835
con-artist-curve-fit-p6,b34d03e8e04f,01851d3,BTC-USD,4h,2025-10-01 00:00:00,2026-07-26,42,train,short,2024-03-13 04:00:00,72057.43,72021.401285,2024-03-14 16:00:00,69018.16414214286,69052.67322421393,target,10,1501.6185714285696,74273.82914214286,69018.16414214286,0.04308739111860163,3103.214286076553,12412.857144306212,130.9540367309024,6.078513825073249,3.039289651045081,9.117803476118329,121.83623325478408,0.009815325499872563,0.010549870606621065,12534.693377560996,Ranging,19.054224271934462,1.9061542120382202
con-artist-curve-fit-p6,b34d03e8e04f,01851d3,BTC-USD,4h,2025-10-01 00:00:00,2026-07-26,43,train,short,2024-03-15 00:00:00,71388.94,71353.24553,2024-03-15 00:00:00,68362.06695857143,68396.24799205072,target,1,1495.5892857142858,73596.62945857143,68362.06695857143,0.04391774082753835,3133.673344390249,12534.693377560996,132.93342575132257,6.137482037281172,3.0687742519969845,9.206256289278157,123.72716946204442,0.009870777508090851,0.010605239533764231,12658.42054702304,Ranging,17.130758983844384,1.9497030153590391
con-artist-curve-fit-p6,b34d03e8e04f,01851d3,BTC-USD,4h,2025-10-01 00:00:00,2026-07-26,44,train,short,2024-03-15 04:00:00,68224.01,68189.89799499999,2024-03-16 20:00:00,64839.80228071428,64872.22218185463,target,11,1675.047857142858,70702.46978071428,64839.80228071428,0.0464087090581629,3164.60513675576,12658.42054702304,157.0567114367199,6.175241221949953,3.0876598751528377,9.262901097102791,147.7938103396171,0.011675533277678524,0.0124072913246397,12806.214357362658,Ranging,19.14828757501488,1.9536914659449567
con-artist-curve-fit-p6,b34d03e8e04f,01851d3,BTC-USD,4h,2025-10-01 00:00:00,2026-07-26,45,train,short,2024-03-17 04:00:00,66538.99,66505.720505,2024-03-19 20:00:00,62151.524790714284,62182.60055310964,target,17,2177.0978571428604,69771.36729071429,62151.524790714284,0.03921494024823506,2608.0178557693966,12806.214357362658,172.0541860233497,5.046504820939459,2.5232954240161405,7.5698002449556,164.4843857783941,0.012844106867836968,0.013435210533113624,12970.698743141053,Chaotic,30.0045521671741,1.977371989178363
con-artist-curve-fit-p6,b34d03e8e04f,01851d3,BTC-USD,4h,2025-10-01 00:00:00,2026-07-26,46,train,long,2024-03-20 04:00:00,61860.82,61891.75040999999,2024-03-20 16:00:00,65567.36469571428,65534.58101336643,target,4,1837.807142857144,59135.03969571428,65567.36469571428,0.04705135970896341,2912.0910115582933,12970.698743141053,174.39796775540282,5.995582156194401,2.9978346775885143,8.993416833782916,165.40455092161992,0.012752169655400129,0.01344553375334733,13136.103294062672,Trending,37.346479587009185,1.9564599227069415
con-artist-curve-fit-p6,b34d03e8e04f,01851d3,BTC-USD,4h,2025-10-01 00:00:00,2026-07-26,47,train,short,2024-03-21 00:00:00,67840.51,67806.589745,2024-03-22 12:00:00,63491.05260214286,63522.79812844393,target,10,2157.768571428572,71043.24260214287,63491.05260214286,0.040585456253280396,2751.9613817798286,13136.103294062672,176.52471294623754,5.330063126307752,2.6650756943316765,7.995138820639428,168.52957412559812,0.012829495197542413,0.013438133744428163,13304.63286818827,Trending,34.29502288222393,1.94208042931897
con-artist-curve-fit-p6,b34d03e8e04f,01851d3,BTC-USD,4h,2025-10-01 00:00:00,2026-07-26,48,train,long,2024-03-22 16:00:00,63877.04,63908.97852,2024-03-24 20:00:00,67465.13709142857,67431.40452288286,target,14,1778.0792857142853,61241.85959142857,67465.13709142857,0.04988391303313402,3188.02992652811,13304.63286818827,178.98832326326362,6.551772245449679,3.2759308698049097,9.82770311525459,169.16062014800903,0.012714414732365639,0.013453082474092874,13473.79348833628,Ranging,23.082501057433422,1.8921574948063278
con-artist-curve-fit-p6,b34d03e8e04f,01851d3,BTC-USD,4h,2025-10-01 00:00:00,2026-07-26,49,train,long,2024-03-25 00:00:00,67210.0,67243.605,2024-03-25 12:00:00,69637.515,69602.69624250001,target,4,1196.9550000000013,65448.17249999999,69637.515,0.05009321514044451,3368.44837208407,13473.79348833628,121.60203115165612,6.855071209314631,3.427566005164408,10.282637214479038,111.31939393717708,0.008261919260788864,0.00902507755198431,13585.112882273457,Ranging,18.023972869124805,1.9025651895162452
con-artist-curve-fit-p6,b34d03e8e04f,01851d3,BTC-USD,4h,2025-10-01 00:00:00,2026-07-26,50,train,short,2024-03-25 20:00:00,70960.89,70925.409555,2024-03-27 16:00:00,68403.26098357142,68437.4626140632,target,12,1261.0742857142873,72817.02098357143,68403.26098357142,0.04788521126458463,3396.2782205683643,13585.112882273457,122.4726057881141,6.673420576254894,3.336740906278223,10.010161482533118,112.46244430558097,0.00827835920688798,0.009015207076263793,13697.575326579039,Ranging,20.32973263489659,1.912519352672909
con-artist-curve-fit-p6,b34d03e8e04f,01851d3,BTC-USD,4h,2025-10-01 00:00:00,2026-07-26,51,train,short,2024-03-28 08:00:00,70399.04,70363.84048,2024-04-02 00:00:00,67878.21048,67912.14958524,target,29,1242.8150000000012,72228.06298,67878.21048,0.04866695462164404,3424.3938316447598,13697.575326579039,122.68109585874069,6.729471333767937,3.364766337157789,10.094237670925725,112.58685818781497,0.00821947355670673,0.008956409651618263,13810.162184766854,Trending,33.43927638643884,1.9213220831909812
con-artist-curve-fit-p6,b34d03e8e04f,01851d3,BTC-USD,4h,2025-10-01 00:00:00,2026-07-26,52,train,short,2024-04-02 04:00:00,66703.97,66670.618015,2024-04-03 00:00:00,64520.708015,64552.968369007496,target,6,1074.9550000000006,68283.050515,64520.708015,0.05178503888196953,3452.5405461917135,13810.162184766854,113.06030678275121,6.795418523127316,3.397737526640398,10.193156049767715,102.8671507329835,0.007448656240000568,0.00818674721340066,13913.029335499838,Chaotic,29.864540371961734,1.9744031589467614
con-artist-curve-fit-p6,b34d03e8e04f,01851d3,BTC-USD,4h,2025-10-01 00:00:00,2026-07-26,53,train,long,2024-04-03 04:00:00,66225.79,66258.90289499999,2024-04-04 16:00:00,69182.34718071428,69147.75600712393,target,10,1461.7221428571434,64066.319680714274,69182.34718071428,0.052494943047682645,3478.2573338749594,13913.029335499838,155.20430081881352,7.108164847343986,3.5541212247467513,10.662286072090737,144.54201474672277,0.01038896787042029,0.011155320460857612,14057.57135024656,Chaotic,41.717224104160174,1.9814598613507233
con-artist-curve-fit-p6,b34d03e8e04f,01851d3,BTC-USD,4h,2025-10-01 00:00:00,2026-07-26,54,train,long,2024-04-04 20:00:00,68500.0,68534.25,2024-04-05 04:00:00,66730.97035714285,66697.60487196429,stop,3,1202.1864285714307,66730.97035714285,70938.62285714287,0.051279365245284515,3514.39283756164,14057.57135024656,-90.71471718580679,6.934603678776765,3.467279160708941,10.401882839485705,-101.1166000252925,-0.007193034807077041,-0.006453086022160984,13956.454750221268,Chaotic,44.271187593415625,1.9899439646438453
con-artist-curve-fit-p6,b34d03e8e04f,01851d3,BTC-USD,4h,2025-10-01 00:00:00,2026-07-26,55,train,long,2024-04-05 12:00:00,66478.0,66511.239,2024-04-06 20:00:00,68842.57328571429,68808.15199907143,target,9,1165.6671428571442,64762.73828571429,68842.57328571429,0.05245900903387647,3489.113687555317,13956.454750221268,124.04317135654874,7.098721154878951,3.549391588232382,10.648112743111334,113.39505861343741,0.00812491858733964,0.00888787113751665,14069.849808834706,Chaotic,34.797455319747606,1.9912959511183406
con-artist-curve-fit-p6,b34d03e8e04f,01851d3,BTC-USD,4h,2025-10-01 00:00:00,2026-07-26,56,train,long,2024-04-07 00:00:00,68896.0,68930.44799999999,2024-04-08 08:00:00,71242.74514285714,71207.12377028572,target,9,1156.1485714285704,67196.22514285713,71242.74514285714,0.05102915408599516,3517.4624522086765,14069.849808834706,119.75241949541756,7.151101743103115,3.575580809655392,10.726682552758508,109.02573694265905,0.00774889131184612,0.008511279162356297,14178.875545777366,Chaotic,23.17891060151516,1.99339046778268
con-artist-curve-fit-p6,b34d03e8e04f,01851d3,BTC-USD,4h,2025-10-01 00:00:00,2026-07-26,57,train,short,2024-04-08 12:00:00,72404.0,72367.79800000001,2024-04-09 04:00:00,70536.3322857143,70571.60045185716,target,5,915.7328571428546,73741.3972857143,70536.3322857143,0.04898199177546263,3544.7188864443415,14178.875545777366,91.48208462043891,7.001456439358442,3.5007510901995715,10.502207529558014,80.9798770908809,0.005711304597422583,0.006451998561175279,14259.855422868246,Chaotic,35.17422766112064,1.9936332169621664
con-artist-curve-fit-p6,b34d03e8e04f,01851d3,BTC-USD,4h,2025-10-01 00:00:00,2026-07-26,58,train,short,2024-04-09 08:00:00,70383.98,70348.78801,2024-04-09 16:00:00,68368.12086714286,68402.30492757644,target,3,990.3335714285703,71834.28836714286,68368.12086714286,0.05067555471190642,3564.9638557170615,14259.855422868246,102.15477977859796,7.031288601494968,3.5156698394421397,10.546958440937107,91.60782133766085,0.0064241760257085926,0.0071638019285086415,14351.463244205906,Chaotic,42.256124659429915,1.9873835492324683
con-artist-curve-fit-p6,b34d03e8e04f,01851d3,BTC-USD,4h,2025-10-01 00:00:00,2026-07-26,59,train,short,2024-04-10 00:00:00,69146.0,69111.42700000001,2024-04-10 20:00:00,70919.07592857143,70954.53546653572,stop,6,1205.0992857142846,70919.07592857143,66701.22842857144,0.05191421978671452,3587.8658110514766,14351.463244205906,-92.04785345439016,7.271415160125442,3.6356845680987675,10.90709972822421,-102.95495318261437,-0.007173829694625753,-0.006413830554285292,14248.508291023292,Chaotic,33.007085457770714,1.9812548849692853
con-artist-curve-fit-p6,b34d03e8e04f,01851d3,BTC-USD,4h,2025-10-01 00:00:00,2026-07-26,60,train,short,2024-04-11 00:00:00,70631.08,70595.76446,2024-04-12 16:00:00,68302.3987457143,68336.54994508714,target,11,1146.682857142856,72315.7887457143,68302.3987457143,0.05045808484408645,3562.127072755823,14248.508291023292,117.5007963035819,7.0102585078371815,3.505158629117062,10.515417136954245,106.98537916662765,0.007508531909549405,0.0082465331741154,14355.49367018992,Chaotic,25.561584453577733,1.9835658171711696
con-artist-curve-fit-p6,b34d03e8e04f,01851d3,BTC-USD,4h,2025-10-01 00:00:00,2026-07-26,61,train,short,2024-04-13 00:00:00,67116.52,67082.96174000001,2024-04-13 16:00:00,64404.1260257143,64436.328088727154,target,5,1339.4178571428565,69092.0885257143,64404.1260257143,0.05349903052070401,3588.87341754748,14355.49367018992,145.11044801448452,7.036154500608391,3.518113527915517,10.554268028523907,134.5561799859606,0.009373148919662367,0.010108356518300407,14490.049850175881,Chaotic,20.405654145122895,1.9902570064520537
con-artist-curve-fit-p6,b34d03e8e04f,01851d3,BTC-USD,4h,2025-10-01 00:00:00,2026-07-26,62,train,short,2024-04-13 20:00:00,64788.01,64755.61599500001,2024-04-13 20:00:00,61843.42885214287,61874.35056656894,target,1,1456.0935714285708,66939.75635214287,61843.42885214287,0.05594128643334466,3622.5124625439703,14490.049850175881,164.72365741850274,7.083843230465584,3.54196279614672,10.625806026612304,154.09785139189043,0.01063473576593803,0.01136805318972062,14644.147701567772,Chaotic,29.410884280854816,1.991563119370663
con-artist-curve-fit-p6,b34d03e8e04f,01851d3,BTC-USD,4h,2025-10-01 00:00:00,2026-07-26,63,train,short,2024-04-14 04:00:00,63437.55,63405.83122500001,2024-04-15 04:00:00,66086.01622500001,66119.05923311251,stop,7,1786.7900000000004,66086.01622500001,59832.25122500001,0.054638570477663836,3464.4039780820212,14644.147701567772,-144.70840849237538,7.077054855907269,3.5384912508508535,10.615546106758122,-155.32395459913351,-0.010606554766072515,-0.00988165453131036,14488.82374696864,Chaotic,34.901844171190284,1.9912532170722324
con-artist-curve-fit-p6,b34d03e8e04f,01851d3,BTC-USD,4h,2025-10-01 00:00:00,2026-07-26,64,train,short,2024-04-15 08:00:00,66263.84,66230.70808,2024-04-15 16:00:00,62458.668079999996,62489.897414039995,target,3,1886.0199999999988,69059.73808,62458.668079999996,0.051214811249681504,3391.9932132499557,14488.82374696864,194.8811616553882,6.592401514321975,3.2962494774513686,9.888650991773343,184.99251066361487,0.012767945410497462,0.01345044739716441,14673.816257632254,Chaotic,42.75531058483817,1.991378012589911
con-artist-curve-fit-p6,b34d03e8e04f,01851d3,BTC-USD,4h,2025-10-01 00:00:00,2026-07-26,65,train,short,2024-04-16 12:00:00,63094.76,63063.212620000006,2024-04-19 00:00:00,59632.742620000005,59662.558991310005,target,16,1715.234999999999,65636.06512,59632.742620000005,0.05703325883482357,3596.7005283119724,14673.816257632254,197.4501333241976,6.999450698011286,3.4997747115387767,10.499225409550062,186.95090791464753,0.012740442202103304,0.013455949690081364,14860.767165546902,Chaotic,45.79311207288862,1.9819109263930277
con-artist-curve-fit-p6,b34d03e8e04f,01851d3,BTC-USD,4h,2025-10-01 00:00:00,2026-07-26,66,train,long,2024-04-19 04:00:00,61785.14,61816.032569999996,2024-04-19 08:00:00,65335.30971285714,65302.64205800071,target,2,1759.6385714285705,59176.57471285714,65335.30971285714,0.05630234680705714,3480.3877039924796,14860.767165546902,199.88288639719312,7.157079704559152,3.578589823000925,10.735669527560077,189.14721686963304,0.012727957767089617,0.013450374679215766,15049.914382416535,Trending,42.26350138386556,1.9269527207663317
con-artist-curve-fit-p6,b34d03e8e04f,01851d3,BTC-USD,4h,2025-10-01 00:00:00,2026-07-26,67,train,short,2024-04-19 12:00:00,64870.73,64838.294635000006,2024-04-30 12:00:00,60995.11034928572,61025.60790446036,target,67,1921.5921428571423,67720.68284928572,60995.11034928572,0.05221334970711458,3385.4245521901867,15049.914382416535,202.35908415451004,6.5717759587950315,3.285938569168252,9.857714527963283,192.50136962654676,0.012790861445129179,0.013445862814404772,15242.415752043082,Trending,39.663151879148664,1.9236568373110243
con-artist-curve-fit-p6,b34d03e8e04f,01851d3,BTC-USD,4h,2025-10-01 00:00:00,2026-07-26,68,train,short,2024-04-30 16:00:00,60796.86,60766.46157000001,2024-05-01 04:00:00,58761.33728428572,58790.71795292786,target,4,1002.562142857143,62270.30478428572,58761.33728428572,0.06270899834477181,3810.6039380107704,15242.415752043082,127.6455906104722,7.49731097280887,3.748687397801376,11.245998370610245,116.39959223986195,0.00763655801897805,0.008374367468185788,15358.815344282944,Ranging,23.59175720372043,1.9291689438337427
con-artist-curve-fit-p6,b34d03e8e04f,01851d3,BTC-USD,4h,2025-10-01 00:00:00,2026-07-26,69,train,long,2024-05-01 08:00:00,57500.0,57528.75,2024-05-03 12:00:00,60322.40142857143,60292.240227857146,target,14,1396.8257142857146,55433.51142857143,60322.40142857143,0.06674408597563368,3839.703836070736,15358.815344282944,188.3786036063228,7.863854301502394,3.931974245401932,11.795828546904325,176.58277505941848,0.011497161148248872,0.012265177970021204,15535.398119342362,Trending,29.064015601027435,1.934752547109599
con-artist-curve-fit-p6,b34d03e8e04f,01851d3,BTC-USD,4h,2025-10-01 00:00:00,2026-07-26,70,train,long,2024-05-03 16:00:00,61690.74,61721.58536999999,2024-05-05 12:00:00,64558.44822714286,64526.16900302929,target,12,1418.4314285714306,59593.93822714285,64558.44822714286,0.06292530411448813,3883.8495298355906,15535.398119342362,180.451412304584,7.944178337694066,3.9721342816996525,11.916312619393718,168.5350996851903,0.010848457077862427,0.01161549970707946,15703.933219027553,Chaotic,22.43786988433837,1.9711089149531864
con-artist-curve-fit-p6,b34d03e8e04f,01851d3,BTC-USD,4h,2025-10-01 00:00:00,2026-07-26,71,train,short,2024-05-05 16:00:00,64428.64,64396.42568,2024-05-08 00:00:00,62246.04996571429,62277.17299069714,target,15,1075.1878571428574,66009.20746571428,62246.04996571429,0.06096585739503559,3925.983304756888,15703.933219027553,133.06347278208864,7.722764552273692,3.861415542004636,11.584180094278327,121.47929268781031,0.007735596617325196,0.008473257681767475,15825.412511715364,Chaotic,31.795667251126805,1.9807270112288111
con-artist-curve-fit-p6,b34d03e8e04f,01851d3,BTC-USD,4h,2025-10-01 00:00:00,2026-07-26,72,train,long,2024-05-08 04:00:00,62894.0,62925.447,2024-05-08 20:00:00,61419.402,61388.692299,stop,5,1004.0300000000004,61419.402,64933.507,0.06287365948991734,3956.353127928841,15825.412511715364,-92.71337253651302,7.816084864067478,3.908019253690597,11.724104117758074,-104.4374766542711,-0.0065993525651832,-0.005858512216846064,15720.975035061092,Chaotic,27.107112135513983,1.9624164679010987
con-artist-curve-fit-p6,b34d03e8e04f,01851d3,BTC-USD,4h,2025-10-01 00:00:00,2026-07-26,73,train,long,2024-05-09 00:00:00,61193.03,61223.626514999996,2024-05-09 20:00:00,63146.00794357143,63114.43493959965,target,6,961.1907142857146,59781.840443571426,63146.00794357143,0.06419488655743628,3930.243758765273,15720.975035061092,125.37119753674314,7.981867749849566,3.9909652177237547,11.972832967573321,113.39836456916981,0.007213189023980226,0.007974772382574167,15834.373399630262,Ranging,21.3288183433468,1.9557455965855355
con-artist-curve-fit-p6,b34d03e8e04f,01851d3,BTC-USD,4h,2025-10-01 00:00:00,2026-07-26,74,train,short,2024-05-10 00:00:00,63074.0,63042.463,2024-05-10 12:00:00,61163.02871428572,61193.61022864286,target,4,939.7171428571424,64452.038714285714,61163.02871428572,0.06279249194162298,3958.5933499075654,15834.373399630262,119.99464905888685,7.8010926270684395,3.900576312195966,11.701668939264405,108.29298011962244,0.0068391073891279535,0.007578111620235555,15942.666379749884,Chaotic,18.293648342579957,1.962093374514258
con-artist-curve-fit-p6,b34d03e8e04f,01851d3,BTC-USD,4h,2025-10-01 00:00:00,2026-07-26,75,train,short,2024-05-10 16:00:00,60928.02,60897.55599,2024-05-13 04:00:00,62365.65206142857,62396.83488745928,stop,16,978.7307142857135,62365.65206142857,58940.094561428574,0.06544871185950317,3985.666594937471,15942.666379749884,-94.0911665484222,8.069459062431788,4.034706008423612,12.1041650708554,-106.1953316192776,-0.006661077205640155,-0.005901846297676734,15836.471048130607,Chaotic,18.87187784882301,1.9690666248145168
con-artist-curve-fit-p6,b34d03e8e04f,01851d3,BTC-USD,4h,2025-10-01 00:00:00,2026-07-26,76,train,short,2024-05-13 08:00:00,62334.36,62303.192820000004,2024-05-13 08:00:00,63275.91924857143,63307.557208195714,stop,1,648.4842857142851,63275.91924857143,61006.22424857143,0.06354598509053827,3959.1177620326516,15836.471048130607,-59.83230997157848,7.982058848503055,3.9910144661737306,11.973073314676785,-71.80538328625526,-0.0045341782943954185,-0.003778134016709569,15764.665664844351,Chaotic,15.548900777022894,1.987547249405549
con-artist-curve-fit-p6,b34d03e8e04f,01851d3,BTC-USD,4h,2025-10-01 00:00:00,2026-07-26,77,train,short,2024-05-13 12:00:00,62737.99,62706.621005,2024-05-14 12:00:00,61336.10243357143,61366.77048478821,target,7,685.2592857142855,63734.509933571426,61336.10243357143,0.06285088166203108,3941.166416211088,15764.665664844351,88.10986954107454,7.7981220459315335,3.899083050432637,11.69720509636417,76.41266444471037,0.004847084363806888,0.005589073147143363,15841.078329289061,Chaotic,16.554427538930693,1.9882141773254585
con-artist-curve-fit-p6,b34d03e8e04f,01851d3,BTC-USD,4h,2025-10-01 00:00:00,2026-07-26,78,train,long,2024-05-14 16:00:00,61787.6,61818.4938,2024-05-15 12:00:00,63547.6438,63515.8699781,target,6,864.5750000000007,60521.631299999994,63547.6438,0.0640628611097326,3960.2695823222653,15841.078329289061,112.75344150644594,8.02927793899312,4.014667157856465,12.043945096849585,100.70949640959635,0.0063574899584576535,0.007117788269373847,15941.787825698657,Chaotic,16.929191738540123,1.9865454339652673
con-artist-curve-fit-p6,b34d03e8e04f,01851d3,BTC-USD,4h,2025-10-01 00:00:00,2026-07-26,79,train,long,2024-05-15 16:00:00,64725.12,64757.48256,2024-05-16 00:00:00,66583.05256,66549.76103372,target,3,912.7850000000014,63388.30505999999,66583.05256,0.061544192251945753,3985.446956424664,15941.787825698657,114.34495866378936,8.081198243804977,4.040627708141443,12.12182595194642,102.22313271184294,0.006412275325045794,0.0071726559099890745,16044.0109584105,Chaotic,16.9009155674834,1.9831698409469403
con-artist-curve-fit-p6,b34d03e8e04f,01851d3,BTC-USD,4h,2025-10-01 00:00:00,2026-07-26,80,train,short,2024-05-16 08:00:00,66142.62,66109.54869,2024-05-19 08:00:00,67567.28833285713,67601.07197702356,stop,19,971.8264285714296,67567.28833285713,64165.89583285714,0.06067206355334484,4011.002739602625,16044.0109584105,-86.43756763354612,8.112499274866838,4.0562280280413034,12.168727302908142,-98.60629493645426,-0.006145987757803384,-0.005387528583569953,15945.404663474044,Chaotic,27.299076053017128,1.9818755458109785
con-artist-curve-fit-p6,b34d03e8e04f,01851d3,BTC-USD,4h,2025-10-01 00:00:00,2026-07-26,81,train,short,2024-05-19 12:00:00,67330.01,67296.34499499999,2024-05-19 16:00:00,66020.35785214284,66053.36803106891,target,2,637.9935714285722,68253.33535214285,66020.35785214284,0.05923577522917018,3986.351165868511,15945.404663474044,77.57826025886622,7.8990736276865645,3.9495562084081968,11.848629836094762,65.72963042277146,0.00412216759687119,0.004865242488111566,16011.134293896816,Chaotic,40.0793428981286,1.9615443937053725
con-artist-curve-fit-p6,b34d03e8e04f,01851d3,BTC-USD,4h,2025-10-01 00:00:00,2026-07-26,82,train,long,2024-05-19 20:00:00,66034.01,66067.027005,2024-05-20 12:00:00,67365.56129071428,67331.87851006893,target,5,649.2671428571432,65093.12629071428,67365.56129071428,0.06058670648478356,4002.783573474204,16011.134293896816,80.67430721994101,8.082200333832857,4.041120335492963,12.12332066932582,68.55098655061519,0.004281457221725116,0.005038637846582347,16079.685280447431,Chaotic,38.3156163427124,1.962416676395954
con-artist-curve-fit-p6,b34d03e8e04f,01851d3,BTC-USD,4h,2025-10-01 00:00:00,2026-07-26,83,train,short,2024-05-21 00:00:00,71446.62,71410.89669,2024-05-21 16:00:00,69604.01383285713,69638.81583977355,target,5,903.4414285714291,72766.05883285713,69604.01383285713,0.05629282793580698,4019.9213201118578,16079.685280447431,103.7255119204299,7.94008719783358,3.9700695302943245,11.910156728127905,91.815355192302,0.005710021905960286,0.006450717791507897,16171.500635639733,Trending,39.03700789046677,1.9540349311849814
con-artist-curve-fit-p6,b34d03e8e04f,01851d3,BTC-USD,4h,2025-10-01 00:00:00,2026-07-26,84,train,short,2024-05-21 20:00:00,69285.99,69251.347005,2024-05-23 16:00:00,66981.70986214286,67015.20071707392,target,12,1134.8185714285707,70953.57486214286,66981.70986214286,0.058379733156931006,4042.8751589099334,16171.500635639733,134.52325956691635,7.955204694230881,3.9776359779299924,11.932840672160873,122.59041889475547,0.007580645832247829,0.00831853905199409,16294.091054534489,Trending,44.42346136941256,1.9571071172566405
con-artist-curve-fit-p6,b34d03e8e04f,01851d3,BTC-USD,4h,2025-10-01 00:00:00,2026-07-26,85,train,long,2024-05-23 20:00:00,67199.98,67233.57999,2024-05-25 08:00:00,69407.72998999999,69373.026125005,target,10,1087.0750000000003,65602.96749,69407.72998999999,0.06058762249815492,4073.522763633622,16294.091054534489,133.7623229644251,8.276669482050066,4.138368181605756,12.415037663655822,121.34728530076927,0.00744731847236115,0.008209253435293669,16415.43833983526,Chaotic,30.662031060653057,1.960091852164089
con-artist-curve-fit-p6,b34d03e8e04f,01851d3,BTC-USD,4h,2025-10-01 00:00:00,2026-07-26,86,train,short,2024-05-25 20:00:00,69155.32,69120.74234000001,2024-05-27 16:00:00,70636.52324428572,70671.84150590787,stop,12,1010.5206028571441,70636.52324428572,67099.70113428573,0.05937233088111556,4103.859584958815,16415.43833983526,-87.94248912191338,8.299811542825333,4.14988378579028,12.449695328615613,-100.392184450529,-0.00611571755637544,-0.00535730373452799,16315.046155384729,Chaotic,21.188961374394527,1.9685703110278265
con-artist-curve-fit-p6,b34d03e8e04f,01851d3,BTC-USD,4h,2025-10-01 00:00:00,2026-07-26,87,train,short,2024-05-27 20:00:00,69260.02,69225.38999000001,2024-05-28 04:00:00,67736.47856142858,67770.34680070929,target,3,744.4557142857157,70342.07356142858,67736.47856142858,0.05892002254426276,4078.7615388461822,16315.046155384729,89.76709590774686,8.07179190017648,4.035918391861543,12.107710292038023,77.65938561570884,0.004759985652267224,0.005502104931411397,16392.70554100044,Chaotic,14.588259212454888,1.9636020745773122
con-artist-curve-fit-p6,b34d03e8e04f,01851d3,BTC-USD,4h,2025-10-01 00:00:00,2026-07-26,88,train,long,2024-05-28 16:00:00,68374.08,68408.26703999999,2024-05-31 16:00:00,66932.24453999999,66898.77841772999,stop,19,984.0150000000004,66932.24453999999,70376.29703999999,0.059907618809489874,4098.17638525011,16392.70554100044,-86.37692912368648,8.105922901520007,4.052939856526763,12.15886275804677,-98.53579188173325,-0.006010953569273937,-0.005269229591640364,16294.169749118706,Chaotic,12.840979710398269,1.976008457896154
con-artist-curve-fit-p6,b34d03e8e04f,01851d3,BTC-USD,4h,2025-10-01 00:00:00,2026-07-26,89,train,long,2024-05-31 20:00:00,67681.25781,67715.098438905,2024-06-03 12:00:00,69493.96473426215,69459.21775189502,target,17,889.4331476785717,66380.94871738715,69493.96473426215,0.0601570776856357,4073.5424372796765,16294.169749118706,109.04715126412796,8.252005995563913,4.126030259569745,12.378036255133658,96.66911500899431,0.005932742600415268,0.006692403046189324,16390.8388641277,Chaotic,10.61895378137167,1.9927939310724128
con-artist-curve-fit-p6,b34d03e8e04f,01851d3,BTC-USD,4h,2025-10-01 00:00:00,2026-07-26,90,train,long,2024-06-03 20:00:00,69160.023438,69194.603449719,2024-06-04 12:00:00,70462.47286543329,70427.24162900058,target,5,633.9347078571425,68243.70138793328,70462.47286543329,0.05922007659180488,4097.709716031925,16390.8388641277,77.13115484955142,8.26841635945089,4.13422746251328,12.40264382196417,64.72851102758725,0.003949066400088243,0.004705747856405166,16455.56737515529,Chaotic,17.58311126689684,1.97555564288974
con-artist-curve-fit-p6,b34d03e8e04f,01851d3,BTC-USD,4h,2025-10-01 00:00:00,2026-07-26,91,train,long,2024-06-04 16:00:00,70494.85938,70530.10680968998,2024-06-07 16:00:00,69249.87690138641,69215.25196293571,stop,19,853.4866055357145,69249.87690138641,72237.08002076141,0.058328166932871045,4113.891843788822,16455.56737515529,-72.61754584107285,8.151090614583667,4.0755271529048684,12.226617767488536,-84.84416360856139,-0.005155954922384481,-0.004412946948928132,16370.723211546729,Chaotic,24.299282081742145,1.9829163578621793
con-artist-curve-fit-p6,b34d03e8e04f,01851d3,BTC-USD,4h,2025-10-01 00:00:00,2026-07-26,92,train,short,2024-06-07 20:00:00,69240.96875,69206.348265625,2024-06-11 04:00:00,67592.68085341071,67626.47719383742,target,21,806.8337061071413,70416.59882478572,67592.68085341071,0.059137361029053585,4092.680802886682,16370.723211546729,97.47539642042011,8.091932199821704,4.045990468760152,12.137922668581856,85.33747375183826,0.0052128102496808056,0.005954251083523787,16456.060685298566,Trending,38.774681098208525,1.947779712554041
con-artist-curve-fit-p6,b34d03e8e04f,01851d3,BTC-USD,4h,2025-10-01 00:00:00,2026-07-26,93,train,short,2024-06-11 08:00:00,67564.14844,67530.36636578,2024-06-11 12:00:00,66524.53489413715,66557.79716158421,target,2,502.9157358214278,68284.73996951214,66524.53489413715,0.06092096626636038,4114.015171324641,16456.060685298566,63.334261757562345,8.16878048696877,4.08440607704933,12.2531865640181,51.081075193544244,0.0031040888928647913,0.0038486891224303516,16507.14176049211,Ranging,22.303231081894523,1.8871857863739852
con-artist-curve-fit-p6,b34d03e8e04f,01851d3,BTC-USD,4h,2025-10-01 00:00:00,2026-07-26,94,train,short,2024-06-11 16:00:00,66293.25781,66260.111181095,2024-06-11 16:00:00,67177.35113554142,67210.93981110919,stop,1,611.4933029642842,67177.35113554142,65037.124575166425,0.0622815954661492,4126.785440123028,16507.14176049211,-55.062742855693735,8.312790004338233,4.156381236483,12.469171240821233,-67.53191409651497,-0.0040910725234179915,-0.0033356921297834786,16439.609846395597,Trending,26.573206156515784,1.8914071988653849
con-artist-curve-fit-p6,b34d03e8e04f,01851d3,BTC-USD,4h,2025-10-01 00:00:00,2026-07-26,95,train,long,2024-06-11 20:00:00,67330.0078125,67363.67281640625,2024-06-12 12:00:00,68764.08910947767,68729.70706492294,target,5,700.2081465357135,66313.36059660268,68764.08910947767,0.0610106647955505,4109.902461598899,16439.609846395597,87.4942532994732,8.303147580833292,4.151595663979634,12.454743244812926,75.03951005466027,0.004564555409513734,0.005322161177605831,16514.649356450256,Trending,27.997545577036362,1.895490298188657
con-artist-curve-fit-p6,b34d03e8e04f,01851d3,BTC-USD,4h,2025-10-01 00:00:00,2026-07-26,96,train,short,2024-06-12 16:00:00,69779.85938,69744.96945031,2024-06-12 16:00:00,67979.1457915243,68013.13536442006,target,1,882.911829392856,71069.33719439928,67979.1457915243,0.059196561008662295,4128.662339112564,16514.649356450256,106.59605179932903,8.154806056102863,4.077429677063918,12.232235733166782,94.36381606616226,0.005713946086860502,0.006454636092996729,16609.013172516417,Trending,30.653088966263418,1.8856451077068974
con-artist-curve-fit-p6,b34d03e8e04f,01851d3,BTC-USD,4h,2025-10-01 00:00:00,2026-07-26,97,train,short,2024-06-12 20:00:00,67593.78125,67559.984359375,2024-06-14 16:00:00,65475.795744517854,65508.53364239011,target,12,1042.094307428571,69123.12582051786,65475.795744517854,0.06146024651281487,4152.253293129104,16609.013172516417,130.17191127750147,8.178423919483427,4.089244502719467,12.267668422202894,117.90424285529858,0.007098810846293947,0.007837425976210436,16726.917415371718,Trending,28.71218175998256,1.8844158325501463
con-artist-curve-fit-p6,b34d03e8e04f,01851d3,BTC-USD,4h,2025-10-01 00:00:00,2026-07-26,98,train,short,2024-06-14 20:00:00,65528.0,65495.236000000004,2024-06-17 16:00:00,67133.27199480358,67166.83863080098,stop,18,1092.0239965357152,67133.27199480358,63311.188006928576,0.06384784007561907,4181.729353842929,16726.917415371718,-102.49314960208905,8.470186925127223,4.235067839275715,12.705254764402937,-115.19840436649199,-0.006887007420783154,-0.006127438012451703,16611.719011005225,Ranging,20.45463978534674,1.843254096309708
con-artist-curve-fit-p6,b34d03e8e04f,01851d3,BTC-USD,4h,2025-10-01 00:00:00,2026-07-26,99,train,short,2024-06-17 20:00:00,66695.5625,66662.21471875001,2024-06-18 00:00:00,65558.14887153573,65590.92794597149,target,2,552.0329236071406,67490.26410416071,65558.14887153573,0.06229810651015194,4152.929752751306,16611.719011005225,70.8587153721657,8.23912036802914,4.11957789869254,12.35869826672168,58.50001710544402,0.003521611283376988,0.004265585959238895,16670.21902811067,Ranging,21.79448120129128,1.8445609578784774
con-artist-curve-fit-p6,b34d03e8e04f,01851d3,BTC-USD,4h,2025-10-01 00:00:00,2026-07-26,100,train,short,2024-06-18 04:00:00,65487.14844,65454.40486578,2024-06-21 08:00:00,64085.88980013715,64117.932745037215,target,20,684.2575328214261,66480.79116501214,64085.88980013715,0.06367111221274724,4167.554757027668,16670.21902811067,89.21969609778898,8.250014847686312,4.125029728766748,12.37504457645306,76.84465152133592,0.004609696572777734,0.0053520410228167685,16747.063679632007,Ranging,20.899441535323394,1.857212695731626
con-artist-curve-fit-p6,b34d03e8e04f,01851d3,BTC-USD,4h,2025-10-01 00:00:00,2026-07-26,101,train,short,2024-06-21 12:00:00,63765.078125,63733.1955859375,2024-06-24 04:00:00,62459.629180651784,62490.85899524211,target,17,636.7832026428587,64688.370389901786,62459.629180651784,0.06569207587061265,4186.765919908002,16747.063679632007,85.75765109733422,8.291920170243204,4.145981524534307,12.43790169477751,73.31974940255671,0.004378065958615129,0.005120757449655713,16820.383429034562,Ranging,21.77666423686748,1.8832957210569732
con-artist-curve-fit-p6,b34d03e8e04f,01851d3,BTC-USD,4h,2025-10-01 00:00:00,2026-07-26,102,train,long,2024-06-24 12:00:00,61272.19141,61302.827505705,2024-06-24 16:00:00,60608.38819088357,60578.08399678813,stop,2,462.9595432142851,60608.38819088357,62228.74659213357,0.06859546334738481,4205.0958572586405,16820.383429034562,-45.5338893867772,8.360477597715118,4.180227415384657,12.540705013099775,-58.07459439987697,-0.003452632019055601,-0.0027070660772321466,16762.308834634685,Trending,33.585586038643044,1.831562610631417
con-artist-curve-fit-p6,b34d03e8e04f,01851d3,BTC-USD,4h,2025-10-01 00:00:00,2026-07-26,103,train,short,2024-06-24 20:00:00,59529.39844,59499.63374078,2024-06-25 00:00:00,60437.86155878,60468.08048955939,stop,2,625.4852119999996,60437.86155878,58248.66331678,0.07043030259506494,4190.577208658671,16762.308834634685,-63.983332352132116,8.449362414881081,4.224665211607025,12.674027626488106,-76.65735997862022,-0.004573198163502926,-0.0038170954242251055,16685.651474656064,Trending,39.57062693428353,1.8370392095445343
con-artist-curve-fit-p6,b34d03e8e04f,01851d3,BTC-USD,4h,2025-10-01 00:00:00,2026-07-26,104,train,long,2024-06-25 04:00:00,61317.51953,61348.178289765,2024-07-01 00:00:00,63015.643690907855,62984.135869062404,target,36,833.7327005714282,60097.579238907856,63015.643690907855,0.06799570883688248,4171.412868664016,16685.651474656064,115.46515601396602,8.45406383255943,4.227060782568486,12.681124615127917,102.78403139883811,0.00616002507034007,0.006920026837989918,16788.435506054902,Trending,43.214761278448194,1.848697251208911
con-artist-curve-fit-p6,b34d03e8e04f,01851d3,BTC-USD,4h,2025-10-01 00:00:00,2026-07-26,105,train,short,2024-07-01 04:00:00,63442.0,63410.279,2024-07-02 12:00:00,62381.69753014286,62412.88837890793,target,9,514.2907349285716,64181.71510239286,62381.69753014286,0.06618972416938468,4197.108876513726,16788.435506054902,70.18112801596133,8.328200742928235,4.1641179167455675,12.492318659673803,57.688809356287535,0.0034362230676873696,0.00418032567660339,16846.12431541119,Ranging,19.36557008195246,1.9556081604622575
con-artist-curve-fit-p6,b34d03e8e04f,01851d3,BTC-USD,4h,2025-10-01 00:00:00,2026-07-26,106,train,short,2024-07-02 16:00:00,61928.058594,61897.094564703,2024-07-03 08:00:00,60572.236865988714,60602.5229844217,target,5,662.4288493571429,62890.737838738714,60572.236865988714,0.068040852457951,4211.531078852798,16846.12431541119,92.25126615490018,8.334978403815418,4.16751226472384,12.502490668539258,79.74877548636093,0.004733953875278307,0.005476112156581129,16925.873090897552,Chaotic,24.288644970749356,1.9738499285773214
con-artist-curve-fit-p6,b34d03e8e04f,01851d3,BTC-USD,4h,2025-10-01 00:00:00,2026-07-26,107,train,short,2024-07-03 12:00:00,60356.0,60325.822,2024-07-04 00:00:00,58962.073114142855,58991.55415069992,target,4,681.8744429285715,61348.63366439286,58962.073114142855,0.07014356592976699,4231.468272724388,16925.873090897552,97.77500241939543,8.369346240593428,4.184697564046971,12.554043804640399,85.22095861475503,0.0050349520025992295,0.005776659312894008,17011.094049512307,Chaotic,22.467521172667293,1.9724198464330653
con-artist-curve-fit-p6,b34d03e8e04f,01851d3,BTC-USD,4h,2025-10-01 00:00:00,2026-07-26,108,train,long,2024-07-04 04:00:00,59092.039062,59121.585081531,2024-07-04 08:00:00,57805.34972999528,57776.44705513029,stop,2,877.4902343571432,57805.34972999528,60876.56555024529,0.07193267072446272,4252.773512378077,17011.094049512307,-92.55500004377468,8.408787654024117,4.204370688261179,12.613158342285296,-105.16815838605999,-0.006182327725657073,-0.005440861109484499,16905.925891126248,Chaotic,27.961316371917896,1.969519462047838
con-artist-curve-fit-p6,b34d03e8e04f,01851d3,BTC-USD,4h,2025-10-01 00:00:00,2026-07-26,109,train,short,2024-07-04 12:00:00,57724.39844,57695.53624078,2024-07-05 00:00:00,55743.79795878,55771.669857759385,target,4,975.8691409999998,59159.339952279995,55743.79795878,0.0732549127395791,4226.481472781562,16905.925891126248,145.08871542373927,8.312030281552339,4.156051412954582,12.468081694506921,132.62063372923234,0.007844624103010152,0.008582121816817789,17038.54652485548,Chaotic,32.496433159236105,1.9701547701426259
con-artist-curve-fit-p6,b34d03e8e04f,01851d3,BTC-USD,4h,2025-10-01 00:00:00,2026-07-26,110,train,long,2024-07-05 04:00:00,55210.0,55237.604999999996,2024-07-06 16:00:00,57706.34439871428,57677.491226514925,target,10,1234.369699357143,53386.05045096428,57706.34439871428,0.07711479582096056,4259.63663121387,17038.54652485548,192.5050886056504,8.707424590611812,4.353760421577704,13.061185012189515,179.44390359346087,0.010531643842489254,0.011298210696835434,17217.99042844894,Chaotic,40.33656462799523,1.97095184341717
con-artist-curve-fit-p6,b34d03e8e04f,01851d3,BTC-USD,4h,2025-10-01 00:00:00,2026-07-26,111,train,short,2024-07-06 20:00:00,57836.011719,57807.09371314051,2024-07-08 00:00:00,55456.39951614051,55484.127715898576,target,8,1175.3470984999997,59570.11436089051,55456.39951614051,0.0744631381828793,4304.497607112235,17217.99042844894,177.19339228319205,8.436019876177713,4.218054236436046,12.65407411261376,164.5393181705783,0.009556244025941222,0.010291177301993326,17382.529746619515,Chaotic,40.41072594052719,1.9654754008382826
con-artist-curve-fit-p6,b34d03e8e04f,01851d3,BTC-USD,4h,2025-10-01 00:00:00,2026-07-26,112,train,short,2024-07-08 04:00:00,55173.98828,55146.40128586,2024-07-08 08:00:00,56379.40881993143,56407.59852434139,stop,2,822.005022714285,56379.40881993143,53502.39124043143,0.0788017410987276,4345.632436654879,17382.529746619515,-94.98923730276503,8.790649411570998,4.395300958475303,13.185950370046301,-108.17518767281133,-0.006223213148468727,-0.0054646382711491205,17274.354558946703,Chaotic,34.21391895899629,1.9658862552521676
con-artist-curve-fit-p6,b34d03e8e04f,01851d3,BTC-USD,4h,2025-10-01 00:00:00,2026-07-26,113,train,short,2024-07-08 16:00:00,55792.0,55764.10400000001,2024-07-09 04:00:00,57391.56005621429,57420.255836242395,stop,4,1084.9707041428567,57391.56005621429,53594.162591714296,0.07744388109843342,4318.588639736676,17274.354558946703,-123.87613880326323,8.765436105360259,4.382687083644484,13.148123189004743,-137.02426199226798,-0.007932236282674922,-0.007171100858243385,17137.330296954435,Trending,32.551564686290355,1.9490276224400092
con-artist-curve-fit-p6,b34d03e8e04f,01851d3,BTC-USD,4h,2025-10-01 00:00:00,2026-07-26,114,train,long,2024-07-09 08:00:00,57116.0,57144.558,2024-07-13 20:00:00,59420.69025585714,59390.97991072921,target,28,1138.06612792857,55437.45880810714,59420.69025585714,0.07497358846031514,4284.332574238609,17137.330296954435,172.79089877113148,8.737087460320465,4.368586927884479,13.105674388204944,159.68522438292655,0.009317975531539183,0.010082719757221408,17297.015521337362,Trending,26.36993572958916,1.9286365149886444
con-artist-curve-fit-p6,b34d03e8e04f,01851d3,BTC-USD,4h,2025-10-01 00:00:00,2026-07-26,115,train,long,2024-07-14 00:00:00,59200.71094,59230.31129547,2024-07-14 20:00:00,60649.92457861286,60619.599616323554,target,6,709.8066415714301,58165.60133311285,60649.92457861286,0.07300744814192905,4324.2538803343405,17297.015521337362,105.80338956760485,8.749936155707585,4.374994528701109,13.124930684408694,92.67845888319616,0.005358060687918634,0.006116858104051953,17389.69398022056,Ranging,14.185678220604323,1.9226983949785499
con-artist-curve-fit-p6,b34d03e8e04f,01851d3,BTC-USD,4h,2025-10-01 00:00:00,2026-07-26,116,train,long,2024-07-15 00:00:00,60795.76953,60826.167414765,2024-07-15 00:00:00,62206.944759765,62175.84128738512,target,1,690.3886725000017,59790.584406015,62206.944759765,0.07147291502702573,4347.42349505514,17389.69398022056,100.86080728523748,8.791312116122256,4.395681273262767,13.186993389385023,87.67381389585246,0.005041711141988737,0.00580003347959768,17477.367794116413,Ranging,22.57364432983569,1.9192832904913737
con-artist-curve-fit-p6,b34d03e8e04f,01851d3,BTC-USD,4h,2025-10-01 00:00:00,2026-07-26,117,train,long,2024-07-15 04:00:00,62685.87109,62717.214025545,2024-07-15 20:00:00,64261.428870545,64229.29815610973,target,5,772.1074225000017,61559.052891795,64261.428870545,0.06966734757620852,4369.341948529103,17477.367794116413,109.76493152362825,8.84402678774673,4.422040835105889,13.266067622852619,96.49886390077563,0.005521361399355631,0.006280404052638839,17573.86665801719,Trending,25.09919394822196,1.9192587490900874
con-artist-curve-fit-p6,b34d03e8e04f,01851d3,BTC-USD,4h,2025-10-01 00:00:00,2026-07-26,118,train,short,2024-07-16 00:00:00,64776.011719,64743.62371314051,2024-07-16 04:00:00,62902.31344442622,62933.764601148425,target,2,920.655134357144,66124.60641467622,62902.31344442622,0.06785944951074138,4393.466664504297,17573.86665801719,127.14813346180294,8.664117285976813,4.332090430021026,12.996207715997839,114.1519257458051,0.0064955497823655705,0.007235068749300999,17688.018583762994,Trending,37.21208193758968,1.9194231003846607
con-artist-curve-fit-p6,b34d03e8e04f,01851d3,BTC-USD,4h,2025-10-01 00:00:00,2026-07-26,119,train,long,2024-07-16 08:00:00,62888.73047,62920.174835235,2024-07-16 12:00:00,64875.77472394928,64843.33683658731,target,2,977.7999443571441,61453.47491869928,64875.77472394928,0.07027959883328944,4422.004645940749,17688.018583762994,139.64867303154827,8.979168345827965,4.489619085081642,13.468787430909607,126.17988560063867,0.007133635969631305,0.007895099859276554,17814.198469363633,Trending,39.09560193808715,1.9183016920250315
con-artist-curve-fit-p6,b34d03e8e04f,01851d3,BTC-USD,4h,2025-10-01 00:00:00,2026-07-26,120,train,short,2024-07-16 16:00:00,64935.19141,64902.723814295,2024-07-19 16:00:00,66560.26441190214,66593.5445441081,stop,19,1105.0270650714297,66560.26441190214,62692.66968415214,0.0686188399439717,4453.549617340908,17814.198469363633,-111.51062421479276,9.023121391714811,4.511532818201388,13.5346542099162,-125.04527842470895,-0.007019416486223524,-0.006259648695761734,17689.153190938923,Trending,37.89156356135197,1.9125643911767587
con-artist-curve-fit-p6,b34d03e8e04f,01851d3,BTC-USD,4h,2025-10-01 00:00:00,2026-07-26,121,train,long,2024-07-19 20:00:00,67169.89844,67203.48338922,2024-07-23 16:00:00,65757.72404236285,65724.84518034168,stop,24,963.8395645714294,65757.72404236285,69131.16251836285,0.06580445052412422,4422.288297734731,17689.153190938923,-92.92736028074881,8.74727562061025,4.373614578463844,13.120890199074093,-106.04825047982291,-0.0059951004627030405,-0.0052533526776369285,17583.1049404591,Ranging,24.360692768384084,1.9399770338229378
con-artist-curve-fit-p6,b34d03e8e04f,01851d3,BTC-USD,4h,2025-10-01 00:00:00,2026-07-26,122,train,short,2024-07-24 00:00:00,65950.0,65917.02500000001,2024-07-25 04:00:00,63902.955804642865,63934.90728254518,target,8,1007.0345976785726,67427.57689651787,63902.955804642865,0.06668650830517267,4395.776235114775,17583.1049404591,136.5102297347391,8.659371960602668,4.32972010785781,12.989092068460478,123.52113766627863,0.007024990073400169,0.007763715805427866,17706.626078125377,Chaotic,21.64878961696452,1.9734158852760793
con-artist-curve-fit-p6,b34d03e8e04f,01851d3,BTC-USD,4h,2025-10-01 00:00:00,2026-07-26,123,train,long,2024-07-25 08:00:00,64126.011719,64158.0747248595,2024-07-25 20:00:00,65910.43968057379,65877.48446073351,target,4,876.1824778571437,62843.80100807379,65910.43968057379,0.06899609345378527,4426.656519531344,17706.626078125377,123.11855839829279,8.971945593884401,4.4860035765812825,13.457949170465684,109.66060922782711,0.00619319619355948,0.006953247776005868,17816.286687353204,Chaotic,22.612560976738045,1.9853389096708862
con-artist-curve-fit-p6,b34d03e8e04f,01851d3,BTC-USD,4h,2025-10-01 00:00:00,2026-07-26,124,train,long,2024-07-26 04:00:00,67066.0,67099.533,2024-07-27 12:00:00,69025.95822428571,68991.44524517357,target,9,963.2126121428586,65654.71408178571,69025.95822428571,0.06638006961744877,4454.071671838301,17816.286687353204,130.102163375377,9.033728610221328,4.516896830651291,13.550625440872619,116.55153793450437,0.006541853528728736,0.007302428707982641,17932.83822528771,Chaotic,21.585496589827127,1.9885851715097331
con-artist-curve-fit-p6,b34d03e8e04f,01851d3,BTC-USD,4h,2025-10-01 00:00:00,2026-07-26,125,train,short,2024-07-27 16:00:00,68843.99219,68809.570193905,2024-07-27 20:00:00,67074.45523747643,67107.99246509517,target,2,867.5574782142867,70110.90641122643,67074.45523747643,0.0651538665869917,4483.209556321927,17932.83822528771,115.29217452547272,8.855554744313583,4.42780619520056,13.283360939514143,102.00881358595858,0.005688380852179465,0.006429109161476473,18034.847038873668,Chaotic,28.485940628866594,1.9911362671618225
con-artist-curve-fit-p6,b34d03e8e04f,01851d3,BTC-USD,4h,2025-10-01 00:00:00,2026-07-26,126,train,long,2024-07-28 00:00:00,67788.0078125,67821.90181640624,2024-07-29 00:00:00,69751.25616997767,69716.38054189268,target,7,964.6771767857146,66374.88605122767,69751.25616997767,0.06647869845825749,4508.711759718417,18034.847038873668,130.51419555542736,9.14336599936403,4.5717156282306775,13.715081627594708,116.79911392783265,0.006476301888010197,0.007236778624964617,18151.6461528015,Chaotic,28.43435024955804,1.9917215168360842
con-artist-curve-fit-p6,b34d03e8e04f,01851d3,BTC-USD,4h,2025-10-01 00:00:00,2026-07-26,127,train,short,2024-07-29 04:00:00,69378.0,69343.311,2024-07-29 16:00:00,67574.73956935715,67608.52693914183,target,4,884.2857153214281,70669.73957298214,67574.73956935715,0.06544122962632076,4537.911538200375,18151.6461528015,118.00757991775713,8.96229667432205,4.481177839056045,13.443474513378094,104.56410540437903,0.005760585267261876,0.00650120539615874,18256.21025820588,Chaotic,23.579642844941656,1.9897573383192375
con-artist-curve-fit-p6,b34d03e8e04f,01851d3,BTC-USD,4h,2025-10-01 00:00:00,2026-07-26,128,train,short,2024-07-29 20:00:00,67270.0,67236.365,2024-07-31 16:00:00,65072.5647755,65105.10105788775,target,12,1081.9001122499997,68859.215168375,65072.5647755,0.0678807155108916,4564.05256455147,18256.21025820588,149.16347532789652,8.983433407769796,4.491753994752941,13.475187402522737,135.68828792537377,0.0074324455079270366,0.008170560769086775,18391.898546131255,Chaotic,23.311278097485484,1.9874750630456601
con-artist-curve-fit-p6,b34d03e8e04f,01851d3,BTC-USD,4h,2025-10-01 00:00:00,2026-07-26,129,train,long,2024-07-31 20:00:00,65210.011719,65242.6167248595,2024-08-01 04:00:00,63660.44401253807,63628.6137905318,stop,3,1054.781808214286,63660.44401253807,67352.18034128807,0.07047501874309159,4597.974636532814,18391.898546131255,-109.20581315659399,9.082202386017478,4.541073891555371,13.623276277572849,-122.82908943416683,-0.0066784344816867205,-0.00593771289476613,18269.06945669709,Chaotic,28.80607164894055,1.9822104512519747
con-artist-curve-fit-p6,b34d03e8e04f,01851d3,BTC-USD,4h,2025-10-01 00:00:00,2026-07-26,130,train,short,2024-08-01 08:00:00,64334.0,64301.833000000006,2024-08-01 16:00:00,62476.63489750001,62507.873214948755,target,3,912.5990512499993,65670.731576875,62476.63489750001,0.07102857183207004,4567.267364174272,18269.06945669709,131.92599060130087,9.007112326892187,4.503589144943163,13.51070147183535,118.41528912946552,0.006481736215965655,0.007221275879102826,18387.484745826554,Chaotic,33.12698257023299,1.9801892468646785
con-artist-curve-fit-p6,b34d03e8e04f,01851d3,BTC-USD,4h,2025-10-01 00:00:00,2026-07-26,131,train,long,2024-08-01 20:00:00,63467.98828,63499.72227414,2024-08-01 20:00:00,65524.50966121142,65491.74740638082,target,1,1012.393693535714,61981.131733836424,65524.50966121142,0.07239198884384249,4596.8711864566385,18387.484745826554,148.87567288578092,9.33794903406311,4.669011735949454,14.006960770012563,134.86871211576835,0.007334810278843591,0.008096576282385307,18522.35345794232,Chaotic,37.846181204554775,1.9821358182542406
con-artist-curve-fit-p6,b34d03e8e04f,01851d3,BTC-USD,4h,2025-10-01 00:00:00,2026-07-26,132,train,short,2024-08-02 00:00:00,65390.0,65357.305,2024-08-02 12:00:00,63194.7346885,63226.33205584425,target,4,1081.2851557499998,66979.232733625,63194.7346885,0.07085035658195485,4630.58836448558,18522.35345794232,155.53533011177115,9.110196536011228,4.555137151838096,13.665333687849325,141.86999642392183,0.007659393648115945,0.008397168883799598,18664.22345436624,Chaotic,36.678707216505074,1.9829154418930512
con-artist-curve-fit-p6,b34d03e8e04f,01851d3,BTC-USD,4h,2025-10-01 00:00:00,2026-07-26,133,train,short,2024-08-02 16:00:00,63406.0,63374.297000000006,2024-08-03 00:00:00,60771.89632907144,60802.28227723597,target,3,1301.200335464285,65326.09750319643,60771.89632907144,0.07362694474688311,4666.05586359156,18664.22345436624,193.9410054370192,9.142742141302003,4.571419555901798,13.714161697203801,180.2268437398154,0.009656273360660701,0.010391056767574722,18844.450298106058,Chaotic,33.17424133300859,1.9852106587320826
con-artist-curve-fit-p6,b34d03e8e04f,01851d3,BTC-USD,4h,2025-10-01 00:00:00,2026-07-26,134,train,short,2024-08-03 04:00:00,61890.0,61859.055,2024-08-04 12:00:00,59066.58122642857,59096.11451704178,target,9,1396.2368867857133,63953.41033017857,59066.58122642857,0.07615881902053813,4711.112574526514,18844.450298106058,215.02823939561623,9.211802864846895,4.605955189482927,13.817758054329822,201.2104813412864,0.010677439678965263,0.011410693121530185,19045.660779447346,Chaotic,34.75359574462418,1.9786593623563202
con-artist-curve-fit-p6,b34d03e8e04f,01851d3,BTC-USD,4h,2025-10-01 00:00:00,2026-07-26,135,train,short,2024-08-04 16:00:00,59119.98828,59090.42828586,2024-08-05 00:00:00,56639.342904431425,56667.66257588364,target,3,1225.5426907142853,60928.74232193142,56639.342904431425,0.08057845124810536,4761.415194861836,19045.660779447346,199.88656245909024,9.327607681076762,4.663853812178729,13.99146149325549,185.89510096583476,0.009760496268338395,0.010495123523085789,19231.55588041318,Trending,43.72060959537156,1.9377981826405084
con-artist-curve-fit-p6,b34d03e8e04f,01851d3,BTC-USD,4h,2025-10-01 00:00:00,2026-07-26,136,train,short,2024-08-05 04:00:00,53888.0,53861.056000000004,2024-08-05 04:00:00,50775.230106,50800.617721053,target,1,1542.9129469999996,56175.4254205,50775.230106,0.08309630999297585,4475.655005925032,19231.55588041318,258.65969204862637,8.696998883908314,4.348564106876665,13.04556299078498,245.61412905784138,0.012771412286407505,0.01344975381383803,19477.17000947102,Trending,49.338095040610696,1.9147954999117447
con-artist-curve-fit-p6,b34d03e8e04f,01851d3,BTC-USD,4h,2025-10-01 00:00:00,2026-07-26,137,train,long,2024-08-05 12:00:00,51259.26953,51284.899164765,2024-08-05 16:00:00,54955.664790193565,54928.18695779847,target,2,1835.3828127142858,48531.82494569357,54955.664790193565,0.0707469848598574,3628.251984748943,19477.17000947102,261.508819508963,7.514255595831728,3.7571931751205625,11.27144877095229,250.23737073801067,0.01284772739655348,0.013426427934951586,19727.40738020903,Trending,54.20173540620905,1.8999265906606229
con-artist-curve-fit-p6,b34d03e8e04f,01851d3,BTC-USD,4h,2025-10-01 00:00:00,2026-07-26,138,train,long,2024-08-05 20:00:00,53550.0,53576.774999999994,2024-08-08 12:00:00,58253.085268428564,58223.95872579435,target,17,2338.1551342142857,50069.54229867856,58253.085268428564,0.05624778581921946,3013.5749650845114,19727.40738020903,264.5381328680961,6.288543725040067,3.1443379970529577,9.432881722093025,255.1052511460031,0.012931514325695443,0.01340967557315649,19982.512631355035,Trending,54.839148248887966,1.8881191777926976
con-artist-curve-fit-p6,b34d03e8e04f,01851d3,BTC-USD,4h,2025-10-01 00:00:00,2026-07-26,139,train,long,2024-08-08 16:00:00,59410.12109,59439.826150545,2024-08-08 20:00:00,62167.02983525929,62135.94632034166,target,2,1363.6018423571436,57394.42338700929,62167.02983525929,0.08404513406863244,4995.628157838759,19982.512631355035,231.704765110302,10.217852096813221,5.108983974597578,15.3268360714108,216.37792903889118,0.01082836443197676,0.011595376887025135,20198.890560393927,Trending,36.00365790958021,1.7624319976448142
con-artist-curve-fit-p6,b34d03e8e04f,01851d3,BTC-USD,4h,2025-10-01 00:00:00,2026-07-26,140,train,short,2024-08-09 00:00:00,61663.98828,61633.15628586,2024-08-11 20:00:00,58851.10717686,58880.53273044843,target,18,1391.024554500001,63719.693117610004,58851.10717686,0.08193191691623619,5049.722640098482,20198.890560393927,230.464740837717,9.873917555753309,4.937016394061544,14.810933949814853,215.65380688790214,0.010676517417781205,0.011409772242125677,20414.54436728183,Trending,33.87885977715034,1.731214510249722
con-artist-curve-fit-p6,b34d03e8e04f,01851d3,BTC-USD,4h,2025-10-01 00:00:00,2026-07-26,141,train,long,2024-08-12 00:00:00,58718.42969,58747.788904844994,2024-08-12 12:00:00,60242.97473170214,60212.85324433629,target,4,747.5929134285719,57626.399534702134,60242.97473170214,0.08687367111104252,5103.636091820457,20414.54436728183,132.44282454680248,10.334547701226398,5.167306961318658,15.501854662545057,116.94096988425743,0.00572831642873585,0.00648766987712286,20531.485337166087,Ranging,23.003809487462515,1.7250806595446282
con-artist-curve-fit-p6,b34d03e8e04f,01851d3,BTC-USD,4h,2025-10-01 00:00:00,2026-07-26,142,train,short,2024-08-12 16:00:00,60154.60938,60124.53207531,2024-08-15 00:00:00,58194.86187231,58223.959303246156,target,15,964.8351015000007,61571.78472756001,58194.86187231,0.08537066580181042,5132.871334291522,20531.485337166087,167.30494953493397,10.10348950562716,5.05178657905094,15.1552760846781,152.14967345025588,0.007410553642450534,0.008148701703138769,20683.63501061634,Ranging,19.41470274481415,1.7447734426528758
con-artist-curve-fit-p6,b34d03e8e04f,01851d3,BTC-USD,4h,2025-10-01 00:00:00,2026-07-26,143,train,short,2024-08-15 04:00:00,58448.019531,58418.795521234504,2024-08-15 20:00:00,56361.21628009165,56389.39688823169,target,5,1028.7896205714294,59961.97995209165,56361.21628009165,0.08851447049733376,5170.908752654085,20683.63501061634,184.71228478626728,10.162186359879914,5.081139358010347,15.243325717890261,169.46895906837702,0.008193383753938476,0.008930358937945847,20853.10396968472,Ranging,16.87460259483518,1.829114805409023
con-artist-curve-fit-p6,b34d03e8e04f,01851d3,BTC-USD,4h,2025-10-01 00:00:00,2026-07-26,144,train,long,2024-08-16 00:00:00,57497.89062,57526.63956531,2024-08-18 00:00:00,60003.73387345285,59973.73200651613,target,13,1238.5471540714284,55668.81883420285,60003.73387345285,0.09062368377180362,5213.27599242118,20853.10396968472,227.08874658261905,10.648316516394596,5.324215030383272,15.972531546777867,211.11621503584118,0.010123970769183916,0.010889925399727073,21064.220184720558,Ranging,16.457624217619532,1.8633594819973798
con-artist-curve-fit-p6,b34d03e8e04f,01851d3,BTC-USD,4h,2025-10-01 00:00:00,2026-07-26,145,train,short,2024-08-18 12:00:00,60006.12109,59976.11802945501,2024-08-18 20:00:00,58621.83120074072,58651.14211634109,target,3,677.1434143571423,60991.83315099072,58621.83120074072,0.08780253239454269,5266.0550461801395,21064.220184720558,121.54415784512571,10.415773851827106,5.207917311952457,15.623691163779563,105.92046668134614,0.005028454210622908,0.00577017125624668,21170.140651401904,Ranging,11.014796738590825,1.9193081024199607
con-artist-curve-fit-p6,b34d03e8e04f,01851d3,BTC-USD,4h,2025-10-01 00:00:00,2026-07-26,146,train,long,2024-08-19 00:00:00,58425.98828,58455.201274139996,2024-08-20 00:00:00,59802.194576997135,59772.29347970864,target,7,673.4966514285713,57444.95629699714,59802.194576997135,0.09054002120409842,5292.535162850476,21170.140651401904,124.60174731133459,10.70431988192089,5.352191091396634,16.056510973317522,108.54523633801706,0.005127279885635956,0.005885730726266259,21278.68588773992,Ranging,11.451370577441779,1.9358285213373416
con-artist-curve-fit-p6,b34d03e8e04f,01851d3,BTC-USD,4h,2025-10-01 00:00:00,2026-07-26,147,train,long,2024-08-20 04:00:00,60619.19141,60649.501005704995,2024-08-20 12:00:00,59563.32438702642,59533.54272483291,stop,3,724.1177457857146,59563.32438702642,62097.736497276426,0.08771171046295312,5319.67147193498,21278.68588773992,-92.6119026064389,10.541460334249372,5.270707014148584,15.812167348397956,-108.42406995483685,-0.005095430729456242,-0.004352331863679553,21170.261817785085,Chaotic,11.691486616676134,1.960018154271077
con-artist-curve-fit-p6,b34d03e8e04f,01851d3,BTC-USD,4h,2025-10-01 00:00:00,2026-07-26,148,train,long,2024-08-20 16:00:00,58730.011719,58759.376724859496,2024-08-21 16:00:00,60484.072595002355,60453.83055870486,target,7,862.3479350714287,57465.85482225235,60484.072595002355,0.09007184469006001,5292.565454446271,21170.261817785085,157.99149880019456,10.737753491449139,5.368916243598193,16.106669735047333,141.88482906514724,0.006702081924463974,0.007462897727011873,21312.146646850233,Ranging,13.347182026398007,1.9582047940031946
con-artist-curve-fit-p6,b34d03e8e04f,01851d3,BTC-USD,4h,2025-10-01 00:00:00,2026-07-26,149,train,long,2024-08-22 00:00:00,61176.39062,61206.978815309994,2024-08-23 16:00:00,63274.54856973857,63242.9112954537,target,11,1033.784877214286,59656.30149948857,63274.54856973857,0.08704949606791948,5328.036661712558,21312.146646850233,182.6435921956415,10.833300219849935,5.416695770822656,16.24999599067259,166.3935962049689,0.007807453606723401,0.008569929403269885,21478.540243055202,Ranging,12.641735949119637,1.9531721626668082
con-artist-curve-fit-p6,b34d03e8e04f,01851d3,BTC-USD,4h,2025-10-01 00:00:00,2026-07-26,150,train,short,2024-08-23 20:00:00,63630.0,63598.185000000005,2024-08-27 20:00:00,61483.871942000005,61514.613877971,target,25,1057.1565290000003,65183.919793500005,61483.871942000005,0.08443063368496759,5369.6350607638005,21478.540243055202,181.19895190602844,10.563352891366995,5.281721745420782,15.845074636787777,165.35387726924066,0.007698562164749795,0.008436278716130008,21643.894120324443,Ranging,13.663797926953961,1.9474928404145304
con-artist-curve-fit-p6,b34d03e8e04f,01851d3,BTC-USD,4h,2025-10-01 00:00:00,2026-07-26,151,train,long,2024-08-28 04:00:00,59618.019531,59647.82854076549,2024-08-28 16:00:00,58280.99288319406,58251.85238675247,stop,4,911.2237717142852,58280.99288319406,61470.27608419406,0.0907153481099996,5410.973530081111,21643.894120324443,-121.2888377880612,10.695310597397672,5.3476249764883335,16.042935573886005,-137.3317733619472,-0.006345058453829129,-0.005603836218833022,21506.562346962495,Chaotic,30.48588788328058,1.9688720637865507
con-artist-curve-fit-p6,b34d03e8e04f,01851d3,BTC-USD,4h,2025-10-01 00:00:00,2026-07-26,152,train,long,2024-08-29 00:00:00,59012.21094,59041.717045469995,2024-09-01 20:00:00,57290.873855862854,57262.22841893492,stop,24,1167.2287930714276,57290.873855862854,61376.17463161285,0.0910651121917727,5376.640586740624,21506.562346962495,-156.75375468680784,10.591231842061847,5.295576732592025,15.886808574653871,-172.64056326146172,-0.008027343490618101,-0.007288647630333499,21333.921783701033,Chaotic,37.25452017194404,1.966866415506139
con-artist-curve-fit-p6,b34d03e8e04f,01851d3,BTC-USD,4h,2025-10-01 00:00:00,2026-07-26,153,train,long,2024-09-02 00:00:00,57296.0,57324.647999999994,2024-09-02 08:00:00,58651.12009842857,58621.794538379356,target,3,663.236049214286,56329.793926178565,58651.12009842857,0.09303991619669882,5333.480445925258,21333.921783701033,126.08026039425621,10.787647297076171,5.3938551686024,16.18150246567857,109.89875792857764,0.005151362184731526,0.00590984919099969,21443.82054162961,Chaotic,42.07532806322532,1.9620710963044494
con-artist-curve-fit-p6,b34d03e8e04f,01851d3,BTC-USD,4h,2025-10-01 00:00:00,2026-07-26,154,train,long,2024-09-02 12:00:00,58436.011719,58465.2297248595,2024-09-03 00:00:00,59772.866444716645,59742.98001149429,target,4,653.818359928572,57484.50218496664,59772.866444716645,0.09169475875894689,5360.955135407403,21443.82054162961,122.58257157034568,10.839073275101958,5.419567283193075,16.258640558295035,106.32393101205065,0.004958255027626277,0.005716452034858807,21550.144472641663,Chaotic,41.25278875227045,1.9669021653426226
con-artist-curve-fit-p6,b34d03e8e04f,01851d3,BTC-USD,4h,2025-10-01 00:00:00,2026-07-26,155,train,short,2024-09-03 04:00:00,59114.0,59084.44300000001,2024-09-03 20:00:00,57570.05460685715,57598.83963416058,target,5,757.1941965714292,60220.23429485715,57570.05460685715,0.09118366603135135,5387.536118160416,21550.144472641663,140.78260109898116,10.639609475155078,5.319839933227115,15.959449408382193,124.82315169059896,0.005792218787631073,0.006532791521546757,21674.96762433226,Chaotic,33.62849833143953,1.9744554727841344
con-artist-curve-fit-p6,b34d03e8e04f,01851d3,BTC-USD,4h,2025-10-01 00:00:00,2026-07-26,156,train,long,2024-09-04 00:00:00,57499.14844,57527.898014219994,2024-09-04 00:00:00,56324.48995079142,56296.32770581603,stop,1,802.2720422857144,56324.48995079142,59132.44209879142,0.09419328870218129,5418.741906083065,21674.96762433226,-110.6449462004913,10.721478154549601,5.3607114160376454,16.082189570587246,-126.72713577107855,-0.005846704731813071,-0.0051047340931795245,21548.240488561183,Chaotic,28.05370896102217,1.9839150249929012
con-artist-curve-fit-p6,b34d03e8e04f,01851d3,BTC-USD,4h,2025-10-01 00:00:00,2026-07-26,157,train,long,2024-09-04 04:00:00,56647.23047,56675.554085235,2024-09-04 16:00:00,58455.08533537786,58425.85779271017,target,4,889.7656250714291,55340.90564762786,58455.08533537786,0.09505085938884048,5387.060122140296,21548.240488561183,171.83815860446174,10.94048811586758,5.470287017473169,16.41077513334075,155.427383471121,0.007212996511414895,0.007974579580902742,21703.667872032303,Chaotic,29.273594224797865,1.985185903601144
con-artist-curve-fit-p6,b34d03e8e04f,01851d3,BTC-USD,4h,2025-10-01 00:00:00,2026-07-26,158,train,short,2024-09-04 20:00:00,58078.89844,58049.85899078,2024-09-05 12:00:00,56234.24738478,56262.36450847238,target,5,907.8058029999999,59411.56769528,56234.24738478,0.09346994225894449,5425.916968008076,21703.667872032303,172.41942761931423,10.684756929966678,5.342421569839615,16.027178499806293,156.39224911950794,0.007205798118622959,0.007944252954658263,21860.06012115181,Chaotic,28.483532877519597,1.9898834511800814
con-artist-curve-fit-p6,b34d03e8e04f,01851d3,BTC-USD,4h,2025-10-01 00:00:00,2026-07-26,159,train,short,2024-09-05 16:00:00,55968.19141,55940.207314295,2024-09-06 12:00:00,53930.017026009285,53956.98203452229,target,6,1005.0951441428572,57447.85003050929,53930.017026009285,0.09769386444321272,5465.015030287953,21860.06012115181,199.1171319812174,10.736281118933439,5.3681903387494,16.10447145768284,183.01266052353455,0.008372010850347632,0.009108718405973253,22043.072781675346,Chaotic,27.155795174037166,1.9922907642777588
con-artist-curve-fit-p6,b34d03e8e04f,01851d3,BTC-USD,4h,2025-10-01 00:00:00,2026-07-26,160,train,long,2024-09-06 16:00:00,54056.67969,54083.708029844995,2024-09-09 16:00:00,56240.20132970213,56212.081229037285,target,19,1078.2466499285704,52466.33805495214,56240.20132970213,0.10189331309121466,5510.7681954188365,22043.072781675346,222.48625407561215,11.238403387597922,5.619257315361921,16.85766070295984,205.62859337265232,0.009328490424601496,0.010093250441044112,22248.701375048,Chaotic,30.112476514718075,1.993903122065042
con-artist-curve-fit-p6,b34d03e8e04f,01851d3,BTC-USD,4h,2025-10-01 00:00:00,2026-07-26,161,train,long,2024-09-10 12:00:00,57226.0,57254.613,2024-09-11 04:00:00,56103.77357560714,56075.72168881934,stop,5,767.2262829285709,56103.77357560714,58789.06556585714,0.09714807335719831,5562.175343762,22248.701375048,-109.02213500030378,11.009823667945259,5.504884578438123,16.514708246383382,-125.53684324668716,-0.005642434636094185,-0.004900157234460996,22123.164531801314,Chaotic,30.024979218420967,1.994518105024481
con-artist-curve-fit-p6,b34d03e8e04f,01851d3,BTC-USD,4h,2025-10-01 00:00:00,2026-07-26,162,train,long,2024-09-11 08:00:00,56704.011719,56732.3637248595,2024-09-12 00:00:00,58420.60144771664,58391.391146992784,target,5,844.1188614285711,55466.18543271664,58420.60144771664,0.09748917143261557,5530.791132950329,22123.164531801314,167.34891034232328,11.22331947466842,5.6117015745609535,16.835021049229375,150.5138892930939,0.0068034520593441864,0.007564420094682421,22273.67842109441,Chaotic,25.634872091236524,1.9908059086998153
con-artist-curve-fit-p6,b34d03e8e04f,01851d3,BTC-USD,4h,2025-10-01 00:00:00,2026-07-26,163,train,long,2024-09-12 04:00:00,58247.98828,58277.112274139996,2024-09-13 20:00:00,60036.37957156856,60006.36138178278,target,11,879.6336487142851,56957.66180106857,60036.37957156856,0.0955507125864324,5568.419605273602,22273.67842109441,170.88206229274658,11.302070195021926,5.651077818026295,16.95314801304822,153.92891427969835,0.0069107989874685055,0.007671928231257563,22427.60733537411,Chaotic,19.798514690926464,1.985573452748842
con-artist-curve-fit-p6,b34d03e8e04f,01851d3,BTC-USD,4h,2025-10-01 00:00:00,2026-07-26,164,train,short,2024-09-14 00:00:00,60532.0,60501.734000000004,2024-09-15 20:00:00,58874.45721328572,58903.894441892364,target,12,813.6383933571425,61722.19159003572,58874.45721328572,0.0926734072422375,5606.901833843527,22427.60733537411,153.61013769460558,11.065726431610788,5.5329016183394515,16.59862804995024,137.01150964465535,0.00610905602170736,0.006849154053643647,22564.618845018766,Chaotic,18.08634341472203,1.9902302591254306
con-artist-curve-fit-p6,b34d03e8e04f,01851d3,BTC-USD,4h,2025-10-01 00:00:00,2026-07-26,165,train,short,2024-09-16 00:00:00,59122.23047,59092.66935476501,2024-09-16 12:00:00,58074.184979765014,58103.222072254895,target,4,509.2421874999979,59856.53263601501,58074.184979765014,0.09546285136296369,5641.154711254691,22564.618845018766,100.0494108559271,11.187853963647632,5.593951994176024,16.781805957823657,83.26760489810346,0.003690184419688752,0.004433906530533461,22647.88644991687,Chaotic,20.365021741462904,1.9874343445292584
con-artist-curve-fit-p6,b34d03e8e04f,01851d3,BTC-USD,4h,2025-10-01 00:00:00,2026-07-26,166,train,long,2024-09-16 16:00:00,57898.0,57926.94899999999,2024-09-17 08:00:00,59111.47076399999,59081.915028617994,target,5,592.2608819999981,57038.557677,59111.47076399999,0.09774330791147344,5661.971612479218,22647.88644991687,118.608646527222,11.436833425120936,5.718446364721132,17.15527978984207,101.45336673737994,0.0044795953459821555,0.0052370735251393566,22749.33981665425,Chaotic,21.21953344362834,1.989946697351197
con-artist-curve-fit-p6,b34d03e8e04f,01851d3,BTC-USD,4h,2025-10-01 00:00:00,2026-07-26,167,train,long,2024-09-17 12:00:00,59080.98828,59110.528774139995,2024-09-17 12:00:00,60509.634244997134,60479.37942787464,target,1,699.5527354285696,58061.19967099714,60509.634244997134,0.09621526100527271,5687.3349541635625,22749.33981665425,137.4575444063292,11.506374231253442,5.753221480011916,17.25959571126536,120.19794869506383,0.005283579640718619,0.006042265204799472,22869.537765349312,Chaotic,21.01061509703321,1.990293415257161
con-artist-curve-fit-p6,b34d03e8e04f,01851d3,BTC-USD,4h,2025-10-01 00:00:00,2026-07-26,168,train,long,2024-09-17 16:00:00,61174.85156,61205.43898578,2024-09-17 16:00:00,59916.539290851426,59886.581021206,stop,1,859.2664632857128,59916.539290851426,62923.97191235142,0.09341301257010282,5717.384441337328,22869.537765349312,-117.54273981509061,11.311570387051725,5.655755807840251,16.967326194891974,-134.51006600998258,-0.00588162591610334,-0.005139707720423848,22735.02769933933,Chaotic,21.756215040560754,1.9902228258533412
con-artist-curve-fit-p6,b34d03e8e04f,01851d3,BTC-USD,4h,2025-10-01 00:00:00,2026-07-26,169,train,long,2024-09-17 20:00:00,59934.03125,59963.998265625,2024-09-19 00:00:00,61866.42739776785,61835.49418406897,target,8,951.2145660714274,58537.17641651786,61866.42739776785,0.09478615651440152,5683.756924834833,22735.02769933933,183.16440371015028,11.544905754711358,5.772498668456308,17.317404423167666,165.84699928698262,0.0072947788531527525,0.008056484739425804,22900.874698626314,Chaotic,22.448557832120166,1.9906221961285473
con-artist-curve-fit-p6,b34d03e8e04f,01851d3,BTC-USD,4h,2025-10-01 00:00:00,2026-07-26,170,train,long,2024-09-19 04:00:00,62131.98828,62163.05427413999,2024-09-23 00:00:00,64412.85394142571,64380.647514455,target,24,1124.8998336428579,60475.704523675704,64412.85394142571,0.09210002213546778,5725.2186746565785,22900.874698626314,210.06777790533647,11.654677735833634,5.82739138486059,17.482069120694224,192.58570878464224,0.008409535064448621,0.0091729150379543,23093.460407410956,Chaotic,26.349742473521626,1.9905359088979433
con-artist-curve-fit-p6,b34d03e8e04f,01851d3,BTC-USD,4h,2025-10-01 00:00:00,2026-07-26,171,train,short,2024-09-23 04:00:00,64380.78125,64348.59085937501,2024-09-23 12:00:00,63098.286726089296,63129.835869452334,target,3,625.1520666428556,65286.31895933929,63098.286726089296,0.08972014809880817,5773.365101852739,23093.460407410956,115.06559862117881,11.437383325513455,5.718720429155184,17.15610375466864,97.90949486651017,0.0042397065290003,0.004982605317315414,23191.369902277467,Chaotic,33.22873174339671,1.97058051134551
con-artist-curve-fit-p6,b34d03e8e04f,01851d3,BTC-USD,4h,2025-10-01 00:00:00,2026-07-26,172,train,long,2024-09-23 20:00:00,63272.71094,63304.34729547,2024-09-25 00:00:00,64733.60510989857,64701.23830734362,target,8,714.6289072142853,62232.403934648566,64733.60510989857,0.09158679811527344,5797.842475569367,23191.369902277467,133.79861940628055,11.723621726232242,5.861844312770927,17.58546603900317,116.21315336727739,0.005011051691080348,0.0057693279858013514,23307.583055644744,Chaotic,35.14823386536365,1.9666668525994648
con-artist-curve-fit-p6,b34d03e8e04f,01851d3,BTC-USD,4h,2025-10-01 00:00:00,2026-07-26,173,train,long,2024-09-25 04:00:00,64456.0,64488.227999999996,2024-09-25 16:00:00,63175.314078428564,63143.72642138935,stop,4,875.2759477142863,63175.314078428564,66238.77989542857,0.09035596022131646,5826.895763911186,23307.583055644744,-115.71760618550867,11.532307796667931,5.766124968931962,17.29843276559989,-133.01603895110856,-0.005706985517698031,-0.004964805055472434,23174.567016693636,Trending,31.59040519423463,1.928570723613674
con-artist-curve-fit-p6,b34d03e8e04f,01851d3,BTC-USD,4h,2025-10-01 00:00:00,2026-07-26,174,train,short,2024-09-25 20:00:00,63239.92188,63208.30191906,2024-09-26 08:00:00,64256.03392098857,64288.161937949066,stop,4,698.4880012857149,64256.03392098857,61811.325916488575,0.09165950639826283,5793.641754173409,23174.567016693636,-93.13632812234371,11.68626294465741,5.843108188246589,17.529371132903997,-110.66569925524772,-0.004775308171908043,-0.004018902620931542,23063.901317438387,Trending,26.650614077840505,1.9162389955655539
con-artist-curve-fit-p6,b34d03e8e04f,01851d3,BTC-USD,4h,2025-10-01 00:00:00,2026-07-26,175,train,short,2024-09-26 12:00:00,64419.98828,64387.778285860004,2024-09-26 12:00:00,65485.863245860004,65518.60617748293,stop,1,732.0566400000005,65485.863245860004,62923.665005860006,0.0895507731880515,5765.975329359597,23063.901317438387,-95.44992731455157,11.633217170756641,5.816584722895442,17.449801893652083,-112.89972920820365,-0.00489508377851241,-0.004138498773509009,22951.001588230185,Ranging,21.88770585329436,1.898081865790183
con-artist-curve-fit-p6,b34d03e8e04f,01851d3,BTC-USD,4h,2025-10-01 00:00:00,2026-07-26,176,train,long,2024-09-26 20:00:00,64759.57031,64791.950095155,2024-09-27 12:00:00,66423.33011801215,66390.11845295315,target,5,815.6900114285719,63568.41507801214,66423.33011801215,0.08855653192458245,5737.750397057546,22951.001588230185,147.33679855306477,11.617029041313302,5.80855135485578,17.42558039616908,129.9112181568957,0.005660372496489096,0.006419623909948337,23080.91280638708,Ranging,24.009087977532477,1.8912711081196614
con-artist-curve-fit-p6,b34d03e8e04f,01851d3,BTC-USD,4h,2025-10-01 00:00:00,2026-07-26,177,train,short,2024-09-27 16:00:00,66046.0,66012.977,2024-09-30 00:00:00,64559.00266828571,64591.28216961985,target,15,726.9871658571439,67103.45774878572,64559.00266828571,0.08741051326312356,5770.22820159677,23080.91280638708,129.979199986041,11.416185328366483,5.708125158982938,17.12431048734942,112.85488949869159,0.004889533201973786,0.005631458386258988,23193.767695885774,Trending,29.853650083225773,1.8734249114840118
con-artist-curve-fit-p6,b34d03e8e04f,01851d3,BTC-USD,4h,2025-10-01 00:00:00,2026-07-26,178,train,short,2024-09-30 04:00:00,64547.12109,64514.847529455,2024-09-30 08:00:00,63626.731456169284,63658.54482189736,target,2,444.05803664286003,65180.934584419294,63626.731456169284,0.08987763508739748,5798.441923971443,23193.767695885774,82.72244364766054,11.519921385668672,5.759981373444603,17.279902759113277,65.44254088854727,0.002821557141841849,0.0035665806751325815,23259.21023677432,Trending,36.26184925118405,1.8535684259797993
con-artist-curve-fit-p6,b34d03e8e04f,01851d3,BTC-USD,4h,2025-10-01 00:00:00,2026-07-26,179,train,long,2024-09-30 12:00:00,63819.44141,63851.351130705,2024-09-30 16:00:00,63092.28458368714,63060.738441395304,stop,2,506.0443646785737,63092.28458368714,64863.43986006215,0.09106780759095548,5814.80255919358,23259.21023677432,-66.22057794710913,11.557605754118136,5.778786321914055,17.33639207603219,-83.55697002314133,-0.003592425072586185,-0.002847069065243243,23175.65326675118,Trending,34.86451122762853,1.8675480443352535
con-artist-curve-fit-p6,b34d03e8e04f,01851d3,BTC-USD,4h,2025-10-01 00:00:00,2026-07-26,180,train,long,2024-09-30 20:00:00,63466.85156,63498.58498578,2024-10-01 12:00:00,62677.74513983357,62646.40626726366,stop,5,547.2265639642881,62677.74513983357,64593.03811370857,0.09124476266652706,5793.913316687795,23175.65326675118,-72.00182802671905,11.510069788455102,5.755016893769664,17.265086682224766,-89.26691470894382,-0.003851753979984249,-0.0031067874203147524,23086.386352042235,Trending,35.641975013168704,1.8812177581341525
con-artist-curve-fit-p6,b34d03e8e04f,01851d3,BTC-USD,4h,2025-10-01 00:00:00,2026-07-26,181,train,short,2024-10-01 16:00:00,62620.011719,62588.70171314051,2024-10-01 20:00:00,61139.12916749765,61169.6987320814,target,2,724.7862728214293,63675.88112237265,61139.12916749765,0.09221467181829737,5771.596588010559,23086.386352042235,136.55909848823197,11.412340281813567,5.7062042806807085,17.118544562494275,119.44055392573769,0.005173635756778883,0.005915135283879189,23205.826905967973,Trending,37.78222796125816,1.8994604612239014
con-artist-curve-fit-p6,b34d03e8e04f,01851d3,BTC-USD,4h,2025-10-01 00:00:00,2026-07-26,182,train,long,2024-10-02 00:00:00,60796.0,60826.397999999994,2024-10-06 12:00:00,62637.14800121428,62605.82942721368,target,28,905.3750006071433,59468.33549908928,62637.14800121428,0.09537728547549361,5801.456726491993,23205.826905967973,175.60369851444867,11.772630792201412,5.886359297024143,17.658990089225554,157.9447084252231,0.006806252113541516,0.007567224353866385,23363.771614393198,Trending,41.531377862206874,1.907313220871214
con-artist-curve-fit-p6,b34d03e8e04f,01851d3,BTC-USD,4h,2025-10-01 00:00:00,2026-07-26,183,train,long,2024-10-06 16:00:00,62746.019531,62777.3925407655,2024-10-07 00:00:00,63694.942205194064,63663.09473409147,target,3,458.7748322142849,62089.23029244407,63694.942205194064,0.09304213933073742,5840.942903598299,23363.771614393198,88.28979566646021,11.764293434073574,5.882168789485135,17.646462223558707,70.6433334429015,0.0030236271184649753,0.0037789187946037565,23434.4149478361,Chaotic,37.23490455640743,1.9730525096262863
con-artist-curve-fit-p6,b34d03e8e04f,01851d3,BTC-USD,4h,2025-10-01 00:00:00,2026-07-26,184,train,short,2024-10-07 08:00:00,63547.75,63515.976125,2024-10-07 12:00:00,64179.11633192857,64211.205890094534,stop,2,442.09347128571346,64179.11633192857,62631.789182428576,0.09223826971389436,5858.603736959025,23434.4149478361,-58.23613801269956,11.781334264503966,5.8906525732173876,17.671986837721356,-75.90812485042092,-0.0032391730290424925,-0.00248506899542107,23358.506822985677,Chaotic,30.942224268835623,1.9767961318252305
con-artist-curve-fit-p6,b34d03e8e04f,01851d3,BTC-USD,4h,2025-10-01 00:00:00,2026-07-26,185,train,short,2024-10-07 16:00:00,63685.78125,63653.938359375,2024-10-07 20:00:00,62523.235233946434,62554.4968515634,target,2,565.3515627142853,64501.96570344643,62523.235233946434,0.0917402262335643,5839.626705746419,23358.506822985677,106.652234519683,11.578390398835632,5.7892218624757845,17.367612261311415,89.28462225837158,0.0038223600050715594,0.004565884083597889,23447.79144524405,Chaotic,27.88489235052303,1.9801060072133239
con-artist-curve-fit-p6,b34d03e8e04f,01851d3,BTC-USD,4h,2025-10-01 00:00:00,2026-07-26,186,train,short,2024-10-08 00:00:00,62255.98828,62224.86028586,2024-10-09 20:00:00,60832.77546328857,60863.19185102021,target,12,696.0424112857139,63268.92390278857,60832.77546328857,0.09420588225319139,5861.947861311012,23447.79144524405,134.07501903234964,11.59561854638162,5.797842791944959,17.39346133832658,116.68155769402307,0.004976228058258756,0.005718023351813132,23564.473002938073,Chaotic,25.025397660165982,1.9836665176811241
con-artist-curve-fit-p6,b34d03e8e04f,01851d3,BTC-USD,4h,2025-10-01 00:00:00,2026-07-26,187,train,long,2024-10-10 00:00:00,60636.01,60666.328004999996,2024-10-10 16:00:00,59512.14598982142,59482.38991682651,stop,5,769.4546767857147,59512.14598982142,62205.23735857142,0.09710688687551658,5891.118250734518,23564.473002938073,-109.13493529987565,11.66726795947316,5.833606696002164,17.50087465547532,-126.63580995535098,-0.005374014090599935,-0.004631333587908733,23437.837192982723,Chaotic,17.942205415152472,1.9908568747696713
con-artist-curve-fit-p6,b34d03e8e04f,01851d3,BTC-USD,4h,2025-10-01 00:00:00,2026-07-26,188,train,long,2024-10-10 20:00:00,59727.27,59757.13363499999,2024-10-11 12:00:00,61365.57999757142,61334.897207572634,target,5,804.2231812857145,58550.79886307142,61365.57999757142,0.09805455753677202,5859.459298245681,23437.837192982723,160.64376191993574,11.87362550549761,5.93685291368854,17.81047841918615,142.8332835007496,0.006094132420354631,0.00685403523359367,23580.670476483472,Chaotic,24.593344580322636,1.993757830654276
con-artist-curve-fit-p6,b34d03e8e04f,01851d3,BTC-USD,4h,2025-10-01 00:00:00,2026-07-26,189,train,short,2024-10-11 16:00:00,62259.04,62227.910480000006,2024-10-12 12:00:00,63475.56119428572,63507.29897488286,stop,6,831.7671428571422,63475.56119428572,60564.37619428572,0.09473510477289077,5895.167619120868,23580.670476483472,-115.24726279909993,11.911538241349696,5.955740308858481,17.867278550208177,-133.1145413493081,-0.005645070248619968,-0.004887361574982938,23447.555935134165,Chaotic,26.479095223055182,1.9925848898405891
con-artist-curve-fit-p6,b34d03e8e04f,01851d3,BTC-USD,4h,2025-10-01 00:00:00,2026-07-26,190,train,long,2024-10-12 16:00:00,63157.5,63189.07874999999,2024-10-14 08:00:00,64834.32589285714,64801.90872991071,target,11,822.6235714285712,61955.143392857135,64834.32589285714,0.09276743861032381,5861.888983783541,23447.555935134165,155.55484307582594,11.873396073717341,5.936736925568539,17.81013299928588,137.74471007654006,0.005874587119339861,0.006634160230011021,23585.300645210704,Chaotic,24.774820807116154,1.9801523060421362
con-artist-curve-fit-p6,b34d03e8e04f,01851d3,BTC-USD,4h,2025-10-01 00:00:00,2026-07-26,191,train,short,2024-10-14 12:00:00,64920.05,64887.58997500001,2024-10-14 12:00:00,65893.99997500001,65926.94697498751,stop,1,670.9399999999997,65893.99997500001,63545.70997500001,0.09086984373397781,5896.325161302676,23585.300645210704,-88.50268203296255,11.887096530778031,5.943526139717875,17.830622670495906,-106.33330470345845,-0.004508456614694492,-0.003752450874563439,23478.967340507246,Chaotic,23.1402893367994,1.9614445759250407
con-artist-curve-fit-p6,b34d03e8e04f,01851d3,BTC-USD,4h,2025-10-01 00:00:00,2026-07-26,192,train,long,2024-10-14 16:00:00,65870.0,65902.935,2024-10-15 12:00:00,67445.51214285714,67411.78938678572,target,6,771.288571428571,64746.00214285714,67445.51214285714,0.08906647078960614,5869.741835126812,23478.967340507246,140.32530625045558,11.873872005420042,5.936971084035946,17.810843089455986,122.5144631609996,0.005218051602705316,0.005976638759932104,23601.481803668245,Chaotic,25.37545308639737,1.960461468018119
con-artist-curve-fit-p6,b34d03e8e04f,01851d3,BTC-USD,4h,2025-10-01 00:00:00,2026-07-26,193,train,long,2024-10-15 16:00:00,66022.01,66055.02100499999,2024-10-16 08:00:00,68128.90243357142,68094.83798235464,target,5,1036.9407142857137,64499.60993357142,68128.90243357142,0.08932508628633146,5900.370450917061,23601.481803668245,188.19834842478645,11.982947729344652,5.991520914258132,17.974468643602783,170.22387978118365,0.007212423406174722,0.007974005615000659,23771.70568344943,Trending,34.473677453583335,1.9483759381782217
con-artist-curve-fit-p6,b34d03e8e04f,01851d3,BTC-USD,4h,2025-10-01 00:00:00,2026-07-26,194,train,short,2024-10-16 12:00:00,67894.73,67860.782635,2024-10-23 16:00:00,65648.61549214285,65681.43979988892,target,44,1106.0835714285697,69519.90799214285,65648.61549214285,0.08757527087224047,5942.926420862357,23771.70568344943,196.70408643565835,11.694996302616387,5.84754732732921,17.542543629945598,179.16154280571277,0.007536755889185116,0.008274714867120772,23950.86722625514,Trending,43.78460431436082,1.933507172509651
con-artist-curve-fit-p6,b34d03e8e04f,01851d3,BTC-USD,4h,2025-10-01 00:00:00,2026-07-26,195,train,long,2024-10-23 20:00:00,66472.0,66505.23599999999,2024-10-24 16:00:00,68230.62599999999,68196.51068699999,target,6,862.6949999999987,65211.193499999994,68230.62599999999,0.0900337652596825,5987.716806563785,23950.86722625514,158.33572046357344,12.12770544128657,6.063892304572676,18.191597745859248,140.1441227177142,0.005851317256858534,0.0066108554219700445,24091.011348972854,Trending,37.135621088276864,1.882597391323096
con-artist-curve-fit-p6,b34d03e8e04f,01851d3,BTC-USD,4h,2025-10-01 00:00:00,2026-07-26,196,train,short,2024-10-24 20:00:00,68309.79,68275.635105,2024-10-25 16:00:00,66724.80367642856,66758.16607826678,target,6,775.4157142857138,69438.75867642857,66724.80367642856,0.08821232974224143,6022.752837243213,24091.011348972854,139.8153362118259,11.911646196326597,5.955858051997012,17.86750424832361,121.94783196350228,0.005061963991341595,0.005803630830873652,24212.959180936356,Trending,30.432753725082108,1.8724772877242648
con-artist-curve-fit-p6,b34d03e8e04f,01851d3,BTC-USD,4h,2025-10-01 00:00:00,2026-07-26,197,train,long,2024-10-25 20:00:00,66849.99,66883.414995,2024-10-28 08:00:00,68719.72785214285,68685.36798821678,target,16,918.1564285714287,65506.18035214286,68719.72785214285,0.09050434693991942,6053.239795234089,24212.959180936356,169.219403257036,12.269564169335696,6.134824389518371,18.404388558854066,150.81501469818193,0.006228689916469337,0.006988794801680742,24363.774195634538,Ranging,22.624215060314,1.892763264463209
con-artist-curve-fit-p6,b34d03e8e04f,01851d3,BTC-USD,4h,2025-10-01 00:00:00,2026-07-26,198,train,long,2024-10-28 12:00:00,68753.78,68788.15689,2024-10-28 16:00:00,69751.29974714285,69716.42409726928,target,2,481.57142857143066,68065.79974714285,69751.29974714285,0.08854639845415162,6090.9435489086345,24363.774195634538,88.32678099639577,12.264081815824058,6.132062989607519,18.396144805431575,69.9306361909642,0.002870271068408369,0.0036253324418111716,24433.704831825504,Ranging,17.689605943287663,1.8828678675270552
con-artist-curve-fit-p6,b34d03e8e04f,01851d3,BTC-USD,4h,2025-10-01 00:00:00,2026-07-26,199,train,short,2024-10-28 20:00:00,69629.99,69595.17500500001,2024-10-29 00:00:00,70481.85821928573,70517.09914839537,stop,2,591.1221428571454,70481.85821928573,68412.93071928572,0.08777082904838619,6108.426207956376,24433.704831825504,-74.76917984668037,12.297770462298287,6.148866538853426,18.446637001151714,-93.21581684783209,-0.003815050459577304,-0.0030600836165169546,24340.489014977673,Ranging,20.511403206640157,1.8883674107604815
con-artist-curve-fit-p6,b34d03e8e04f,01851d3,BTC-USD,4h,2025-10-01 00:00:00,2026-07-26,200,train,long,2024-10-29 04:00:00,70938.15,70973.619075,2024-10-29 12:00:00,72418.759075,72382.5496954625,target,3,722.5700000000028,69889.76407499998,72418.759075,0.08573780417360545,6085.122253744418,24340.489014977673,126.94417093001313,12.291043125120247,6.14555329860265,18.436596423722897,108.50757450629024,0.004457904458678756,0.00521535006350527,24448.996589483962,Trending,25.122028940992976,1.8961468612523884
con-artist-curve-fit-p6,b34d03e8e04f,01851d3,BTC-USD,4h,2025-10-01 00:00:00,2026-07-26,201,train,short,2024-10-29 16:00:00,72402.0,72365.799,2024-10-31 12:00:00,70683.79471428572,70719.13661164285,target,12,841.0021428571448,73627.30221428572,70683.79471428572,0.08446323030815966,6112.249147370991,24448.996589483962,145.12516876398288,12.085415870194387,6.04274421638911,18.1281600865835,126.99700867739939,0.005194364857166511,0.005935833326853354,24575.993598161363,Trending,32.75156669616381,1.905624685884993
con-artist-curve-fit-p6,b34d03e8e04f,01851d3,BTC-USD,4h,2025-10-01 00:00:00,2026-07-26,202,train,short,2024-10-31 16:00:00,70620.01,70584.699995,2024-11-03 00:00:00,68775.79142357143,68810.17931928321,target,15,904.4542857142858,71941.38142357144,68775.79142357143,0.08704433680352204,6143.998399540341,24575.993598161363,160.5287829059602,12.133534823718776,6.06680754405437,18.200342367773146,142.32844053818707,0.005791360579978149,0.006531934599705058,24718.32203869955,Trending,41.106047389156984,1.8983333027835538
con-artist-curve-fit-p6,b34d03e8e04f,01851d3,BTC-USD,4h,2025-10-01 00:00:00,2026-07-26,203,train,long,2024-11-03 16:00:00,68090.91,68124.955455,2024-11-05 12:00:00,69881.39259785715,69846.45190155822,target,12,878.2185714285713,66807.62759785715,69881.39259785715,0.0907094979864877,6179.580509674887,24718.32203869955,162.41377760516406,12.515317097802592,6.257699152345822,18.773016250148416,143.64076135501566,0.005811104861006686,0.006570582637077285,24861.962800054564,Ranging,21.70256031771491,1.8827658851014004
con-artist-curve-fit-p6,b34d03e8e04f,01851d3,BTC-USD,4h,2025-10-01 00:00:00,2026-07-26,204,train,long,2024-11-05 16:00:00,69640.0,69674.81999999999,2024-11-06 00:00:00,71612.0757142857,71576.26967642856,target,3,968.6278571428577,68221.87821428571,71612.0757142857,0.08920712963468928,6215.490700013641,24861.962800054564,175.92321389370724,12.600604267806284,6.300346114705604,18.900950382511887,157.02226351119535,0.0063157629497720405,0.00707599859707461,25018.98506356576,Ranging,23.065259908835845,1.9033732853188257
con-artist-curve-fit-p6,b34d03e8e04f,01851d3,BTC-USD,4h,2025-10-01 00:00:00,2026-07-26,205,train,long,2024-11-06 04:00:00,74348.53,74385.704265,2024-11-10 00:00:00,77201.07569357142,77162.47515572463,target,24,1407.6857142857148,72274.17569357142,77201.07569357142,0.0840853269817656,6254.74626589144,25018.98506356576,239.85723737437996,12.742978220082911,6.371549074349957,19.114527294432868,220.7427100799471,0.008823008188346006,0.009587009095891557,25239.727773645707,Ranging,23.77652640626578,1.9196270107320765
con-artist-curve-fit-p6,b34d03e8e04f,01851d3,BTC-USD,4h,2025-10-01 00:00:00,2026-07-26,206,train,long,2024-11-10 04:00:00,77205.97,77244.57298499999,2024-11-10 04:00:00,78779.55584214284,78740.16606422178,target,1,767.4914285714289,76093.33584214284,78779.55584214284,0.08168770568045917,6309.931943411427,25239.727773645707,128.54261713590196,12.742035454096055,6.371049862701199,19.113085316797253,109.42953181910471,0.004335606659488877,0.005092868603365878,25349.15730546481,Chaotic,48.842193655229686,1.9706929071082748
con-artist-curve-fit-p6,b34d03e8e04f,01851d3,BTC-USD,4h,2025-10-01 00:00:00,2026-07-26,207,train,long,2024-11-10 08:00:00,78832.36,78871.77618,2024-11-10 16:00:00,80591.75475142857,80551.45887405286,target,3,859.9892857142861,77581.79225142857,80591.75475142857,0.08034926602772752,6337.289326366203,25349.15730546481,141.36607693032155,12.80953992435903,6.404805303698623,19.214345228057653,122.1517317022639,0.004818768933037875,0.005576756466766082,25471.309037167073,Chaotic,49.99280976542533,1.9686950218962949
con-artist-curve-fit-p6,b34d03e8e04f,01851d3,BTC-USD,4h,2025-10-01 00:00:00,2026-07-26,208,train,short,2024-11-10 20:00:00,79748.99,79709.11550500001,2024-11-10 20:00:00,81206.5322907143,81247.13555685965,stop,1,998.2778571428581,81206.5322907143,77712.5597907143,0.07988831915833172,6367.827259291768,25471.309037167073,-116.44060370734935,12.858524355358414,6.42923306752742,19.287757422885832,-135.72836113023519,-0.005328676313109149,-0.004571441677278629,25335.58067603684,Trending,53.59946816372648,1.959340753389808
con-artist-curve-fit-p6,b34d03e8e04f,01851d3,BTC-USD,4h,2025-10-01 00:00:00,2026-07-26,209,train,long,2024-11-11 00:00:00,80370.01,80410.19500499999,2024-11-11 12:00:00,82702.89786214284,82661.54641321178,target,4,1146.3514285714284,78690.66786214284,82702.89786214284,0.07876980236915682,6333.89516900921,25335.58067603684,183.76111585039664,12.845128843506785,6.42261036203098,19.267739205537765,164.49337664485887,0.006492583641488892,0.007253084829597116,25500.0740526817,Trending,53.4339056600088,1.9571732806594058
con-artist-curve-fit-p6,b34d03e8e04f,01851d3,BTC-USD,4h,2025-10-01 00:00:00,2026-07-26,210,train,long,2024-11-11 16:00:00,84059.53,84101.559765,2024-11-11 20:00:00,86952.39405071428,86908.91785368894,target,2,1425.4171428571437,81963.43405071428,86952.39405071428,0.07580143021108955,6375.018513170425,25500.0740526817,219.28323245038865,12.962838784578143,6.481474213096249,19.44431299767439,199.83891945271426,0.007836797612424907,0.00859931747638701,25699.912972134414,Trending,54.78843346902557,1.9419154208216451
con-artist-curve-fit-p6,b34d03e8e04f,01851d3,BTC-USD,4h,2025-10-01 00:00:00,2026-07-26,211,train,long,2024-11-12 12:00:00,87155.55,87199.127775,2024-11-13 12:00:00,91797.17920357143,91751.28061396965,target,7,2299.0257142857154,83750.58920357144,91797.17920357143,0.0736816801609757,6424.978243033604,25699.912972134414,342.0030384033944,13.185366755592044,6.592768878555319,19.77813563414736,322.224902769247,0.012537976417220754,0.01330755628527681,26022.137874903663,Trending,60.238841204966185,1.910322295703962
con-artist-curve-fit-p6,b34d03e8e04f,01851d3,BTC-USD,4h,2025-10-01 00:00:00,2026-07-26,212,train,long,2024-11-13 16:00:00,92540.0,92586.26999999999,2024-11-13 20:00:00,88474.08107142856,88429.84403089285,stop,2,2741.459285714285,88474.08107142856,98069.18857142856,0.06328050176416321,5858.9056220722905,26022.137874903663,-257.29338993240947,11.454790523273884,5.727330938288333,17.182121461562218,-274.47551139397166,-0.010547769468959814,-0.009887480850700934,25747.66236350969,Trending,55.09955838022874,1.8710365038100698
con-artist-curve-fit-p6,b34d03e8e04f,01851d3,BTC-USD,4h,2025-10-01 00:00:00,2026-07-26,213,train,long,2024-11-14 00:00:00,90375.21,90420.397605,2024-11-21 04:00:00,96238.7218907143,96190.60252976895,target,44,2909.162142857143,86056.65439071429,96238.7218907143,0.05900361478470781,5335.130308965537,25747.66236350969,345.9683968852597,11.010723566540964,5.505448275369133,16.516171841910097,329.45222504334964,0.01279542276079628,0.013436885725811592,26077.114588553042,Trending,54.24194823297954,1.8715430231877113
con-artist-curve-fit-p6,b34d03e8e04f,01851d3,BTC-USD,4h,2025-10-01 00:00:00,2026-07-26,214,train,short,2024-11-21 12:00:00,97975.0,97926.01250000001,2024-11-25 12:00:00,95097.56535714287,95145.11413982144,target,25,1414.2235714285687,100047.34785714287,95097.56535714287,0.0665735128052749,6519.278647138261,26077.114588553042,191.56093204259076,12.853423121685006,6.42675945107456,19.280182572759564,172.2807494698312,0.006606587890880248,0.007345940494761618,26249.395338022874,Trending,27.365072079573082,1.8966288737675994
con-artist-curve-fit-p6,b34d03e8e04f,01851d3,BTC-USD,4h,2025-10-01 00:00:00,2026-07-26,215,train,short,2024-11-25 16:00:00,96000.57,95952.569715,2024-11-25 20:00:00,93486.64257214287,93533.38589342893,target,2,1232.9635714285719,97802.01507214287,93486.64257214287,0.06839159028254607,6562.3488345057185,26249.395338022874,171.93149464606037,12.959245840268384,6.4796659030074295,19.438911743275813,152.49258290278456,0.005809375070895268,0.006549922100377433,26401.88792092566,Ranging,20.52795817977776,1.9476461908619518
con-artist-curve-fit-p6,b34d03e8e04f,01851d3,BTC-USD,4h,2025-10-01 00:00:00,2026-07-26,216,train,long,2024-11-26 00:00:00,93010.01,93056.515005,2024-11-27 16:00:00,96097.92357642857,96049.87461464036,target,11,1520.7042857142867,90775.45857642856,96097.92357642857,0.0709297138397754,6600.471980231415,26401.88792092566,219.0248263380362,13.413262100994162,6.706685806703433,20.119947907697593,198.9048784303386,0.007533736944345188,0.008295801686380203,26600.792799355997,Ranging,21.794418631794155,1.9535902582558207
con-artist-curve-fit-p6,b34d03e8e04f,01851d3,BTC-USD,4h,2025-10-01 00:00:00,2026-07-26,217,train,long,2024-11-28 00:00:00,95863.11,95911.04155499999,2024-12-05 00:00:00,99703.23869785713,99653.38707850821,target,43,1896.0985714285728,93066.89369785713,99703.23869785713,0.06933714921681314,6650.198199838999,26600.792799355997,266.26357653508614,13.559879969662362,6.780006550723897,20.33988652038626,245.9236900146999,0.009244975962545511,0.010009610560987956,26846.716489370698,Chaotic,23.43763581012556,1.971141601658053
con-artist-curve-fit-p6,b34d03e8e04f,01851d3,BTC-USD,4h,2025-10-01 00:00:00,2026-07-26,218,train,short,2024-12-05 04:00:00,102964.0,102912.51800000001,2024-12-05 16:00:00,99471.62657142858,99521.36238471429,target,4,1720.4457142857148,105493.18657142858,99471.62657142858,0.0652173248966921,6711.679122342674,26846.716489370698,227.7632525517166,13.202196147148017,6.601155014385796,19.80335116153381,207.95990139018278,0.007746195013178592,0.008483840198554408,27054.67639076088,Chaotic,17.366471275548864,1.9616880343594165
con-artist-curve-fit-p6,b34d03e8e04f,01851d3,BTC-USD,4h,2025-10-01 00:00:00,2026-07-26,219,train,short,2024-12-05 20:00:00,99028.01,98978.495995,2024-12-05 20:00:00,94820.72028071429,94868.13064085464,target,1,2078.887857142857,102096.82778071429,94820.72028071429,0.06833473301141992,6763.66909769022,27054.67639076088,287.5040196690805,13.246457476325528,6.6233006141663395,19.869758090491867,267.6342615785886,0.009892347545135865,0.010626777253460794,27322.310652339467,Chaotic,19.760114265839704,1.9696101882379107
con-artist-curve-fit-p6,b34d03e8e04f,01851d3,BTC-USD,4h,2025-10-01 00:00:00,2026-07-26,220,train,long,2024-12-06 00:00:00,96945.63,96994.102815,2024-12-12 16:00:00,102053.00567214286,102001.9791693068,target,41,2529.451428571428,93199.92567214287,102053.00567214286,0.07042260781681799,6830.577663084867,27322.310652339467,359.67471393247314,14.013823038664198,7.007001438009752,21.02082447667395,338.6538894557992,0.012394774869701659,0.01316413968456493,27660.964541795267,Chaotic,21.216610261530093,1.9697256056762813
con-artist-curve-fit-p6,b34d03e8e04f,01851d3,BTC-USD,4h,2025-10-01 00:00:00,2026-07-26,221,train,long,2024-12-12 20:00:00,99481.33,99531.07066499999,2024-12-15 12:00:00,102892.9863792857,102841.53988609607,target,17,1680.9578571428563,97009.63387928571,102892.9863792857,0.069478215086463,6915.241135448817,27660.964541795267,237.03579572111582,14.060487763478065,7.03030314068684,21.090790904164905,215.94500481695093,0.00780685013679337,0.008569325027077728,27876.909546612216,Chaotic,15.81647448647748,1.9737357909134299
con-artist-curve-fit-p6,b34d03e8e04f,01851d3,BTC-USD,4h,2025-10-01 00:00:00,2026-07-26,222,train,long,2024-12-15 16:00:00,102704.0,102755.352,2024-12-15 20:00:00,104902.28057142856,104849.82943114286,target,2,1073.4642857142837,101145.15557142858,104902.28057142856,0.06782349776440895,6969.227386653054,27876.909546612216,149.09507742182885,14.080509558674832,7.040292053105901,21.120801611780735,127.97427581004811,0.004590690929927718,0.00534833594708664,28004.883822422264,Ranging,18.466239169956147,1.9413743593399593
con-artist-curve-fit-p6,b34d03e8e04f,01851d3,BTC-USD,4h,2025-10-01 00:00:00,2026-07-26,223,train,short,2024-12-16 00:00:00,104463.99,104411.75800500001,2024-12-16 00:00:00,106125.51764785715,106178.58040668108,stop,1,1142.5064285714273,106125.51764785715,102126.74514785716,0.06705395148380028,7001.220955605566,28004.883822422264,-111.41199428840592,14.120914334813946,7.060429314408097,21.181343649222043,-132.59333793762795,-0.00473465052661516,-0.003978305891031882,27872.290484484634,Ranging,21.99214691609256,1.9370848900875968
con-artist-curve-fit-p6,b34d03e8e04f,01851d3,BTC-USD,4h,2025-10-01 00:00:00,2026-07-26,224,train,long,2024-12-16 04:00:00,104582.28,104634.57114,2024-12-16 16:00:00,106961.47828285715,106907.99754371573,target,4,1163.4535714285707,102889.39078285714,106961.47828285715,0.06659436307908165,6968.072621121159,27872.290484484634,158.4411942857166,14.087542625604932,7.043810923100665,21.131353548705597,137.309840737011,0.00492639242596319,0.005684541583473893,28009.600325221647,Ranging,24.672355970040652,1.9355305944120693
con-artist-curve-fit-p6,b34d03e8e04f,01851d3,BTC-USD,4h,2025-10-01 00:00:00,2026-07-26,225,train,short,2024-12-16 20:00:00,106583.13,106529.83843500001,2024-12-18 04:00:00,103613.77129214288,103665.57817778894,target,9,1458.0335714285716,108716.88879214287,103613.77129214288,0.06573181921774883,7002.400081305412,28009.600325221647,195.18134977751308,13.816527125191243,6.908312357931777,20.72483948312302,174.45651029439006,0.006228454111046283,0.006968373254571549,28184.056835516036,Trending,32.032008253050094,1.935204627808031
con-artist-curve-fit-p6,b34d03e8e04f,01851d3,BTC-USD,4h,2025-10-01 00:00:00,2026-07-26,226,train,short,2024-12-18 08:00:00,104250.75,104198.62462500001,2024-12-18 20:00:00,100872.29462500001,100922.7307723125,target,4,1663.1649999999997,106693.37212500001,100872.29462500001,0.06762099052877982,7046.014208879009,28184.056835516036,228.45449891477963,13.870509230572148,6.935311728909255,20.8058209594814,207.64867795529824,0.0073675936422903645,0.008105806067879253,28391.705513471334,Trending,33.512354582823484,1.9202001129948294
con-artist-curve-fit-p6,b34d03e8e04f,01851d3,BTC-USD,4h,2025-10-01 00:00:00,2026-07-26,227,train,short,2024-12-19 08:00:00,101656.57,101605.74171500001,2024-12-19 16:00:00,98175.40457214287,98224.49227442894,target,3,1715.1685714285704,104178.49457214287,98175.40457214287,0.06985753224731363,7097.926378367833,28391.705513471334,243.18562613476328,13.95964701490476,6.979884303858256,20.939531318763017,222.24609481600027,0.007827852916780524,0.008565375758049344,28613.951608287334,Trending,28.703362033596125,1.9234080305672177
con-artist-curve-fit-p6,b34d03e8e04f,01851d3,BTC-USD,4h,2025-10-01 00:00:00,2026-07-26,228,train,long,2024-12-19 20:00:00,97199.72,97248.31985999999,2024-12-20 08:00:00,93977.02235999999,93930.03384881999,stop,4,2180.864999999998,93977.02235999999,101610.04985999998,0.07355898705880053,7153.487902071834,28613.951608287334,-237.05837399518796,14.06288604638988,7.031383758600214,21.09426980499009,-258.15264380017805,-0.009021915159925358,-0.008284712899511921,28355.798964487156,Trending,30.05087446171604,1.9329872765003524
con-artist-curve-fit-p6,b34d03e8e04f,01851d3,BTC-USD,4h,2025-10-01 00:00:00,2026-07-26,229,train,short,2024-12-20 16:00:00,96991.63,96943.13418500002,2025-01-06 12:00:00,101050.27989928573,101100.80503923536,stop,102,2738.097142857142,101050.27989928573,91466.93989928573,0.06904015814646747,6692.969315346618,28355.798964487156,-280.20983090783056,13.672984883990603,6.8364223895360965,20.509407273526698,-300.71923818135724,-0.010605211250015506,-0.00988192331518381,28055.079726305798,Trending,37.340859916444344,1.9505355862096356
con-artist-curve-fit-p6,b34d03e8e04f,01851d3,BTC-USD,4h,2025-10-01 00:00:00,2026-07-26,230,train,short,2025-01-06 16:00:00,102147.95,102096.876025,2025-01-07 12:00:00,100139.0003107143,100189.06981086965,target,6,978.9378571428554,103565.28281071429,100139.0003107143,0.06869720411287628,7013.769931576449,28055.079726305798,138.009226857359,13.896478910252972,6.948273957432434,20.844752867685408,117.16447398967361,0.004176230298850819,0.004919224190546673,28172.24420029547,Trending,34.99405141060657,1.9510351673917732
con-artist-curve-fit-p6,b34d03e8e04f,01851d3,BTC-USD,4h,2025-10-01 00:00:00,2026-07-26,231,train,short,2025-01-07 16:00:00,97952.26,97903.28387,2025-01-08 08:00:00,95172.42672714285,95220.01294050642,target,5,1365.4285714285704,99951.42672714285,95172.42672714285,0.07193896641328122,7043.061050073868,28172.24420029547,199.97833245059144,13.893090362873162,6.946595176019088,20.839685538892248,179.1386469116992,0.006358692819715811,0.007098416832851891,28351.38284720717,Trending,38.646151974857844,1.9484575894899787
con-artist-curve-fit-p6,b34d03e8e04f,01851d3,BTC-USD,4h,2025-10-01 00:00:00,2026-07-26,232,train,short,2025-01-08 12:00:00,95134.92,95087.35254,2025-01-09 12:00:00,92006.12968285715,92052.13274769858,target,7,1540.6114285714273,97398.26968285715,92006.12968285715,0.07454036233494016,7087.845711801792,28351.38284720717,233.2211639098802,13.949445040519254,6.974780825549658,20.924225866068912,212.29693804381128,0.007488062899363096,0.008226094831661951,28563.67978525098,Chaotic,34.58971682862311,1.9610676994572782
con-artist-curve-fit-p6,b34d03e8e04f,01851d3,BTC-USD,4h,2025-10-01 00:00:00,2026-07-26,233,train,short,2025-01-09 16:00:00,94244.02,94196.89799000001,2025-01-13 12:00:00,90487.65941857143,90532.90324828071,target,24,1854.6192857142876,96978.82691857145,90487.65941857143,0.0758084406035412,7140.919946312745,28563.67978525098,284.7638380227112,14.004078164876175,7.002110273396113,21.00618843827229,263.7576495844389,0.009234022071646093,0.009969438117344763,28827.43743483542,Chaotic,40.91513884206058,1.9749715705792268
con-artist-curve-fit-p6,b34d03e8e04f,01851d3,BTC-USD,4h,2025-10-01 00:00:00,2026-07-26,234,train,long,2025-01-13 16:00:00,92123.75,92169.811875,2025-01-13 20:00:00,94669.58044642858,94622.24565620537,target,2,1249.884285714286,90294.98544642857,94669.58044642858,0.07819110413811783,7206.859358708855,28827.43743483542,199.06129355468778,14.605477222595777,7.302788376620526,21.908265599216303,177.1530279554715,0.006145292253462586,0.006905271896077024,29004.590462790893,Chaotic,27.84752714386175,1.9851133424450091
con-artist-curve-fit-p6,b34d03e8e04f,01851d3,BTC-USD,4h,2025-10-01 00:00:00,2026-07-26,235,train,long,2025-01-14 00:00:00,94536.11,94583.378055,2025-01-15 00:00:00,97510.95376928571,97462.19829240108,target,7,1463.787857142858,92387.6962692857,97510.95376928571,0.07666407951174253,7251.147615697723,29004.590462790893,228.06365926353163,14.72299733497558,7.361555683401178,22.08455301837676,205.97910624515487,0.007101603675783638,0.007863019460871463,29210.569569036048,Chaotic,28.011310564495737,1.985788169515387
con-artist-curve-fit-p6,b34d03e8e04f,01851d3,BTC-USD,4h,2025-10-01 00:00:00,2026-07-26,236,train,long,2025-01-15 04:00:00,97317.12,97365.77855999999,2025-01-17 00:00:00,100891.54998857142,100841.10421357714,target,12,1762.885714285717,94721.44998857142,100891.54998857142,0.075002146547402,7302.642392259012,29210.569569036048,268.0899218262627,14.865941668487562,7.433037856723615,22.298979525211177,245.79094230105153,0.008414452231756419,0.00917783958962734,29456.3605113371,Chaotic,20.17786180846337,1.9864566582950876
con-artist-curve-fit-p6,b34d03e8e04f,01851d3,BTC-USD,4h,2025-10-01 00:00:00,2026-07-26,237,train,long,2025-01-17 04:00:00,101051.73,101102.25586499998,2025-01-17 12:00:00,103985.72872214284,103933.73585778178,target,3,1441.7364285714284,98939.65122214284,103985.72872214284,0.07283803971364805,7364.090127834275,29456.3605113371,213.7067154432332,14.934419707831193,7.467263280592931,22.401682988424124,191.3050324548091,0.006494523733886948,0.007255027835532574,29647.66554379191,Chaotic,21.479915405215934,1.9796534894095745
con-artist-curve-fit-p6,b34d03e8e04f,01851d3,BTC-USD,4h,2025-10-01 00:00:00,2026-07-26,238,train,long,2025-01-17 16:00:00,104000.0,104052.0,2025-01-19 20:00:00,101744.865,101693.99256750001,stop,14,1538.0899999999986,101744.865,107128.18,0.07123281038276993,7411.916385947978,29647.66554379191,-160.6396038425475,14.655865275575522,7.327892477886309,21.98375775346183,-182.62336159600932,-0.006159788915800483,-0.0054182884519278695,29465.042182195903,Chaotic,24.385198487751783,1.9744968457521348
con-artist-curve-fit-p6,b34d03e8e04f,01851d3,BTC-USD,4h,2025-10-01 00:00:00,2026-07-26,239,train,long,2025-01-20 00:00:00,101331.57,101382.235785,2025-01-20 04:00:00,105304.655785,105252.00345710751,target,2,1961.2100000000003,98440.420785,105304.655785,0.07265829648076128,7366.260545548976,29465.042182195903,288.6776449100273,15.013691817929603,7.506918078374383,22.520609896303988,266.1570350137233,0.009032976547868216,0.009797292775791758,29731.199217209625,Chaotic,30.960507806196915,1.964463817913753
con-artist-curve-fit-p6,b34d03e8e04f,01851d3,BTC-USD,4h,2025-10-01 00:00:00,2026-07-26,240,train,short,2025-01-20 08:00:00,107120.65,107067.089675,2025-01-20 16:00:00,102142.05110357143,102193.1221291232,target,3,2462.519285714285,110760.86860357142,102142.05110357143,0.06942189076834461,7432.799804302406,29731.199217209625,345.62374876726483,14.5272395660265,7.2637061889497545,21.790945754976256,323.8328030122886,0.010892019546417792,0.011624951494294376,30055.032020221915,Trending,29.98633215109157,1.959747460932148
con-artist-curve-fit-p6,b34d03e8e04f,01851d3,BTC-USD,4h,2025-10-01 00:00:00,2026-07-26,241,train,short,2025-01-20 20:00:00,103691.64,103639.79418000001,2025-02-02 16:00:00,97485.31275142859,97534.05540780429,target,78,3077.240714285713,108255.65525142859,97485.31275142859,0.06511251433943202,6748.247584681034,30055.032020221915,404.10957196781374,13.09893516600465,6.549568610393862,19.648503776398513,384.4610681914152,0.01279190346337806,0.013445654348194233,30439.493088413332,Trending,27.320630463245063,1.9481048798589224
con-artist-curve-fit-p6,b34d03e8e04f,01851d3,BTC-USD,4h,2025-10-01 00:00:00,2026-07-26,242,train,short,2025-02-02 20:00:00,98273.17,98224.033415,2025-02-03 00:00:00,95351.20484357142,95398.8804459932,target,2,1436.414285714289,100378.65484357144,95351.20484357142,0.07747465673651734,7609.873272103333,30439.493088413332,226.37824749036795,15.000868787704713,7.500490988413475,22.501359776118186,203.87688771424976,0.006697775390742452,0.007436991372781365,30643.369976127582,Chaotic,23.013069499812904,1.9642716619408278
con-artist-curve-fit-p6,b34d03e8e04f,01851d3,BTC-USD,4h,2025-10-01 00:00:00,2026-07-26,243,train,long,2025-02-03 04:00:00,94038.75,94085.76937499999,2025-02-03 12:00:00,97483.18794642857,97434.44635245537,target,3,1698.7092857142893,91537.70544642856,97483.18794642857,0.08142402984980529,7660.8424940318955,30643.369976127582,280.46001816580224,15.594347762233474,7.7972439961193345,23.39159175835281,257.0684264074494,0.008389039019132558,0.009152388212663681,30900.43840253503,Chaotic,28.84077403866607,1.9670770013960932
con-artist-curve-fit-p6,b34d03e8e04f,01851d3,BTC-USD,4h,2025-10-01 00:00:00,2026-07-26,244,train,short,2025-02-03 20:00:00,101879.99,101829.05000500001,2025-02-04 20:00:00,96960.37286214286,97008.85304857393,target,7,2434.3385714285737,105480.55786214287,96960.37286214286,0.0758635143925475,7725.1096006337575,30900.43840253503,373.2194455436489,15.084542120088772,7.542364364905325,22.626906484994095,350.5925390586548,0.011345875889899758,0.012078127846659627,31251.030941593686,Chaotic,31.724815930560716,1.9756963223601534
con-artist-curve-fit-p6,b34d03e8e04f,01851d3,BTC-USD,4h,2025-10-01 00:00:00,2026-07-26,245,train,short,2025-02-05 00:00:00,97763.14,97714.25843,2025-02-24 20:00:00,92136.39557285715,92182.46377064358,target,120,2788.931428571428,101897.65557285714,92136.39557285715,0.07470252016343383,7299.501360622059,31251.030941593686,420.33198902312796,14.18576371916357,7.092986942578932,21.2787506617425,399.05323836138547,0.012769282367266288,0.013450179925542404,31650.084179955073,Chaotic,24.433524605532497,1.9820872137449745
con-artist-curve-fit-p6,b34d03e8e04f,01851d3,BTC-USD,4h,2025-10-01 00:00:00,2026-07-26,246,train,short,2025-02-25 00:00:00,91552.88,91507.10356,2025-02-25 04:00:00,89514.36927428572,89559.12645892287,target,2,996.3671428571417,93001.65427428571,89514.36927428572,0.08646892686096913,7912.521044988768,31650.084179955073,176.26783484708926,15.656602600497656,7.828345367207675,23.48494796770533,152.78288687938394,0.004827250569404356,0.0055692690687604825,31802.867066834457,Trending,27.91332888956399,1.7711970759295634
con-artist-curve-fit-p6,b34d03e8e04f,01851d3,BTC-USD,4h,2025-10-01 00:00:00,2026-07-26,247,train,short,2025-02-25 08:00:00,89320.01,89275.349995,2025-02-25 12:00:00,86561.08142357142,86604.3619642832,target,2,1357.134285714286,91311.05142357142,86561.08142357142,0.08905836568721272,7950.716766708614,31802.867066834457,245.70567006447715,15.663559704631483,7.8318412787329805,23.495400983364462,222.21026908111267,0.006987114357146879,0.007725896836537443,32025.07733591557,Trending,33.75964131614845,1.7903807578501916
con-artist-curve-fit-p6,b34d03e8e04f,01851d3,BTC-USD,4h,2025-10-01 00:00:00,2026-07-26,248,train,short,2025-02-25 16:00:00,87231.63,87188.014185,2025-02-26 16:00:00,83631.39418500001,83673.2098820925,target,7,1778.3099999999997,89855.479185,83631.39418500001,0.09182763719094207,8006.269333978892,32025.07733591557,330.60114822165497,15.68978249363323,7.844973897102534,23.534756390735765,307.0663918309192,0.009588310704453774,0.01032319593654475,32332.143727746487,Trending,40.044797821146666,1.807683191783526
con-artist-curve-fit-p6,b34d03e8e04f,01851d3,BTC-USD,4h,2025-10-01 00:00:00,2026-07-26,249,train,short,2025-02-26 20:00:00,83856.98,83815.05151,2025-02-28 04:00:00,78947.22008142858,78986.69369146929,target,9,2433.9157142857125,87465.92508142858,78947.22008142858,0.08856002021208051,7422.66265580217,32332.143727746487,434.80843762514775,14.417725845604101,7.20897162491093,21.626697470515033,413.18174015463273,0.012779286880382523,0.013448178422267993,32745.32546790112,Trending,49.61162992327971,1.8756388654837892
con-artist-curve-fit-p6,b34d03e8e04f,01851d3,BTC-USD,4h,2025-10-01 00:00:00,2026-07-26,250,train,long,2025-02-28 08:00:00,79204.6,79244.2023,2025-02-28 12:00:00,83922.8423,83880.88087885,target,2,2339.3199999999997,75735.22230000001,83922.8423,0.09331864378794168,7394.961486693289,32745.32546790112,440.29997249889846,15.22261153004546,7.611415840015809,22.83402737006127,417.4659451288372,0.01274887145458553,0.013446193195743503,33162.791413029954,Trending,57.000470957555535,1.930924314173883
con-artist-curve-fit-p6,b34d03e8e04f,01851d3,BTC-USD,4h,2025-10-01 00:00:00,2026-07-26,251,train,long,2025-02-28 16:00:00,84005.05,84047.05252499999,2025-03-02 16:00:00,89415.38538214285,89370.67768945178,target,13,2684.1664285714287,80020.80288214285,89415.38538214285,0.08236645601909734,6922.657855335176,33162.791413029954,445.6301513018349,14.28380384864033,7.142013331856674,21.425817180497006,424.2043341213379,0.012791575016651471,0.013437655043921993,33586.99574715129,Trending,56.581537880330075,1.942496775867875
con-artist-curve-fit-p6,b34d03e8e04f,01851d3,BTC-USD,4h,2025-10-01 00:00:00,2026-07-26,252,train,short,2025-03-02 20:00:00,93522.01,93475.248995,2025-03-03 12:00:00,89380.69613785714,89425.38648592606,target,5,2047.2764285714281,96546.16363785714,89380.69613785714,0.08982858058219204,8396.748936787822,33586.99574715129,372.00834598164806,16.429704472832498,8.214945238501514,24.64464971133401,347.36369627031405,0.010342208004708966,0.011075963708757734,33934.35944342161,Chaotic,31.718580536623318,1.979698785454739
con-artist-curve-fit-p6,b34d03e8e04f,01851d3,BTC-USD,4h,2025-10-01 00:00:00,2026-07-26,253,train,short,2025-03-03 16:00:00,90035.38,89990.36231000001,2025-03-03 16:00:00,85783.61373857144,85826.50554544073,target,1,2103.374285714286,93145.42373857144,85783.61373857144,0.09427220474600399,8483.589860855402,33934.35944342161,400.82337952954566,16.574643764269236,8.287422087978996,24.862065852248232,375.9613136772974,0.01107907500962656,0.011811726701305035,34310.3207570989,Chaotic,31.150979317260852,1.971562527502577
con-artist-curve-fit-p6,b34d03e8e04f,01851d3,BTC-USD,4h,2025-10-01 00:00:00,2026-07-26,254,train,long,2025-03-04 04:00:00,83983.73,84025.72186499998,2025-03-05 08:00:00,89529.9475792857,89485.18260549605,target,8,2752.1128571428585,79897.5525792857,89529.9475792857,0.08311267872621225,6983.602826103812,34310.3207570989,460.9609998128431,14.420956058750843,7.2105932696244395,21.631549328375282,439.3294504844678,0.012804585931875011,0.013435053641037994,34749.65020758337,Chaotic,28.152628375578885,1.9604264926994885
con-artist-curve-fit-p6,b34d03e8e04f,01851d3,BTC-USD,4h,2025-10-01 00:00:00,2026-07-26,255,train,long,2025-03-05 12:00:00,89814.26,89859.16712999999,2025-03-07 00:00:00,85466.14712999998,85423.414056435,stop,10,2928.6800000000026,85466.14712999998,95716.52712999999,0.07910196222093989,7108.036443522383,34749.65020758337,-343.94425997512343,13.86519611499821,6.932512071432598,20.797708186430807,-364.7419681615542,-0.01049627740085732,-0.009897776176753139,34384.90823942181,Ranging,21.6468238310552,1.909741927116624
con-artist-curve-fit-p6,b34d03e8e04f,01851d3,BTC-USD,4h,2025-10-01 00:00:00,2026-07-26,256,train,short,2025-03-07 08:00:00,88365.19,88321.00740500001,2025-03-09 12:00:00,83503.44597642857,83545.19769941678,target,14,2408.780714285717,91934.17847642858,83503.44597642857,0.09516545870557615,8405.109183035414,34384.90823942181,462.67010011226864,16.355726244748457,8.17797878989768,24.533705034646136,438.1363950776225,0.012742113255818008,0.013455615379011653,34823.044634499434,Ranging,17.79381724068487,1.8375543419166493
con-artist-curve-fit-p6,b34d03e8e04f,01851d3,BTC-USD,4h,2025-10-01 00:00:00,2026-07-26,257,train,short,2025-03-09 16:00:00,83080.4,83038.8598,2025-03-09 20:00:00,80094.38122857144,80134.42841918572,target,2,1472.239285714284,85247.21872857143,80094.38122857144,0.10483960376614972,8705.761158624859,34823.044634499434,313.0530248348551,17.10702288211918,8.553589704313765,25.660612586432944,287.39241224842215,0.00825293753791133,0.008989823495350296,35110.43704674786,Ranging,21.223961322710842,1.8165206329343198
con-artist-curve-fit-p6,b34d03e8e04f,01851d3,BTC-USD,4h,2025-10-01 00:00:00,2026-07-26,258,train,long,2025-03-10 00:00:00,80734.48,80774.84723999999,2025-03-10 08:00:00,83759.1329542857,83717.25338780857,target,3,1492.1428571428562,78536.6329542857,83759.1329542857,0.1086676058403025,8777.609261686965,35110.43704674786,328.6817950400252,17.874962754866072,8.937563547879734,26.812526302745805,301.86926873727936,0.00859770752313208,0.009361370084980747,35412.30631548514,Trending,25.2628130546609,1.8161992565299547
con-artist-curve-fit-p6,b34d03e8e04f,01851d3,BTC-USD,4h,2025-10-01 00:00:00,2026-07-26,259,train,short,2025-03-10 12:00:00,83582.0,83540.209,2025-03-10 12:00:00,80639.6132857143,80679.93309235715,target,1,1450.297857142857,85715.65578571429,80639.6132857143,0.10597383804571622,8853.076578871285,35412.30631548514,311.81601312758045,17.403038741939962,8.70159732497325,26.104636066913212,285.71137706066725,0.008068138079324447,0.008805300912898438,35698.01769254581,Trending,29.837470141350934,1.8156078913546871
con-artist-curve-fit-p6,b34d03e8e04f,01851d3,BTC-USD,4h,2025-10-01 00:00:00,2026-07-26,260,train,short,2025-03-10 20:00:00,79060.84,79021.30958,2025-03-11 08:00:00,81806.33172285714,81847.23488871857,stop,4,1856.6814285714293,81806.33172285714,75307.94672285714,0.11293794636624462,8924.504423136452,35698.01769254581,-310.07019694500855,18.168163047223974,9.084004006061946,27.25216705328592,-337.32236399829446,-0.009449330405501244,-0.008685921991958535,35360.69532854751,Trending,32.61723013943624,1.8037774097991273
con-artist-curve-fit-p6,b34d03e8e04f,01851d3,BTC-USD,4h,2025-10-01 00:00:00,2026-07-26,261,train,long,2025-03-11 12:00:00,81720.33,81761.19016499999,2025-03-19 20:00:00,86172.560165,86129.4738849175,target,51,2205.6850000000018,78452.662665,86172.560165,0.10687744118357048,8738.426792958508,35360.69532854751,475.8429675955059,17.943724572265648,8.971981246873554,26.915705819139202,448.9272617763667,0.012695657073630488,0.013456832881092892,35809.622590323874,Trending,36.874969800002035,1.77929635423365
con-artist-curve-fit-p6,b34d03e8e04f,01851d3,BTC-USD,4h,2025-10-01 00:00:00,2026-07-26,262,train,short,2025-03-20 00:00:00,86845.93,86802.507035,2025-03-20 16:00:00,84357.457035,84399.6357635175,target,5,1222.5249999999994,88636.29453500001,84357.457035,0.10313533506550947,8952.405647580968,35809.622590323874,256.64949304673615,17.656990361458302,8.828559343100864,26.485549704559165,230.163943342177,0.006427432815345271,0.007167053838654124,36039.786533666054,Ranging,14.520729153306958,1.9345797624944225
con-artist-curve-fit-p6,b34d03e8e04f,01851d3,BTC-USD,4h,2025-10-01 00:00:00,2026-07-26,263,train,long,2025-03-20 20:00:00,84176.87,84218.958435,2025-03-24 04:00:00,86909.43986357142,86865.98514363964,target,21,1345.2407142857119,82201.09736357143,86909.43986357142,0.1069824039722644,9009.946633416514,36039.786533666054,292.3368930270332,18.30307854750209,9.151612357972908,27.454690905474997,264.88220212155824,0.0073497161775395725,0.008111504566042612,36304.668735787614,Ranging,17.311231017984134,1.948916740061977
con-artist-curve-fit-p6,b34d03e8e04f,01851d3,BTC-USD,4h,2025-10-01 00:00:00,2026-07-26,264,train,long,2025-03-24 08:00:00,86874.52,86917.95726,2025-03-24 12:00:00,88073.83154571429,88029.79462994143,target,2,577.9371428571436,86051.05154571428,88073.83154571429,0.10442223298917534,9076.167183946904,36304.668735787614,125.23478965318508,18.268434908783902,9.134248763088408,27.40268367187231,97.83210598131276,0.002694752751865051,0.0034495505403065113,36402.500841768924,Chaotic,15.838740662029767,1.962989138778372
con-artist-curve-fit-p6,b34d03e8e04f,01851d3,BTC-USD,4h,2025-10-01 00:00:00,2026-07-26,265,train,long,2025-03-24 20:00:00,88222.01,88266.121005,2025-03-24 20:00:00,87132.6417192857,87089.07539842607,stop,1,755.6528571428591,87132.6417192857,89777.42671928571,0.10310439732507005,9100.625210442231,36402.500841768924,-112.31866004809466,18.079891842994535,9.039917841831624,27.11980968482616,-139.43846973292082,-0.0038304640205632924,-0.003085465488657254,36263.062372036,Chaotic,24.17017753753687,1.9632029288651422
con-artist-curve-fit-p6,b34d03e8e04f,01851d3,BTC-USD,4h,2025-10-01 00:00:00,2026-07-26,266,train,long,2025-03-25 00:00:00,87498.16,87541.90908,2025-03-26 16:00:00,86289.54729428572,86246.40252063858,stop,11,834.9078571428587,86289.54729428572,89211.72479428572,0.10355914884977284,9065.765593009,36263.062372036,-125.1629030927926,17.997369629401234,8.998653523973005,26.99602315337424,-152.15892624616686,-0.004195975637278309,-0.0034515260131287497,36110.90344578984,Chaotic,25.42515057295175,1.963709360828115
con-artist-curve-fit-p6,b34d03e8e04f,01851d3,BTC-USD,4h,2025-10-01 00:00:00,2026-07-26,267,train,short,2025-03-26 20:00:00,86567.18,86523.89641,2025-03-28 12:00:00,84287.52641,84329.670173205,target,11,1118.1849999999988,88201.17391,84287.52641,0.10433794865951136,9027.72586144746,36110.90344578984,237.85437923488942,17.826510658452847,8.91331479281962,26.739825451272466,211.11455378361694,0.005846282802105599,0.006586774534510319,36322.01799957346,Trending,25.409996840037486,1.9584763305260848
con-artist-curve-fit-p6,b34d03e8e04f,01851d3,BTC-USD,4h,2025-10-01 00:00:00,2026-07-26,268,train,short,2025-03-28 16:00:00,84051.15,84009.124425,2025-03-29 16:00:00,81979.21156785714,82020.20117364106,target,7,1014.9564285714296,85531.55906785715,81979.21156785714,0.1080895029206033,9080.504499893364,36322.01799957346,223.95479521241498,17.946027274200112,8.973069625797251,26.919096899997363,197.03569831241762,0.005424690288814115,0.006165813672991544,36519.05369788587,Ranging,23.249481032947813,1.9527054707635645
con-artist-curve-fit-p6,b34d03e8e04f,01851d3,BTC-USD,4h,2025-10-01 00:00:00,2026-07-26,269,train,long,2025-03-29 20:00:00,82758.4,82799.77919999999,2025-04-01 12:00:00,84899.96919999999,84857.5192154,target,17,1050.0950000000012,81224.63669999999,84899.96919999999,0.11026313732575109,9129.763424471468,36519.05369788587,236.1361387921987,18.48641971884168,9.243268893454655,27.729688612296336,208.40645017990235,0.005706786706577975,0.006466107822664334,36727.46014806577,Trending,33.77240324162076,1.9495284333933212
con-artist-curve-fit-p6,b34d03e8e04f,01851d3,BTC-USD,4h,2025-10-01 00:00:00,2026-07-26,270,train,long,2025-04-01 16:00:00,85280.88,85323.52044,2025-04-02 20:00:00,83590.5286542857,83548.73338995856,stop+target same candle (loss counted),8,1155.327857142858,83590.5286542857,87634.17615428571,0.10761235576857363,9181.865037016443,36727.46014806577,-181.90269038889423,18.172741058590372,9.086325053621238,27.25906611221161,-209.16175650110583,-0.005694969258910793,-0.004952770751246027,36518.29839156467,Chaotic,29.503230367898563,1.9797429106420457
con-artist-curve-fit-p6,b34d03e8e04f,01851d3,BTC-USD,4h,2025-10-01 00:00:00,2026-07-26,271,train,short,2025-04-03 00:00:00,82516.28,82475.02186000001,2025-04-06 16:00:00,79326.84328857144,79366.50671021572,target,23,1574.0892857142858,84836.15578857144,79326.84328857144,0.11069502489357894,9129.574597891167,36518.29839156467,353.05477616807855,17.915052033894895,8.957614280639405,26.8726663145343,326.18210985354426,0.008932018309179729,0.00966788683258118,36844.48050141821,Chaotic,27.44470255989971,1.9827223919095842
con-artist-curve-fit-p6,b34d03e8e04f,01851d3,BTC-USD,4h,2025-10-01 00:00:00,2026-07-26,272,train,short,2025-04-06 20:00:00,79614.34,79574.53283,2025-04-06 20:00:00,77354.62854428572,77393.30585855785,target,1,1109.95214285714,81239.46104428571,77354.62854428572,0.11575462397037052,9211.120125354553,36844.48050141821,261.57204983774477,18.16975314283579,9.084941964429532,27.254695107265324,234.31735473047945,0.006359632475248502,0.0070993550805439195,37078.79785614869,Chaotic,19.011574034531794,1.9648566972517814
con-artist-curve-fit-p6,b34d03e8e04f,01851d3,BTC-USD,4h,2025-10-01 00:00:00,2026-07-26,273,train,long,2025-04-07 00:00:00,78430.0,78469.215,2025-04-07 04:00:00,76711.13892857142,76672.78335910714,stop,2,1172.0507142857116,76711.13892857142,80813.31642857142,0.11813167066902826,9269.699464037172,37078.79785614869,-203.0519300158135,18.327183457092968,9.163540965563527,27.490724422656495,-230.54265443846998,-0.00621764101772894,-0.005476227433358977,36848.25520171022,Chaotic,21.9095533581603,1.961799089051884
con-artist-curve-fit-p6,b34d03e8e04f,01851d3,BTC-USD,4h,2025-10-01 00:00:00,2026-07-26,274,train,long,2025-04-07 08:00:00,75126.01,75163.57300499998,2025-04-07 12:00:00,77883.16014785712,77844.2185677832,target,2,1359.7935714285693,73123.88264785713,77883.16014785712,0.12256021676636841,9212.063800427555,36848.25520171022,337.9169197787946,18.752668102103627,9.376418530279693,28.12908663238332,309.78783314641123,0.008407123524590472,0.009170499876561619,37158.04303485663,Trending,27.81672439698322,1.9582055907766998
con-artist-curve-fit-p6,b34d03e8e04f,01851d3,BTC-USD,4h,2025-10-01 00:00:00,2026-07-26,275,train,short,2025-04-07 16:00:00,78479.91,78440.670045,2025-04-09 00:00:00,74791.67861642857,74829.07445573679,target,9,1824.4957142857133,81177.41361642857,74791.67861642857,0.11842722344652247,9289.510758714157,37158.04303485663,436.7870021846905,18.151310279580166,9.07576433654026,27.227074616120426,409.55992756857006,0.011022107035733194,0.011754844079785264,37567.6029624252,Trending,30.296184961718144,1.957737598540814
con-artist-curve-fit-p6,b34d03e8e04f,01851d3,BTC-USD,4h,2025-10-01 00:00:00,2026-07-26,276,train,long,2025-04-09 04:00:00,75073.34,75110.87667,2025-04-09 16:00:00,79760.87381285714,79720.99337595071,target,4,2324.9985714285754,71623.37881285713,79760.87381285714,0.10772079152817737,8091.003087267712,37567.6029624252,504.944852636067,16.678611595137706,8.33943203378243,25.018043628920136,479.9268090071469,0.012775018131637669,0.013440965428140536,38047.529771432346,Trending,26.492944434882247,1.9446755795435275
con-artist-curve-fit-p6,b34d03e8e04f,01851d3,BTC-USD,4h,2025-10-01 00:00:00,2026-07-26,277,train,short,2025-04-10 16:00:00,78757.24,78717.86138000002,2025-04-11 08:00:00,82015.50530857145,82056.51306122573,stop,5,2198.4292857142873,82015.50530857145,74321.00280857144,0.11537792010162508,9082.30312087244,38047.529771432346,-375.9318744422525,18.5498129286685,9.27481248136462,27.82462541003312,-403.75649985228563,-0.010611897862432128,-0.009880585591249543,37643.77327158006,Ranging,21.914697515599293,1.9231565836717932
con-artist-curve-fit-p6,b34d03e8e04f,01851d3,BTC-USD,4h,2025-10-01 00:00:00,2026-07-26,278,train,long,2025-04-11 12:00:00,82129.67,82170.734835,2025-04-15 12:00:00,86336.46912071429,86293.30088615394,target,25,2082.8671428571447,79046.43412071429,86336.46912071429,0.11452913664204564,9410.943317895015,37643.77327158006,481.80107132192455,19.2940405663785,9.647140733455728,28.941181299834227,452.8598900220903,0.012030140728851595,0.012798957953709443,38096.63316160215,Ranging,17.541014985558526,1.9018631330866371
con-artist-curve-fit-p6,b34d03e8e04f,01851d3,BTC-USD,4h,2025-10-01 00:00:00,2026-07-26,279,train,long,2025-04-15 20:00:00,83998.51,84040.509255,2025-04-21 00:00:00,86550.549255,86507.27398037251,target,32,1255.020000000001,82157.979255,86550.549255,0.11332818392975048,9524.158290400537,38096.63316160215,289.2179740865846,19.327870547309512,9.664007578147732,28.991878125457244,260.2260959611274,0.006830684875938355,0.0075916938082100476,38356.85925756328,Trending,27.20089610518177,1.9176048869533748
con-artist-curve-fit-p6,b34d03e8e04f,01851d3,BTC-USD,4h,2025-10-01 00:00:00,2026-07-26,280,train,long,2025-04-21 04:00:00,87205.56,87249.16278,2025-04-22 00:00:00,88550.07992285714,88505.80488289571,target,6,650.4585714285703,86273.47492285715,88550.07992285714,0.10990609547245928,9589.21481439082,38356.85925756328,147.7709350061608,19.316542255717206,9.658308070592682,28.974850326309888,118.79608467985092,0.0030971275276253617,0.003852529583141588,38475.65534224313,Ranging,18.034801940608062,1.91055804708254
con-artist-curve-fit-p6,b34d03e8e04f,01851d3,BTC-USD,4h,2025-10-01 00:00:00,2026-07-26,281,train,long,2025-04-22 04:00:00,88157.55,88201.628775,2025-04-22 12:00:00,90218.52020357143,90173.41094346966,target,3,1008.4457142857136,86688.96020357143,90218.52020357143,0.10905596607629973,9618.913835560783,38475.65534224313,224.76109660495032,19.452862280396047,9.72648733047103,29.179349610867078,195.58174699408323,0.005083259667817807,0.005841644401003379,38671.23708923721,Trending,25.267755162370797,1.9084136463341694
con-artist-curve-fit-p6,b34d03e8e04f,01851d3,BTC-USD,4h,2025-10-01 00:00:00,2026-07-26,282,train,long,2025-04-22 16:00:00,90934.61,90980.077305,2025-04-22 20:00:00,93390.91016214286,93344.2147070618,target,2,1205.4164285714287,89171.95266214285,93390.91016214286,0.10626292655148127,9667.809272309303,38671.23708923721,261.01364371817783,19.58683870373151,9.793484605275552,29.38032330900706,231.63332040917078,0.005989808908224398,0.006749555053433288,38902.870409646384,Trending,30.900678012461537,1.9090729145073833
con-artist-curve-fit-p6,b34d03e8e04f,01851d3,BTC-USD,4h,2025-10-01 00:00:00,2026-07-26,283,train,long,2025-04-23 00:00:00,93442.99,93489.711495,2025-05-01 08:00:00,96257.51435214285,96209.38559496679,target,51,1383.9014285714293,91413.85935214286,96257.51435214285,0.10402981725889426,9725.717602411596,38902.870409646384,292.79445402412836,19.734362404446486,9.867254400834781,29.601616805281267,263.1928372188471,0.006765383490920649,0.00752629435671479,39166.06324686523,Trending,36.41663760685546,1.9113536687147028
con-artist-curve-fit-p6,b34d03e8e04f,01851d3,BTC-USD,4h,2025-10-01 00:00:00,2026-07-26,284,train,short,2025-05-01 12:00:00,96180.01,96131.919995,2025-05-02 12:00:00,97611.21570928572,97660.02131714036,stop,7,986.1971428571435,97611.21570928572,94159.52570928572,0.10185499064437267,9791.515811716308,39166.06324686523,-145.77544412947063,19.738676369302876,9.869301740788785,29.60797811009166,-175.3834222395623,-0.004477943599644256,-0.00372198357569517,38990.67982462567,Ranging,20.230250130843835,1.9396542117765625
con-artist-curve-fit-p6,b34d03e8e04f,01851d3,BTC-USD,4h,2025-10-01 00:00:00,2026-07-26,285,train,short,2025-05-02 16:00:00,97330.19,97281.52490500001,2025-05-04 20:00:00,95190.79776214287,95238.39316102394,target,14,1045.3635714285701,98849.57026214286,95190.79776214287,0.1002006286977458,9747.669956156418,38990.67982462567,214.36844726436172,19.29061682705411,9.645362005637168,28.935978832691276,185.43246843167043,0.004755815217013869,0.005497940744520469,39176.11229305734,Ranging,22.820176437335327,1.939937911552631
con-artist-curve-fit-p6,b34d03e8e04f,01851d3,BTC-USD,4h,2025-10-01 00:00:00,2026-07-26,286,train,long,2025-05-05 00:00:00,94277.61,94324.748805,2025-05-06 20:00:00,95670.79023357143,95622.95483845465,target,12,673.0207142857149,93315.21773357142,95670.79023357143,0.10383306817505322,9794.028073264335,39176.11229305734,144.65817817255896,19.722852862105633,9.86146259559635,29.584315457701983,115.07386271485697,0.002937347684069457,0.003692509789905692,39291.1861557722,Ranging,17.456953420437806,1.9357196486204846
con-artist-curve-fit-p6,b34d03e8e04f,01851d3,BTC-USD,4h,2025-10-01 00:00:00,2026-07-26,287,train,long,2025-05-07 00:00:00,96834.02,96882.43701,2025-05-08 00:00:00,99037.88558142856,98988.36663863786,target,7,1077.7242857142835,95265.85058142857,99037.88558142856,0.10138882590173864,9822.79653894305,39291.1861557722,223.44734374629422,19.85911081036538,9.92961126701644,29.78872207738182,193.65862166891242,0.004928805684336978,0.005686958465962931,39484.84477744111,Trending,26.09802440985318,1.9577958859293108
con-artist-curve-fit-p6,b34d03e8e04f,01851d3,BTC-USD,4h,2025-10-01 00:00:00,2026-07-26,288,train,long,2025-05-08 04:00:00,99152.79,99202.36639499999,2025-05-08 12:00:00,101504.79639499998,101454.04399680249,target,3,1151.2149999999997,97475.543895,101504.79639499998,0.09950580367262093,9871.211194360278,39484.84477744111,234.03828657761787,19.966477378099555,9.983297198620619,29.949774576720174,204.0885120008977,0.005168780912050075,0.0059272940769247,39688.93328944201,Trending,25.70110815621791,1.9587823903973207
con-artist-curve-fit-p6,b34d03e8e04f,01851d3,BTC-USD,4h,2025-10-01 00:00:00,2026-07-26,289,train,long,2025-05-08 16:00:00,100758.08,100808.45904,2025-05-08 20:00:00,103288.38761142857,103236.74341762286,target,2,1239.9642857142858,98948.51261142857,103288.38761142857,0.09842659452242433,9922.233322360502,39688.93328944201,249.04956128708338,20.083474406542425,10.041799465661143,30.125273872203568,218.9242874148798,0.005516003310502621,0.006275037917265848,39907.857576856884,Trending,29.93768509637635,1.959230242214724
con-artist-curve-fit-p6,b34d03e8e04f,01851d3,BTC-USD,4h,2025-10-01 00:00:00,2026-07-26,290,train,short,2025-05-09 00:00:00,103261.61,103209.979195,2025-05-12 04:00:00,105277.17526642857,105329.81385406178,stop,20,1378.1307142857133,105277.17526642857,100453.71776642858,0.09666666413491104,9976.964394214221,39907.857576856884,-194.8379706518434,20.15884613343751,10.07937435722468,30.23822049066219,-225.0761911425056,-0.005639896622088538,-0.004882195699847155,39682.78138571438,Trending,34.4053821223965,1.9581596554116376
con-artist-curve-fit-p6,b34d03e8e04f,01851d3,BTC-USD,4h,2025-10-01 00:00:00,2026-07-26,291,train,long,2025-05-12 08:00:00,104467.99,104520.223995,2025-05-12 12:00:00,102795.67399499999,102744.2761580025,stop,2,1149.7000000000003,102795.67399499999,106819.62399499999,0.09491651440493638,9920.695346428594,39682.78138571438,-158.7304061781896,19.6728239144044,9.836372274598915,29.509196189003315,-188.23960236719293,-0.004743609086709792,-0.003999981872120784,39494.54178334719,Chaotic,60.806796012982716,1.967836107313072
con-artist-curve-fit-p6,b34d03e8e04f,01851d3,BTC-USD,4h,2025-10-01 00:00:00,2026-07-26,292,train,long,2025-05-12 16:00:00,102527.27,102578.533635,2025-05-18 12:00:00,105140.91220642858,105088.34175032537,target,36,1281.1892857142852,100656.74970642857,105140.91220642858,0.09625440231939417,9873.635445836797,39494.54178334719,251.57456845652487,19.9888509717506,9.994488379515957,29.983339351266558,221.59122910525832,0.005610679833198923,0.006369856620607785,39716.13301245245,Chaotic,59.23862420050783,1.970756622930174
con-artist-curve-fit-p6,b34d03e8e04f,01851d3,BTC-USD,4h,2025-10-01 00:00:00,2026-07-26,293,train,short,2025-05-18 16:00:00,105518.0,105465.24100000001,2025-05-18 16:00:00,103960.00385714287,104011.98385907144,target,1,752.6185714285706,106594.16885714287,103960.00385714287,0.09414507717393933,9929.033253113112,39716.13301245245,146.67766710598391,19.721249500539926,9.860661419684902,29.58191092022483,117.09575618575909,0.00294831715235331,0.003693150767220846,39833.228768638204,Chaotic,14.52315899728444,1.9677388716060864
con-artist-curve-fit-p6,b34d03e8e04f,01851d3,BTC-USD,4h,2025-10-01 00:00:00,2026-07-26,294,train,long,2025-05-18 20:00:00,103883.98,103935.92198999999,2025-05-18 20:00:00,105631.08484714285,105578.26930471929,target,1,847.5814285714285,102664.54984714284,105631.08484714285,0.09581198686165185,9958.307192159551,39833.228768638204,167.39358666037913,20.07397094365926,10.037027320224382,30.11099826388364,137.2825883964955,0.0034464338603799514,0.004202360487336962,39970.5113570347,Chaotic,16.06222989491082,1.9677917092949793
con-artist-curve-fit-p6,b34d03e8e04f,01851d3,BTC-USD,4h,2025-10-01 00:00:00,2026-07-26,295,train,short,2025-05-19 00:00:00,106454.27,106401.04286500001,2025-05-19 00:00:00,104358.54286500001,104410.72213643251,target,1,1021.25,107932.91786500001,104358.54286500001,0.0939147546884213,9992.627839258676,39970.5113570347,196.8196997773924,19.798335195542656,9.899216802695548,29.697551998238204,167.1221477791542,0.004181136095216384,0.004924122636793654,40137.63350481386,Chaotic,18.002815043369004,1.9686406671631336
con-artist-curve-fit-p6,b34d03e8e04f,01851d3,BTC-USD,4h,2025-10-01 00:00:00,2026-07-26,296,train,short,2025-05-19 04:00:00,103605.9,103554.09705,2025-05-19 16:00:00,105365.70276428571,105418.38561566785,stop,4,1207.7371428571423,105365.70276428571,101138.62276428571,0.09690015810150376,10034.408376203464,40137.63350481386,-170.52516608674958,20.249466609166973,10.124690673291298,30.37415728245827,-200.89932336920785,-0.005005260794588531,-0.004248510716664396,39936.73418144465,Chaotic,20.10367926484991,1.968853036708967
con-artist-curve-fit-p6,b34d03e8e04f,01851d3,BTC-USD,4h,2025-10-01 00:00:00,2026-07-26,297,train,long,2025-05-19 20:00:00,105517.64,105570.39881999999,2025-05-21 12:00:00,108482.17024857142,108427.92916344714,target,11,1455.8857142857128,103386.57024857141,108482.17024857142,0.09457370301673701,9984.183545361162,39936.73418144465,280.36660331252705,20.23861431678481,10.119377250041111,30.35799156682592,250.00861174570113,0.006260116578632506,0.0070202686588927594,40186.74279319035,Chaotic,21.71019887987178,1.9625134465184764
con-artist-curve-fit-p6,b34d03e8e04f,01851d3,BTC-USD,4h,2025-10-01 00:00:00,2026-07-26,298,train,long,2025-05-21 20:00:00,108603.79,108658.09189499999,2025-05-22 16:00:00,111933.74046642857,111877.77359619536,target,6,1637.8242857142873,106201.35546642856,111933.74046642857,0.09246145890364099,10046.685698297588,40186.74279319035,307.8920782028461,20.391067863893056,10.19561090496569,30.586678768858746,277.30539943398736,0.00690041989372119,0.007661533550686732,40464.04819262434,Trending,34.1890817474945,1.9531123620810817
con-artist-curve-fit-p6,b34d03e8e04f,01851d3,BTC-USD,4h,2025-10-01 00:00:00,2026-07-26,299,train,short,2025-05-22 20:00:00,111188.0,111132.406,2025-05-23 12:00:00,107540.35314285714,107594.12331942856,target,5,1796.0264285714304,113826.44564285714,107540.35314285714,0.09102666280937069,10116.012048156084,40464.04819262434,332.03312051280346,19.90994603182356,9.955056024190469,29.865002056014028,302.16811845678944,0.007467570150627384,0.008205632786225414,40766.21631108112,Trending,44.806715101474886,1.9395742666862166
con-artist-curve-fit-p6,b34d03e8e04f,01851d3,BTC-USD,4h,2025-10-01 00:00:00,2026-07-26,300,train,short,2025-05-23 16:00:00,108940.0,108885.53,2025-05-30 00:00:00,105234.99428571429,105287.61178285714,target,39,1825.267857142857,111623.43178571429,105234.99428571429,0.09359879203205679,10191.55407777028,40766.21631108112,346.7840593290103,20.04634735658586,10.02326037430771,30.06960773089357,316.71445159811674,0.007769042120105393,0.00850665307476051,41082.93076267924,Trending,42.46268524366676,1.9370079585810362
con-artist-curve-fit-p6,b34d03e8e04f,01851d3,BTC-USD,4h,2025-10-01 00:00:00,2026-07-26,301,train,long,2025-05-30 04:00:00,106024.33,106077.342165,2025-05-30 16:00:00,104175.19859357142,104123.11099427464,stop,4,1268.095714285715,104175.19859357142,108613.53359357142,0.0968230583557986,10270.73269066981,41082.93076267924,-179.03855807217468,20.35225074265576,10.17608061168687,30.52833135434263,-209.56688942651732,-0.00510106960569846,-0.004357979208114766,40873.363873252725,Ranging,23.363136845511573,1.9549546130425826
con-artist-curve-fit-p6,b34d03e8e04f,01851d3,BTC-USD,4h,2025-10-01 00:00:00,2026-07-26,302,train,long,2025-05-31 00:00:00,103985.47,104037.462735,2025-06-03 12:00:00,106787.51702071428,106734.12326220392,target,22,1375.027142857142,101974.92202071428,106787.51702071428,0.0982178986269679,10218.340968313181,40873.363873252725,275.2111702285125,20.701542266918622,10.35083993625102,31.052382203169643,244.15878802534286,0.005973542788953538,0.006733264506487291,41117.52266127807,Trending,30.662560811401537,1.9589211846204844
con-artist-curve-fit-p6,b34d03e8e04f,01851d3,BTC-USD,4h,2025-10-01 00:00:00,2026-07-26,303,train,short,2025-06-03 16:00:00,106610.66,106557.35467000002,2025-06-04 12:00:00,104457.73324142858,104509.96210804928,target,6,1049.8107142857157,108132.07074142859,104457.73324142858,0.0964680541962962,10279.380665319517,41117.52266127807,207.68865522652462,20.36125335401168,10.18067859916735,30.54193195317903,177.14672327334557,0.00430830244158098,0.005051098455941581,41294.66938455142,Ranging,22.60798322906183,1.9574984739542338
con-artist-curve-fit-p6,b34d03e8e04f,01851d3,BTC-USD,4h,2025-10-01 00:00:00,2026-07-26,304,train,long,2025-06-04 20:00:00,104913.52,104965.97676,2025-06-05 16:00:00,103566.94604571428,103515.16257269144,stop,6,932.6871428571436,103566.94604571428,106831.3510457143,0.09835251064011395,10323.667346137854,41294.66938455142,-132.43892916658652,20.504643474481615,10.252288627507852,30.756932101989467,-163.19586126857598,-0.0039519837233429585,-0.0032071676838786537,41131.47352328284,Ranging,17.56131563733114,1.9482865218105394
con-artist-curve-fit-p6,b34d03e8e04f,01851d3,BTC-USD,4h,2025-10-01 00:00:00,2026-07-26,305,train,long,2025-06-05 20:00:00,101914.76,101965.71737999999,2025-06-06 12:00:00,104162.61880857141,104110.53749916713,target,5,1098.450714285713,100318.04130857142,104162.61880857141,0.10084632997283886,10282.86838082071,41131.47352328284,226.6883111415453,20.782033999111334,10.39107367163237,31.173107670743704,195.51520347080162,0.004753420841101851,0.005511310238210318,41326.98872675364,Ranging,15.315103661156549,1.93348801337053
con-artist-curve-fit-p6,b34d03e8e04f,01851d3,BTC-USD,4h,2025-10-01 00:00:00,2026-07-26,306,train,long,2025-06-06 16:00:00,105092.28,105144.82613999999,2025-06-09 08:00:00,107637.32613999999,107583.50747693,target,17,1246.25,103275.45113999999,107637.32613999999,0.09826205968453192,10331.74718168841,41326.98872675364,250.08147570856673,20.903124214457794,10.451624627596289,31.354748842054082,218.72672686651265,0.0052925880545687245,0.0060512871470519885,41545.71545362015,Ranging,16.102083377947018,1.9349229978707916
con-artist-curve-fit-p6,b34d03e8e04f,01851d3,BTC-USD,4h,2025-10-01 00:00:00,2026-07-26,307,train,long,2025-06-09 12:00:00,107759.21,107813.089605,2025-06-09 20:00:00,109190.40674785715,109135.81154448324,target,3,688.6585714285726,106780.10174785714,109190.40674785715,0.09633736405716871,10386.428863405037,41545.71545362015,137.87772213574976,20.900285271840477,10.450177105349027,31.350462377189505,106.52725975856026,0.002564097370701985,0.003318698947179536,41652.242713378706,Ranging,13.792667158615147,1.912028257073243
con-artist-curve-fit-p6,b34d03e8e04f,01851d3,BTC-USD,4h,2025-10-01 00:00:00,2026-07-26,308,train,short,2025-06-10 00:00:00,110263.02,110207.88849000001,2025-06-10 12:00:00,108478.32563285716,108532.56479567358,target,4,864.7814285714287,111505.06063285716,108478.32563285716,0.09448562004968938,10413.060678344676,41652.242713378706,168.62795387867973,20.667827358646985,10.333955836310281,31.001783194957266,137.62617068372248,0.0033041719177228585,0.004048472372521646,41789.86888406243,Ranging,20.20268695807784,1.9151477862854298
con-artist-curve-fit-p6,b34d03e8e04f,01851d3,BTC-USD,4h,2025-10-01 00:00:00,2026-07-26,309,train,short,2025-06-10 16:00:00,109015.41,108960.902295,2025-06-12 08:00:00,106898.52515214286,106951.97441471892,target,11,1031.1885714285713,110507.68515214286,106898.52515214286,0.09588271573532134,10447.467221015608,41789.86888406243,202.97266811149564,20.70231298115346,10.351207233742457,31.05352021489592,171.91914789659972,0.004113895364772614,0.004856982649900204,41961.78803195903,Trending,27.189850727439392,1.9192062680573478
con-artist-curve-fit-p6,b34d03e8e04f,01851d3,BTC-USD,4h,2025-10-01 00:00:00,2026-07-26,310,train,long,2025-06-12 20:00:00,106789.8,106843.1949,2025-06-13 00:00:00,105154.78418571429,105102.20679362144,stop,2,1125.6071428571418,105154.78418571429,109094.40918571429,0.09818544847716602,10490.447007989758,41961.78803195903,-160.5347609929013,20.809954317961324,10.404937025289428,31.214891343250752,-191.74965233615205,-0.004569625397995701,-0.00382573690307559,41770.03837962288,Ranging,22.345978242452215,1.9207064322840823
con-artist-curve-fit-p6,b34d03e8e04f,01851d3,BTC-USD,4h,2025-10-01 00:00:00,2026-07-26,311,train,long,2025-06-13 04:00:00,104277.22,104329.35861,2025-06-16 04:00:00,106704.54718142857,106651.19490783787,target,19,1187.5942857142852,102547.96718142857,106704.54718142857,0.10009176452374742,10442.50959490572,41770.03837962288,242.95546066563986,21.117415881797314,10.558768679762125,31.676184561559438,211.27927610408042,0.005058153746086837,0.0058165007764073165,41981.31765572696,Ranging,23.143461561640795,1.9269102211138511
con-artist-curve-fit-p6,b34d03e8e04f,01851d3,BTC-USD,4h,2025-10-01 00:00:00,2026-07-26,312,train,long,2025-06-16 08:00:00,107061.8,107115.3309,2025-06-16 16:00:00,108740.15804285715,108685.78796383573,target,3,812.413571428572,105896.71054285714,108740.15804285715,0.09798158046797147,10495.32941393174,41981.31765572696,164.44817363027437,21.144534693035197,10.57230845856003,31.716843151595228,132.73133047867913,0.003161676142877624,0.003917175134397928,42114.04898620564,Ranging,18.819566225464417,1.9259826724032465
con-artist-curve-fit-p6,b34d03e8e04f,01851d3,BTC-USD,4h,2025-10-01 00:00:00,2026-07-26,313,train,short,2025-06-16 20:00:00,108652.01,108597.683995,2025-06-16 20:00:00,106746.233995,106799.6071119975,target,1,925.7250000000006,109986.271495,106746.233995,0.09694969413008991,10528.51224655141,42114.04898620564,184.76440076521396,20.882701489273344,10.441396935735696,31.32409842500904,153.44030234020494,0.0036434469264749144,0.0043872390618563675,42267.48928854585,Ranging,19.79539506832761,1.930243017352169
con-artist-curve-fit-p6,b34d03e8e04f,01851d3,BTC-USD,4h,2025-10-01 00:00:00,2026-07-26,314,train,short,2025-06-17 04:00:00,107590.41,107536.61479500002,2025-06-17 12:00:00,105298.62193785715,105351.27124882607,target,3,1118.9964285714293,109215.10943785716,105298.62193785715,0.09826301806394389,10566.872322136462,42267.48928854585,225.1980117490737,20.919006191919312,10.45955939546036,31.378565587379672,193.819446161694,0.004585544337364214,0.0053279249735351695,42461.30873470754,Ranging,19.40617458760828,1.9349022283942434
con-artist-curve-fit-p6,b34d03e8e04f,01851d3,BTC-USD,4h,2025-10-01 00:00:00,2026-07-26,315,train,short,2025-06-17 20:00:00,104686.12,104633.77694,2025-06-21 20:00:00,101952.59693999999,102003.57323846998,target,25,1340.5900000000006,106644.66193999999,101952.59693999999,0.10145220304686142,10615.327183676885,42461.30873470754,277.32193651639864,20.96381440737154,10.481976534169007,31.445790941540547,245.8761455748581,0.005790592727865707,0.00653116789802849,42707.1848802824,Ranging,18.76351599938903,1.9475441755944587
con-artist-curve-fit-p6,b34d03e8e04f,01851d3,BTC-USD,4h,2025-10-01 00:00:00,2026-07-26,316,train,short,2025-06-22 00:00:00,102120.02,102068.95999,2025-06-22 12:00:00,99930.39999,99980.365189995,target,4,1069.2799999999988,103672.87999,99930.39999,0.10460375241519693,10676.7962200706,42707.1848802824,229.0424694094009,21.13511758678581,10.567616054010387,31.702733640796197,197.3397357686047,0.0046207619706564885,0.005363089841942454,42904.52461605101,Chaotic,28.583945964471376,1.9681157286793307
con-artist-curve-fit-p6,b34d03e8e04f,01851d3,BTC-USD,4h,2025-10-01 00:00:00,2026-07-26,317,train,long,2025-06-22 16:00:00,98906.21,98955.663105,2025-06-23 00:00:00,101560.76453357143,101509.98415130466,target,3,1302.5507142857136,97001.83703357143,101560.76453357143,0.10839330279290287,10726.131154012752,42904.52461605101,287.7359333376807,21.72913360262789,10.86463873529567,32.59377233792356,255.14216099975715,0.005946742523848078,0.006706423994033391,43159.66677705076,Chaotic,33.454350673707225,1.9629612747999978
con-artist-curve-fit-p6,b34d03e8e04f,01851d3,BTC-USD,4h,2025-10-01 00:00:00,2026-07-26,318,train,long,2025-06-23 04:00:00,101154.13,101204.707065,2025-06-23 20:00:00,103911.77420785713,103859.81832075321,target,5,1353.5335714285704,99174.40670785714,103911.77420785713,0.10661477126091311,10789.91669426269,43159.66677705076,294.0056064396695,21.862907467729787,10.931527235264412,32.794434702994195,261.21117173667534,0.006052205478925728,0.006812045328301764,43420.87794878744,Chaotic,37.02173175082818,1.9635062038347715
con-artist-curve-fit-p6,b34d03e8e04f,01851d3,BTC-USD,4h,2025-10-01 00:00:00,2026-07-26,319,train,short,2025-06-24 00:00:00,105333.94,105281.27303000001,2025-06-26 00:00:00,108163.3248157143,108217.40647812215,stop,13,1921.3678571428568,108163.3248157143,101438.5373157143,0.10310684108182899,10855.21948719686,43420.87794878744,-291.7289305531936,22.013174419224292,11.006514277378699,33.01968869660299,-324.7486192497966,-0.007479089198353379,-0.006718632702389666,43096.129329537645,Chaotic,33.01639141465922,1.9711379615175302
con-artist-curve-fit-p6,b34d03e8e04f,01851d3,BTC-USD,4h,2025-10-01 00:00:00,2026-07-26,320,train,short,2025-06-26 04:00:00,107853.79,107799.863105,2025-07-01 16:00:00,105545.04881928572,105597.82134369535,target,34,1127.4071428571417,109490.9738192857,105545.04881928572,0.09994476822192447,10774.032332384411,43096.129329537645,230.74660219090075,21.327982111320235,10.664048742309689,31.992030853629924,198.75457133727082,0.004611889151749099,0.005354230316752586,43294.88390087491,Trending,25.27026023376485,1.9350455294083804
con-artist-curve-fit-p6,b34d03e8e04f,01851d3,BTC-USD,4h,2025-10-01 00:00:00,2026-07-26,321,train,long,2025-07-01 20:00:00,105398.52,105451.21926,2025-07-02 04:00:00,107138.71068857143,107085.14133322715,target,3,843.7457142857155,104185.60068857143,107138.71068857143,0.10264197086741896,10823.720975218728,43294.88390087491,178.61660196010214,21.81515093227727,10.907620120288271,32.72277105256554,145.8938309075366,0.003369770692573409,0.004125582190474303,43440.77773178245,Ranging,19.0818854964702,1.8025627547284366
con-artist-curve-fit-p6,b34d03e8e04f,01851d3,BTC-USD,4h,2025-10-01 00:00:00,2026-07-26,322,train,short,2025-07-02 08:00:00,107080.0,107026.46,2025-07-02 12:00:00,108343.47607142858,108397.6478094643,stop,2,878.0107142857149,108343.47607142858,105270.43857142857,0.10147205123803602,10860.194432945613,43440.77773178245,-128.20750865803336,21.859526105550156,10.929731000897334,32.789257106447494,-160.99676576448084,-0.003706120704342069,-0.0029513170654915156,43279.78096601797,Ranging,21.223591671830697,1.7968013252264259
con-artist-curve-fit-p6,b34d03e8e04f,01851d3,BTC-USD,4h,2025-10-01 00:00:00,2026-07-26,323,train,long,2025-07-03 12:00:00,109599.18,109653.97958999999,2025-07-04 12:00:00,108165.80601857141,108111.72311556213,stop,7,992.1157142857139,108165.80601857141,111638.21101857141,0.09867352997091981,10819.945241504493,43279.78096601797,-141.43607051602964,21.487710592555697,10.743819937259815,32.231530529815515,-173.66760104584515,-0.004012672827115366,-0.0032679479276265548,43106.11336497212,Ranging,23.63915827422911,1.8268770842606277
con-artist-curve-fit-p6,b34d03e8e04f,01851d3,BTC-USD,4h,2025-10-01 00:00:00,2026-07-26,324,train,short,2025-07-04 16:00:00,107573.29,107519.503355,2025-07-06 12:00:00,108962.28799785713,109016.76914185606,stop,12,961.8564285714268,108962.28799785713,105595.79049785715,0.1002285911390595,10776.52834124303,43106.11336497212,-139.21731242019507,21.70312552286336,10.851527957103542,32.5546534799669,-171.77196590016197,-0.0039848632245221925,-0.0032296419591686634,42934.341399071964,Ranging,21.321278535583538,1.866480433477023
con-artist-curve-fit-p6,b34d03e8e04f,01851d3,BTC-USD,4h,2025-10-01 00:00:00,2026-07-26,325,train,short,2025-07-06 16:00:00,108906.0,108851.547,2025-07-06 20:00:00,109665.5745,109720.40728725,stop,2,542.6850000000007,109665.5745,107766.17700000001,0.0986075590617742,10733.585349767991,42934.341399071964,-74.89978737056785,21.552846891627414,10.776404720865685,32.329251612493096,-107.22903898306095,-0.0024975121427011976,-0.0017445193038919382,42827.112360088904,Ranging,14.576019648859702,1.8778188005647027
con-artist-curve-fit-p6,b34d03e8e04f,01851d3,BTC-USD,4h,2025-10-01 00:00:00,2026-07-26,326,train,short,2025-07-07 00:00:00,109203.85,109149.24807500001,2025-07-07 12:00:00,108092.838075,108146.8844940375,target,4,528.2050000000007,109941.555575,108092.838075,0.09809300823277545,10706.778090022226,42827.112360088904,108.98250190573658,21.315231321044863,10.657642906146606,31.97287422719147,77.00962767854512,0.0017981512979686977,0.002544708150981916,42904.12198776745,Ranging,15.562040803835318,1.8846279478386667
con-artist-curve-fit-p6,b34d03e8e04f,01851d3,BTC-USD,4h,2025-10-01 00:00:00,2026-07-26,327,train,long,2025-07-07 20:00:00,108056.67,108110.698335,2025-07-09 12:00:00,109339.87119214285,109285.20125654679,target,11,614.586428571428,107188.81869214286,109339.87119214285,0.09921340498333822,10726.030496941863,42904.12198776745,127.31075955117092,21.56858742789326,10.784325541634843,32.352912969528106,94.95784658164281,0.0022132569595228304,0.0029673316607543897,42999.0798343491,Ranging,16.200696787753664,1.8982449457140684
con-artist-curve-fit-p6,b34d03e8e04f,01851d3,BTC-USD,4h,2025-10-01 00:00:00,2026-07-26,328,train,long,2025-07-09 16:00:00,109071.32,109125.85566,2025-07-09 16:00:00,110689.04851714286,110633.7039928843,target,1,781.596428571428,107953.46101714286,110689.04851714286,0.09850800155079649,10749.769958587274,42999.0798343491,159.35920327547578,21.64807504308868,10.824077361343313,32.472152404431995,126.88705087104378,0.002950924795597188,0.0037061072908861257,43125.96688522014,Ranging,11.049668684540862,1.8724911724652367
con-artist-curve-fit-p6,b34d03e8e04f,01851d3,BTC-USD,4h,2025-10-01 00:00:00,2026-07-26,329,train,short,2025-07-09 20:00:00,111749.99,111694.11500500001,2025-07-10 16:00:00,113127.61250500001,113184.17631125251,stop,6,955.6649999999988,113127.61250500001,109782.78500500001,0.0965269452273506,10781.491721305036,43125.96688522014,-132.97769208410116,21.7068145087041,10.853374009927762,32.56018851863186,-165.53788060273303,-0.0038384734896103885,-0.0030834715529514177,42960.42900461741,Ranging,13.874542816056561,1.868954761107604
con-artist-curve-fit-p6,b34d03e8e04f,01851d3,BTC-USD,4h,2025-10-01 00:00:00,2026-07-26,330,train,long,2025-07-10 20:00:00,113301.8,113358.4509,2025-07-10 20:00:00,115518.45375714285,115460.69453026429,target,1,1080.0014285714278,111738.44875714285,115518.45375714285,0.09474465437630951,10740.107251154352,42960.42900461741,210.01609409244713,21.679390848472888,10.839747928258873,32.519138776731765,177.49695531571538,0.004131638333887167,0.004888593967948377,43137.92595993312,Trending,26.764527053456945,1.8135088554255347
con-artist-curve-fit-p6,b34d03e8e04f,01851d3,BTC-USD,4h,2025-10-01 00:00:00,2026-07-26,331,train,short,2025-07-11 00:00:00,116010.01,115952.004995,2025-07-11 04:00:00,117850.31392357142,117909.2390805332,stop,2,1265.5392857142858,117850.31392357142,113420.92642357142,0.09300815014322798,10784.48148998328,43137.92595993312,-171.16326363270255,21.751001701659277,10.875458060012875,32.62645976167215,-203.7897233943747,-0.004724142824660981,-0.003967813932261845,42934.13623653875,Trending,30.143493881842094,1.8069807399823565
con-artist-curve-fit-p6,b34d03e8e04f,01851d3,BTC-USD,4h,2025-10-01 00:00:00,2026-07-26,332,train,long,2025-07-11 08:00:00,117526.88,117585.64344,2025-07-14 00:00:00,120435.43486857144,120375.21715113716,target,17,1424.8957142857148,115448.29986857143,120435.43486857144,0.09128269187565953,10733.534059134687,42934.13623653875,265.50071787125535,21.721707915807546,10.860920333082248,32.58262824888979,232.91808962236556,0.005425009329153395,0.006183907285534328,43167.05432616111,Trending,36.51815437027061,1.7919475257070672
con-artist-curve-fit-p6,b34d03e8e04f,01851d3,BTC-USD,4h,2025-10-01 00:00:00,2026-07-26,333,train,long,2025-07-14 04:00:00,120750.25,120810.62512499999,2025-07-14 04:00:00,122593.68655357142,122532.38971029464,target,1,891.5307142857138,119473.32905357142,122593.68655357142,0.08932793428040196,10791.763581540277,43167.05432616111,164.67037930751823,21.73732883680208,10.86870558599469,32.60603442279677,132.06434488472146,0.0030593781981710236,0.003814723563560853,43299.11867104583,Trending,51.548140728200686,1.7631335640668904
con-artist-curve-fit-p6,b34d03e8e04f,01851d3,BTC-USD,4h,2025-10-01 00:00:00,2026-07-26,334,train,long,2025-07-14 08:00:00,122736.04,122797.40801999999,2025-07-14 12:00:00,121278.14480571427,121217.50573331142,stop,2,1012.8421428571424,121278.14480571427,124823.09230571428,0.08815153220496663,10824.779667761457,43299.11867104583,-128.51569517054406,21.510288528217185,10.755112135183339,32.26540066340053,-160.7810958339446,-0.0037132648600873047,-0.0029680903241220626,43138.33757521188,Trending,53.27333131920465,1.7655731099518979
con-artist-curve-fit-p6,b34d03e8e04f,01851d3,BTC-USD,4h,2025-10-01 00:00:00,2026-07-26,335,train,short,2025-07-14 16:00:00,119878.22,119818.28089000001,2025-07-15 00:00:00,117411.59803285715,117470.30383187356,target,3,1203.3414285714284,121623.29303285715,117411.59803285715,0.09000783781653345,10784.58439380297,43138.33757521188,222.0153099732928,21.35783244936115,10.678971728506355,32.03680417786751,189.9785057954253,0.004403936648328112,0.005146589378559341,43328.31608100731,Trending,53.96548831150467,1.7807300122167702
con-artist-curve-fit-p6,b34d03e8e04f,01851d3,BTC-USD,4h,2025-10-01 00:00:00,2026-07-26,336,train,long,2025-07-15 04:00:00,117148.46,117207.03423,2025-07-17 20:00:00,120073.55565857144,120013.51888074215,target,17,1433.2607142857148,115057.14315857143,120073.55565857144,0.09241833556675114,10832.079020251827,43328.31608100731,270.33247213870135,21.923528680718878,10.961831923477291,32.885360604196165,237.44711153450518,0.005480183238383192,0.006239164052285888,43565.76319254182,Trending,47.7900391665733,1.8040317305722875
con-artist-curve-fit-p6,b34d03e8e04f,01851d3,BTC-USD,4h,2025-10-01 00:00:00,2026-07-26,337,train,short,2025-07-18 00:00:00,119177.56,119117.97122,2025-07-25 00:00:00,116112.35836285715,116170.41454203858,target,43,1502.8064285714281,121372.18086285715,116112.35836285715,0.09143406898712167,10891.440798135454,43565.76319254182,280.26385794995736,21.513374495634732,10.756757313780724,32.27013180941546,247.9937261405419,0.005692399443216843,0.00643312173165227,43813.75691868236,Trending,27.955014962643205,1.874009763905411
con-artist-curve-fit-p6,b34d03e8e04f,01851d3,BTC-USD,4h,2025-10-01 00:00:00,2026-07-26,338,train,long,2025-07-25 04:00:00,115419.65,115477.35982499999,2025-07-26 08:00:00,118036.33411071428,117977.31594365892,target,8,1279.4871428571412,113558.12911071428,118036.33411071428,0.09485356477035814,10953.43922967059,43813.75691868236,248.2018157792042,22.144008208965445,11.072066154936522,33.21607436390197,214.98574141530224,0.004906809105968985,0.005664928854192139,44028.74266009766,Ranging,13.784725220842725,1.9308559367158618
con-artist-curve-fit-p6,b34d03e8e04f,01851d3,BTC-USD,4h,2025-10-01 00:00:00,2026-07-26,339,train,long,2025-07-26 12:00:00,117776.1,117834.98805,2025-07-30 16:00:00,115874.33055,115816.393384725,stop,26,1307.104999999998,115874.33055,120449.19804999999,0.09341186219116704,11007.185665024415,44028.74266009766,-177.6478257827722,21.825810643356338,10.912860909720962,32.738671553077296,-210.3864973358495,-0.004778389856826832,-0.004034814874324603,43818.35616276181,Ranging,17.955716164725896,1.9425415894707458
con-artist-curve-fit-p6,b34d03e8e04f,01851d3,BTC-USD,4h,2025-10-01 00:00:00,2026-07-26,340,train,long,2025-07-31 00:00:00,117840.29,117899.21014499999,2025-07-31 20:00:00,116171.73514499998,116113.6492774275,stop,6,1151.6499999999994,116171.73514499998,120202.510145,0.09291486369771094,10954.589040690453,43818.35616276181,-155.03354692447974,21.743272936746443,10.871597709985082,32.614870646731525,-187.64841757121127,-0.004282415727194273,-0.0035380959146119684,43630.7077451906,Ranging,14.924964285032555,1.8656744965973353
con-artist-curve-fit-p6,b34d03e8e04f,01851d3,BTC-USD,4h,2025-10-01 00:00:00,2026-07-26,341,train,short,2025-08-01 00:00:00,115764.07,115706.18796500002,2025-08-01 16:00:00,113440.03939357145,113496.75941326823,target,5,1133.0742857142852,117405.79939357145,113440.03939357145,0.09427047185753898,10907.67693629765,43630.7077451906,219.08746187938226,21.60707000048803,10.80358977210733,32.41065977259536,186.6768021067869,0.004278564610892983,0.0050214051800141195,43817.384547297384,Ranging,17.865622722798808,1.8452209265375825
con-artist-curve-fit-p6,b34d03e8e04f,01851d3,BTC-USD,4h,2025-10-01 00:00:00,2026-07-26,342,train,long,2025-08-02 00:00:00,113297.92,113354.56895999999,2025-08-07 08:00:00,116188.19181714284,116130.09772123427,target,33,1416.8114285714287,111229.35181714284,116188.19181714284,0.09663788797688307,10954.346136824346,43817.384547297384,279.30976408779225,22.17691351115347,11.088526583016858,33.26544009417033,246.04432399362193,0.005615221596077617,0.006374405204087422,44063.428871291006,Trending,29.593976072450843,1.84881885929728
con-artist-curve-fit-p6,b34d03e8e04f,01851d3,BTC-USD,4h,2025-10-01 00:00:00,2026-07-26,343,train,short,2025-08-07 12:00:00,116519.54,116461.28023,2025-08-10 00:00:00,118084.75487285716,118143.79725029357,stop,16,1082.3164285714302,118084.75487285716,114296.64737285714,0.09458815149608073,11015.857217822751,44063.428871291006,-148.05078151773205,22.190860610455765,11.095393292530446,33.28625390298621,-181.33703542071825,-0.00411536369424183,-0.003359946906315154,43882.091835870284,Ranging,16.947641128422326,1.896641344127676
con-artist-curve-fit-p6,b34d03e8e04f,01851d3,BTC-USD,4h,2025-10-01 00:00:00,2026-07-26,344,train,long,2025-08-10 04:00:00,118500.0,118559.25,2025-08-11 00:00:00,120220.34428571428,120160.23411357142,target,6,830.5471428571431,117313.42928571429,120220.34428571428,0.0925319868248793,10970.522958967571,43882.091835870284,159.18687477997014,22.089188158838972,11.044633876138136,33.13382203497711,126.05305274499304,0.002872539741643634,0.0036276045220307146,44008.14488861528,Trending,25.015075688575354,1.8976826711223325
con-artist-curve-fit-p6,b34d03e8e04f,01851d3,BTC-USD,4h,2025-10-01 00:00:00,2026-07-26,345,train,short,2025-08-11 04:00:00,121729.0,121668.1355,2025-08-11 12:00:00,119580.47264285714,119640.26287917857,target,3,1043.8314285714307,123233.88264285715,119580.47264285714,0.09042660329214809,11002.03622215382,44008.14488861528,194.28403098668434,21.82069881129761,10.91039797665573,32.73109678795334,161.552934198731,0.003670978056621607,0.004414728943435759,44169.69782281401,Trending,36.117521198745216,1.887694076726612
con-artist-curve-fit-p6,b34d03e8e04f,01851d3,BTC-USD,4h,2025-10-01 00:00:00,2026-07-26,346,train,long,2025-08-11 20:00:00,119089.3,119148.84465,2025-08-13 12:00:00,121656.47607857143,121595.64784053215,target,11,1253.8157142857162,117268.12107857142,121656.47607857143,0.09267756215463649,11042.424455703502,44169.69782281401,237.91962058369955,22.31161266617771,11.155865812992886,33.467478479170595,204.45214210452895,0.004628787430801208,0.005386489659451828,44374.149964918535,Trending,37.38190772830174,1.8903406286346187
con-artist-curve-fit-p6,b34d03e8e04f,01851d3,BTC-USD,4h,2025-10-01 00:00:00,2026-07-26,347,train,short,2025-08-13 16:00:00,120920.61,120860.149695,2025-08-13 16:00:00,122714.86862357143,122776.2260578832,stop,1,1236.479285714286,122714.86862357143,118387.19112357142,0.09178821571233396,11093.537491229634,44374.149964918535,-164.69179758408947,22.362948212976896,11.18143293353856,33.544381146515455,-198.23617873060493,-0.004467379744453182,-0.0037114355478198922,44175.91378618793,Trending,26.63736888983704,1.9257135706030937
con-artist-curve-fit-p6,b34d03e8e04f,01851d3,BTC-USD,4h,2025-10-01 00:00:00,2026-07-26,348,train,short,2025-08-13 20:00:00,122744.22,122682.84789,2025-08-14 12:00:00,120155.28074714287,120215.35838751643,target,5,1263.7835714285716,124578.52324714286,120155.28074714287,0.09002055818307415,11043.978446546982,44175.91378618793,233.0577566442701,21.865832110769517,10.932974319823074,32.79880643059259,200.2589502136775,0.004533215796801256,0.005275674834306158,44376.172736401604,Trending,27.778539921149683,1.9278406624897473
con-artist-curve-fit-p6,b34d03e8e04f,01851d3,BTC-USD,4h,2025-10-01 00:00:00,2026-07-26,349,train,short,2025-08-14 16:00:00,118257.26,118198.13137,2025-08-18 00:00:00,115156.49422714286,115214.07247425642,target,21,1520.8185714285707,120479.35922714286,115156.49422714286,0.09385971720121619,11094.043184100401,44376.172736401604,291.03699854758133,21.908003444134536,10.95407448131516,32.8620779254497,258.17492062213165,0.0058178726262788265,0.006558406924282697,44634.34765702373,Trending,28.22417524685256,1.9274246508017683
con-artist-curve-fit-p6,b34d03e8e04f,01851d3,BTC-USD,4h,2025-10-01 00:00:00,2026-07-26,350,train,long,2025-08-18 04:00:00,115319.0,115376.6595,2025-08-18 20:00:00,116847.69949999999,116789.27565025,target,5,735.5199999999999,114273.3795,116847.69949999999,0.09671442181298319,11158.586914255933,44634.34765702373,147.84728826829533,22.45379418272698,11.226934053184038,33.68072823591102,114.16656003238431,0.00255781849685931,0.0033124106440262906,44748.514217056116,Ranging,23.63557665268355,1.898661911469399
con-artist-curve-fit-p6,b34d03e8e04f,01851d3,BTC-USD,4h,2025-10-01 00:00:00,2026-07-26,351,train,long,2025-08-19 00:00:00,116227.05,116285.163525,2025-08-19 00:00:00,114998.84066785715,114941.34124752323,stop,1,857.5485714285699,114998.84066785715,118000.26066785713,0.09620426385571469,11187.128554264029,44748.514217056116,-118.15897465952231,22.244975675570494,11.122458298039689,33.36743397361018,-151.5264086331325,-0.003386177424755199,-0.0026405116846200324,44596.987808422986,Trending,26.343740179543026,1.8991255949324901
con-artist-curve-fit-p6,b34d03e8e04f,01851d3,BTC-USD,4h,2025-10-01 00:00:00,2026-07-26,352,train,short,2025-08-19 12:00:00,115508.71,115450.95564500001,2025-08-19 16:00:00,113361.47850214287,113418.15924139394,target,2,1044.7385714285722,117018.06350214286,113361.47850214287,0.0965712833628554,11149.246952105746,44596.987808422986,207.36090142521007,22.10218414669986,11.051143913574606,33.15332806027446,174.2075733649356,0.003906263223724568,0.004649661594096408,44771.19538178792,Trending,27.587107764757967,1.8949512604124936
con-artist-curve-fit-p6,b34d03e8e04f,01851d3,BTC-USD,4h,2025-10-01 00:00:00,2026-07-26,353,train,long,2025-08-19 20:00:00,113132.49,113189.056245,2025-08-22 12:00:00,115608.64910214285,115550.84477759179,target,17,1209.7964285714293,111374.36160214286,115608.64910214285,0.0988858748077194,11192.79884544698,44771.19538178792,244.8571589784924,22.61914521605014,11.309633822313486,33.92877903836363,210.9283799401288,0.004711251914125359,0.005469077983968587,44982.12376172805,Trending,30.046064042432192,1.8891291911084425
con-artist-curve-fit-p6,b34d03e8e04f,01851d3,BTC-USD,4h,2025-10-01 00:00:00,2026-07-26,354,train,long,2025-08-22 16:00:00,116370.75,116428.93537499999,2025-08-24 12:00:00,114411.64644642855,114354.44062320534,stop,12,1344.8592857142867,114411.64644642855,119118.65394642856,0.09658708038694899,11245.530940432012,44982.12376172805,-189.2240924151628,22.290692489510132,11.145298938730093,33.43599142824023,-222.66008384340302,-0.004949968236778717,-0.004206650922430647,44759.46367788465,Trending,40.775593962285825,1.8714476619737295
con-artist-curve-fit-p6,b34d03e8e04f,01851d3,BTC-USD,4h,2025-10-01 00:00:00,2026-07-26,355,train,short,2025-08-24 16:00:00,114400.01,114342.809995,2025-08-24 16:00:00,112140.15428071428,112196.22435785463,target,1,1101.3278571428568,115994.80178071429,112140.15428071428,0.097862435949934,11189.865919471162,44759.46367788465,221.15498558469,22.169661739516137,11.08488615850294,33.25454789801908,187.90043768667093,0.004198004673132651,0.004940965941331446,44947.36411557132,Ranging,21.093290237842783,1.8285625052578538
con-artist-curve-fit-p6,b34d03e8e04f,01851d3,BTC-USD,4h,2025-10-01 00:00:00,2026-07-26,356,train,short,2025-08-24 20:00:00,112600.0,112543.70000000001,2025-08-25 20:00:00,109898.89142857144,109953.84087428573,target,7,1322.404285714286,114527.30642857144,109898.89142857144,0.09984424742471439,11236.84102889283,44947.36411557132,269.6901525267298,22.21509952244269,11.107617183758407,33.32271670620109,236.36743582052867,0.005258760785454888,0.006000132773821542,45183.73155139185,Ranging,22.920117581554706,1.826776188015981
con-artist-curve-fit-p6,b34d03e8e04f,01851d3,BTC-USD,4h,2025-10-01 00:00:00,2026-07-26,357,train,long,2025-08-26 00:00:00,110111.98,110167.03598999999,2025-08-28 04:00:00,112981.68598999998,112925.19514700498,target,14,1407.3249999999991,108056.04848999999,112981.68598999998,0.10253459926863522,11295.932887847963,45183.73155139185,294.2441537034508,22.87467251957855,11.4374098208271,34.31208234040565,259.93207136304517,0.005752780092263941,0.0065121702790035905,45443.663622754895,Trending,31.943725877896533,1.8565489155236805
con-artist-curve-fit-p6,b34d03e8e04f,01851d3,BTC-USD,4h,2025-10-01 00:00:00,2026-07-26,358,train,short,2025-08-28 08:00:00,113114.11,113057.552945,2025-08-29 04:00:00,110551.59008785714,110606.86588290107,target,6,1252.98142857143,114937.02508785715,110551.59008785714,0.10048789850613128,11360.915905688724,45443.663622754895,257.5022408513521,22.47556741861096,11.237848084865192,33.713415503476156,223.78882534787596,0.004924533092349947,0.005666405837983838,45667.45244810277,Ranging,21.743951485959872,1.9201640919111729
con-artist-curve-fit-p6,b34d03e8e04f,01851d3,BTC-USD,4h,2025-10-01 00:00:00,2026-07-26,359,train,long,2025-08-29 08:00:00,110019.38,110074.38969,2025-08-29 12:00:00,108281.25219,108227.11156390501,stop,2,1195.4249999999977,108281.25219,112465.23968999999,0.10371952226288735,11416.863112025692,45667.45244810277,-180.2777860850392,22.64212741932613,11.321018640214419,33.96314605954055,-214.24093214457974,-0.004691326550086116,-0.003947620820099605,45453.21151595819,Ranging,17.91949085976183,1.9397402112229087
con-artist-curve-fit-p6,b34d03e8e04f,01851d3,BTC-USD,4h,2025-10-01 00:00:00,2026-07-26,360,train,short,2025-08-29 16:00:00,108386.23,108332.03688500001,2025-09-02 00:00:00,110366.08831357144,110421.27135772821,stop,21,1356.0342857142844,110366.08831357144,105619.96831357144,0.10489328185578449,11363.302878989547,45453.21151595819,-207.67383611996758,22.945752418389795,11.472824290733172,34.418576709122966,-242.09241282909053,-0.005326189388050044,-0.004568958478259677,45211.119103129095,Ranging,20.728693429322927,1.9474406920791338
con-artist-curve-fit-p6,b34d03e8e04f,01851d3,BTC-USD,4h,2025-10-01 00:00:00,2026-07-26,361,train,long,2025-09-02 08:00:00,110233.91,110289.026955,2025-09-02 12:00:00,108584.75481214286,108530.4624347368,stop,2,1136.181428571426,108584.75481214286,112561.38981214285,0.10248326681124878,11302.779775782274,45211.119103129095,-169.0108111303192,22.425336114629616,11.21262580461007,33.637961919239686,-202.64877304955888,-0.004482277304114187,-0.0037382576340301617,45008.47033007954,Chaotic,24.438721653368194,1.9767934110874705
con-artist-curve-fit-p6,b34d03e8e04f,01851d3,BTC-USD,4h,2025-10-01 00:00:00,2026-07-26,362,train,long,2025-09-02 16:00:00,110829.16,110884.57458,2025-09-10 12:00:00,113605.33315142857,113548.53048485286,target,48,1360.3792857142846,108844.00565142857,113605.33315142857,0.10147595033069103,11252.117582519884,45008.47033007954,281.7148088237629,22.77456262212377,11.387351739762948,34.161914361886716,247.55289446187618,0.005500140143541703,0.006259150927764158,45256.023224541415,Chaotic,23.69579469569267,1.9789878883867924
con-artist-curve-fit-p6,b34d03e8e04f,01851d3,BTC-USD,4h,2025-10-01 00:00:00,2026-07-26,363,train,long,2025-09-10 16:00:00,113853.99,113910.91699499999,2025-09-12 00:00:00,116030.56985214284,115972.55456721678,target,9,1059.826428571428,112321.17735214285,116030.56985214284,0.0993232791430515,11314.005806135354,45256.023224541415,216.18504823152475,22.832780216347796,11.416444154433833,34.24922437078163,181.9358238607431,0.004020146068912282,0.0047769342692552804,45437.95904840216,Ranging,13.341573917025434,1.905490328981432
con-artist-curve-fit-p6,b34d03e8e04f,01851d3,BTC-USD,4h,2025-10-01 00:00:00,2026-07-26,364,train,short,2025-09-12 04:00:00,115194.14,115136.54293000001,2025-09-12 16:00:00,116503.16400142858,116561.41558342929,stop,4,911.0807142857146,116503.16400142858,113314.38150142858,0.09866102866234928,11359.48976210054,45437.95904840216,-129.14965452464838,22.859558925901265,11.429747175535482,34.28930610143675,-163.43896062608513,-0.003596969671370671,-0.0028423295682597337,45274.52008777607,Trending,26.794368396476564,1.8923829357228255
con-artist-curve-fit-p6,b34d03e8e04f,01851d3,BTC-USD,4h,2025-10-01 00:00:00,2026-07-26,365,train,short,2025-09-12 20:00:00,116632.51,116574.193745,2025-09-15 08:00:00,114747.23088785713,114804.60450330106,target,16,913.481428571428,117944.41588785713,114747.23088785713,0.09709378772717858,11318.630021944018,45274.52008777607,183.04888992088254,22.46544392169022,11.232767723067013,33.69821164475724,149.3506782761253,0.003298779931550271,0.004043088464902468,45423.8707660522,Trending,33.99937026597169,1.884592198465917
con-artist-curve-fit-p6,b34d03e8e04f,01851d3,BTC-USD,4h,2025-10-01 00:00:00,2026-07-26,366,train,long,2025-09-15 12:00:00,115070.01,115127.54500499999,2025-09-16 16:00:00,116393.25786214285,116335.06123321179,target,8,632.856428571429,114178.26036214284,116393.25786214285,0.09863814685720831,11355.96769151305,45423.8707660522,130.52271695453436,22.831042546076915,11.415553903716926,34.24659644979384,96.27612050474052,0.0021195049845178114,0.002873438893544962,45520.14688655694,Trending,32.24066755331867,1.719180977909205
con-artist-curve-fit-p6,b34d03e8e04f,01851d3,BTC-USD,4h,2025-10-01 00:00:00,2026-07-26,367,train,short,2025-09-16 20:00:00,116800.13,116741.72993500001,2025-09-17 16:00:00,114968.56279214287,115026.04707353894,target,6,886.5835714285723,118071.60529214286,114968.56279214287,0.09748045303059552,11380.036721639235,45520.14688655694,178.54200117789662,22.59282790068642,11.296458585842942,33.88928648652936,144.65271469136727,0.0031777734604385966,0.003922263291962791,45664.799601248305,Trending,25.562426789000224,1.7069435651673932
con-artist-curve-fit-p6,b34d03e8e04f,01851d3,BTC-USD,4h,2025-10-01 00:00:00,2026-07-26,368,train,short,2025-09-17 20:00:00,115652.02,115594.19399000001,2025-09-17 20:00:00,116965.25934714287,117023.74197681644,stop,1,914.0435714285715,116965.25934714287,113766.10684714287,0.09876101477293647,11416.199900312076,45664.799601248305,-129.69685056357804,22.973583410468752,11.486759281020568,34.460342691489316,-164.15719325506737,-0.0035948300373266047,-0.0028401931399263734,45500.64240799324,Ranging,21.991502694427,1.716084614626838
con-artist-curve-fit-p6,b34d03e8e04f,01851d3,BTC-USD,4h,2025-10-01 00:00:00,2026-07-26,369,train,short,2025-09-18 00:00:00,116447.6,116389.37620000001,2025-09-18 00:00:00,117864.19334285715,117923.12543952857,stop,1,983.211428571428,117864.19334285715,114422.95334285716,0.09773366756817714,11375.16060199831,45500.64240799324,-138.44886285009292,22.900220142305646,11.450075458935032,34.350295601240674,-172.7991584513336,-0.0037977300826191724,-0.0030427891898460574,45327.843249541904,Ranging,20.573672526660072,1.7161632693143667
con-artist-curve-fit-p6,b34d03e8e04f,01851d3,BTC-USD,4h,2025-10-01 00:00:00,2026-07-26,370,train,short,2025-09-18 04:00:00,117581.67,117522.879165,2025-09-19 16:00:00,115437.42202214287,115495.14073315394,target,10,1042.7285714285713,119086.97202214286,115437.42202214287,0.0964234444637423,11331.960812385476,45327.843249541904,206.75577580939859,22.468400100700848,11.234251739293313,33.70265183999416,173.05312396940442,0.0038178106780130854,0.004561341572577207,45500.89637351131,Ranging,20.0149314409697,1.7181491451096929
con-artist-curve-fit-p6,b34d03e8e04f,01851d3,BTC-USD,4h,2025-10-01 00:00:00,2026-07-26,371,train,short,2025-09-19 20:00:00,115125.13,115067.567435,2025-09-22 04:00:00,113068.037435,113124.5714537175,target,15,999.7649999999994,116567.214935,113068.037435,0.0988569094397822,11375.224093377827,45500.89637351131,203.3578134074542,22.55836960899215,11.279235643948255,33.837605252940406,169.5202081545138,0.0037256454633979755,0.004469314444667523,45670.41658166582,Ranging,16.619850947647723,1.6942359415049058
con-artist-curve-fit-p6,b34d03e8e04f,01851d3,BTC-USD,4h,2025-10-01 00:00:00,2026-07-26,372,train,long,2025-09-22 08:00:00,112520.0,112576.26,2025-09-23 00:00:00,111663.48857142856,111607.65682714286,stop,5,608.5142857142845,111663.48857142856,113793.28857142857,0.10142106466688852,11417.604145416455,45670.41658166582,-86.86830098507279,22.736971525802016,11.368464045824581,34.1054355716266,-120.9737365566994,-0.0026488424150977363,-0.0019020693807278665,45549.44284510912,Ranging,24.83982352571706,1.6290784959225908
con-artist-curve-fit-p6,b34d03e8e04f,01851d3,BTC-USD,4h,2025-10-01 00:00:00,2026-07-26,373,train,long,2025-09-23 04:00:00,112339.99,112396.159995,2025-09-24 04:00:00,111133.79856642857,111078.23166714536,stop,7,841.5742857142842,111133.79856642857,114079.30856642856,0.1013144996393458,11387.36071127728,45549.44284510912,-122.20468156155556,22.641196173457452,11.320567535556506,33.96176370901396,-156.1664452705695,-0.003428503962202425,-0.0026829017860243113,45393.276399838556,Trending,35.576540322910986,1.6442513881489575
con-artist-curve-fit-p6,b34d03e8e04f,01851d3,BTC-USD,4h,2025-10-01 00:00:00,2026-07-26,374,train,short,2025-09-24 08:00:00,112583.54,112527.24823,2025-09-25 16:00:00,110154.82537285714,110209.90278554357,target,9,1186.211428571428,114306.56537285713,110154.82537285714,0.1008495211467737,11348.319099959639,45393.276399838556,244.93470714952147,22.46293502151419,11.231528744433348,33.69446376594754,211.24024338357393,0.004653557974597428,0.005395836709209045,45604.51664322213,Trending,42.517354005650574,1.6638448112127049
con-artist-curve-fit-p6,b34d03e8e04f,01851d3,BTC-USD,4h,2025-10-01 00:00:00,2026-07-26,375,train,long,2025-09-25 20:00:00,109360.0,109414.68,2025-09-28 20:00:00,111721.65714285713,111665.7963142857,target,19,1153.4885714285701,107684.44714285714,111721.65714285713,0.10420109221912026,11401.129160805533,45604.51664322213,246.0872537328002,23.036827100271918,11.5184750719487,34.55530217222062,211.53195156057959,0.004638399157159317,0.005396115820238046,45816.04859478271,Trending,42.86313235246236,1.6915926544168904
con-artist-curve-fit-p6,b34d03e8e04f,01851d3,BTC-USD,4h,2025-10-01 00:00:00,2026-07-26,376,train,long,2025-09-29 00:00:00,112163.96,112220.04198,2025-09-29 12:00:00,113405.39483714286,113348.69213972428,target,4,592.6764285714287,111331.02733714285,113405.39483714286,0.10206743774643239,11454.012148695678,45816.04859478271,126.71007295633022,23.023222727306514,11.51164304117033,34.53486576847685,92.17520718785337,0.0020118541431429727,0.0027656263873170263,45908.22380197056,Trending,40.37139136056148,1.6962983047759095
con-artist-curve-fit-p6,b34d03e8e04f,01851d3,BTC-USD,4h,2025-10-01 00:00:00,2026-07-26,377,train,short,2025-09-29 20:00:00,114265.56,114208.42722,2025-09-30 08:00:00,112769.10579142858,112825.49034432428,target,4,719.6607142857132,115287.91829142856,112769.10579142858,0.1004921986044371,11477.05595049264,45908.22380197056,150.3819735302049,22.815137533817477,11.40760636240094,34.22274389621842,116.15922963398648,0.002530248831561209,0.0032757088180734605,46024.38303160455,Trending,41.67488562232325,1.7371556631407588
con-artist-curve-fit-p6,b34d03e8e04f,01851d3,BTC-USD,4h,2025-10-01 00:00:00,2026-07-26,378,train,long,2025-09-30 12:00:00,113055.0,113111.5275,2025-10-01 08:00:00,114797.63321428571,114740.23439767858,target,6,843.0528571428555,111846.94821428572,114797.63321428571,0.10172345836193519,11506.095757901137,46024.38303160455,177.26667721351808,23.177869214092077,11.58897892371428,34.766848137806356,142.49982907571172,0.003096181191127718,0.003851581825481301,46166.88286068026,Trending,43.010730724944914,1.772098184982052
con-artist-curve-fit-p6,b34d03e8e04f,01851d3,BTC-USD,4h,2025-10-01 00:00:00,2026-07-26,379,holdout,long,2025-10-01 12:00:00,116789.57,116847.964785,2025-10-02 00:00:00,118880.66621357143,118821.22588046466,target,4,1016.3507142857135,115323.43871357144,118880.66621357143,0.09877553910679408,11541.720715170066,46166.88286068026,206.549155819693,23.278351358843118,11.639227316708968,34.917578675552086,171.63157714414092,0.0037176340811676785,0.004473967983565298,46338.51443782441,Trending,42.0923747125878,1.802208358566029
con-artist-curve-fit-p6,b34d03e8e04f,01851d3,BTC-USD,4h,2025-10-01 00:00:00,2026-07-26,380,holdout,short,2025-10-02 04:00:00,118733.99,118674.62300500002,2025-10-02 16:00:00,120323.9222907143,120384.08425185965,stop,4,1099.5328571428565,120323.9222907143,116475.5572907143,0.09761672981230382,11584.628609456102,46338.51443782441,-155.20399084251437,23.336129235571505,11.668025816786269,35.004155052357774,-190.20814589487213,-0.004104752778600349,-0.0033493518884979,46148.30629192953,Trending,48.494034744878036,1.813692274150478
con-artist-curve-fit-p6,b34d03e8e04f,01851d3,BTC-USD,4h,2025-10-01 00:00:00,2026-07-26,381,holdout,short,2025-10-02 20:00:00,120836.49,120776.07175500001,2025-10-03 16:00:00,122561.6085407143,122622.88934498465,stop,6,1190.3578571428577,122561.6085407143,118395.3560407143,0.09552452241024936,11537.076572982383,46148.30629192953,-164.79112470279898,23.250569514226896,11.625243559331409,34.875813073558305,-199.6669377763573,-0.004326636312788694,-0.003570902985265525,45948.63935415318,Trending,54.61880565342995,1.8165951978329267
con-artist-curve-fit-p6,b34d03e8e04f,01851d3,BTC-USD,4h,2025-10-01 00:00:00,2026-07-26,382,holdout,long,2025-10-04 00:00:00,122232.21,122293.326105,2025-10-05 04:00:00,124797.886105,124735.4871619475,target,8,1252.2799999999988,120414.906105,124797.886105,0.09393120789498781,11487.159838538295,45948.63935415318,240.99705560995676,23.20371481502977,11.601917656777829,34.8056324718076,206.19142313814916,0.004487432621212363,0.005244922570012373,46154.83077729133,Trending,60.2306368060274,1.816922805065056
con-artist-curve-fit-p6,b34d03e8e04f,01851d3,BTC-USD,4h,2025-10-01 00:00:00,2026-07-26,383,holdout,long,2025-10-05 20:00:00,122591.8,122653.0959,2025-10-06 12:00:00,125184.93447142857,125122.34200419286,target,5,1265.9192857142843,120754.21697142857,125184.93447142857,0.09407595959689781,11538.707694322833,46154.83077729133,243.95161376343674,23.30971208537851,11.654917030591747,34.964629115970254,208.98698464746647,0.004527954736869933,0.00528550553983319,46363.8177619388,Trending,58.067802675812366,1.772645583758418
con-artist-curve-fit-p6,b34d03e8e04f,01851d3,BTC-USD,4h,2025-10-01 00:00:00,2026-07-26,384,holdout,long,2025-10-06 16:00:00,125000.0,125062.5,2025-10-07 12:00:00,123299.07,123237.42046500002,stop,6,1175.6199999999985,123299.07,127413.73999999999,0.09268129487643938,11590.9544404847,46363.8177619388,-157.64439489418137,23.012758146413113,11.506339662106882,34.519097808519994,-192.16349270270138,-0.004144686567646143,-0.003400159920039966,46171.654269236096,Trending,55.61786981479929,1.7987486568662676
con-artist-curve-fit-p6,b34d03e8e04f,01851d3,BTC-USD,4h,2025-10-01 00:00:00,2026-07-26,385,holdout,short,2025-10-07 16:00:00,121846.01,121785.086995,2025-10-08 16:00:00,123875.07449500001,123937.0120322475,stop,7,1393.3250000000003,123875.07449500001,118998.43699500001,0.09478101015588984,11542.913567309024,46171.654269236096,-192.31678250755175,23.289788763428113,11.64484630251647,34.93463506594458,-227.25141757349633,-0.004921881642974023,-0.004165256488019995,45944.4028516626,Trending,48.64873985687501,1.8412546120007287
con-artist-curve-fit-p6,b34d03e8e04f,01851d3,BTC-USD,4h,2025-10-01 00:00:00,2026-07-26,386,holdout,short,2025-10-09 00:00:00,123306.01,123244.356995,2025-10-09 16:00:00,120322.3927092857,120382.55390564034,target,5,1460.982142857146,125435.83020928572,120322.3927092857,0.0931977819753779,11486.10071291565,45944.4028516626,278.0665137579581,22.705487725452695,11.352813379353677,34.058301104806375,244.00821265315173,0.0053109453493380586,0.006052239152084129,46188.41106431575,Trending,32.13385874644302,1.8948988268752922
con-artist-curve-fit-p6,b34d03e8e04f,01851d3,BTC-USD,4h,2025-10-01 00:00:00,2026-07-26,387,holdout,long,2025-10-10 08:00:00,120932.05,120992.51602499999,2025-10-10 12:00:00,118824.64745357142,118765.23512984464,stop,2,1445.2457142857154,118824.64745357142,123883.00745357142,0.09543650421893057,11547.102766078937,46188.41106431575,-201.12313201321626,22.881641629610638,11.440770534020317,34.32241216363096,-235.44554417684722,-0.005097502571564922,-0.004354406817181031,45952.9655201389,Ranging,19.127623879760876,1.9306685715926775
con-artist-curve-fit-p6,b34d03e8e04f,01851d3,BTC-USD,4h,2025-10-01 00:00:00,2026-07-26,388,holdout,short,2025-10-10 16:00:00,119018.99,118959.48050500001,2025-10-10 20:00:00,115635.15050500001,115692.96808025251,target,2,1662.1650000000009,121452.72800500001,115635.15050500001,0.09657272653903243,11488.241380034726,45952.9655201389,326.7866062026119,22.66102674893796,11.330595071119546,33.9916218200575,292.7949843825544,0.0063716232688886395,0.007111327908955028,46245.76050452146,Ranging,18.601772294457312,1.9370501227017343
con-artist-curve-fit-p6,b34d03e8e04f,01851d3,BTC-USD,4h,2025-10-01 00:00:00,2026-07-26,389,holdout,short,2025-10-11 00:00:00,112774.49,112718.10275500001,2025-10-17 04:00:00,107202.03846928573,107255.63948852038,target,38,2758.032142857143,116855.15096928572,107202.03846928573,0.10256950608244261,11561.440126130365,46245.76050452146,571.5636011737141,22.562598093024427,11.281441937411614,33.84404003043604,537.719561143278,0.011627434715679615,0.012359264826401378,46783.480065664735,Ranging,24.59867514083485,1.9436112464804618
con-artist-curve-fit-p6,b34d03e8e04f,01851d3,BTC-USD,4h,2025-10-01 00:00:00,2026-07-26,390,holdout,short,2025-10-17 08:00:00,105633.75,105580.93312500001,2025-10-19 12:00:00,108262.24741071429,108316.37853441964,stop,14,1787.5428571428586,108262.24741071429,102005.8474107143,0.11077634635573015,11695.870016416184,46783.480065664735,-291.1753395644263,23.69476268094343,11.847308546634281,35.54207122757771,-326.717410792004,-0.006983606399810945,-0.006223892261878253,46456.76265487273,Trending,44.17335174723362,1.909654892662617
con-artist-curve-fit-p6,b34d03e8e04f,01851d3,BTC-USD,4h,2025-10-01 00:00:00,2026-07-26,391,holdout,long,2025-10-19 20:00:00,108908.43,108962.88421499998,2025-10-20 04:00:00,111139.19707214284,111083.62747360677,target,3,1088.1564285714287,107330.64957214284,111139.19707214284,0.10658850256571453,11614.190663718182,46456.76265487273,237.774121792609,23.454428175697593,11.727273531377591,35.181701707075185,202.59242008553383,0.004360881139966485,0.005118181039841989,46659.355074958265,Trending,40.0147199137728,1.9416612477584625
con-artist-curve-fit-p6,b34d03e8e04f,01851d3,BTC-USD,4h,2025-10-01 00:00:00,2026-07-26,392,holdout,short,2025-10-20 08:00:00,111169.91,111114.325045,2025-10-21 04:00:00,108866.82933071429,108921.26274537964,target,6,1123.7478571428562,112799.9468307143,108866.82933071429,0.10498051231482028,11664.838768739566,46659.355074958265,241.77858856397353,23.09944873372667,11.549784811510222,34.649233545236896,207.12935501873665,0.004439181696489017,0.005181781620760857,46866.484429977005,Trending,33.95229871058827,1.9475929223710715
con-artist-curve-fit-p6,b34d03e8e04f,01851d3,BTC-USD,4h,2025-10-01 00:00:00,2026-07-26,393,holdout,short,2025-10-21 12:00:00,108580.0,108525.71,2025-10-21 12:00:00,110632.80714285714,110688.12354642857,stop,1,1404.731428571427,110632.80714285714,105716.24714285716,0.10796170886598438,11716.621107494251,46866.484429977005,-221.624567115156,23.666700076735886,11.833294632225488,35.499994708961374,-257.1245618241174,-0.005486320660733279,-0.004728849833963634,46609.35986815289,Trending,28.47507725417678,1.9574822805389962
con-artist-curve-fit-p6,b34d03e8e04f,01851d3,BTC-USD,4h,2025-10-01 00:00:00,2026-07-26,394,holdout,short,2025-10-21 16:00:00,113422.6,113365.88870000001,2025-10-21 20:00:00,109855.83012857144,109910.75804363572,target,2,1755.0292857142838,115998.43262857143,109855.83012857144,0.10278523902259341,11652.339967038222,46609.35986815289,366.6112937733699,22.94954350370775,11.474863404676626,34.42440690838438,332.1868868649855,0.007127042461099347,0.007865615292946063,46941.54675501787,Chaotic,27.465583192082313,1.9604301339119314
con-artist-curve-fit-p6,b34d03e8e04f,01851d3,BTC-USD,4h,2025-10-01 00:00:00,2026-07-26,395,holdout,short,2025-10-22 00:00:00,108297.66,108243.51117000001,2025-10-23 16:00:00,111198.28831285716,111253.88745701358,stop,11,1969.8514285714284,111198.28831285716,104303.80831285716,0.1084165375079496,11735.386688754468,46941.54675501787,-314.476078277498,23.797147951142986,11.898495356550654,35.69564330769364,-350.1717215851916,-0.0074597397357333475,-0.006699312230138256,46591.37503343268,Chaotic,25.518682627014698,1.9646785423970758
con-artist-curve-fit-p6,b34d03e8e04f,01851d3,BTC-USD,4h,2025-10-01 00:00:00,2026-07-26,396,holdout,long,2025-10-24 04:00:00,110441.46,110496.68073000001,2025-10-26 08:00:00,113421.84930142858,113365.13837677788,target,14,1462.5842857142884,108302.80430142858,113421.84930142858,0.105413517233335,11647.84375835817,46591.37503343268,314.173318988188,23.598061726298052,11.799109406477612,35.39717113277567,278.7761478554123,0.005983428212955086,0.006743164775942884,46870.15118128809,Chaotic,15.525202784807467,1.970157347484884
con-artist-curve-fit-p6,b34d03e8e04f,01851d3,BTC-USD,4h,2025-10-01 00:00:00,2026-07-26,397,holdout,long,2025-10-26 20:00:00,113585.98,113642.77298999998,2025-10-26 20:00:00,115308.24584714284,115250.59172421928,target,1,832.7364285714264,112393.66834714284,115308.24584714284,0.10310851704008586,11717.537795322023,46870.15118128809,177.58027744768583,23.600855395998668,11.800472093066077,35.40132748906474,142.17894995862108,0.00303346471848768,0.003788771168260728,47012.330131246716,Ranging,20.7786488361954,1.9495198612631055
con-artist-curve-fit-p6,b34d03e8e04f,01851d3,BTC-USD,4h,2025-10-01 00:00:00,2026-07-26,398,holdout,long,2025-10-27 08:00:00,115554.59,115612.36729499999,2025-10-27 20:00:00,114267.14800928571,114210.01443528107,stop,4,896.8128571428564,114267.14800928571,117405.9930092857,0.10165938824539558,11753.082532811679,47012.330131246716,-130.88056517744872,23.36360273180015,11.68176864575716,35.04537137755731,-165.92593655500602,-0.0035294131580328424,-0.002783962522428962,46846.40419469171,Trending,28.094881601692556,1.944206192121766
con-artist-curve-fit-p6,b34d03e8e04f,01851d3,BTC-USD,4h,2025-10-01 00:00:00,2026-07-26,399,holdout,long,2025-10-28 04:00:00,113908.25,113965.20412499999,2025-10-28 12:00:00,116015.54269642856,115957.53492508036,target,3,1025.1692857142843,112427.45019642856,116015.54269642856,0.10276470909337679,11711.601048672928,46846.40419469171,216.5553209230783,23.627943392433888,11.814025835044845,35.44196922747874,181.1133516955996,0.0038661099994548144,0.004622666875841386,47027.51754638731,Trending,33.03914943152778,1.946565635841488
con-artist-curve-fit-p6,b34d03e8e04f,01851d3,BTC-USD,4h,2025-10-01 00:00:00,2026-07-26,400,holdout,long,2025-10-28 20:00:00,113689.0,113745.84449999999,2025-10-29 12:00:00,111971.04985714285,111915.06433221429,stop,5,1183.1964285714275,111971.04985714285,116112.23735714285,0.1033609573894968,11756.879386596827,47027.51754638731,-177.56897151313814,23.324527582281622,11.662219398896013,34.98674698117763,-212.55571849431578,-0.004519815835157654,-0.003775852538633078,46814.96182789299,Trending,33.25072784756653,1.9460034525942245
con-artist-curve-fit-p6,b34d03e8e04f,01851d3,BTC-USD,4h,2025-10-01 00:00:00,2026-07-26,401,holdout,short,2025-10-29 20:00:00,110640.0,110584.68000000001,2025-10-30 12:00:00,107893.01714285715,107946.96365142857,target,5,1345.8314285714264,112603.42714285715,107893.01714285715,0.10583509810738022,11703.740456973248,46814.96182789299,290.7272001850053,23.128317945415997,11.564231654506159,34.69254959992216,256.03465058508317,0.005469077418590017,0.006210134299667122,47070.996478478075,Trending,26.224466812699397,1.9552541868608404
con-artist-curve-fit-p6,b34d03e8e04f,01851d3,BTC-USD,4h,2025-10-01 00:00:00,2026-07-26,402,holdout,short,2025-10-30 20:00:00,106536.39,106483.121805,2025-10-31 00:00:00,109328.23609071429,109382.90020875963,stop,2,1896.7428571428568,109328.23609071429,102689.6360907143,0.11051281104595634,11767.749119619519,47070.996478478075,-308.5347594924999,23.85596090204887,11.927903317332778,35.78386421938165,-344.31862371188157,-0.007314878576435318,-0.006554668109343489,46726.677854766196,Chaotic,31.32273974305832,1.9674930760211837
con-artist-curve-fit-p6,b34d03e8e04f,01851d3,BTC-USD,4h,2025-10-01 00:00:00,2026-07-26,403,holdout,long,2025-10-31 08:00:00,109449.32,109504.04466,2025-11-03 12:00:00,106721.05930285715,106667.69877320572,stop,20,1855.3235714285704,106721.05930285715,113214.69180285714,0.10667797248916293,11681.669463691549,46726.677854766196,-291.04531959307064,23.060763298901907,11.53030888812026,34.591072187022164,-325.6363917800928,-0.006968960917620155,-0.006228675629320041,46401.041462986104,Chaotic,32.58533696965403,1.9717559035133045
con-artist-curve-fit-p6,b34d03e8e04f,01851d3,BTC-USD,4h,2025-10-01 00:00:00,2026-07-26,404,holdout,short,2025-11-03 16:00:00,105745.71,105692.83714500001,2025-11-03 16:00:00,107330.86285928573,107384.52829071536,stop,1,1092.0171428571412,107330.86285928573,103508.80285928573,0.10975446093695193,11600.260365746526,46401.041462986104,-173.97759757357235,23.386191381262854,11.693052196230184,35.07924357749304,-209.05684115106538,-0.004505434243708281,-0.003749433031850233,46191.984621835036,Chaotic,22.13759715960564,1.97842935791645
con-artist-curve-fit-p6,b34d03e8e04f,01851d3,BTC-USD,4h,2025-10-01 00:00:00,2026-07-26,405,holdout,short,2025-11-03 20:00:00,107090.0,107036.455,2025-11-04 04:00:00,104558.06928571429,104610.34832035714,target,3,1239.192857142856,108895.24428571429,104558.06928571429,0.10788844002222195,11547.996155458759,46191.984621835036,273.16605500863585,22.834243445923356,11.41719001447467,34.251433460398026,238.91462154823782,0.005172209497041234,0.005913711161037878,46430.899243383275,Chaotic,23.831649667590717,1.979579627589095
con-artist-curve-fit-p6,b34d03e8e04f,01851d3,BTC-USD,4h,2025-10-01 00:00:00,2026-07-26,406,holdout,short,2025-11-04 08:00:00,104490.73,104438.484635,2025-11-04 16:00:00,101343.184635,101393.85622731749,target,3,1547.6499999999994,106759.959635,101343.184635,0.11114413284924066,11607.724810845819,46430.899243383275,349.83120019657144,22.8770570374716,11.438615976534436,34.31567301400604,315.5155271825654,0.006795378343389042,0.007534448091621331,46746.41477056584,Chaotic,28.67974078600285,1.9814464481168415
con-artist-curve-fit-p6,b34d03e8e04f,01851d3,BTC-USD,4h,2025-10-01 00:00:00,2026-07-26,407,holdout,short,2025-11-04 20:00:00,100542.64,100492.36868,2025-11-05 12:00:00,103266.82118,103318.45459058999,stop,5,1849.635,103266.82118,96793.09868,0.11629344442915225,11686.60369264146,46746.41477056584,-316.80441267127236,23.701862650078127,11.85085212393443,35.55271477401256,-352.3571274452849,-0.007537628910680626,-0.006777084707483282,46394.057643120555,Chaotic,35.79698296446407,1.981715088211904
con-artist-curve-fit-p6,b34d03e8e04f,01851d3,BTC-USD,4h,2025-10-01 00:00:00,2026-07-26,408,holdout,long,2025-11-05 16:00:00,103728.3,103780.16415,2025-11-06 16:00:00,100673.43593571428,100623.09921774644,stop,7,2071.1521428571423,100673.43593571428,107922.46843571428,0.11176041689446624,11598.514410780139,46394.057643120555,-341.41288138049566,22.844193928568718,11.422011611062146,34.26620553963086,-375.6790869201265,-0.00809756908546311,-0.007358978686597406,46018.37855620043,Chaotic,44.2713205946033,1.9862998241984693
con-artist-curve-fit-p6,b34d03e8e04f,01851d3,BTC-USD,4h,2025-10-01 00:00:00,2026-07-26,409,holdout,short,2025-11-07 00:00:00,101346.04,101295.36698,2025-11-07 20:00:00,103942.81769428572,103994.78910313286,stop,6,1764.9671428571423,103942.81769428572,97765.43269428572,0.11357473675298102,11504.594639050107,46018.37855620043,-294.9283430345149,23.3157754351202,11.657813985472274,34.973589420592475,-329.9019324551074,-0.007168916915493039,-0.006408925135733119,45688.47662374532,Chaotic,42.138990350406814,1.9896324836860813
con-artist-curve-fit-p6,b34d03e8e04f,01851d3,BTC-USD,4h,2025-10-01 00:00:00,2026-07-26,410,holdout,short,2025-11-08 08:00:00,102352.96,102301.78352000001,2025-11-09 16:00:00,104577.09494857144,104629.38349604572,stop,9,1516.874285714286,104577.09494857144,99268.03494857144,0.1116512221285302,11422.11915593633,45688.47662374532,-248.3273851867759,23.104117693824506,11.551996765064672,34.65611445888918,-282.98349964566506,-0.006193760890215197,-0.005435230139796664,45405.49312409966,Chaotic,36.11117083764343,1.9889984138999415
con-artist-curve-fit-p6,b34d03e8e04f,01851d3,BTC-USD,4h,2025-10-01 00:00:00,2026-07-26,411,holdout,short,2025-11-10 00:00:00,104722.95,104670.588525,2025-11-10 00:00:00,106387.77888214285,106440.97277158393,stop,1,1144.7935714285716,106387.77888214285,102381.00138214286,0.10844854739986201,11351.373281024915,45405.49312409966,-180.548273937729,22.894742161931458,11.447325943896914,34.342068105828375,-214.89034204355735,-0.004732694818581345,-0.003976353113141287,45190.6027820561,Chaotic,27.154732880050524,1.9734634791075565
con-artist-curve-fit-p6,b34d03e8e04f,01851d3,BTC-USD,4h,2025-10-01 00:00:00,2026-07-26,412,holdout,short,2025-11-10 04:00:00,106027.97,105974.956015,2025-11-11 12:00:00,103752.95458642858,103804.83106372178,target,9,1111.000714285714,107641.45708642858,103752.95458642858,0.10660679768449181,11297.650695514025,45190.6027820561,242.53210792370945,22.363951319397064,11.182036292724234,33.545987612121294,208.98612031158814,0.004624548190239467,0.005366870388814819,45399.58890236769,Chaotic,27.16370205982287,1.975075883318677
con-artist-curve-fit-p6,b34d03e8e04f,01851d3,BTC-USD,4h,2025-10-01 00:00:00,2026-07-26,413,holdout,short,2025-11-11 16:00:00,103455.99,103404.26200500001,2025-11-13 16:00:00,100427.77629071429,100477.99017885965,target,13,1488.2428571428577,105636.6262907143,100427.77629071429,0.10976237347976149,11349.897225591922,45399.58890236769,332.3839241351526,22.378599910099723,11.189383051030234,33.56798296112996,298.81594117402267,0.006581908523811297,0.007321298103600627,45698.404843541706,Chaotic,21.64140011599289,1.9850115593541338
con-artist-curve-fit-p6,b34d03e8e04f,01851d3,BTC-USD,4h,2025-10-01 00:00:00,2026-07-26,414,holdout,long,2025-11-14 04:00:00,99139.38,99188.94969,2025-11-14 04:00:00,96547.58576142856,96499.31196854786,stop,1,1760.9092857142864,96547.58576142856,102710.76826142857,0.11518018132656191,11424.601210885427,45698.404843541706,-298.52333035979706,22.539409461311237,11.269630099820574,33.80903956113181,-332.33236992092884,-0.00727229694469074,-0.006532467191838659,45366.07247362078,Chaotic,17.387300186476097,1.987065628528578
con-artist-curve-fit-p6,b34d03e8e04f,01851d3,BTC-USD,4h,2025-10-01 00:00:00,2026-07-26,415,holdout,long,2025-11-14 08:00:00,97151.97,97200.54598499999,2025-11-14 20:00:00,94291.68598499999,94244.54014200749,stop,4,1939.2400000000011,94291.68598499999,101079.02598499999,0.11668162975293801,11341.518118405194,45366.07247362078,-333.7426004264784,22.338124657490816,11.168978893093595,33.50710355058441,-367.24970397706284,-0.008095250127517854,-0.007356656246152701,44998.82276964372,Chaotic,19.38029400152393,1.9868488721978956
con-artist-curve-fit-p6,b34d03e8e04f,01851d3,BTC-USD,4h,2025-10-01 00:00:00,2026-07-26,416,holdout,long,2025-11-15 04:00:00,96417.12,96465.32856,2025-11-16 20:00:00,93223.94641714286,93177.33444393429,stop,11,2160.9214285714293,93223.94641714286,100787.17141714285,0.11661916110526468,11249.70569241093,44998.82276964372,-372.38522449629204,22.11596826928723,11.057891038336606,33.173859307623836,-405.5590838039159,-0.009012659861793245,-0.008275443702218445,44593.263685839804,Chaotic,28.388918744595678,1.9813916682794936
con-artist-curve-fit-p6,b34d03e8e04f,01851d3,BTC-USD,4h,2025-10-01 00:00:00,2026-07-26,417,holdout,long,2025-11-17 00:00:00,94261.45,94308.58072499999,2025-11-17 16:00:00,92319.95251071428,92273.79253445893,stop,5,1325.7521428571397,92319.95251071428,96960.08501071428,0.1182110454399477,11148.315921459951,44593.263685839804,-229.50644792749787,22.056097403667184,11.027991325220484,33.084088728887664,-262.59053665638555,-0.0058885695944199045,-0.005146661826422353,44330.67314918342,Chaotic,37.320418271236605,1.9773975026345956
con-artist-curve-fit-p6,b34d03e8e04f,01851d3,BTC-USD,4h,2025-10-01 00:00:00,2026-07-26,418,holdout,long,2025-11-18 12:00:00,91517.83,91563.588915,2025-11-19 16:00:00,89192.96105785714,89148.36457732822,stop,8,1580.4185714285725,89192.96105785714,94724.42605785714,0.12103794115785567,11082.668287295855,44330.67314918342,-281.3973502188133,21.873002793325576,10.936431047324731,32.80943384065031,-314.2067840594636,-0.007087796366233417,-0.006347689539291299,44016.46636512396,Chaotic,43.491618091340264,1.962099168932013
con-artist-curve-fit-p6,b34d03e8e04f,01851d3,BTC-USD,4h,2025-10-01 00:00:00,2026-07-26,419,holdout,short,2025-11-20 00:00:00,91554.96,91509.18252000002,2025-11-20 16:00:00,87933.49966285715,87977.46641268858,target,5,1787.8414285714284,94190.94466285716,87933.49966285715,0.12025150141490946,11004.11659128099,44016.46636512396,435.4860428559723,21.583539018086558,10.791878380552077,32.37541739863863,403.11062545733364,0.009158177808128973,0.009893707487637527,44419.57699058129,Trending,40.42549321238195,1.9428716947116274
con-artist-curve-fit-p6,b34d03e8e04f,01851d3,BTC-USD,4h,2025-10-01 00:00:00,2026-07-26,420,holdout,short,2025-11-20 20:00:00,86921.27,86877.80936500001,2025-11-21 04:00:00,83132.07222214287,83173.63825825394,target,3,1872.8685714285707,89687.11222214287,83132.07222214287,0.1278219873269398,11104.894247645323,44419.57699058129,484.34279034052264,21.736313983027337,10.868278077209766,32.6045920602371,451.73819828028553,0.010169799644334116,0.010903813659531752,44871.315188861576,Trending,36.82019673462337,1.928943971430837
con-artist-curve-fit-p6,b34d03e8e04f,01851d3,BTC-USD,4h,2025-10-01 00:00:00,2026-07-26,421,holdout,long,2025-11-21 08:00:00,84049.38,84091.40469,2025-11-21 12:00:00,80836.25576142856,80795.83763354785,stop,2,2170.0992857142846,80836.25576142856,88431.60326142857,0.13340042110807313,11217.828797215394,44871.315188861576,-428.6321264979873,21.996027561310182,10.997906622621485,32.99393418393167,-461.626060681919,-0.010287776472317633,-0.009552475221506028,44409.689128179656,Trending,40.24955045907102,1.9179430681611978
con-artist-curve-fit-p6,b34d03e8e04f,01851d3,BTC-USD,4h,2025-10-01 00:00:00,2026-07-26,422,holdout,short,2025-11-22 08:00:00,84580.06,84537.76997000001,2025-11-24 16:00:00,88246.13425571429,88290.25732284214,stop,15,2472.242857142857,88246.13425571429,79593.2842557143,0.11975546550067617,10123.859995146435,44409.689128179656,-439.0324290531103,20.697100860017876,10.348440671899084,31.04554153191696,-470.0779705850273,-0.010585031776021705,-0.00988596042151818,43939.61115759463,Trending,48.50136648478504,1.8882743251859564
con-artist-curve-fit-p6,b34d03e8e04f,01851d3,BTC-USD,4h,2025-10-01 00:00:00,2026-07-26,423,holdout,short,2025-11-24 20:00:00,88327.29,88283.126355,2025-11-26 16:00:00,90295.80814071429,90340.95604478465,stop,12,1341.787857142858,90295.80814071429,85599.55064071428,0.1244281126296624,10984.902789398657,43939.61115759463,-244.93899692633198,22.2258574432105,11.112867486855066,33.33872493006557,-278.27772185639753,-0.006333185809458383,-0.005574446165393435,43661.33343573823,Trending,32.92727837482704,1.9387889109016239
con-artist-curve-fit-p6,b34d03e8e04f,01851d3,BTC-USD,4h,2025-10-01 00:00:00,2026-07-26,424,holdout,long,2025-11-26 20:00:00,89957.37,90002.34868499999,2025-11-28 12:00:00,92998.48725642856,92951.98801280036,target,11,1498.0692857142858,87755.24475642855,92998.48725642856,0.12127831682634448,10915.333358934557,43661.33343573823,368.82158213120715,22.188394010789533,11.094289210788475,33.28268322157801,335.53889890962915,0.007685035533866211,0.008447327488841984,43996.87233464786,Ranging,19.343293625039568,1.9438545039473394
con-artist-curve-fit-p6,b34d03e8e04f,01851d3,BTC-USD,4h,2025-10-01 00:00:00,2026-07-26,425,holdout,long,2025-11-29 00:00:00,90890.71,90936.155355,2025-12-01 00:00:00,89058.30964071429,89013.78048589393,stop,13,1251.8971428571417,89058.30964071429,93439.94964071427,0.12095538942374243,10999.218083661965,43996.87233464786,-221.63869903760965,21.76591456641279,10.882901873529818,32.64881643994261,-254.28751547755226,-0.0057796725536169305,-0.005037601249283976,43742.584819170304,Ranging,22.600126047641762,1.9412401581769
con-artist-curve-fit-p6,b34d03e8e04f,01851d3,BTC-USD,4h,2025-10-01 00:00:00,2026-07-26,426,holdout,short,2025-12-01 08:00:00,86550.3,86507.02485,2025-12-01 12:00:00,84556.46913571429,84598.74737028214,target,2,975.2778571428571,87969.94163571429,84556.46913571429,0.12641338924503048,10935.646204792576,43742.584819170304,252.0469171357057,21.63006058575405,10.815093304606478,32.44515389036053,219.60176324534518,0.005020319767411278,0.005762049000479859,43962.18658241565,Ranging,20.926693582888895,1.9398165374200425
con-artist-curve-fit-p6,b34d03e8e04f,01851d3,BTC-USD,4h,2025-10-01 00:00:00,2026-07-26,427,holdout,long,2025-12-01 16:00:00,84677.87,84720.20893499999,2025-12-02 00:00:00,87022.90322071427,86979.39176910392,target,3,1151.347142857143,82993.18822071428,87022.90322071427,0.12972756776409988,10990.546645603912,43962.18658241565,304.21545604927695,22.274171585410535,11.137161846567324,33.41133343197786,270.8041226172991,0.00615993297125074,0.006919934600590579,44232.99070503295,Ranging,24.450144974199027,1.9402126212022694
con-artist-curve-fit-p6,b34d03e8e04f,01851d3,BTC-USD,4h,2025-10-01 00:00:00,2026-07-26,428,holdout,long,2025-12-02 12:00:00,87368.92,87412.60445999999,2025-12-02 12:00:00,90166.34303142857,90121.25985991285,target,1,1376.8692857142855,85347.30053142855,90166.34303142857,0.1265063287448264,11058.247676258237,44232.99070503295,353.8917176522511,22.4591574029943,11.229667174424776,33.688824577419076,320.202893074832,0.007239006180027489,0.008000628309583967,44553.193598107784,Trending,27.32977570876867,1.9373047001586685
con-artist-curve-fit-p6,b34d03e8e04f,01851d3,BTC-USD,4h,2025-10-01 00:00:00,2026-07-26,429,holdout,short,2025-12-02 16:00:00,90850.01,90804.584995,2025-12-03 04:00:00,93277.02428071428,93323.66279285464,stop,4,1648.2928571428565,93277.02428071428,87507.99928071428,0.12266229067772577,11138.298399526946,44553.193598107784,-297.703131179967,22.585592652134142,11.292721900284107,33.878314552418246,-331.58144573238525,-0.007442372116428211,-0.00668197063190125,44221.6121523754,Trending,25.892678739734574,1.9370381057736408
con-artist-curve-fit-p6,b34d03e8e04f,01851d3,BTC-USD,4h,2025-10-01 00:00:00,2026-07-26,430,holdout,long,2025-12-03 12:00:00,93005.68,93052.18284,2025-12-05 12:00:00,90621.72533999999,90576.41447732999,stop,13,1620.3049999999992,90621.72533999999,96292.79284,0.11880863726865207,11055.40303809385,44221.6121523754,-283.2344044648531,21.816663410826035,10.908260896811782,32.72492430763782,-315.95932877249095,-0.007144907510015302,-0.006404886449840544,43905.652823602904,Trending,25.004738153941,1.9343634616755223
con-artist-curve-fit-p6,b34d03e8e04f,01851d3,BTC-USD,4h,2025-10-01 00:00:00,2026-07-26,431,holdout,long,2025-12-05 16:00:00,90459.34,90504.56967,2025-12-05 16:00:00,88579.61431285714,88535.32450570072,stop,1,1283.3035714285704,88579.61431285714,93071.17681285714,0.12128020989352467,10976.413205900726,43905.652823602904,-227.97352587893528,21.713995944943424,10.856940979090098,32.57093692403352,-260.5444628029688,-0.005934189473272213,-0.005192350215013333,43645.10836079994,Ranging,18.04282111216172,1.9205288250385228
con-artist-curve-fit-p6,b34d03e8e04f,01851d3,BTC-USD,4h,2025-10-01 00:00:00,2026-07-26,432,holdout,long,2025-12-05 20:00:00,89629.27,89674.08463499999,2025-12-09 12:00:00,92486.25892071427,92440.01579125393,target,23,1406.087142857142,87564.95392071428,92486.25892071427,0.12167703896406755,10911.277090199985,43645.10836079994,347.62995222565945,22.159104493471407,11.079639154220786,33.23874364769219,314.39120857796723,0.0072033549780423775,0.007964923568339331,43959.499569377906,Ranging,19.67775149932764,1.9203797301825303
con-artist-curve-fit-p6,b34d03e8e04f,01851d3,BTC-USD,4h,2025-10-01 00:00:00,2026-07-26,433,holdout,long,2025-12-09 16:00:00,92707.5,92753.85375,2025-12-11 00:00:00,90464.37482142857,90419.14263401786,stop,9,1526.3192857142847,90464.37482142857,95806.49232142857,0.11848429416168034,10989.874892344476,43959.499569377906,-265.7751034993287,21.70312318604038,10.851495149243704,32.55461833528408,-298.32972183461277,-0.006786467652202952,-0.006045908304298965,43661.16984754329,Ranging,20.271323413914786,1.9084634418633677
con-artist-curve-fit-p6,b34d03e8e04f,01851d3,BTC-USD,4h,2025-10-01 00:00:00,2026-07-26,434,holdout,long,2025-12-11 12:00:00,90242.36,90287.48118,2025-12-11 20:00:00,93094.59832285714,93048.05102369572,target,3,1403.558571428573,88182.14332285714,93094.59832285714,0.12089486071856129,10915.292461885823,43661.16984754329,344.82095477795696,22.1643236305291,11.082248020502732,33.24657165103183,311.5743831269251,0.007136189529847347,0.007897657254306464,43972.74423067022,Ranging,15.988733316406421,1.9476893123924715
con-artist-curve-fit-p6,b34d03e8e04f,01851d3,BTC-USD,4h,2025-10-01 00:00:00,2026-07-26,435,holdout,short,2025-12-12 00:00:00,92513.38,92467.12331000001,2025-12-14 08:00:00,89407.60331,89452.307111655,target,15,1529.760000000001,94761.76331000001,89407.60331,0.11888751011332348,10993.186057667555,43972.74423067022,369.2380576420992,21.627948124064556,10.814066371545152,32.44201449560971,336.79604314648947,0.007659200012165266,0.008396975537964313,44309.54027381671,Ranging,14.871618899767407,1.9553735934966696
con-artist-curve-fit-p6,b34d03e8e04f,01851d3,BTC-USD,4h,2025-10-01 00:00:00,2026-07-26,436,holdout,short,2025-12-15 04:00:00,89282.6,89237.95870000002,2025-12-15 12:00:00,87835.04155714287,87878.95907792145,target,3,701.4585714285713,90290.14655714287,87835.04155714287,0.1241331069180337,11077.385068454178,44309.54027381671,179.68992695728662,21.986073291519308,10.993081568240257,32.97915485975956,146.71077209752704,0.0033110425247228534,0.004055332685621849,44456.251045914236,Ranging,17.111514028611083,1.9519778489148243
con-artist-curve-fit-p6,b34d03e8e04f,01851d3,BTC-USD,4h,2025-10-01 00:00:00,2026-07-26,437,holdout,long,2025-12-15 16:00:00,87033.21,87076.726605,2025-12-15 16:00:00,85669.04731928572,85626.21279562608,stop,1,938.4528571428548,85669.04731928572,88953.63231928571,0.1276352843612794,11114.062761478559,44456.251045914236,-174.11529166801353,22.042988780427716,11.021450861389695,33.064439641817415,-207.17973130983094,-0.004660305951031646,-0.003916553635802262,44249.07131460441,Ranging,19.06687056028037,1.9579258623443034
con-artist-curve-fit-p6,b34d03e8e04f,01851d3,BTC-USD,4h,2025-10-01 00:00:00,2026-07-26,438,holdout,short,2025-12-16 16:00:00,87977.44,87933.45128000001,2025-12-17 12:00:00,90055.23985142857,90100.26747135428,stop,6,1414.5257142857133,90055.23985142857,85104.39985142858,0.12580272544320292,11062.267828651102,44249.07131460441,-261.39288423519645,22.397127039709034,11.198498171631627,33.59562521134066,-294.98850944653714,-0.0066665469055658165,-0.005907307802614238,43954.08280515787,Chaotic,28.47920504084629,1.970044427050892
con-artist-curve-fit-p6,b34d03e8e04f,01851d3,BTC-USD,4h,2025-10-01 00:00:00,2026-07-26,439,holdout,short,2025-12-17 16:00:00,87233.44,87189.82328000001,2025-12-18 12:00:00,89403.88220857143,89448.58414967572,stop,6,1476.039285714285,89403.88220857143,84237.74470857144,0.12602985403469746,10988.520701289468,43954.08280515787,-273.540514737004,22.261712705283454,11.130787967511878,33.392500672795336,-306.93301540979934,-0.0069830376570565525,-0.006223324371243731,43647.14978974807,Chaotic,28.014525139642444,1.9703936520390672
con-artist-curve-fit-p6,b34d03e8e04f,01851d3,BTC-USD,4h,2025-10-01 00:00:00,2026-07-26,440,holdout,long,2025-12-18 16:00:00,88513.43,88557.68671499999,2025-12-18 16:00:00,86481.68778642856,86438.44694253536,stop,1,1383.999285714286,86481.68778642856,91325.68528642856,0.1232167172856918,10911.787447437018,43647.14978974807,-250.3446059270365,21.562449126969668,10.781161977331493,32.34361110430116,-282.6882170313377,-0.00647667071946439,-0.005735646133435222,43364.46157271673,Chaotic,20.932718500496375,1.9616197046335981
con-artist-curve-fit-p6,b34d03e8e04f,01851d3,BTC-USD,4h,2025-10-01 00:00:00,2026-07-26,441,holdout,short,2025-12-18 20:00:00,84483.8,84441.55810000001,2025-12-19 00:00:00,86801.83595714287,86845.23687512144,stop,2,1573.5185714285722,86801.83595714287,81294.52095714287,0.12838601794084117,10841.115393179183,43364.46157271673,-297.6034059812595,21.990829532705124,10.995340365499374,32.986169898204494,-330.589575879464,-0.0076235139072373115,-0.006862841026683017,43033.87199683727,Chaotic,19.68064044334083,1.9620712696937141
con-artist-curve-fit-p6,b34d03e8e04f,01851d3,BTC-USD,4h,2025-10-01 00:00:00,2026-07-26,442,holdout,short,2025-12-19 12:00:00,88198.7,88154.60065000001,2026-01-02 16:00:00,90712.3899357143,90757.74613068215,stop,86,1705.1928571428568,90712.3899357143,84744.21493571429,0.12204091357549943,10758.467999209317,43033.87199683727,-306.7730162001113,21.834626251051013,10.917236432269931,32.751862683320944,-339.5248788834322,-0.007889712524784785,-0.007128640811653138,42694.34711795384,Chaotic,17.936904988671017,1.9653642702503888
con-artist-curve-fit-p6,b34d03e8e04f,01851d3,BTC-USD,4h,2025-10-01 00:00:00,2026-07-26,443,holdout,long,2026-01-02 20:00:00,89897.23,89942.178615,2026-01-04 00:00:00,91560.56290071429,91514.78261926393,target,8,809.192142857142,88728.39040071428,91560.56290071429,0.11867165042973937,10673.58677948846,42694.34711795384,197.39046054185053,21.533797071635338,10.766947883432351,32.300744955067685,165.08971558678283,0.003866781593607254,0.004623339478561644,42859.436833540625,Ranging,18.47031971995642,1.774628172299347
con-artist-curve-fit-p6,b34d03e8e04f,01851d3,BTC-USD,4h,2025-10-01 00:00:00,2026-07-26,444,holdout,long,2026-01-04 04:00:00,91236.78,91282.39838999999,2026-01-05 00:00:00,93006.99410428571,92960.49060723357,target,6,862.2978571428581,89988.9516042857,93006.99410428571,0.1173814382331016,10714.859208385156,42859.436833540625,207.79027754157846,21.626695294716964,10.813399594925897,32.440094889642864,175.3501826519356,0.004091285271268692,0.004848180305042353,43034.78701619256,Trending,25.443230391822247,1.7450071611513893
con-artist-curve-fit-p6,b34d03e8e04f,01851d3,BTC-USD,4h,2025-10-01 00:00:00,2026-07-26,445,holdout,long,2026-01-05 16:00:00,93957.74,94004.71887,2026-01-06 16:00:00,92850.59744142857,92804.17214270786,stop,7,769.4142857142859,92850.59744142857,95543.54744142857,0.11444847538905406,10758.69675404814,43034.78701619256,-126.71077786683682,21.379992765524378,10.689964705066814,32.06995747059119,-158.780735337428,-0.003689590360414334,-0.0029443802712247596,42876.00628085513,Trending,39.34756094865303,1.7571599942340201
con-artist-curve-fit-p6,b34d03e8e04f,01851d3,BTC-USD,4h,2025-10-01 00:00:00,2026-07-26,446,holdout,short,2026-01-07 00:00:00,93747.97,93701.096015,2026-01-07 12:00:00,91422.02315785714,91467.73416943607,target,4,1139.5364285714302,95410.40065785714,91422.02315785714,0.11439569040364103,10719.001570213783,42876.00628085513,266.07829484910127,21.18251617018313,10.591324604664777,31.77384077484791,234.30445407425336,0.0054646986601192445,0.00620576210167946,43110.310734929386,Trending,41.68612979870704,1.7973051804855362
con-artist-curve-fit-p6,b34d03e8e04f,01851d3,BTC-USD,4h,2025-10-01 00:00:00,2026-07-26,447,holdout,long,2026-01-07 16:00:00,91349.95,91395.624975,2026-01-08 12:00:00,89593.88926071428,89549.09231608393,stop,6,1201.1571428571447,89593.88926071428,93797.9392607143,0.11792224941489708,10777.577683732346,43110.310734929386,-207.07863248575924,21.33740808270724,10.66865227169447,32.00606035440171,-239.08469284016095,-0.005545881919297944,-0.004803459519441073,42871.22604208923,Trending,33.676518762266674,1.8259899785634994
con-artist-curve-fit-p6,b34d03e8e04f,01851d3,BTC-USD,4h,2025-10-01 00:00:00,2026-07-26,448,holdout,short,2026-01-08 16:00:00,90781.57,90736.17921500001,2026-01-13 08:00:00,92641.04635785715,92687.36688103607,stop,29,1269.9114285714302,92641.04635785715,88196.35635785715,0.11812054026571242,10717.806510522307,42871.22604208923,-219.64235200140502,21.666088362316586,10.83298927056856,32.49907763288515,-252.14142963429015,-0.005881367362499686,-0.005123304656269197,42619.084612454935,Trending,30.756888919990747,1.8716666955483892
con-artist-curve-fit-p6,b34d03e8e04f,01851d3,BTC-USD,4h,2025-10-01 00:00:00,2026-07-26,449,holdout,short,2026-01-13 12:00:00,92000.73,91954.729635,2026-01-13 12:00:00,93295.22070642856,93341.86831678177,stop,1,893.6607142857132,93295.22070642856,90167.40820642858,0.11586974585653388,10654.771153113734,42619.084612454935,-149.99230916752288,21.47026971275329,10.735097358298162,32.205367071051455,-182.19767623857433,-0.004275025564141966,-0.003519369562519636,42436.88693621636,Ranging,14.87826797200421,1.9422777990180284
con-artist-curve-fit-p6,b34d03e8e04f,01851d3,BTC-USD,4h,2025-10-01 00:00:00,2026-07-26,450,holdout,long,2026-01-13 16:00:00,93449.99,93496.714995,2026-01-13 20:00:00,95483.71213785715,95435.97028178822,target,2,993.4985714285701,92006.46713785715,95483.71213785715,0.11347159881094697,10609.22173405409,42436.88693621636,230.7697025198669,21.43849386600262,10.719304625426247,32.15779849142886,198.61190402843803,0.004680171387853128,0.005437950782457705,42635.4988402448,Ranging,16.52926634272498,1.944952576480212
con-artist-curve-fit-p6,b34d03e8e04f,01851d3,BTC-USD,4h,2025-10-01 00:00:00,2026-07-26,451,holdout,long,2026-01-14 00:00:00,95413.99,95461.696995,2026-01-14 20:00:00,97862.626995,97813.6956815025,target,6,1200.4649999999997,93660.99949500001,97862.626995,0.11165603635371661,10658.8747100612,42635.4988402448,273.4051013307747,21.580364270966417,10.790250486757998,32.37061475772441,241.0344865730503,0.005653375546893598,0.006412616452670661,42876.53332681785,Ranging,21.74000357092603,1.949526445940551
con-artist-curve-fit-p6,b34d03e8e04f,01851d3,BTC-USD,4h,2025-10-01 00:00:00,2026-07-26,452,holdout,long,2026-01-15 00:00:00,96951.78,97000.25589,2026-01-15 20:00:00,95138.71624714286,95091.14688901929,stop,6,1241.0264285714281,95138.71624714286,99482.30874714286,0.11050623767281757,10719.133331704463,42876.53332681785,-200.35485398920156,21.227298210403234,10.613599016487939,31.840897226891173,-232.19575121609273,-0.005415450671961438,-0.004672832396734048,42644.337575601756,Chaotic,35.043201018450524,1.9616342252942363
con-artist-curve-fit-p6,b34d03e8e04f,01851d3,BTC-USD,4h,2025-10-01 00:00:00,2026-07-26,453,holdout,long,2026-01-16 12:00:00,95429.09,95476.80454499999,2026-01-18 20:00:00,93750.672045,93703.7967089775,stop,15,1150.7549999999994,93750.672045,97778.31454499999,0.11166151239252746,10661.084393900439,42644.337575601756,-187.41468728207278,21.124192051346807,10.562049172000457,31.686241223347263,-219.10092850542003,-0.005137866853178063,-0.004394831715929829,42425.23664709634,Trending,33.06523317179148,1.9568238195299568
con-artist-curve-fit-p6,b34d03e8e04f,01851d3,BTC-USD,4h,2025-10-01 00:00:00,2026-07-26,454,holdout,short,2026-01-19 00:00:00,93673.14,93626.30343,2026-01-19 00:00:00,92552.66628714286,92598.94262028643,target,1,536.8185714285719,94431.53128714286,92552.66628714286,0.11328343396259284,10606.309161774085,42425.23664709634,126.9311098572734,21.096235363105226,10.548149414329941,31.644384777435167,95.28672507983823,0.002245991598643442,0.002991877474087367,42520.523372176176,Ranging,16.957563866619104,1.9212156669609164
con-artist-curve-fit-p6,b34d03e8e04f,01851d3,BTC-USD,4h,2025-10-01 00:00:00,2026-07-26,455,holdout,short,2026-01-19 04:00:00,92690.08,92643.73496,2026-01-20 04:00:00,91419.35496,91465.06463748,target,7,612.1900000000003,93562.01996,91419.35496,0.11474203676734024,10630.130843044044,42520.523372176176,145.80557926086044,21.125018652604926,10.562545777697409,31.687564430302334,114.11801483055811,0.0026838337296956373,0.003429063607346614,42634.64138700673,Ranging,19.16956965707109,1.9228607028734117
con-artist-curve-fit-p6,b34d03e8e04f,01851d3,BTC-USD,4h,2025-10-01 00:00:00,2026-07-26,456,holdout,short,2026-01-20 08:00:00,91177.99,91132.401005,2026-01-20 16:00:00,89543.91957642858,89588.6915362168,target,3,794.240714285715,92323.76207642858,89543.91957642858,0.11695796697123005,10658.660346751683,42634.64138700673,191.11755462873026,21.136771572440246,10.568433565608018,31.705205138048264,159.412349490682,0.0037390334316090732,0.00448268235433018,42794.053736497415,Trending,27.76683877542646,1.9349969081804166
con-artist-curve-fit-p6,b34d03e8e04f,01851d3,BTC-USD,4h,2025-10-01 00:00:00,2026-07-26,457,holdout,short,2026-01-21 12:00:00,88789.99,88745.59500500001,2026-01-21 12:00:00,90322.52464785715,90367.68591018107,stop,1,1051.2864285714313,90322.52464785715,86643.02214785715,0.1205526137215215,10698.513434124354,42794.053736497415,-184.75105741797032,21.592574166562194,10.796240895515098,32.38881506207729,-217.13987248004761,-0.005074066453649781,-0.004317213287518102,42576.91386401737,Trending,42.00250510230871,1.9493352508472703
con-artist-curve-fit-p6,b34d03e8e04f,01851d3,BTC-USD,4h,2025-10-01 00:00:00,2026-07-26,458,holdout,long,2026-01-22 00:00:00,89454.73,89499.457365,2026-01-25 16:00:00,87394.62307928571,87350.92576774607,stop,23,1403.22285714286,87394.62307928571,92305.90307928571,0.11893064806633025,10644.228466004342,42576.91386401737,-245.0098511664821,21.03293067675629,10.516404085914814,31.549334762671105,-276.5591859291532,-0.006495519774223916,-0.005754523494798081,42300.35467808822,Trending,42.013571368670895,1.9535368053947677
con-artist-curve-fit-p6,b34d03e8e04f,01851d3,BTC-USD,4h,2025-10-01 00:00:00,2026-07-26,459,holdout,short,2026-01-25 20:00:00,86495.17,86451.92241500001,2026-01-26 00:00:00,87559.95527214286,87603.73524977893,stop,2,738.6885714285725,87559.95527214286,84974.54527214286,0.122323348910136,10575.088669522054,42300.35467808822,-130.24810035870573,21.29107094231194,10.645502909128567,31.936573851440507,-162.18467421014623,-0.0038341209061814,-0.00307912549078873,42138.17000387807,Trending,41.40055154431494,1.84777758632005
con-artist-curve-fit-p6,b34d03e8e04f,01851d3,BTC-USD,4h,2025-10-01 00:00:00,2026-07-26,460,holdout,long,2026-01-26 08:00:00,88000.64,88044.64031999999,2026-01-27 20:00:00,89415.47746285713,89370.76972412571,target,10,685.4185714285704,87016.51246285714,89415.47746285713,0.11965001461396757,10534.542500969517,42138.17000387807,169.28532310724475,21.22775640452269,10.613920523590167,31.841676928112857,137.4436461791319,0.0032617374263401245,0.004017386685080654,42275.6136500572,Trending,41.983994217396244,1.847521981176952
con-artist-curve-fit-p6,b34d03e8e04f,01851d3,BTC-USD,4h,2025-10-01 00:00:00,2026-07-26,461,holdout,long,2026-01-28 04:00:00,89126.68,89171.24333999999,2026-01-29 12:00:00,87631.15048285713,87587.33490761572,stop,9,1026.7285714285692,87631.15048285713,91224.70048285712,0.11852367441167387,10568.9034125143,42275.6136500572,-177.25565356288803,20.950076177690782,10.474993774929828,31.42506995262061,-208.68072351550865,-0.004936196201500349,-0.004192858204972459,42066.932926541696,Trending,26.44508456084917,1.8675372465187938
con-artist-curve-fit-p6,b34d03e8e04f,01851d3,BTC-USD,4h,2025-10-01 00:00:00,2026-07-26,462,holdout,short,2026-01-29 16:00:00,84934.02,84891.55299000001,2026-01-30 00:00:00,82385.16584714287,82426.35843006644,target,3,1253.193571428573,86771.34334714287,82385.16584714287,0.12388433078700146,10516.733231635424,42066.932926541696,315.76309100037594,20.728067484953723,10.36411268324855,31.092180168202272,284.67091083217366,0.006767094509344738,0.007506206633884366,42351.60383737387,Ranging,22.09061764669007,1.8662646707454926
con-artist-curve-fit-p6,b34d03e8e04f,01851d3,BTC-USD,4h,2025-10-01 00:00:00,2026-07-26,463,holdout,long,2026-01-30 04:00:00,82676.42,82717.75821,2026-01-31 16:00:00,80439.38999571429,80399.17030071643,stop,10,1518.9121428571452,80439.38999571429,85755.58249571429,0.1280003373938568,10587.900959343468,42351.60383737387,-286.34059530875214,20.87902188402132,10.439439356861556,31.318461240882876,-317.659056549635,-0.007500520116532436,-0.006761033098256982,42033.94478082423,Trending,29.526719684469253,1.874991072509598
con-artist-curve-fit-p6,b34d03e8e04f,01851d3,BTC-USD,4h,2025-10-01 00:00:00,2026-07-26,464,holdout,short,2026-02-01 00:00:00,78741.1,78701.72945000001,2026-02-02 00:00:00,74762.72373571429,74800.10509758214,target,7,1969.5028571428609,81655.98373571431,74762.72373571429,0.13352293867801474,10508.486195206058,42033.94478082423,531.2044899742913,20.496016041259576,10.248140821750894,30.74415686301047,500.4603331112808,0.01190609959928361,0.012637512199821541,42534.405113935514,Trending,45.637768555462586,1.8986269678563001
con-artist-curve-fit-p6,b34d03e8e04f,01851d3,BTC-USD,4h,2025-10-01 00:00:00,2026-07-26,465,holdout,long,2026-02-02 04:00:00,76292.98,76331.12649,2026-02-03 16:00:00,73469.15863285713,73432.4240535407,stop,10,1907.9785714285733,73469.15863285713,80147.08363285715,0.13930884774610222,10633.601278483879,42534.405113935514,-393.38330089749593,20.863387660585797,10.431595484467437,31.294983145053234,-424.67828404254914,-0.009984347562989946,-0.009248590637244203,42109.72682989296,Trending,58.036792147507946,1.928871250432254
con-artist-curve-fit-p6,b34d03e8e04f,01851d3,BTC-USD,4h,2025-10-01 00:00:00,2026-07-26,466,holdout,long,2026-02-03 20:00:00,74935.0,74972.4675,2026-02-04 20:00:00,72107.42142857143,72071.36771785714,stop,7,1910.0307142857148,72107.42142857143,78792.52892857142,0.1404173032916816,10527.43170747324,42109.72682989296,-397.0409578453458,20.6474988069579,10.32365014323966,30.97114895019756,-428.0121067955434,-0.010164210006028941,-0.009428723189044612,41681.71472309742,Trending,55.46444625572778,1.9451377410028825
con-artist-curve-fit-p6,b34d03e8e04f,01851d3,BTC-USD,4h,2025-10-01 00:00:00,2026-07-26,467,holdout,long,2026-02-05 12:00:00,70318.35,70353.509175,2026-02-05 12:00:00,67476.41596071428,67442.67775273393,stop,1,1918.0621428571446,67476.41596071428,74189.63346071429,0.1448743979379393,10192.422284549413,41681.71472309742,-411.7234829208556,19.963139619299195,9.981466878776871,29.944606498076066,-441.66808941893163,-0.010596207290248223,-0.009877796190872732,41240.04663367849,Trending,65.67935031017144,1.9162306336008974
con-artist-curve-fit-p6,b34d03e8e04f,01851d3,BTC-USD,4h,2025-10-01 00:00:00,2026-07-26,468,holdout,long,2026-02-05 20:00:00,65265.66,65298.29283,2026-02-06 00:00:00,61837.33318714285,61806.41452054928,stop,2,2307.3064285714304,61837.33318714285,69912.90568714286,0.11915783738995973,7780.803358879113,41240.04663367849,-408.51200888607127,15.14552204997517,7.572658896984649,22.71818094695982,-431.2301898330311,-0.010456588317261237,-0.009905711613634837,40808.816443845455,Trending,68.02726058934914,1.8942758680433742
con-artist-curve-fit-p6,b34d03e8e04f,01851d3,BTC-USD,4h,2025-10-01 00:00:00,2026-07-26,469,holdout,long,2026-02-06 12:00:00,66631.32,66664.63566,2026-02-08 20:00:00,71859.51566,71823.58590217,target,15,2597.440000000001,62768.47566,71859.51566,0.10474112060039993,6982.528643445782,40808.816443845455,547.6070721465472,14.505411516378153,7.252842659956627,21.75825417633478,525.8488179702125,0.012885666965955783,0.013418842296004253,41334.665261815666,Trending,71.89328412175254,1.8532942101518155
con-artist-curve-fit-p6,b34d03e8e04f,01851d3,BTC-USD,4h,2025-10-01 00:00:00,2026-07-26,470,holdout,short,2026-02-09 00:00:00,70330.38,70295.21481,2026-02-11 04:00:00,66882.73052428571,66916.17188954786,target,14,1706.2421428571458,72854.57802428573,66882.73052428571,0.14700383722255697,10333.666315453916,41334.665261815666,506.81770232833793,20.170600355461655,10.085426882156582,30.256027237618238,476.5616750907197,0.011529346423205708,0.012261323494895419,41811.22693690639,Trending,40.8103842454015,1.8600529786031528
con-artist-curve-fit-p6,b34d03e8e04f,01851d3,BTC-USD,4h,2025-10-01 00:00:00,2026-07-26,471,holdout,short,2026-02-11 12:00:00,67053.03,67019.50348500001,2026-02-13 12:00:00,69093.85991357143,69128.40684352821,stop,13,1382.9042857142838,69093.85991357143,64253.69491357144,0.15596663942110664,10452.806734226597,41811.22693690639,-318.30138324980396,21.23453203814672,10.61718644372479,31.85171848187151,-350.15310173167546,-0.008374619148585628,-0.007612820923196642,41461.07383517471,Trending,29.446781370623203,1.8615630131071217
con-artist-curve-fit-p6,b34d03e8e04f,01851d3,BTC-USD,4h,2025-10-01 00:00:00,2026-07-26,472,holdout,short,2026-02-13 16:00:00,68692.12,68657.77394,2026-02-15 04:00:00,70874.82108285715,70910.25849339858,stop,10,1478.0314285714278,70874.82108285715,65701.71108285715,0.15097006302377183,10365.268458793678,41461.07383517471,-329.5225200409991,21.070594652574016,10.535214945656946,31.605809598230962,-361.12832963923006,-0.008710057319664892,-0.007947756523407724,41099.945505535485,Ranging,20.150747933041245,1.807563034105292
con-artist-curve-fit-p6,b34d03e8e04f,01851d3,BTC-USD,4h,2025-10-01 00:00:00,2026-07-26,473,holdout,short,2026-02-15 08:00:00,70828.43,70793.015785,2026-02-15 12:00:00,68842.45435642857,68876.87558360679,target,2,975.2807142857107,72255.93685642857,68842.45435642857,0.14514124398357656,10274.986376383871,41099.945505535485,288.24697542904033,20.27186178029059,10.136002951888997,30.407864732179586,257.83911069686076,0.006273465999173505,0.007013317703553116,41357.78461623235,Ranging,23.503265289597827,1.87323225209627
con-artist-curve-fit-p6,b34d03e8e04f,01851d3,BTC-USD,4h,2025-10-01 00:00:00,2026-07-26,474,holdout,short,2026-02-15 16:00:00,69100.0,69065.45,2026-02-17 12:00:00,66995.34714285715,67028.84481642858,target,12,1035.0514285714255,70618.02714285713,66995.34714285715,0.14970504288407716,10339.446154058087,41357.78461623235,315.07714623466586,20.374002241771684,10.187079890173038,30.561082131944723,284.51606410272115,0.006879383572955032,0.007618327460194822,41642.300680335065,Ranging,23.306084481894082,1.8808262576738068
con-artist-curve-fit-p6,b34d03e8e04f,01851d3,BTC-USD,4h,2025-10-01 00:00:00,2026-07-26,475,holdout,long,2026-02-17 16:00:00,67392.06,67425.75602999999,2026-02-19 12:00:00,65739.86531571427,65706.99538305642,stop,12,1123.9271428571446,65739.86531571427,69673.61031571428,0.1544005700944866,10410.575170083766,41642.300680335065,-255.09980116079683,20.555772716423476,10.277822583259052,30.83359529968253,-285.93339646047934,-0.006866416883529852,-0.0061259775995341145,41356.367283874584,Ranging,17.07215503396685,1.83817982645381
con-artist-curve-fit-p6,b34d03e8e04f,01851d3,BTC-USD,4h,2025-10-01 00:00:00,2026-07-26,476,holdout,short,2026-02-19 16:00:00,66398.01,66364.81099499999,2026-02-20 04:00:00,67913.85135214285,67947.80827781893,stop,4,1032.6935714285707,67913.85135214285,64299.42385214285,0.1557917767858573,10339.091820968646,41356.367283874584,-236.1556175758124,20.92480160127484,10.462341761733683,31.387143363008523,-267.54276093882095,-0.0064692036199015856,-0.005710260186897333,41088.82452293576,Ranging,15.397521841349315,1.8597638731827881
con-artist-curve-fit-p6,b34d03e8e04f,01851d3,BTC-USD,4h,2025-10-01 00:00:00,2026-07-26,477,holdout,long,2026-02-20 08:00:00,67825.91,67859.822955,2026-02-20 12:00:00,66436.32724071428,66403.10907709392,stop,2,948.9971428571423,66436.32724071428,69757.81724071428,0.15137390113065527,10272.20613073394,41088.82452293576,-210.34656321698034,20.323903798938076,10.161899312827586,30.485803111765662,-240.832366328746,-0.005861262012845207,-0.005119313235635762,40847.99215660702,Ranging,14.000919123807885,1.8752871333539187
con-artist-curve-fit-p6,b34d03e8e04f,01851d3,BTC-USD,4h,2025-10-01 00:00:00,2026-07-26,478,holdout,long,2026-02-20 16:00:00,67582.95,67616.74147499999,2026-02-23 00:00:00,66053.0771892857,66020.05065069106,stop,15,1042.4428571428568,66053.0771892857,69701.6271892857,0.15102765700307294,10211.998039151755,40847.99215660702,-231.05310611488585,20.182851604149825,10.091368038796645,30.27421964294647,-261.32732575783234,-0.006397556206824809,-0.00565641281042779,40586.664830849186,Ranging,13.273003817064547,1.882962359477496
con-artist-curve-fit-p6,b34d03e8e04f,01851d3,BTC-USD,4h,2025-10-01 00:00:00,2026-07-26,479,holdout,short,2026-02-23 08:00:00,65958.94,65925.96053000001,2026-02-23 16:00:00,64344.091958571444,64376.26400455073,target,3,790.9342857142843,67112.36195857143,64344.091958571444,0.1539100246115488,10146.666207712296,40586.664830849186,248.54130180018083,20.054818585052264,10.027471427850116,30.08229001290238,218.45901178727846,0.0053825317428209014,0.0061237182911188385,40805.123842636465,Ranging,15.972911051469707,1.93271748342339
con-artist-curve-fit-p6,b34d03e8e04f,01851d3,BTC-USD,4h,2025-10-01 00:00:00,2026-07-26,480,holdout,short,2026-02-23 20:00:00,64295.11,64262.962445000005,2026-02-25 00:00:00,65694.622445,65727.46975622249,stop,8,954.4399999999997,65694.622445,62354.08244500001,0.1587427745708108,10201.280960659116,40805.123842636465,-222.16248856567927,20.635041875280926,10.31746539701598,30.952507272296906,-253.11499583797618,-0.006203019915197545,-0.005444475292427519,40552.00884679849,Ranging,21.692885731393428,1.9338872855732443
con-artist-curve-fit-p6,b34d03e8e04f,01851d3,BTC-USD,4h,2025-10-01 00:00:00,2026-07-26,481,holdout,short,2026-02-25 12:00:00,65430.04,65397.324980000005,2026-02-25 12:00:00,67185.59176571429,67219.18456159714,stop,1,1192.1778571428565,67185.59176571429,63012.969265714295,0.15502166510327534,10138.002211699622,40552.00884679849,-272.1485578960235,20.558432129322792,10.279148027520876,30.837580156843668,-302.98613805286715,-0.007471544484948182,-0.006711099292865466,40249.02270874562,Trending,26.078016868237867,1.9384641395132007
con-artist-curve-fit-p6,b34d03e8e04f,01851d3,BTC-USD,4h,2025-10-01 00:00:00,2026-07-26,482,holdout,long,2026-02-26 00:00:00,67988.04,68022.03401999999,2026-02-27 12:00:00,65864.91402,65831.98156299,stop,10,1438.0799999999997,65864.91402,70898.19402,0.14792641564096537,10062.255677186406,40249.02270874562,-314.0664161756115,19.800544744341636,9.9001938555665,29.700738599908135,-343.76715477551966,-0.008541006256552491,-0.007803081790290742,39905.255553970106,Trending,28.029852511607285,1.9333192166463629
con-artist-curve-fit-p6,b34d03e8e04f,01851d3,BTC-USD,4h,2025-10-01 00:00:00,2026-07-26,483,holdout,long,2026-02-28 20:00:00,66362.01,66395.19100499999,2026-03-02 12:00:00,68922.22957642855,68887.76846164034,target,11,1263.5192857142854,64499.91207642856,68922.22957642855,0.15025657336750858,9976.313888492527,39905.255553970106,384.68982062256924,20.32715392447293,10.163673134689645,30.490827059162577,354.19899356340665,0.008875998628410438,0.0096400791144488,40259.45454753351,Ranging,23.04336868094666,1.9219448239336836
con-artist-curve-fit-p6,b34d03e8e04f,01851d3,BTC-USD,4h,2025-10-01 00:00:00,2026-07-26,484,holdout,long,2026-03-03 08:00:00,68172.79,68206.87639499998,2026-03-04 08:00:00,71165.17353785713,71129.5909510882,target,7,1479.148571428572,65988.15353785713,71165.17353785713,0.14756376730398402,10064.863636883378,40259.45454753351,441.56738806462323,20.561014044417323,10.280617414054177,30.8416314584715,410.7257566061517,0.010201970225930812,0.010968041992304533,40670.18030413966,Ranging,17.523382562231973,1.8976767407135566
con-artist-curve-fit-p6,b34d03e8e04f,01851d3,BTC-USD,4h,2025-10-01 00:00:00,2026-07-26,485,holdout,long,2026-03-04 12:00:00,71111.4,71146.95569999999,2026-03-06 12:00:00,68568.91855714285,68534.63409786428,stop,13,1718.6914285714286,68568.91855714285,74584.33855714285,0.14290906723975144,10167.545076034916,40670.18030413966,-363.34365147309137,19.961765708578366,9.980792018375666,29.942557726954032,-393.2862092000454,-0.00967013684864373,-0.008933908056367972,40276.89409493962,Ranging,14.793152546465054,1.8864755984687764
con-artist-curve-fit-p6,b34d03e8e04f,01851d3,BTC-USD,4h,2025-10-01 00:00:00,2026-07-26,486,holdout,long,2026-03-06 16:00:00,68504.71,68538.962355,2026-03-08 20:00:00,66228.654855,66195.5405275725,stop,14,1540.2050000000006,66228.654855,71619.372355,0.1469124010308327,10069.223523734905,40276.89409493962,-334.3807262305309,19.794169320174376,9.897001064903293,29.69117038507767,-364.0718966156086,-0.009039224716717928,-0.00830204845096391,39912.822198324015,Ranging,20.436374682326356,1.9070916401463462
con-artist-curve-fit-p6,b34d03e8e04f,01851d3,BTC-USD,4h,2025-10-01 00:00:00,2026-07-26,487,holdout,long,2026-03-09 08:00:00,67555.13,67588.907565,2026-03-09 12:00:00,69432.51470785715,69397.79845050322,target,2,921.8035714285735,66206.20220785715,69432.51470785715,0.1476308156036551,9978.205549581004,39912.822198324015,277.15983562277955,20.223459135926866,10.111798857921201,30.335257993848067,246.82457762893148,0.006184092330090753,0.006944130240793091,40159.64677595295,Trending,26.412494543763405,1.9181270958552845
con-artist-curve-fit-p6,b34d03e8e04f,01851d3,BTC-USD,4h,2025-10-01 00:00:00,2026-07-26,488,holdout,short,2026-03-10 12:00:00,70580.95,70545.659525,2026-03-13 08:00:00,72454.09023928571,72490.31728440535,stop,18,1272.2871428571432,72454.09023928571,68001.0852392857,0.14231792234404286,10039.911693988237,40159.64677595295,-266.58142711416593,20.356583039965265,10.178224874625414,30.53480791459068,-297.1162350287566,-0.007398377697053495,-0.006638042127247774,39862.53054092419,Ranging,21.54982410679272,1.948545869978524
con-artist-curve-fit-p6,b34d03e8e04f,01851d3,BTC-USD,4h,2025-10-01 00:00:00,2026-07-26,489,holdout,long,2026-03-13 16:00:00,71831.46,71867.37573,2026-03-16 00:00:00,74158.73430142857,74121.65493427786,target,15,1145.6792857142843,70148.85680142857,74158.73430142857,0.13866698949285605,9965.632635231048,39862.53054092419,322.71612110318887,20.24385938119566,10.122010369626935,30.365869750822593,292.3502513523663,0.007333961175701825,0.008095725904101292,40154.880792276555,Chaotic,22.491061953959015,1.982531334044309
con-artist-curve-fit-p6,b34d03e8e04f,01851d3,BTC-USD,4h,2025-10-01 00:00:00,2026-07-26,490,holdout,long,2026-03-16 04:00:00,73573.31,73610.09665499999,2026-03-17 00:00:00,75196.95236928569,75159.35389310106,target,6,793.4278571428544,72419.9548692857,75196.95236928569,0.13637694629201735,10038.720198069139,40154.880792276555,221.42738819351857,20.288723367291308,10.144417040489998,30.433140407781305,190.99424778573726,0.004756439167974653,0.005514333097861125,40345.875040062296,Chaotic,33.61776902670465,1.9629520496480621
con-artist-curve-fit-p6,b34d03e8e04f,01851d3,BTC-USD,4h,2025-10-01 00:00:00,2026-07-26,491,holdout,short,2026-03-17 04:00:00,74463.98,74426.74801,2026-03-18 12:00:00,72287.37372428572,72323.51741114786,target,9,1069.6871428571415,76031.2787242857,72287.37372428572,0.1355220942699304,10086.468760015574,40345.875040062296,294.97824088587265,19.887903304542107,9.944025396830739,29.831928701372846,265.14631218449983,0.006571831988306541,0.007311236665284065,40611.0213522468,Trending,41.987652846829405,1.9462502481533943
con-artist-curve-fit-p6,b34d03e8e04f,01851d3,BTC-USD,4h,2025-10-01 00:00:00,2026-07-26,492,holdout,long,2026-03-18 16:00:00,71467.82,71503.55391,2026-03-19 04:00:00,69658.45962428572,69623.63039447358,stop,4,1230.0628571428565,69658.45962428572,73963.67962428571,0.14198952056062494,10152.7553380617,40611.0213522468,-256.9102122690635,20.038581237463156,10.019226391177142,30.057807628640298,-286.9680198977038,-0.007066259609888569,-0.006326120440082209,40324.053332349096,Chaotic,40.324006039112874,1.9603302779912666
con-artist-curve-fit-p6,b34d03e8e04f,01851d3,BTC-USD,4h,2025-10-01 00:00:00,2026-07-26,493,holdout,short,2026-03-19 08:00:00,70191.16,70156.06442000001,2026-03-22 20:00:00,67739.74013428572,67773.61000435286,target,22,1208.162142857142,71968.30763428572,67739.74013428572,0.14369411135630053,10081.013333087274,40324.053332349096,352.2545991649956,19.81968199607124,9.909929061683727,29.729611057754965,322.5249881072407,0.007998327585002523,0.00873559501228035,40646.578320456334,Chaotic,35.40542869420541,1.9696537046633331
con-artist-curve-fit-p6,b34d03e8e04f,01851d3,BTC-USD,4h,2025-10-01 00:00:00,2026-07-26,494,holdout,short,2026-03-23 04:00:00,68074.6,68040.56270000001,2026-03-23 08:00:00,69307.30627142858,69341.95992456429,stop,2,844.4957142857145,69307.30627142858,66351.57127142858,0.14934686276652562,10161.644580114084,40646.578320456334,-184.1008143504783,20.517648752929905,10.258778351260531,30.776427104190436,-214.87724145466873,-0.005286477984950747,-0.004529306572844418,40431.701079001665,Chaotic,34.30742628776744,1.9922907411243105
con-artist-curve-fit-p6,b34d03e8e04f,01851d3,BTC-USD,4h,2025-10-01 00:00:00,2026-07-26,495,holdout,short,2026-03-24 00:00:00,70906.45,70870.996775,2026-03-26 16:00:00,68308.666775,68342.8211083875,target,17,1281.1650000000009,72792.744275,68308.666775,0.14262428538772892,10107.925269750416,40431.701079001665,370.50697605785365,19.85527129171558,9.927728272600632,29.782999564316214,340.7239764935374,0.00842714917751738,0.009163774122041024,40772.4250554952,Chaotic,28.343083210882547,1.9933200986026616
con-artist-curve-fit-p6,b34d03e8e04f,01851d3,BTC-USD,4h,2025-10-01 00:00:00,2026-07-26,496,holdout,long,2026-03-26 20:00:00,68534.37,68568.63718499999,2026-03-27 08:00:00,66920.31182785712,66886.8516719432,stop,4,1098.8835714285722,66920.31182785712,70766.40432785713,0.14865551777516786,10193.1062638738,40772.4250554952,-239.93865329914013,20.136205831517373,10.068042931093515,30.204248762610888,-270.142902061751,-0.006625627533659341,-0.005884826643805476,40502.28215343345,Chaotic,17.588858128011328,1.961366042343812
con-artist-curve-fit-p6,b34d03e8e04f,01851d3,BTC-USD,4h,2025-10-01 00:00:00,2026-07-26,497,holdout,short,2026-03-27 16:00:00,66112.82,66079.76359000002,2026-03-30 04:00:00,67746.08144714287,67779.95448786645,stop,16,1110.8785714285727,67746.08144714287,63858.00644714287,0.15323254788233967,10125.570538358363,40502.28215343345,-250.2688129036989,20.51166565988316,10.255770262736718,30.767435922619878,-281.03624882631874,-0.00693877564137444,-0.006179128671209535,40221.24590460713,Chaotic,23.524082235007114,1.9629441616929972
con-artist-curve-fit-p6,b34d03e8e04f,01851d3,BTC-USD,4h,2025-10-01 00:00:00,2026-07-26,498,holdout,short,2026-03-30 08:00:00,67624.39,67590.57780500001,2026-03-31 08:00:00,66078.14351928572,66111.18259104536,target,7,756.2171428571465,68724.90351928573,66078.14351928572,0.14876794669756385,10055.311476151783,40221.24590460713,230.03191402419804,19.890536363969332,9.945325689962289,29.83586205393162,200.1960519702664,0.00497737072702999,0.005719164308578743,40421.4419565774,Chaotic,32.43429114728887,1.977267719327917
con-artist-curve-fit-p6,b34d03e8e04f,01851d3,BTC-USD,4h,2025-10-01 00:00:00,2026-07-26,499,holdout,long,2026-03-31 16:00:00,66736.79,66770.15839499999,2026-04-01 04:00:00,68915.43125214285,68880.97353651679,target,4,1072.6364285714287,65161.20375214285,68915.43125214285,0.1513454622851558,10105.36048914435,40421.4419565774,329.7274674590714,20.530183271680066,10.265174067705402,30.79535733938547,298.93211011968594,0.007395384618906291,0.008157241590076872,40720.374066697084,Chaotic,26.062706817154954,1.987428101138176
con-artist-curve-fit-p6,b34d03e8e04f,01851d3,BTC-USD,4h,2025-10-01 00:00:00,2026-07-26,500,holdout,long,2026-04-01 08:00:00,68692.0,68726.34599999999,2026-04-02 00:00:00,66996.11957142856,66962.62151164285,stop,5,1153.4842857142855,66996.11957142856,71033.31457142856,0.1481250511510429,10180.093516674271,40720.374066697084,-251.20237522819758,20.098935253294293,10.049404826050818,30.14834007934511,-281.3507153075427,-0.006909335234659441,-0.006168960403378071,40439.023351389544,Chaotic,20.507638606580365,1.9871838816943947
con-artist-curve-fit-p6,b34d03e8e04f,01851d3,BTC-USD,4h,2025-10-01 00:00:00,2026-07-26,501,holdout,long,2026-04-02 08:00:00,66930.79,66964.25539499999,2026-04-06 00:00:00,69297.03682357141,69262.38830515963,target,23,1166.3907142857145,65214.66932357141,69297.03682357141,0.1509724222006693,10109.755837847386,40439.023351389544,357.2380144792169,20.566466367680647,10.283322493341473,30.84978886102212,326.3882256181947,0.008071120382460462,0.00883399214108225,40765.41157700774,Chaotic,17.181294162299523,1.9901818396569246
con-artist-curve-fit-p6,b34d03e8e04f,01851d3,BTC-USD,4h,2025-10-01 00:00:00,2026-07-26,502,holdout,long,2026-04-06 04:00:00,69123.69,69158.25184499999,2026-04-06 08:00:00,70223.5475592857,70188.43578550605,target,2,532.6478571428545,68359.28005928571,70223.5475592857,0.1473627892893124,10191.352894251935,40765.41157700774,162.07807775727517,20.534516567457896,10.267298803247087,30.801815370704983,131.27626238657018,0.0032202854652548588,0.0039758724734350395,40896.68783939431,Ranging,18.76385918377252,1.946075794256647
con-artist-curve-fit-p6,b34d03e8e04f,01851d3,BTC-USD,4h,2025-10-01 00:00:00,2026-07-26,503,holdout,long,2026-04-06 16:00:00,69968.87,70003.85443499999,2026-04-06 20:00:00,68992.40229214284,68957.90609099677,stop,2,674.3014285714265,68992.40229214284,71352.45729214283,0.14605155733734534,10224.171959848578,40896.68783939431,-142.61462942216545,20.295581535161066,10.147755113922244,30.44333664908331,-173.05796607124876,-0.004231588796404882,-0.003487192654383857,40723.629873323065,Ranging,24.6684441584119,1.93522283934606
con-artist-curve-fit-p6,b34d03e8e04f,01851d3,BTC-USD,4h,2025-10-01 00:00:00,2026-07-26,504,holdout,long,2026-04-07 08:00:00,68624.6,68658.9123,2026-04-07 20:00:00,70392.1023,70356.90624885,target,4,866.5949999999991,67359.0198,70392.1023,0.14828238792723733,10180.907468330766,40723.629873323065,262.08946171088314,20.613597534083013,10.306864289404444,30.920461823487457,231.16899988739567,0.005676532288660941,0.00643580797011837,40954.798873210464,Trending,26.85072819450092,1.9319650172439125
con-artist-curve-fit-p6,b34d03e8e04f,01851d3,BTC-USD,4h,2025-10-01 00:00:00,2026-07-26,505,holdout,long,2026-04-08 08:00:00,71627.59,71663.40379499999,2026-04-13 20:00:00,73930.80379499999,73893.83839310249,target,34,1133.6999999999991,69962.85379499999,73930.80379499999,0.14287208220797598,10238.699718302616,40954.798873210464,329.06495066178275,20.796066271864845,10.398115402169026,31.19418167403387,297.8707689877489,0.007273159121350085,0.008034832540150312,41252.66964219821,Trending,30.248612051683114,1.919434435966409
con-artist-curve-fit-p6,b34d03e8e04f,01851d3,BTC-USD,4h,2025-10-01 00:00:00,2026-07-26,506,holdout,short,2026-04-14 04:00:00,74444.44,74407.21778,2026-04-14 12:00:00,75826.48670857144,75864.39995192572,stop,3,946.1792857142854,75826.48670857144,72514.85920857143,0.13860439508761796,10313.167410549553,41252.66964219821,-191.55774802437696,20.82830667457133,10.414105447847817,31.242412122419147,-222.80016014679612,-0.00540086646704894,-0.00464352367218505,41029.869482051414,Trending,34.43794673538713,1.885267834007775
con-artist-curve-fit-p6,b34d03e8e04f,01851d3,BTC-USD,4h,2025-10-01 00:00:00,2026-07-26,507,holdout,long,2026-04-14 20:00:00,74223.3,74260.41165,2026-04-17 12:00:00,76382.53450714285,76344.34323988928,target,17,1061.0614285714255,72668.81950714285,76382.53450714285,0.13812833975197678,10257.467370512853,41029.869482051414,298.2514776068187,20.802784751693814,10.401466938714861,31.204251690408675,267.04722591641,0.006508605298713667,0.007269130547375719,41296.91670796782,Trending,39.202125253021755,1.8994560051072549
con-artist-curve-fit-p6,b34d03e8e04f,01851d3,BTC-USD,4h,2025-10-01 00:00:00,2026-07-26,508,holdout,long,2026-04-17 20:00:00,77393.58,77432.27679,2026-04-18 16:00:00,75751.15071857143,75713.27514321214,stop,6,1120.750714285715,75751.15071857143,79673.77821857143,0.13333237255817434,10324.229176991956,41296.91670796782,-218.98899285188904,20.41925978598628,10.209575145745077,30.628834931731358,-249.61782778362038,-0.006044466456147297,-0.005302792806554425,41047.2988801842,Trending,35.85404621041485,1.9278523782220593
con-artist-curve-fit-p6,b34d03e8e04f,01851d3,BTC-USD,4h,2025-10-01 00:00:00,2026-07-26,509,holdout,short,2026-04-18 20:00:00,75649.86,75612.03507,2026-04-22 00:00:00,77168.17899857143,77206.76308807071,stop,20,1037.4292857142864,77168.17899857143,73537.17649857143,0.13571681691341694,10261.82472004605,41047.2988801842,-206.06142154528092,20.740080850547304,10.369988909918789,31.110069760466093,-237.17149130574703,-0.005778004832864722,-0.005020096989737811,40810.127388878456,Trending,34.43476272525346,1.9408066398854573
con-artist-curve-fit-p6,b34d03e8e04f,01851d3,BTC-USD,4h,2025-10-01 00:00:00,2026-07-26,510,holdout,short,2026-04-22 04:00:00,77521.47,77482.70926500001,2026-04-22 12:00:00,79158.3935507143,79197.97274748965,stop,3,1117.1228571428571,79158.3935507143,75248.4635507143,0.13167494972750307,10202.531847219614,40810.127388878456,-215.54182624807154,20.63092092726547,10.315406578173338,30.94632750543881,-246.48815375351035,-0.006039877097288432,-0.005281576903550926,40563.639235124945,Chaotic,16.383956131176486,1.9778849103145073
con-artist-curve-fit-p6,b34d03e8e04f,01851d3,BTC-USD,4h,2025-10-01 00:00:00,2026-07-26,511,holdout,long,2026-04-23 08:00:00,78048.61,78087.634305,2026-04-27 12:00:00,76570.45716214285,76532.17193356178,stop,26,1011.4514285714301,76570.45716214285,80110.53716214286,0.12986575786343046,10140.909808781236,40563.639235124945,-191.96143852629962,20.0798183178676,10.03986116857331,30.11967948644091,-222.08111801274052,-0.00547488149979491,-0.004732352474924784,40341.5581171122,Chaotic,21.46811199004039,1.9878436520569518
con-artist-curve-fit-p6,b34d03e8e04f,01851d3,BTC-USD,4h,2025-10-01 00:00:00,2026-07-26,512,holdout,short,2026-04-27 16:00:00,76793.1,76754.70345000002,2026-04-29 08:00:00,77825.52130714287,77864.43406779644,stop,11,713.8785714285706,77825.52130714287,75326.94630714288,0.13139767435682861,10085.38952927805,40341.5581171122,-135.65775871500986,20.316595080897123,10.158263626006374,30.474858706903497,-166.13261742191335,-0.004118150740227426,-0.0033627297766038976,40175.42549969029,Chaotic,17.11994115970484,1.9944811218529965
con-artist-curve-fit-p6,b34d03e8e04f,01851d3,BTC-USD,4h,2025-10-01 00:00:00,2026-07-26,513,holdout,long,2026-04-29 12:00:00,77590.04,77628.83501999998,2026-04-29 12:00:00,76402.49930571427,76364.29805606142,stop,1,817.557142857141,76402.49930571427,79263.94930571427,0.1293830620069838,10043.856374922572,40175.42549969029,-153.64765128458623,19.924103085429756,9.962013130799619,29.886116216229375,-183.5337675008156,-0.004568309239244534,-0.003824418767780585,39991.89173218948,Chaotic,14.043421329027392,1.9960012061895283
con-artist-curve-fit-p6,b34d03e8e04f,01851d3,BTC-USD,4h,2025-10-01 00:00:00,2026-07-26,514,holdout,long,2026-04-29 16:00:00,75924.24,75962.20212,2026-05-01 12:00:00,77625.33354857142,77586.52088179714,target,12,831.565714285712,74714.85354857144,77625.33354857142,0.13161773426806717,9997.97293304737,39991.89173218948,223.89407864099584,20.20973502125159,10.104923484143768,30.314658505395357,193.5794201356005,0.004840466698397976,0.0055984868167860006,40185.47115232508,Chaotic,13.87457889723928,1.9960449109226204
con-artist-curve-fit-p6,b34d03e8e04f,01851d3,BTC-USD,4h,2025-10-01 00:00:00,2026-07-26,515,holdout,short,2026-05-01 16:00:00,78445.88,78406.65706000001,2026-05-04 00:00:00,79712.3963457143,79752.25254388715,stop,15,870.4928571428567,79712.3963457143,76665.6713457143,0.12813156643565832,10046.36778808127,40185.47115232508,-162.28072329273797,20.265148833301748,10.132533846468931,30.39768267977068,-192.67840597250864,-0.004794728055872514,-0.004038293409018514,39992.79274635257,Chaotic,15.76736114038121,1.9821033880549104
con-artist-curve-fit-p6,b34d03e8e04f,01851d3,BTC-USD,4h,2025-10-01 00:00:00,2026-07-26,516,holdout,short,2026-05-04 04:00:00,80316.3,80276.14185000001,2026-05-04 08:00:00,79071.50756428573,79111.04331806787,target,2,602.3171428571441,81179.61756428573,79071.50756428573,0.12454756738646304,9998.198186588143,39992.79274635257,155.03586976928332,19.8512861852586,9.925681851594959,29.77696803685356,125.25890173242976,0.00313203687791605,0.0038765952343606446,40118.051648085,Trending,29.82594954983813,1.902645364403409
con-artist-curve-fit-p6,b34d03e8e04f,01851d3,BTC-USD,4h,2025-10-01 00:00:00,2026-07-26,517,holdout,short,2026-05-04 16:00:00,80028.85,79988.835575,2026-05-05 04:00:00,81265.22628928573,81305.85890243037,stop,4,850.9271428571426,81265.22628928573,78286.98128928572,0.12538640973986012,10029.51291202125,40118.051648085,-155.02478400102703,20.224162650612637,10.112042569110173,30.33620521972281,-185.36098922074984,-0.004620388618239338,-0.003864215175774295,39932.690658864245,Trending,31.020222179033077,1.9091229840514563
con-artist-curve-fit-p6,b34d03e8e04f,01851d3,BTC-USD,4h,2025-10-01 00:00:00,2026-07-26,518,holdout,short,2026-05-05 08:00:00,80855.59,80815.162205,2026-05-06 08:00:00,82299.15827642857,82340.30785556677,stop,7,989.3307142857146,82299.15827642857,78836.50077642857,0.12353093642740232,9983.172664716061,39932.690658864245,-178.3253409841129,20.154747999834814,10.077329418580376,30.23207741841519,-208.5574184025281,-0.005222723912700648,-0.004465648020252507,39724.13324046172,Trending,32.78617376464482,1.9163256897472531
con-artist-curve-fit-p6,b34d03e8e04f,01851d3,BTC-USD,4h,2025-10-01 00:00:00,2026-07-26,519,holdout,short,2026-05-06 12:00:00,82522.88,82481.61856,2026-05-07 12:00:00,80379.85427428571,80420.04420142285,target,7,1050.8821428571443,84057.94177428572,80379.85427428571,0.12040298776255524,9931.03331011543,39724.13324046172,258.0267002280193,19.613846907963495,9.8069879606563,29.420834868619796,228.6058653593995,0.005754835831799822,0.006495464574799121,39952.73910582112,Trending,36.26344947091146,1.912664708304891
con-artist-curve-fit-p6,b34d03e8e04f,01851d3,BTC-USD,4h,2025-10-01 00:00:00,2026-07-26,520,holdout,short,2026-05-07 16:00:00,79890.0,79850.05500000001,2026-05-10 12:00:00,81250.61571428573,81291.24102214286,stop,18,933.7071428571455,81250.61571428573,77982.64071428572,0.12508676138614155,9988.18477645528,39952.73910582112,-170.1950131910932,20.156642844975387,10.078278873732046,30.234921718707433,-200.42993490980064,-0.005016675687214596,-0.004259908506906245,39752.30917091132,Trending,34.62124732737289,1.9243523056697347
con-artist-curve-fit-p6,b34d03e8e04f,01851d3,BTC-USD,4h,2025-10-01 00:00:00,2026-07-26,521,holdout,short,2026-05-10 16:00:00,81418.01,81377.300995,2026-05-10 20:00:00,82069.25635214285,82110.29098031892,stop+target same candle (loss counted),2,461.30357142857144,82069.25635214285,80454.69385214285,0.12212345667913523,9938.07729272783,39752.30917091132,-79.53245567336317,19.965669856174,9.982815044972796,29.948484901146795,-109.48094057450997,-0.0027540775078953765,-0.002000700269547131,39642.82823033681,Trending,27.612591214385965,1.942721196976081
con-artist-curve-fit-p6,b34d03e8e04f,01851d3,BTC-USD,4h,2025-10-01 00:00:00,2026-07-26,522,holdout,short,2026-05-11 00:00:00,82210.07,82168.964965,2026-05-11 00:00:00,81102.17067928571,81142.72176462536,target,1,533.3971428571427,82969.06067928571,81102.17067928571,0.12061375072456715,9910.707057584203,39642.82823033681,133.6278924965509,19.697635073615636,9.848850943780775,29.54648601739641,104.08140647915451,0.0026254788350218126,0.003370796143003029,39746.909636815966,Trending,31.438796730448296,1.9427524981951665
con-artist-curve-fit-p6,b34d03e8e04f,01851d3,BTC-USD,4h,2025-10-01 00:00:00,2026-07-26,523,holdout,short,2026-05-11 04:00:00,80736.0,80695.632,2026-05-11 16:00:00,81634.34485714286,81675.16202957142,stop,4,625.8085714285709,81634.34485714286,79444.01485714286,0.12313835535985382,9936.727409203992,39746.909636815966,-110.62070825455459,19.994072535275,9.99700861245978,29.99108114773478,-140.61178940228936,-0.0035376785437438462,-0.0027831272736759155,39606.297847413676,Trending,33.58839608571956,1.944092014183009
con-artist-curve-fit-p6,b34d03e8e04f,01851d3,BTC-USD,4h,2025-10-01 00:00:00,2026-07-26,524,holdout,short,2026-05-11 20:00:00,81961.99,81921.00900500001,2026-05-12 12:00:00,80495.50186214288,80535.74961307395,target,5,712.7535714285696,82990.13936214287,80495.50186214288,0.12086734016238838,9901.574461853419,39606.297847413676,177.25052060248524,19.63571630556977,9.817902465413766,29.453618770983535,147.7969018315017,0.0037316515267572016,0.004475311509431065,39754.09474924518,Trending,42.0208430735152,1.947714094140819
con-artist-curve-fit-p6,b34d03e8e04f,01851d3,BTC-USD,4h,2025-10-01 00:00:00,2026-07-26,525,holdout,long,2026-05-12 16:00:00,80336.01,80376.178005,2026-05-13 12:00:00,79139.04336214285,79099.47384046178,stop,6,824.7564285714283,79139.04336214285,82025.69086214284,0.12365011541968375,9938.523687311295,39754.09474924518,-148.0050629245464,19.71918275732065,9.859554377394488,29.578737134715137,-177.58380005926153,-0.004467056819665938,-0.0037230142921907835,39576.51094918592,Chaotic,39.38716721732315,1.9620139899102769
con-artist-curve-fit-p6,b34d03e8e04f,01851d3,BTC-USD,4h,2025-10-01 00:00:00,2026-07-26,526,holdout,long,2026-05-13 16:00:00,78827.21,78866.623605,2026-05-14 12:00:00,80450.40217642857,80410.17697534036,target,6,791.8892857142876,77678.78967642857,80450.40217642857,0.1254539282276211,9894.12773729648,39576.51094918592,203.63583480130532,19.98190030833114,9.991001063122695,29.972901371453837,173.66293342985148,0.004388030406541527,0.005145371077879064,39750.17388261577,Chaotic,29.621067468567826,1.971818353405228
con-artist-curve-fit-p6,b34d03e8e04f,01851d3,BTC-USD,4h,2025-10-01 00:00:00,2026-07-26,527,holdout,short,2026-05-14 16:00:00,81301.22,81260.56939,2026-05-15 12:00:00,79429.44367571428,79469.15839755214,target,6,915.5628571428585,82633.9136757143,79429.44367571428,0.12229231895927208,9937.543470653942,39750.17388261577,228.90386726996292,19.656011136832305,9.828062794381992,29.484073931214297,199.4197933387486,0.005016828201246242,0.005758562665560341,39949.593675954515,Chaotic,28.651441477836464,1.980991674270431
con-artist-curve-fit-p6,b34d03e8e04f,01851d3,BTC-USD,4h,2025-10-01 00:00:00,2026-07-26,528,holdout,short,2026-05-15 16:00:00,79150.26,79110.68487,2026-05-17 20:00:00,77053.25772714286,77091.78435600642,target,14,1028.7135714285719,80653.75522714286,77053.25772714286,0.12624588493198605,9987.398418988629,39949.593675954515,264.73790764123504,19.719918955998494,9.860025662474527,29.57994461847302,235.15796302276203,0.005886366828414142,0.006626798504851368,40184.75163897728,Chaotic,22.970819890097143,1.9812385838937918
con-artist-curve-fit-p6,b34d03e8e04f,01851d3,BTC-USD,4h,2025-10-01 00:00:00,2026-07-26,529,holdout,long,2026-05-18 04:00:00,76924.66,76963.12233,2026-05-22 16:00:00,76034.11447285714,75996.09741562071,stop,28,619.3385714285739,76034.11447285714,78201.79947285715,0.13053248888043548,10046.18790974432,40184.75163897728,-116.24512411929764,19.966147650605322,9.983044764021074,29.949192414626395,-146.19431653392405,-0.0036380545000587383,-0.0028927670167941378,40038.557322443354,Trending,36.56164904223568,1.9327092012275229
con-artist-curve-fit-p6,b34d03e8e04f,01851d3,BTC-USD,4h,2025-10-01 00:00:00,2026-07-26,530,holdout,long,2026-05-23 00:00:00,75539.5,75577.26974999999,2026-05-23 04:00:00,74477.22010714284,74439.98149708928,stop,2,733.366428571431,74477.22010714284,77044.00260714286,0.1324424574177058,10009.639330610838,40038.557322443354,-140.69095947541913,19.86865341021389,9.934291532365336,29.802944942579227,-170.49390441799835,-0.004258242949289012,-0.0035138868351921294,39868.063418025355,Trending,29.83259059331891,1.8937185793241937
con-artist-curve-fit-p6,b34d03e8e04f,01851d3,BTC-USD,4h,2025-10-01 00:00:00,2026-07-26,531,holdout,short,2026-05-23 08:00:00,74609.37,74572.065315,2026-05-23 16:00:00,75733.22710071428,75771.09371426464,stop,3,774.1078571428588,75733.22710071428,73023.84960071428,0.1336561594801572,9967.015854506339,39868.063418025355,-150.2104238859761,20.09428923996603,10.047107067376714,30.141396307342745,-180.35182019331884,-0.004523716597475293,-0.003767687994046437,39687.711597832036,Trending,33.218188881292676,1.884890224028756
con-artist-curve-fit-p6,b34d03e8e04f,01851d3,BTC-USD,4h,2025-10-01 00:00:00,2026-07-26,532,holdout,long,2026-05-23 20:00:00,75983.45,76021.441725,2026-05-25 04:00:00,77557.761725,77518.98284413751,target,9,768.1600000000025,74869.20172499999,77557.761725,0.1305148609960542,9921.927899458009,39687.711597832036,205.47107595283418,20.03930716991613,10.019704952725732,30.05901212264186,175.41206383019232,0.0044198079649362875,0.005177196358281795,39863.12366166223,Trending,34.06446085944953,1.885699988859893
con-artist-curve-fit-p6,b34d03e8e04f,01851d3,BTC-USD,4h,2025-10-01 00:00:00,2026-07-26,533,holdout,long,2026-05-25 08:00:00,77401.11,77439.81055499999,2026-05-26 16:00:00,76256.41662642856,76218.28841811535,stop,9,788.9292857142854,76256.41662642856,79017.66912642856,0.12869066755189917,9965.780915415557,39863.12366166223,-147.31135438714423,19.774363331606008,9.88714483796241,29.661508169568418,-176.97286255671264,-0.004439513171591058,-0.003695429280390758,39686.15079910551,Ranging,22.35847901133385,1.9130639705763286
con-artist-curve-fit-p6,b34d03e8e04f,01851d3,BTC-USD,4h,2025-10-01 00:00:00,2026-07-26,534,holdout,long,2026-05-26 20:00:00,76052.0,76090.026,2026-05-27 12:00:00,74912.78957142857,74875.33317664286,stop,5,784.8242857142852,74912.78957142857,77659.67457142856,0.13039209238509628,9921.537699776378,39686.15079910551,-148.54403144835106,19.68468906071006,9.842307394346307,29.526996455056366,-178.07102790340744,-0.0044869815872246544,-0.003742968981806598,39508.0797712021,Ranging,17.87247387852283,1.9370229347238719
con-artist-curve-fit-p6,b34d03e8e04f,01851d3,BTC-USD,4h,2025-10-01 00:00:00,2026-07-26,535,holdout,short,2026-05-27 20:00:00,75066.09,75028.55695500001,2026-05-28 00:00:00,73478.59266928572,73515.33196562035,target,2,774.9821428571429,76191.03016928572,73478.59266928572,0.1316434747468818,9877.019942800525,39508.0797712021,208.98366476662744,19.554833689925296,9.777469090876451,29.332302780801747,179.6513619858257,0.004547205610250278,0.005289643687490933,39687.731133187925,Ranging,15.234141733891578,1.9454344471659017
con-artist-curve-fit-p6,b34d03e8e04f,01851d3,BTC-USD,4h,2025-10-01 00:00:00,2026-07-26,536,holdout,long,2026-05-28 16:00:00,72928.73,72965.19436499999,2026-06-01 12:00:00,71586.529365,71550.7361003175,stop,24,919.1099999999985,71586.529365,74803.41436499999,0.13598172210250897,9921.932783296981,39687.731133187925,-182.51475375438122,19.651525095920316,9.82571691926961,29.477242015189926,-211.99199576957113,-0.005341499494091711,-0.004598770162544202,39475.73913741835,Ranging,24.46253645054965,1.9527235979682034
con-artist-curve-fit-p6,b34d03e8e04f,01851d3,BTC-USD,4h,2025-10-01 00:00:00,2026-07-26,537,holdout,short,2026-06-02 04:00:00,70953.7,70918.22315,2026-06-02 08:00:00,69405.28029285715,69439.98293300357,target,2,756.471428571429,72052.93029285714,69405.28029285715,0.13915936336251236,9868.934784354587,39475.73913741835,215.4771006639668,19.532158601215087,9.766133169881016,29.298291771096103,186.1788088928707,0.004716284304260059,0.005458469059030737,39661.91794631122,Trending,36.55481846825808,1.852829272606387
con-artist-curve-fit-p6,b34d03e8e04f,01851d3,BTC-USD,4h,2025-10-01 00:00:00,2026-07-26,538,holdout,long,2026-06-02 16:00:00,67304.29,67337.942145,2026-06-03 00:00:00,65821.87607357142,65788.96513553463,stop,3,1010.7107142857151,65821.87607357142,69359.36357357142,0.14724951744481032,9915.479486577806,39661.91794631122,-218.2847353200745,19.602872855978728,9.801381856805875,29.404254712784603,-247.6889900328591,-0.006245007878039229,-0.0055036353919030835,39414.22895627836,Trending,43.83317303379324,1.8378129504866982
con-artist-curve-fit-p6,b34d03e8e04f,01851d3,BTC-USD,4h,2025-10-01 00:00:00,2026-07-26,539,holdout,long,2026-06-03 08:00:00,67220.03,67253.640015,2026-06-03 20:00:00,65201.15144357143,65168.55086784965,stop,4,1368.325714285715,65201.15144357143,69990.29144357143,0.1465133669623219,9853.55723906959,39414.22895627836,-295.79269479038203,19.401621046773588,9.700736575211863,29.10235762198545,-324.8950524123675,-0.008243090402016208,-0.007504718540060764,39089.333903866,Trending,53.42891560515625,1.8331968494116135
con-artist-curve-fit-p6,b34d03e8e04f,01851d3,BTC-USD,4h,2025-10-01 00:00:00,2026-07-26,540,holdout,short,2026-06-04 16:00:00,63896.16,63864.21192000001,2026-06-05 12:00:00,60530.91620571429,60561.181663817144,target,6,1666.6478571428581,66364.1837057143,60530.91620571429,0.1530173657855183,9772.3334759665,39089.333903866,514.9407406276626,19.039245963022033,9.519751716694998,28.55899767971703,486.3817429479456,0.012442825046446792,0.013173433497078193,39575.715646813944,Trending,66.04827919088115,1.8302036598066829
con-artist-curve-fit-p6,b34d03e8e04f,01851d3,BTC-USD,4h,2025-10-01 00:00:00,2026-07-26,541,holdout,long,2026-06-05 16:00:00,60438.0,60468.219,2026-06-07 20:00:00,63767.360428571425,63735.47674835714,target,14,1649.5707142857136,57993.86292857143,63767.360428571425,0.1599434944056572,9671.498247346553,39575.715646813944,532.5095410816301,19.86557311608931,9.93291968542917,29.798492801518478,502.71104828011164,0.01270251314635627,0.013455462077651652,40078.42669509406,Trending,70.60729905227458,1.8478371849383752
con-artist-curve-fit-p6,b34d03e8e04f,01851d3,BTC-USD,4h,2025-10-01 00:00:00,2026-07-26,542,holdout,long,2026-06-08 00:00:00,63332.01,63363.676005,2026-06-09 12:00:00,61392.04493357143,61361.348911104644,stop,10,1314.4207142857142,61392.04493357143,65992.51743357143,0.15812855732964218,10019.606673773515,40078.42669509406,-306.7638772242537,19.722588252887306,9.861217435474146,29.58380568836145,-336.34768291261514,-0.008392237686161142,-0.007654089806419577,39742.07901218144,Trending,59.865097854793824,1.9100320760993836
con-artist-curve-fit-p6,b34d03e8e04f,01851d3,BTC-USD,4h,2025-10-01 00:00:00,2026-07-26,543,holdout,long,2026-06-09 16:00:00,61131.85,61162.415924999994,2026-06-11 16:00:00,63467.75592499999,63436.02204703749,target,13,1152.6699999999994,59433.410925,63467.75592499999,0.16244485445487838,9935.51975304536,39742.07901218144,379.45589800691175,20.24037512167282,10.12028242481,30.36065754648282,349.09524046042895,0.008784020593221278,0.009547962951072686,40091.174252641875,Trending,34.72514919749178,1.9136871838613354
con-artist-curve-fit-p6,b34d03e8e04f,01851d3,BTC-USD,4h,2025-10-01 00:00:00,2026-07-26,544,holdout,long,2026-06-11 20:00:00,63605.69,63637.492845,2026-06-14 20:00:00,65752.26570214286,65719.38956929179,target,19,1057.3864285714278,62051.41320214286,65752.26570214286,0.15749824694653977,10022.793563160469,40091.174252641875,338.08191002553787,20.373482210720635,10.186825625837912,30.560307836558547,307.52160218897933,0.007670556124175253,0.00843282633467039,40398.695854830854,Ranging,22.484062799511502,1.9184900895419643
con-artist-curve-fit-p6,b34d03e8e04f,01851d3,BTC-USD,4h,2025-10-01 00:00:00,2026-07-26,545,holdout,long,2026-06-15 00:00:00,65746.45,65779.323225,2026-06-15 12:00:00,66865.94465357142,66832.51168124464,target,4,543.3107142857142,64964.35715357143,66865.94465357142,0.1535387332758274,10099.673963707713,40398.695854830854,171.885791018418,20.361053148887954,10.180569545892439,30.541622694780393,141.3441683236376,0.0034987309697210372,0.004254736133960225,40540.04002315449,Chaotic,18.974636581267426,1.9793114617116907
con-artist-curve-fit-p6,b34d03e8e04f,01851d3,BTC-USD,4h,2025-10-01 00:00:00,2026-07-26,546,holdout,long,2026-06-15 16:00:00,67292.15,67325.79607499999,2026-06-15 16:00:00,66363.92643214285,66330.74446892679,stop,1,641.2464285714284,66363.92643214285,68608.28893214285,0.1505368015923401,10135.010005788623,40540.04002315449,-139.73180706784507,20.120228125379665,10.060079129736238,30.180307255115903,-169.91211432296097,-0.0041912172318013365,-0.003446760461707415,40370.12790883153,Chaotic,25.342968602338953,1.9847773496139356
con-artist-curve-fit-p6,b34d03e8e04f,01851d3,BTC-USD,4h,2025-10-01 00:00:00,2026-07-26,547,holdout,short,2026-06-16 08:00:00,66372.0,66338.814,2026-06-17 08:00:00,64842.52828571428,64874.949549857134,target,7,748.1428571428571,67461.02828571429,64842.52828571428,0.15213615331151206,10092.531977207882,40370.12790883153,232.6879432101933,19.962357248001556,9.981236795986177,29.943594043987733,202.74434916620558,0.005022137894238686,0.005763864403295328,40572.87225799773,Chaotic,29.12469298528388,1.9882729867670779
con-artist-curve-fit-p6,b34d03e8e04f,01851d3,BTC-USD,4h,2025-10-01 00:00:00,2026-07-26,548,holdout,short,2026-06-17 12:00:00,64810.01,64777.60499500001,2026-06-17 16:00:00,65982.83356642858,66015.8249832118,stop,2,803.4857142857145,65982.83356642858,63170.63356642858,0.15658525913828333,10143.218064499433,40572.87225799773,-183.64688207270518,20.48032312672321,10.240115651640565,30.720438778363775,-214.36732085106897,-0.005283513562656704,-0.004526346592001622,40358.50493714667,Chaotic,23.499548370123943,1.9895614950937688
con-artist-curve-fit-p6,b34d03e8e04f,01851d3,BTC-USD,4h,2025-10-01 00:00:00,2026-07-26,549,holdout,long,2026-06-17 20:00:00,64301.85,64334.00092499999,2026-06-18 12:00:00,62866.20806785714,62834.77496382321,stop,5,978.5285714285716,62866.20806785714,66291.05806785714,0.15683194095217337,10089.626234286667,40358.50493714667,-225.15451073029342,19.944125951156092,9.97200668694876,29.916132638104852,-255.07064336839827,-0.006320121217712077,-0.005578861533174816,40103.43429377827,Chaotic,21.122238127579855,1.9904459514608752
con-artist-curve-fit-p6,b34d03e8e04f,01851d3,BTC-USD,4h,2025-10-01 00:00:00,2026-07-26,550,holdout,short,2026-06-18 16:00:00,62369.43,62338.245285000005,2026-06-20 04:00:00,63866.737785000005,63898.6711538925,stop,10,1018.9950000000006,63866.737785000005,60300.25528500001,0.1608299772893514,10025.858573444568,40103.43429377827,-240.81197705671977,20.302680403944834,10.151279998976861,30.453960402921695,-271.26593745964146,-0.006764157290681866,-0.006004771942787948,39832.16835631863,Chaotic,19.84129063279879,1.986804176243823
con-artist-curve-fit-p6,b34d03e8e04f,01851d3,BTC-USD,4h,2025-10-01 00:00:00,2026-07-26,551,holdout,long,2026-06-20 08:00:00,63655.21,63687.037605,2026-06-22 12:00:00,65186.177605,65153.5845161975,target,14,749.5700000000003,62562.682604999995,65186.177605,0.15635900904735853,9958.042089079658,39832.16835631863,239.3805776014075,20.14539199991562,10.07275584510137,30.21814784501699,209.1624297563905,0.005251093234124945,0.006009730011683741,40041.33078607502,Ranging,20.31130180659089,1.9571680490472885
con-artist-curve-fit-p6,b34d03e8e04f,01851d3,BTC-USD,4h,2025-10-01 00:00:00,2026-07-26,552,holdout,long,2026-06-23 00:00:00,64020.01,64052.020005,2026-06-23 04:00:00,63064.22071928572,63032.68860892608,stop,2,658.5328571428565,63064.22071928572,65369.085719285715,0.15628441844203092,10010.332696518755,40041.33078607502,-149.3749718895591,19.861359778602395,9.930642545556623,29.792002324159018,-179.16697421371813,-0.004474550937653305,-0.0037305196644839417,39862.163811861305,Ranging,15.57261263709762,1.9378644352933558
con-artist-curve-fit-p6,b34d03e8e04f,01851d3,BTC-USD,4h,2025-10-01 00:00:00,2026-07-26,553,holdout,long,2026-06-23 08:00:00,62886.04,62917.48302,2026-06-24 12:00:00,61818.32373428572,61787.41457241858,stop,8,732.7728571428561,61818.32373428572,64383.02873428571,0.1583906487453974,9965.540952965326,39862.163811861305,-169.11627200249848,19.75208963139153,9.876002536626686,29.628092168018217,-198.7443641705167,-0.004985789660303858,-0.0042425261408457855,39663.41944769079,Ranging,15.318908316012363,1.94352493192272
con-artist-curve-fit-p6,b34d03e8e04f,01851d3,BTC-USD,4h,2025-10-01 00:00:00,2026-07-26,554,holdout,long,2026-06-24 16:00:00,60250.0,60280.125,2026-06-25 12:00:00,58877.05285714286,58847.61433071429,stop,6,935.3814285714288,58877.05285714286,62150.88785714286,0.1644962558044247,9915.854861922697,39663.41944769079,-225.84466441738238,19.596067082348004,9.797977080007087,29.39404416235509,-255.23870857973748,-0.006435116087667462,-0.005694029096891975,39408.18073911105,Ranging,20.955096819464885,1.951790272100387
con-artist-curve-fit-p6,b34d03e8e04f,01851d3,BTC-USD,4h,2025-10-01 00:00:00,2026-07-26,555,holdout,short,2026-06-25 16:00:00,59557.99,59528.211005000005,2026-07-02 08:00:00,61356.019933571435,61386.697943538216,stop,41,1218.5392857142858,61356.019933571435,57091.13243357143,0.16550212106912218,9852.045184777762,39408.18073911105,-297.5777677518457,20.011673899862856,10.005762555487593,30.01743645535045,-327.59520420719616,-0.008312873065009848,-0.007551167350806216,39080.585534903854,Trending,28.494272811781265,1.9579679859295729
con-artist-curve-fit-p6,b34d03e8e04f,01851d3,BTC-USD,4h,2025-10-01 00:00:00,2026-07-26,556,holdout,short,2026-07-02 16:00:00,61612.93,61582.123535000006,2026-07-04 16:00:00,63144.06710642858,63175.63913998179,stop,13,1041.2957142857138,63144.06710642858,59499.53210642858,0.15865231373798164,9770.146383725963,39080.585534903854,-242.9184445849721,19.793107705159866,9.896493122967115,29.68960082812698,-272.6080454130991,-0.0069755363611332276,-0.00621583431415109,38807.97748949075,Chaotic,33.083187730899404,1.9712786032700027
con-artist-curve-fit-p6,b34d03e8e04f,01851d3,BTC-USD,4h,2025-10-01 00:00:00,2026-07-26,557,holdout,short,2026-07-05 12:00:00,62658.92,62627.590540000005,2026-07-05 20:00:00,63447.48946857143,63479.21321330572,stop,3,546.5992857142846,63447.48946857143,61534.391968571435,0.15491565759944192,9701.994372372688,38807.97748949075,-122.16175778658605,19.535918431207126,9.76792867516302,29.303847106370146,-151.4656048929562,-0.0039029502357852395,-0.0031478516967205416,38656.5118845978,Chaotic,32.937990191820255,1.971959592825315
con-artist-curve-fit-p6,b34d03e8e04f,01851d3,BTC-USD,4h,2025-10-01 00:00:00,2026-07-26,558,holdout,long,2026-07-06 00:00:00,63650.01,63681.835005,2026-07-06 08:00:00,62836.59143357143,62805.173137854654,stop,3,563.4957142857135,62836.59143357143,64808.82643357143,0.1517564305486905,9664.12797114945,38656.5118845978,-123.44149818323248,19.195216866542776,9.597577572895716,28.79279443943849,-152.23429262267098,-0.0039381280203744096,-0.0031932911730821784,38504.27759197513,Chaotic,33.022427525510494,1.9729390186827438
con-artist-curve-fit-p6,b34d03e8e04f,01851d3,BTC-USD,4h,2025-10-01 00:00:00,2026-07-26,559,holdout,short,2026-07-06 12:00:00,62483.84,62452.59808,2026-07-06 12:00:00,63331.62808,63363.29389404,stop,1,586.0199999999988,63331.62808,61280.55808,0.1541340103363364,9626.069397993782,38504.27759197513,-130.67297668574366,19.392507994002067,9.696221328755172,29.08872932275724,-159.7617060085009,-0.004149193700021466,-0.0033937262262252617,38344.515885966626,Chaotic,33.37672930682963,1.9747598179059496
con-artist-curve-fit-p6,b34d03e8e04f,01851d3,BTC-USD,4h,2025-10-01 00:00:00,2026-07-26,560,holdout,short,2026-07-06 16:00:00,63545.98,63514.207010000006,2026-07-06 20:00:00,64588.390224285715,64620.684419397854,stop,2,716.1221428571417,64588.390224285715,62081.962724285724,0.15092889327867018,9586.128971491657,38344.515885966626,-157.3298214938128,19.33925735382158,9.669589344454522,29.008846698276102,-186.3386681920889,-0.0048595911015344275,-0.0041030592735007655,38158.17721777454,Chaotic,31.665179246008485,1.9749119649130022
con-artist-curve-fit-p6,b34d03e8e04f,01851d3,BTC-USD,4h,2025-10-01 00:00:00,2026-07-26,561,holdout,long,2026-07-07 00:00:00,64042.93,64074.951465,2026-07-07 04:00:00,62909.83825071429,62878.383331588935,stop,2,776.7421428571417,62909.83825071429,65628.43575071428,0.14888102271375844,9539.544304443634,38158.17721777454,-168.6958584621783,18.900942321438336,9.450428986753735,28.35137130819207,-197.0472297703704,-0.00516395813787938,-0.004420962183266913,37961.12998800417,Chaotic,28.3916490133084,1.9751721362950774
con-artist-curve-fit-p6,b34d03e8e04f,01851d3,BTC-USD,4h,2025-10-01 00:00:00,2026-07-26,562,holdout,long,2026-07-07 08:00:00,63083.19,63114.731595,2026-07-08 08:00:00,61883.865880714286,61852.92394777393,stop,7,820.5771428571419,61883.865880714286,64755.88588071428,0.15036556849990423,9490.282497001042,37961.12998800417,-180.33705301204375,18.790832569789412,9.395371200630194,28.186203770419606,-208.52325678246336,-0.005493072963011305,-0.00475057125720522,37752.606731221706,Chaotic,24.966604005935327,1.9740780722243
con-artist-curve-fit-p6,b34d03e8e04f,01851d3,BTC-USD,4h,2025-10-01 00:00:00,2026-07-26,563,holdout,long,2026-07-09 00:00:00,62290.01,62321.155005,2026-07-10 00:00:00,64012.08357642857,63980.07753464036,target,7,845.4642857142846,61052.95857642857,64012.08357642857,0.15144378633624822,9438.151682805426,37752.606731221706,260.7973427639473,19.127536874738098,9.563833636704203,28.6913705114423,232.105972252505,0.006148078036173103,0.006908061862341968,37984.71270347421,Chaotic,19.759180689362125,1.9825935521203513
con-artist-curve-fit-p6,b34d03e8e04f,01851d3,BTC-USD,4h,2025-10-01 00:00:00,2026-07-26,564,holdout,long,2026-07-10 04:00:00,63947.2,63979.173599999995,2026-07-13 00:00:00,62745.73431428571,62714.36144712858,stop,18,822.2928571428565,62745.73431428571,65623.75931428571,0.14842608370090846,9496.178175868552,37984.71270347421,-178.32884643159764,18.804625237269086,9.402268036421702,28.20689327369079,-206.53573970528842,-0.005437338471337127,-0.00469475306615356,37778.17696376892,Chaotic,15.996051659468211,1.9897110752009648
con-artist-curve-fit-p6,b34d03e8e04f,01851d3,BTC-USD,4h,2025-10-01 00:00:00,2026-07-26,565,holdout,short,2026-07-13 04:00:00,62806.41,62775.00679500001,2026-07-14 12:00:00,63540.72036642858,63572.49072661179,stop,9,510.475714285714,63540.72036642858,61754.05536642858,0.15045070838119737,9444.54424094223,37778.17696376892,-110.47751480083551,19.009070504318075,9.504507632779081,28.513578137097156,-138.99109293793265,-0.0036791371132395235,-0.0029243739026049015,37639.18587083099,Chaotic,17.95492319296312,1.9836471170838037
con-artist-curve-fit-p6,b34d03e8e04f,01851d3,BTC-USD,4h,2025-10-01 00:00:00,2026-07-26,566,holdout,long,2026-07-15 04:00:00,64792.0,64824.39599999999,2026-07-17 00:00:00,63676.02814285713,63644.19012878571,stop,12,765.5785714285723,63676.02814285713,66355.55314285714,0.14515825905586144,9409.796467707747,37639.18587083099,-161.99253193819516,18.648276305822524,9.324097654776295,27.97237396059882,-189.96490589879397,-0.0050469982679941525,-0.00430382666867759,37449.220964932196,Chaotic,26.00310055082975,1.9712893420800557
con-artist-curve-fit-p6,b34d03e8e04f,01851d3,BTC-USD,4h,2025-10-01 00:00:00,2026-07-26,567,holdout,long,2026-07-17 04:00:00,63570.0,63601.784999999996,2026-07-17 12:00:00,62598.477857142854,62567.17861821429,stop,3,668.8714285714294,62598.477857142854,64939.52785714286,0.1472019258772855,9362.305241233049,37449.220964932196,-143.00993046099916,18.572314430542313,9.28612146278698,27.858435893329293,-170.86836635432846,-0.004562668113025133,-0.003818769169989277,37278.35259857787,Chaotic,25.43109302538462,1.9724973358251536
con-artist-curve-fit-p6,b34d03e8e04f,01851d3,BTC-USD,4h,2025-10-01 00:00:00,2026-07-26,568,holdout,short,2026-07-17 16:00:00,63452.0,63420.274000000005,2026-07-18 16:00:00,64476.37578571429,64508.61397360714,stop,7,704.0678571428574,64476.37578571429,62012.13828571429,0.146949667067734,9319.588149644467,37278.35259857787,-150.5316806629636,18.79910749606701,9.399516115111567,28.198623611178576,-178.73030427414216,-0.00479447968634109,-0.004038045411607224,37099.62229430373,Chaotic,22.463971865451754,1.9727432312760347
con-artist-curve-fit-p6,b34d03e8e04f,01851d3,BTC-USD,4h,2025-10-01 00:00:00,2026-07-26,569,holdout,long,2026-07-18 20:00:00,64552.8,64585.0764,2026-07-20 08:00:00,63696.299614285716,63664.451464478574,stop,10,592.5178571428571,63696.299614285716,65770.11211428572,0.14360756525443907,9274.905573575932,37099.62229430373,-122.99993503191676,18.417602441649105,9.208770470839895,27.626372912489,-150.62630794440577,-0.004060049634724527,-0.003315395883445481,36948.995986359325,Chaotic,20.467776320473828,1.9654797747075932
con-artist-curve-fit-p6,b34d03e8e04f,01851d3,BTC-USD,4h,2025-10-01 00:00:00,2026-07-26,570,holdout,long,2026-07-20 16:00:00,65598.75,65631.549375,2026-07-21 12:00:00,66922.97223214286,66889.51074602679,target,6,645.711428571428,64662.98223214286,66922.97223214286,0.1407440336934729,9237.248996589831,36948.995986359325,186.37637845836005,18.651548550768545,9.325820869478463,27.97736942024701,158.39900903811304,0.004286963821603979,0.005044152716007918,37107.39499539744,Ranging,20.873217950944937,1.9433115229667497
con-artist-curve-fit-p6,b34d03e8e04f,01851d3,BTC-USD,4h,2025-10-01 00:00:00,2026-07-26,571,holdout,long,2026-07-21 16:00:00,66676.53,66709.868265,2026-07-22 12:00:00,65588.05469357142,65555.26066622464,stop,6,747.8757142857129,65588.05469357142,68205.61969357143,0.13906261532398426,9276.84874884936,37107.39499539744,-151.36622282753297,18.393134745340074,9.196529531113725,27.5896642764538,-178.95588710398675,-0.004822647537672297,-0.004079139019225344,36928.43910829345,Ranging,21.082204290087816,1.9439307281115732
con-artist-curve-fit-p6,b34d03e8e04f,01851d3,BTC-USD,4h,2025-10-01 00:00:00,2026-07-26,572,holdout,short,2026-07-22 16:00:00,66047.38,66014.35631,2026-07-24 12:00:00,64540.517738571434,64572.78799744072,target,12,736.9192857142843,67119.73523857143,64540.517738571434,0.13985003101022228,9232.109777073363,36928.43910829345,210.73473398891926,18.262616180931957,9.131360774149584,27.39397695508154,183.34075703383772,0.0049647578251598165,0.005706570304012446,37111.77986532729,Ranging,21.576084796842988,1.9396809739227472
con-artist-curve-fit-p6,b34d03e8e04f,01851d3,BTC-USD,4h,2025-10-01 00:00:00,2026-07-26,573,holdout,long,2026-07-24 16:00:00,64093.86,64125.90693,2026-07-26 04:00:00,64370.0,64337.815,end of data (forced close),10,604.4964285714299,63219.162287142855,65334.89978714286,0.1446832553410847,9277.944966331823,37111.77986532729,39.952834129887044,18.586549482064292,9.293284729239879,27.87983421130417,12.072999918582873,0.0003253144948152273,0.0010765539749068756,37123.85286524588,Ranging,16.15296416891069,1.9177874291930208
